ID,长度,FEATUREID,CHFCAC,GZEAB,KCDDEF,GZEEB,GZECD,GZECE,GZEHG,GZAG,GZEEE,GZELD,GZEEC,GZEKG,GZEHH,PKIGJ,geometry,length_m,length_km,azimuth_deg,strike_deg,source_file,type_code,GZEEI,GZEEJ,GZEGD,MDLMA,GZEDRA,GZEEBM,GZEAD,YGGBDG,MDLZZ,GZEAH,GCJFBS,GZECC,GZEEL,KCDDEE,QDHOBC,GGAAJC,GGDDKY,KCDDEN,MDLZD
1,0.11157648311313369,OFBA003C1AJ430010020000001,000001,,11.424102783203125,01,,72.0,"D1s,D2t,ψ1D",101,101,109,106,,,1∶250000 库尔干幅(J43C001002)建造构造图,"LINESTRING (73.91139419127398 39.91144586198179, 73.91445362539827 39.918174853108624, 73.91755230976018 39.92294674915215, 73.91934927048834 39.92514471699639, 73.92041833356498 39.926962213851304, 73.9213655255222 39.92860075995369, 73.92284560259031 39.9310651454382, 73.92378361242828 39.933092247076246, 73.9255736065514 39.9360901590826, 73.92785081385617 39.93928536766334, 73.93014955709158 39.942184034010516, 73.93185776013864 39.94401824741621, 73.93332381075415 39.945370268191134, 73.93484963494778 39.94705672906165, 73.9374107263113 39.94994733242624, 73.94092527289683 39.953524132623, 73.94504223093666 39.95749369072919, 73.94889597580756 39.96146393515909, 73.95161700234188 39.96430880136634, 73.9529499428569 39.965756829387225, 73.95524904468796 39.96855388952413, 73.95984525630007 39.97424103876663, 73.96226372675861 39.97751396670093, 73.96461585730053 39.98102379911841, 73.96761957410827 39.985316720461505, 73.97062343176093 39.98990039930934, 73.97364170556627 39.99373897683158, 73.97827705571461 39.99999158185073, 73.97828146609731 40.00000001099507)",11419.578420406759,11.419578420406758,30.84628417484234,30.84628417484234,LDZOFBA003.WL,01,,,,,,,,,,,,,,,,,,,
2,0.11476695285201373,OFBA003C1AJ430010020000002,000002,,11.77022933959961,01,,69.0,"D1s,D2t",101,101,109,106,,,1∶250000 库尔干幅(J43C001002)建造构造图,"LINESTRING (73.91878546022626 39.9084922628505, 73.92049907094359 39.91200221092397, 73.92258344236818 39.91505792966717, 73.9239614337867 39.91764795315219, 73.92534990909496 39.92014940476404, 73.92604434034534 39.92144616820698, 73.92854731602402 39.925110583827184, 73.930520086834 39.92819033733031, 73.93294737650106 39.93231736360824, 73.93502598281079 39.93597397599455, 73.9360855268081 39.93746950994249, 73.93719622771847 39.939662455250165, 73.93848580313833 39.941810381892104, 73.94001565372685 39.94396022299852, 73.94520451294642 39.94957805289038, 73.94800189131745 39.95286224391653, 73.95073927656524 39.955637776957445, 73.95553365549803 39.960048136759745, 73.96034098761227 39.96519045284257, 73.96269884302478 39.96716149579772, 73.96446077012345 39.969220254672116, 73.96516431200034 39.97015520797201, 73.97028545732103 39.97526206482682, 73.97323868489487 39.9784478581991, 73.9754570106136 39.98153138565646, 73.97791690234632 39.985274985383064, 73.97849925934291 39.98648932311159, 73.98112192004234 39.990804857146266, 73.98256451592854 39.99324461266051, 73.98391875785343 39.995536358397395, 73.98455359889597 39.99667844062705, 73.98668105360616 39.99997859067494, 73.98669391062161 40.00000003182896)",11765.698148778814,11.765698148778814,30.40408610264903,30.40408610264903,LDZOFBA003.WL,01,,,,,,,,,,,,,,,,,,,
4,0.03851592404072095,OFBA003C1AJ430010020000004,000004,,3.8969905376434326,01,,0.0,"D1s,D2t",101,101,109,106,,,1∶250000 库尔干幅(J43C001002)建造构造图,"LINESTRING (74.06124686064362 40.000000003147875, 74.06123798649558 39.999991992636744, 74.05313414019415 39.99236828744051, 74.04202564907509 39.98565059136387, 74.04227775758035 39.98830321489208, 74.04215741050034 39.99691651577284, 74.04260437615432 39.99999189987528, 74.04260940546497 40.000000029454206)",3896.610789587279,3.896610789587279,270.60955079114206,90.60955079114206,LDZOFBA003.WL,01,,,,,,,,,,,,,,,,,,,
5,0.17302126824640685,OFBA003C1AJ430010020000005,000005,,18.13394546508789,05,,73.0,D1s,101,101,101,106,,,1∶250000 库尔干幅(J43C001002)建造构造图,"LINESTRING (73.99763142704388 39.85270096249802, 73.99851561934061 39.85549229438764, 73.99921946497567 39.860123342198186, 73.99939714427876 39.86079763963595, 73.9997490591066 39.86214692916422, 73.99992528873759 39.86282191896548, 74.00026929534037 39.86417257519046, 74.00043906937182 39.86484823709861, 74.00077315871602 39.86620022628454, 74.00110329922897 39.86755308162393, 74.00126563715583 39.86822983072611, 74.00149610536829 39.868789484686054, 74.00324701475378 39.87692464721946, 74.00463134166205 39.881520402128814, 74.00651955924069 39.88714540139727, 74.0083683121655 39.8910936589378, 74.01185590659975 39.898490686993696, 74.01717549201602 39.91124328067554, 74.01816521810164 39.913974716383194, 74.01997802900937 39.917518851883, 74.02278005236303 39.92277113713283, 74.02499298206874 39.928104304307254, 74.02598446481292 39.930933749488, 74.02636910779275 39.93367707043224, 74.02741681732061 39.93667798049133, 74.02931900389638 39.940839697929825, 74.03121752826964 39.94453013219421, 74.0359136588616 39.95182434563813, 74.0381803779597 39.9548709124174, 74.04190186500762 39.95860647850767, 74.04604941502356 39.96225892075495, 74.04907366931741 39.9649734329478, 74.0518721198027 39.96795352202577, 74.05383162804105 39.97015595943824, 74.05646625119515 39.97391172440014, 74.05915338304324 39.977020793378074, 74.06055497448405 39.97874786326718, 74.06407652638153 39.98284296969718, 74.0676850192619 39.98683284417871, 74.07501767549853 39.993783164964675, 74.07879587215407 39.99764413040243, 74.0797981152058 39.99875945983282, 74.08029825178205 39.999317122517745, 74.08091384318762 40.00000003273159)",18126.81786160844,18.12681786160844,24.140305594721156,24.140305594721156,LDZOFBA003.WL,05,,,,,,,,,,,,,,,,,,,
6,0.17354072923593816,OFBA003C1AJ430010020000006,000006,,18.586641311645508,01,,0.0,"D1s,D2t",101,101,109,106,,,1∶250000 库尔干幅(J43C001002)建造构造图,"LINESTRING (74.08984742213504 40.000000019024114, 74.08927301561747 39.99575036285881, 74.08774726354294 39.992818822198146, 74.08400218058804 39.98563140680709, 74.08149941071532 39.98174102785465, 74.07779152895135 39.976044438278585, 74.07443106608525 39.97142351839441, 74.07334993187034 39.9700825548532, 74.07234538787812 39.968711932029834, 74.07068549843187 39.9668938626438, 74.0669434985743 39.96299083689299, 74.06334702449863 39.95945142795916, 74.06179519655674 39.95829171493837, 74.06109725004502 39.957459502545035, 74.05965762951054 39.955884115377295, 74.05864733069232 39.954517024233155, 74.05697034962829 39.95190196571406, 74.05470249531906 39.94762323176325, 74.05197773498412 39.94272000729153, 74.0512797249062 39.94132334364516, 74.05057757499064 39.93942176605383, 74.04928054196562 39.93618522861274, 74.04807219960037 39.933217097152856, 74.04769457687154 39.932296974296314, 74.04743358220087 39.9309911230918, 74.0469888129525 39.92823107903909, 74.04683896986009 39.92710607110793, 74.04653201398416 39.92542448282789, 74.04610970615887 39.9241558137437, 74.04576530961997 39.923270812839306, 74.04461164447196 39.92132431908153, 74.0434590090558 39.91973166548432, 74.0426903740025 39.9185814272776, 74.0418052243108 39.917165760654086, 74.03965398067673 39.91256470383562, 74.03911918252655 39.911650267402344, 74.03862175193593 39.91061720640169, 74.03828025864746 39.908868420417335, 74.03770491524911 39.90639095958393, 74.03674819770306 39.90331617480057, 74.03640392167276 39.90227131736866, 74.03602068850621 39.900748973924465, 74.0358239902146 39.89842123226921, 74.0356328282914 39.89686931520791, 74.03517572544322 39.89439369747906, 74.03483878962977 39.8909675551078, 74.03456115087337 39.888978663397204, 74.03439927817563 39.887642854415496, 74.0339328638504 39.885416768101535, 74.03330176209688 39.881472132867465, 74.03326095907255 39.88061216259609, 74.0331379709422 39.87933694919336, 74.03301950138672 39.878328607164356, 74.03293526546372 39.87702379666193, 74.0325067574766 39.87465100080972, 74.03180300874934 39.87104606638842, 74.03140563213829 39.86781708228438, 74.03132546332996 39.86418517120676, 74.03074364178309 39.858254087796325, 74.02995784961293 39.85203073202534, 74.02979506841652 39.8484297981462, 74.02963671427719 39.842548123653884)",18579.39539548396,18.57939539548396,197.0099868123835,17.009986812383488,LDZOFBA003.WL,01,,,,,,,,,,,,,,,,,,,
7,0.014496246224728641,OFBA003C1AJ430010020000007,000007,,1.338931679725647,01,,0.0,"D2t,ψ1D",101,101,109,106,,,1∶250000 库尔干幅(J43C001002)建造构造图,"LINESTRING (74.08774726354294 39.992818822198146, 74.09414820770328 39.99645121021011, 74.10033975184038 40.00000000764218)",1338.3391889810587,1.3383391889810587,54.02649582358391,54.02649582358391,LDZOFBA003.WL,01,,,,,,,,,,,,,,,,,,,
8,0.11354021654903136,OFBA003C1AJ430010020000008,000008,,12.025585174560547,01,,0.0,"D2t,D1s,ψ1D",101,101,109,106,,,1∶250000 库尔干幅(J43C001002)建造构造图,"LINESTRING (74.10968151912695 40.00000002544598, 74.10967771990919 39.99999222949574, 74.10906994100804 39.99745045254357, 74.10567939871126 39.99300674181047, 74.10256597711358 39.9896694480335, 74.09967087452121 39.98656742727863, 74.09693756645973 39.98242950701286, 74.09524896622351 39.98015938505225, 74.09095336272114 39.974262773805926, 74.08897592617032 39.971118196700665, 74.08569518925088 39.96648791946029, 74.08472920530083 39.96487175230164, 74.08319175406281 39.96238524948248, 74.08182509376834 39.96011889592443, 74.0809707542027 39.958636927573515, 74.0797192465688 39.95671880661286, 74.07767504271571 39.953928513616795, 74.07574398426576 39.9510076434751, 74.07454762943787 39.94900241595751, 74.07232527509649 39.94420836332839, 74.07044369959387 39.939328233489704, 74.06936357355845 39.93675732258943, 74.06673576283175 39.928128517000644, 74.066051346421 39.92570271699755, 74.06328596276806 39.91514738555689, 74.06238599527208 39.912594949372895, 74.06001173355426 39.90335706459626, 74.0598934790828 39.90147679295954, 74.05990023763184 39.900061457001215)",12020.896021755862,12.020896021755862,201.56314649072496,21.56314649072496,LDZOFBA003.WL,01,,,,,,,,,,,,,,,,,,,
9,0.19657185094284765,OFBA003C1AJ430010020000009,000009,,20.58602523803711,05,,75.0,"D2t,D1s",101,101,101,106,,,1∶250000 库尔干幅(J43C001002)建造构造图,"LINESTRING (74.0230635350499 39.83238731133262, 74.02907907867929 39.841684820953276, 74.02963671427719 39.842548123653884, 74.0331893661589 39.84807049332499, 74.03501774131429 39.85206060359703, 74.03843122678971 39.85829653961625, 74.04391517428917 39.86748595584746, 74.04655420168243 39.872659324914466, 74.04941289018787 39.878204217483976, 74.05076301798552 39.88143444688517, 74.05346522691153 39.885947178048234, 74.05576915497605 39.88960617255996, 74.05688503972176 39.89204791006367, 74.05878573261008 39.89738508559274, 74.05990023763184 39.900061457001215, 74.06036719366716 39.90118615133502, 74.06352968152312 39.90835907016242, 74.06787589363442 39.91680429850555, 74.07088088461293 39.92135357931166, 74.07540766829365 39.927722471754414, 74.07882331572429 39.932002343497146, 74.08152538659873 39.936221469705295, 74.08652907406116 39.943436675423335, 74.09120197430913 39.94979268080471, 74.09650913035894 39.957062243594784, 74.09983536319137 39.96158269851825, 74.1059300196985 39.96898821503646, 74.1096535629534 39.97462367543916, 74.1138436588214 39.97971111934045, 74.1242428119989 40.00000003080791)",20577.979280809126,20.577979280809124,25.52457160258268,25.52457160258268,LDZOFBA003.WL,05,,,,,,,,,,,,,,,,,,,
10,0.14652709122737004,OFBA003C1AJ430010020000010,000010,,15.793346405029297,01,,0.0,"S3-4t,D1s,ψ1D",101,101,109,106,,,1∶250000 库尔干幅(J43C001002)建造构造图,"LINESTRING (74.18214942281 39.86453618376665, 74.1849223735134 39.86872716754995, 74.18737916813647 39.87310485124838, 74.18817329676462 39.875678010964485, 74.18889505796714 39.879441270082424, 74.18948585276787 39.884442268878026, 74.19035506192708 39.88826194471224, 74.19117326421497 39.892447603759706, 74.19305186662089 39.900805292403696, 74.19378783673257 39.905403180875425, 74.19546298959085 39.914125388049584, 74.19646766348095 39.91891401070668, 74.19843826174257 39.93159394138317, 74.19978722721794 39.93942182766754, 74.20019810997805 39.94481276126859, 74.20073798198813 39.94822602347254, 74.20166765681154 39.951992375150034, 74.20219926592068 39.954314554138634, 74.20346257942685 39.95725656723525, 74.2051215622137 39.96071428554181, 74.20871049575541 39.96582772469384, 74.21283979944762 39.971310271958444, 74.21828512930878 39.97819412525525, 74.22199937544256 39.98362959445285, 74.22342391963633 39.985498550857, 74.23014368948515 39.99999279682936, 74.23014768066449 40.00000003256949)",15787.184423539766,15.787184423539765,15.76720371256145,15.76720371256145,LDZOFBA003.WL,01,,,,,,,,,,,,,,,,,,,
11,0.07866376360304367,OFBA003C1AJ430010020000011,000011,,8.185691833496094,01,,0.0,"D2t,D1s",101,101,109,106,,,1∶250000 库尔干幅(J43C001002)建造构造图,"LINESTRING (74.2440549959331 40.0000000086975, 74.23897163849811 39.99614602222744, 74.23864911617099 39.99570734681066, 74.2377937150151 39.99480876377284, 74.2371797054352 39.994306992319046, 74.2363234159021 39.99342926347954, 74.23246810804889 39.988832632416226, 74.23040390566155 39.98611676525595, 74.22794553887475 39.98285716012366, 74.2259630528275 39.98057757813407, 74.22127797534615 39.97518152994588, 74.220718032914 39.974282473283274, 74.22004799716265 39.9732997057813, 74.21913906549354 39.97204502325621, 74.21631381863764 39.96824285330401, 74.21507582451778 39.96642571171367, 74.21140411190098 39.96141653876585, 74.21017225338014 39.95956011693472, 74.20899151443243 39.957267703080774, 74.20853564270124 39.95595485950374, 74.20807766761493 39.95480869776532, 74.20791792270118 39.95414188339356, 74.20767102947127 39.952618658932025, 74.2082279699785 39.94852502144266, 74.20990336550933 39.93454038731238)",8182.509292890723,8.182509292890723,202.36883509552172,22.368835095521717,LDZOFBA003.WL,01,,,,,,,,,,,,,,,,,,,
12,0.026965907043645397,OFBA003C1AJ430010020000012,000012,,2.665271282196045,05,,0.0,"D2t,K1kz",101,101,101,106,,,1∶250000 库尔干幅(J43C001002)建造构造图,"LINESTRING (74.26213394386653 40.00000002001433, 74.26212804411014 39.999992959850765, 74.25413111961925 39.992321842010185, 74.24813787553572 39.98653400018017, 74.24521140548667 39.983641984308804, 74.24335393772724 39.981625693170834, 74.24290540409221 39.98110432512226)",2664.133483613954,2.664133483613954,218.53174284191456,38.531742841914564,LDZOFBA003.WL,05,,,,,,,,,,,,,,,,,,,
13,0.0940497999491031,OFBA003C1AJ430010020000013,000013,,9.419315338134766,05,,0.0,"C2kk,C2ak",101,101,101,106,,,1∶250000 库尔干幅(J43C001002)建造构造图,"LINESTRING (74.20840524141165 39.93098762225655, 74.21223306712203 39.936355019072714, 74.21473583379422 39.939934973987484, 74.21713972610632 39.94249075697319, 74.22068186538802 39.94596661445941, 74.22448387346202 39.94997499904646, 74.22749308399267 39.95343999882551, 74.22844880517309 39.954832170865224, 74.23291316506888 39.96019719079704, 74.23492564074235 39.9633224460009, 74.23554157402356 39.96447743519179, 74.23859165626544 39.96876377621842, 74.24194711120381 39.9728819151331, 74.24407702780525 39.97584628960154, 74.24624997815145 39.978163833368065, 74.24998916743783 39.98181083280677, 74.25642565707305 39.98775893289469, 74.26158504448956 39.992987510900846, 74.2665537294597 39.996491745841396, 74.27141708618407 40.00000001651511)",9415.642558682188,9.415642558682189,35.57862295063184,35.57862295063184,LDZOFBA003.WL,05,,,,,,,,,,,,,,,,,,,
14,0.17623464544516512,OFBA003C1AJ430010020000014,000014,,17.671905517578125,01,,0.0,"K1kz,C2kk,C2ak",101,101,109,106,,,1∶250000 库尔干幅(J43C001002)建造构造图,"LINESTRING (74.28036177141523 40.00000003312652, 74.26757323429328 39.99067299384852, 74.26664503726323 39.98951022695533, 74.26531687897317 39.98777790307114, 74.26170343311314 39.98414742812236, 74.26096108742088 39.983293139775014, 74.25942977184695 39.98170210319295, 74.25664677633338 39.97885226307803, 74.25606271610978 39.978305358491355, 74.25556907618778 39.977781949238114, 74.25492333469657 39.97718712766613, 74.2535359368484 39.97623525139124, 74.2502772111532 39.973546126911835, 74.24860502899186 39.9721173280885, 74.24577986391533 39.9694505144847, 74.24285743921796 39.9663599301425, 74.23962152297615 39.96225218743845, 74.23620099757933 39.95703175269659, 74.23526223378222 39.955703514374314, 74.23383951145978 39.953402854791946, 74.23205459308419 39.949987499749994, 74.23051187980379 39.946690022253165, 74.22951368451004 39.94426302084756, 74.22933321630936 39.94350134709798, 74.22893577421576 39.94264433101515, 74.22759896337534 39.940239794490694, 74.22658903361288 39.937550405991416, 74.22570337822496 39.93490862856447, 74.2249115573192 39.9314577299183, 74.22462989551398 39.92860273068676, 74.22442544343346 39.92382741632185, 74.22451520843339 39.922928892315895, 74.2245730697359 39.92240869319999, 74.22466171458098 39.92193579457307, 74.22487399290398 39.92153385683095, 74.2253014269412 39.92115560808655, 74.22594111874491 39.920824691958465, 74.2263401226749 39.92070653709802, 74.22728722808174 39.92051754585658, 74.22786712177074 39.9204940057659, 74.22860071144196 39.92054094677465, 74.22939332756873 39.92061146800345, 74.2301272409477 39.920752951239564, 74.23137896085849 39.92091779595736, 74.23244529732457 39.92101179006921, 74.2336056002573 39.92120030380378, 74.23436968204565 39.92148361971442, 74.23611352936453 39.922286564066866, 74.23845778707637 39.92361393451967, 74.24076946763049 39.925249727552234, 74.24411931494494 39.9282361749946, 74.2469795528695 39.93054252133516, 74.24767929527893 39.93082848825859, 74.24837903772406 39.931066856436956, 74.24910509271874 39.931281083026576, 74.24989558504721 39.93142387537399, 74.25056101059548 39.93147151036478, 74.25101732960141 39.93142398514777, 74.25138435672277 39.931281478355544, 74.25166009727444 39.93109146410815, 74.25190556481708 39.93080628094779, 74.25211967823229 39.930449713412884, 74.25218108044356 39.93004542837535, 74.25218371253455 39.92952216011475, 74.25215364665381 39.928880600158266, 74.2518804470749 39.92826429467715, 74.24794933688007 39.92347769308039, 74.24545315112542 39.9203497543491, 74.24478345707165 39.91947299168732, 74.24368736012126 39.91755380641762, 74.24191940456944 39.914300885874695, 74.24134507019939 39.912915459721546, 74.24097395352636 39.91175036725624, 74.24040486900925 39.9088106579871, 74.24048541078663 39.9076393389014, 74.24064994533343 39.906721210060596, 74.24093520350897 39.905961280892946, 74.24122138534806 39.905264662934684, 74.24150649461924 39.90463135398421, 74.2417984084768 39.903624249785246, 74.2422317723335 39.90324447608256, 74.24293346269512 39.903117502851465, 74.24401798885364 39.90299026232096, 74.2450995111626 39.902863011644264, 74.24650708477951 39.9023982045118, 74.24720992670885 39.90210254757962, 74.24824072232433 39.90155366264851, 74.2490519479063 39.90108925703659, 74.25013514808711 39.900202998160694, 74.2520331465438 39.89838972937149, 74.25376125977456 39.89666877067087)",17664.946263330065,17.664946263330066,191.6776756906287,11.67767569062869,LDZOFBA003.WL,01,,,,,,,,,,,,,,,,,,,
15,0.013644306134627119,OFBA003C1AJ430010020000015,000015,,1.340593695640564,01,,0.0,"C2ak,C2kk",101,101,109,106,,,1∶250000 库尔干幅(J43C001002)建造构造图,"LINESTRING (74.29643052891802 39.998976585061456, 74.29231599031874 39.996298222385924, 74.28911101400716 39.995040375362336, 74.28932715822975 39.99627991859154, 74.29088049138923 39.99999306845349, 74.29088560540949 40.00000003065473)",1340.0169896731443,1.3400169896731442,283.9493766802469,103.94937668024693,LDZOFBA003.WL,01,,,,,,,,,,,,,,,,,,,
16,0.0017503128810160598,OFBA003C1AJ430010020000016,000016,,0.16620345413684845,01,,0.0,"C2ak,C2kk",101,101,109,106,,,1∶250000 库尔干幅(J43C001002)建造构造图,"LINESTRING (74.29784949208728 40.000000031594574, 74.29784568823654 39.999993099315994, 74.29643052891802 39.998976585061456)",166.13839697602396,0.16613839697602395,227.28943380184583,47.28943380184583,LDZOFBA003.WL,01,,,,,,,,,,,,,,,,,,,
17,0.12770924313448306,OFBA003C1AJ430010020000017,000017,,12.417038917541504,01,,0.0,"C2ak,C1y",101,101,109,106,,,1∶250000 库尔干幅(J43C001002)建造构造图,"LINESTRING (74.33616583035105 40.00000003327401, 74.33469398537602 39.9988629634752, 74.32997750222745 39.99611307753913, 74.32887397042192 39.99564614007913, 74.3277379825036 39.99515324556593, 74.3255642509682 39.99416741430886, 74.312541605525 39.98763009076755, 74.31170529663137 39.98752641994228, 74.31110374076816 39.98729296103901, 74.31016550893747 39.98695574712016, 74.30919650790429 39.986488780545194, 74.30835741609447 39.986073688981186, 74.30745325124718 39.98558075071019, 74.30397425414597 39.984309558164036, 74.30250154613164 39.983764729449724, 74.30062375998743 39.98285537604213, 74.29971976059988 39.982491328590164, 74.29884597310472 39.98191921079473, 74.29817312733638 39.981060994515886, 74.29705771217918 39.97965709140514, 74.29566716034874 39.977968142380156, 74.29454992825399 39.976799027949575, 74.29384216856566 39.976253641602014, 74.29019168706448 39.973370704897846, 74.28680748357253 39.97102847837816, 74.28271924607193 39.96769086947248, 74.27899000313504 39.96466663141115, 74.27710976873756 39.96302551740527, 74.27378166025368 39.96005617488112, 74.27181362657028 39.95857240722802, 74.27079714112205 39.95779146337605, 74.27015199939812 39.95703653480888, 74.26848344573112 39.95490189580249, 74.26783718339748 39.954120923801604, 74.2669503922673 39.95253293926385, 74.26459316169264 39.94826357577584, 74.26336576441439 39.94576293596697, 74.26298960726365 39.94511141705816, 74.2627152091935 39.94393869272961, 74.26271106254235 39.942844160968626, 74.26277313669424 39.941697510961944, 74.26297185695965 39.94091570931764, 74.26331715572694 39.94029909429722, 74.26375848539428 39.93957193447384, 74.26455368552428 39.938969870944895, 74.26618732535623 39.938189139203246, 74.26705614894563 39.93740354946866, 74.26748984748033 39.93698315837014, 74.26785799039212 39.936159215992525, 74.26774611663056 39.935457785874156, 74.26738655248926 39.934652096947154, 74.26704270223173 39.93418391649918, 74.26666589694338 39.9333314349177, 74.26662785337761 39.932746294928684, 74.26670642052079 39.932102881913465, 74.26668997316958 39.93126338997996, 74.2671874442487 39.930326459506276, 74.26768289467552 39.929765534235905, 74.26817733699245 39.92920460672983, 74.26940241031927 39.92883630423752, 74.27038125864222 39.92846644989107, 74.27136110321477 39.9282845911375, 74.27261303277258 39.92800062516751, 74.27310111510812 39.92777886821784, 74.27487264020876 39.92614122604953, 74.27604769378134 39.92398956639507, 74.27695380162942 39.92263194313326, 74.27846970686441 39.919659968912065)",12412.175852242504,12.412175852242504,209.37153349897233,29.371533498972326,LDZOFBA003.WL,01,,,,,,,,,,,,,,,,,,,
18,0.07395349601671171,OFBA003C1AJ430010020000018,000018,,7.247898101806641,01,,0.0,"ChA.,C2ak,C1y,C2kk,J3kz,K1kz,K2Y",101,101,109,106,,,1∶250000 库尔干幅(J43C001002)建造构造图,"LINESTRING (74.31215842335205 39.950204378569914, 74.314306436619 39.952459952035696, 74.31871883585208 39.95789261500806, 74.31919453892287 39.95852359963451, 74.32125331242602 39.9612542537192, 74.32452993071729 39.965022866599455, 74.32776869467088 39.9683362259565, 74.33174799514617 39.97252582025324, 74.33467723842455 39.975466058568394, 74.33587717292879 39.976561845486444, 74.3378647358592 39.97837345914619, 74.3388767705132 39.97948666023414, 74.34035413592892 39.98111162775084, 74.34135820602846 39.98190101255211, 74.34327827885355 39.98341047033356, 74.3472755057492 39.986548453049, 74.35231512900774 39.99069807190632, 74.36051470617453 39.99612380731863, 74.36333082074869 39.99814453561231, 74.36621732105019 40.00000000987556)",7244.95031395886,7.24495031395886,40.29402241423843,40.29402241423843,LDZOFBA003.WL,01,,,,,,,,,,,,,,,,,,,
19,0.0657564372694283,OFBA003C1AJ430010020000019,000019,,5.659360408782959,05,,76.0,"ChA.,J2t",101,101,101,106,,,1∶250000 库尔干幅(J43C001002)建造构造图,"LINESTRING (74.49627302356411 39.99310867693121, 74.49813724355893 39.992878693035905, 74.49933972299256 39.99279716792044, 74.49990701615391 39.99275635468215, 74.50681938572697 39.99292939173653, 74.51637191878598 39.99360977793878, 74.52720362196534 39.99381704968014, 74.52973515408027 39.99389124227814, 74.535497160583 39.994194879204976, 74.54344915636469 39.99529776415885, 74.55219435008459 39.997168355887226, 74.56126816256086 40.00000000363188)",5657.307575096978,5.657307575096978,82.45367780851662,82.45367780851662,LDZOFBA003.WL,05,,,,,,,,,,,,,,,,,,,
20,0.09848844016506433,OFBA003C1AJ430010020000020,000020,,8.491045951843262,01,,0.0,"ChA.,J1k,J1sh,D3kz2",101,101,109,106,,,1∶250000 库尔干幅(J43C001002)建造构造图,"LINESTRING (74.80281767314278 40.00000003327712, 74.7915134449626 39.997871816823995, 74.78621153927642 39.99672968980013, 74.78464323244337 39.996389701835014, 74.78358892349793 39.996161127921155, 74.781785706599 39.995914592208315, 74.78079564126988 39.99583111613279, 74.78029350570415 39.99578881863033, 74.7786475078737 39.995582713546625, 74.77648558365094 39.99513543526789, 74.77447948613825 39.9947684302898, 74.77246322596521 39.99451787500979, 74.77075708277756 39.99414871503496, 74.76936130137885 39.993861170752886, 74.76811781817658 39.99357451257676, 74.76656800770576 39.99320619141771, 74.76558153241683 39.99296131608808, 74.76443313875914 39.9926381322489, 74.76333508548244 39.992315109161495, 74.76223727845831 39.99191223310141, 74.76129536417265 39.99154979401884, 74.7587337332919 39.990662915597, 74.75763550042556 39.99041968342441, 74.75632883105833 39.99021565434478, 74.75528258158259 39.990092343561415, 74.75381569133354 39.98996759680034, 74.75291788838727 39.989875928709544, 74.75219593886534 39.98980237434163, 74.74780154078393 39.98946652357483, 74.74600667405717 39.98934082310691, 74.74446071210542 39.98929186282971, 74.7430504744215 39.989165841886525, 74.7405973916308 39.98907896992296, 74.73793538530477 39.988873711775746, 74.73537773411947 39.9887084825811, 74.73297762785771 39.98854355999393, 74.73016218319178 39.98821820540687, 74.72755343766538 39.987972976574675, 74.72546543792875 39.98780863397821, 74.7217593746705 39.98743951913533, 74.72040374266815 39.98731417525899, 74.71873125287728 39.98718730903995, 74.71393547218905 39.98658280996268, 74.7091456156421 39.98592333924909, 74.70570610014323 39.98529844340024)",8487.552976408535,8.487552976408535,259.0230747833666,79.02307478336661,LDZOFBA003.WL,01,,,,,,,,,,,,,,,,,,,
21,0.04663468938921948,OFBA003C1AJ430010020000021,000021,,5.03168249130249,28,,53.0,"ChA.,J2y,J1k",101,102,109,106,,,1∶250000 库尔干幅(J43C001002)建造构造图,"LINESTRING (74.86578251453618 39.956727415376, 74.8639264824311 39.960898723011105, 74.86218909267687 39.96476919323103, 74.86062512680392 39.968559558343706, 74.8602854522137 39.96947366022472, 74.8599045517212 39.970812683335474, 74.85977536078502 39.97192395432997, 74.85968734082051 39.97332972859973, 74.85964235491292 39.97437598015262, 74.85963345310071 39.9771555969341, 74.85971100459882 39.97908536464886, 74.85983506107273 39.98049210057165, 74.85991532158697 39.98072192005853, 74.8591772024817 39.98638630480826, 74.85736710459923 39.991227373917205, 74.85315775678471 39.997449181753325, 74.8515359036182 39.999995174189806, 74.85153159543162 40.000000026584665)",5029.666650303017,5.029666650303017,345.8735792639435,165.8735792639435,LDZOFBA003.WL,28,,,,,,,,,,,,,,,,,,,
28,0.17790383090708106,OFBA003C1AJ430010020000022,000022,,16.477712631225586,01,,0.0,"D3kz1,D3kz2,D3kz3,C2ak,C2kk,K1kz,J3kz",101,101,109,106,,,1∶250000 库尔干幅(J43C001002)建造构造图,"LINESTRING (74.3239413612503 39.90225264431461, 74.32812511085909 39.90551234965479, 74.32887788322464 39.906223624749664, 74.33059167346124 39.90784286790088, 74.33122284207283 39.90843730088633, 74.33153139289918 39.90873417011626, 74.33263026770884 39.909791414635784, 74.33641882545356 39.91244379022989, 74.33918444022262 39.914056901640805, 74.33984819867848 39.914444033723626, 74.34320944870755 39.91693074104979, 74.34760833440045 39.92001234741811, 74.35026146957713 39.921775840747316, 74.35214817924438 39.923027539673605, 74.3568890809604 39.92617645950576, 74.36013003295734 39.92831476380802, 74.36177961940412 39.92940469242065, 74.36491908491628 39.93147569491268, 74.36939552665542 39.934775347935464, 74.3697999035509 39.935302947225935, 74.37580331802947 39.93956292540337, 74.38644853619847 39.946806507883835, 74.398065793779 39.954339548344784, 74.40532964793498 39.95904826024768, 74.40583736100602 39.9593786347745, 74.40777928855657 39.96066879408815, 74.42796598606205 39.97407478787109, 74.43863690200254 39.979622694174964, 74.44301323328106 39.98196893011791, 74.44657775048542 39.98304287542497, 74.45152036072335 39.9834891308825, 74.45783928668428 39.983518882433636, 74.46469952944136 39.984607658035806, 74.47687423217809 39.98695545225155)",16471.24134228229,16.47124134228229,54.64723063079713,54.64723063079713,LDZOFBA003.WL,01,,,,,,,,,,,,,,,,,,,
29,0.2543970065710819,OFBA003C1AJ430010020000023,000023,,24.77625274658203,01,,0.0,"ChA.,D3kz2",101,101,109,106,,,1∶250000 库尔干幅(J43C001002)建造构造图,"LINESTRING (74.81455737084116 39.827687655860124, 74.80980376714983 39.829721855946914, 74.8005198136416 39.83493614048651, 74.78987714102814 39.839624234154606, 74.77199127813918 39.84534329794212, 74.73484703370875 39.85921059789839, 74.70583537873281 39.871866588659366, 74.6967618508689 39.877596036536104, 74.69182198086551 39.881474432414535, 74.69126369349115 39.88203294707216, 74.69071303730846 39.88259477477749, 74.69016704470484 39.88315987516857, 74.68962774509838 39.883728219133054, 74.68909117378635 39.88429977081943, 74.68856436314728 39.88487449436813, 74.68804134554311 39.885452358422434, 74.68752314752471 39.886033324855056, 74.68701280730667 39.88661736232443, 74.68650535144724 39.8872044327026, 74.6860058123332 39.88779450238015, 74.6855132194323 39.88838753773939, 74.68502559343699 39.888983507389895, 74.68418009192253 39.890062756564156, 74.68381337027252 39.890599738054426, 74.6837934896066 39.89062745941416, 74.67969312247065 39.89621078493514, 74.67649257686982 39.90206721062634, 74.67369351363843 39.912160727427974, 74.67259371088636 39.92095557252921, 74.67233937655547 39.92991571338631, 74.67315157968605 39.93692376413121, 74.67544976793295 39.94328427430027, 74.678173527233 39.949482989264105, 74.68659023845562 39.96091074165076, 74.70570610014323 39.98529844340024)",24766.52892859129,24.766528928591292,332.14627813408595,152.14627813408595,LDZOFBA003.WL,01,,,,,,,,,,,,,,,,,,,
30,0.19813037521656357,OFBA003C1AJ430010020000024,000024,,17.551305770874023,05,,52.0,ChA.,101,101,101,106,,,1∶250000 库尔干幅(J43C001002)建造构造图,"LINESTRING (74.70570610014323 39.98529844340024, 74.70464328250094 39.985105508020645, 74.69862867259344 39.98365547277865, 74.69225282907134 39.98237980983429, 74.68781579423725 39.98163971371561, 74.68614506641141 39.98155428036168, 74.6839534501413 39.98138648628702, 74.68238501850456 39.9813417382526, 74.68076867683268 39.9812159157661, 74.67894131075282 39.98112994482906, 74.67648917862135 39.981123090871115, 74.67388567821345 39.981115707484754, 74.6711770123567 39.981146648302584, 74.66846568995136 39.98121465751128, 74.66096163204234 39.98134042028343, 74.65924101084502 39.9813320860061, 74.65699929116353 39.98132119022735, 74.6547071451271 39.9813504533034, 74.65303899365672 39.981382616717696, 74.65152259146033 39.981293735157145, 74.65047501132734 39.98116683048472, 74.64927440874938 39.981079563295104, 74.64812874427312 39.981074809995995, 74.64652117911959 39.98106989405549, 74.64506750758622 39.98126780048498, 74.64423797778537 39.98150808426861, 74.640551761829 39.98218471415816, 74.63853019702736 39.98250217944512, 74.63609130749445 39.98265640551595, 74.6342237064832 39.9828528657172, 74.63251295521603 39.98296884375928, 74.63043818997592 39.98308363517029, 74.62836371031243 39.98311744184328, 74.62581754606822 39.98302825197333, 74.62361190407482 39.982858133074735, 74.62213719652259 39.98277143763465, 74.62076701065345 39.98260418549428, 74.6178555587543 39.98212730022486, 74.61240195706894 39.98101288523425, 74.60380441560567 39.97867073936366, 74.59766677247235 39.97679899468172, 74.5890630220467 39.973769273911735, 74.58820184378536 39.973281233317195, 74.58745791839901 39.97288457145621, 74.58612518626981 39.972243436916266, 74.5843617566217 39.97151001755431, 74.58091440332205 39.970073671682584, 74.57463566422088 39.96783951172147, 74.5729908245915 39.967233262433076, 74.57071526021784 39.96647499382642, 74.56776968380701 39.96568524330559, 74.56278199089887 39.96434857078051, 74.55889229194754 39.96291911483113, 74.55782671488305 39.96261058986928, 74.55632598420299 39.96220893558081, 74.55384566827415 39.9616217071702, 74.54905385192359 39.960601639555826, 74.54657932877518 39.95983338933938, 74.54332113067862 39.9586340316994, 74.54190706554222 39.958111049542566, 74.54088758355881 39.95762073500974, 74.5378635534424 39.95599874134162, 74.53480449806945 39.95422517873524, 74.53225387171902 39.952515242077574, 74.53076973699032 39.95132695770154, 74.52932770579248 39.94968546419104, 74.52742322117395 39.9472871313071, 74.52378410588656 39.943340563465554, 74.5211155288157 39.93964117943246, 74.52022357215104 39.93833770632653)",17544.518324907905,17.544518324907905,252.03645792523827,72.03645792523827,LDZOFBA003.WL,05,,,,,,,,,,,,,,,,,,,
32,0.057431629403386815,OFBA003C1AJ430010020000025,000025,,5.918458461761475,05,,0.0,"D2t,C2ak",101,101,101,106,,,1∶250000 库尔干幅(J43C001002)建造构造图,"LINESTRING (74.24290540409221 39.98110432512226, 74.24158335447306 39.97957552018037, 74.24040328832051 39.97775726624007, 74.23821168439561 39.9741544056083, 74.23605393950889 39.9714471097016, 74.23377151932435 39.96857469411329, 74.23208127553113 39.96636261232814, 74.225907810226 39.95973517118331, 74.22264917681892 39.956010417717394, 74.21956164507098 39.95208871585599, 74.21676143111277 39.94820365715352, 74.215320356574 39.94612643284526, 74.21400339142744 39.943679892671106, 74.21298549562216 39.94153093697175, 74.2103846342749 39.935676123059814, 74.20990336550933 39.93454038731238)",5916.221406192947,5.916221406192947,209.10566846769916,29.10566846769916,LDZOFBA003.WL,05,,,,,,,,,,,,,,,,,,,
33,0.07408959457376417,OFBA003C1AJ430010020000026,000026,,8.011371612548828,28,,48.0,"ChA.,D3kz2,D3kz3",101,102,109,106,,,1∶250000 库尔干幅(J43C001002)建造构造图,"LINESTRING (74.49306551922345 39.91268674541145, 74.4938329654454 39.91340225269504, 74.49692380714416 39.91629217507503, 74.4979758905564 39.91940010043439, 74.49492188203781 39.93262783660404, 74.49424325148073 39.93721540465971, 74.49396585120317 39.93891343839063, 74.49385369738707 39.9398897138228, 74.49379778284165 39.94086590144922, 74.49385386361132 39.942563381262346, 74.49390829407879 39.943751589207864, 74.49385240554865 39.944685337483065, 74.49379669249092 39.94536445109676, 74.49351986862915 39.946213669059034, 74.4920812098722 39.94931769962245, 74.49158140395186 39.95008544104821, 74.48749014628413 39.9560996426294, 74.48379820874496 39.96343358082235, 74.48346939345464 39.964456575051855, 74.48319688792841 39.96562870696103, 74.4831412056045 39.96586304783147, 74.48328586734333 39.96880838286939, 74.48374999673578 39.973626018830636, 74.48386330262619 39.97603497112235, 74.48346311484248 39.98171533568673)",8008.320622868039,8.00832062286804,354.2173580509904,174.2173580509904,LDZOFBA003.WL,28,,,,,,,,,,,,,,,,,,,
36,0.08625833786617267,OFBA003C1AJ430010020000027,000027,,9.425225257873535,05,,70.0,ChA.,101,101,101,106,,,1∶250000 库尔干幅(J43C001002)建造构造图,"LINESTRING (74.51638296226719 39.97193776268978, 74.51653836018069 39.966665891185166, 74.51678199854693 39.964667539155585, 74.51711857886174 39.95906183827854, 74.51716383125633 39.95760720948401, 74.51744526040476 39.95578985859995, 74.51854122821389 39.95131859953384, 74.51881653407001 39.94974721658799, 74.51909158911998 39.948025354810845, 74.51925321210351 39.94715045063932, 74.51974392196338 39.943921739244644, 74.5200024763675 39.94008770254093, 74.52022357215104 39.93833770632653, 74.52062304485813 39.936136132971264, 74.52082081818752 39.93562405422807, 74.52097778997037 39.935081552090686, 74.52121511219208 39.93441875244821, 74.52275122992651 39.930199896550754, 74.52319550810996 39.92898993861983, 74.5235613070721 39.92774920850022, 74.52392997880251 39.926356916428496, 74.52523805764257 39.92133243451987, 74.52571990668858 39.9200620698257, 74.52635778213478 39.91876230709272, 74.52768827339037 39.915253475730616, 74.52836515555467 39.913923420716564, 74.52904517780324 39.91250243566655, 74.53052522546135 39.90800850508723, 74.53088543981636 39.90686229551315, 74.53132494217529 39.90565611392744, 74.53164362941386 39.90469098171474, 74.53356756558603 39.89989923645329, 74.53453714748996 39.89724683053387, 74.53707215785896 39.89127868260265, 74.5377698399368 39.88912416545758)",9421.524070460518,9.421524070460519,169.0586913000728,169.0586913000728,LDZOFBA003.WL,05,,,,,,,,,,,,,,,,,,,
37,0.04089268699213078,OFBA003C1AJ430010020000028,000028,,4.353628158569336,05,,0.0,ChA.,101,101,101,106,,,1∶250000 库尔干幅(J43C001002)建造构造图,"LINESTRING (74.49426136611343 39.96904380142418, 74.49442997445283 39.96516658665258, 74.49422237112213 39.959626541297986, 74.49422378261629 39.958518472840396, 74.49411550281529 39.95758102257861, 74.49395179188107 39.95677150194532, 74.4937333693646 39.95621776166126, 74.4935690137809 39.95506750032936, 74.49362473752022 39.954385672697235, 74.49390141991735 39.95378871241154, 74.49423117542922 39.95344731104312, 74.4946753220925 39.953276167556034, 74.49517257741628 39.953317978602335, 74.49561458073474 39.95335987586271, 74.49649734896781 39.953358636046126, 74.49760081210444 39.95318666145587, 74.4984276750189 39.95292981579363, 74.49887659478361 39.952775486518156, 74.49935869592831 39.95213140517478, 74.4998236026969 39.95148030820013, 74.50027314690512 39.95082243597483, 74.5007071633002 39.95015803113953, 74.50112348956056 39.94948733859456, 74.50152197507092 39.94881060553737, 74.5019054692042 39.94812808366336, 74.50195978493615 39.94804805722258, 74.5023872894223 39.9473932335657, 74.50293758684526 39.946645215604, 74.50346107574322 39.945521419223596, 74.5038690099335 39.94324665160981, 74.50393582965395 39.94230801171349, 74.50394517892398 39.94089952423736, 74.5039872736506 39.93693459351719, 74.50381515361745 39.933907705087876)",4351.916091686342,4.351916091686342,168.50214444912618,168.50214444912618,LDZOFBA003.WL,05,,,,,,,,,,,,,,,,,,,
39,0.03630271087953914,OFBA003C1AJ430010020000029,000029,,3.984255790710449,01,,0.0,"D3kz3,C2ak",101,101,109,106,,,1∶250000 库尔干幅(J43C001002)建造构造图,"LINESTRING (74.36177961940412 39.92940469242065, 74.35983571737292 39.93748971512077, 74.36000851321982 39.9421240309304, 74.36011512426434 39.94311379671868, 74.360602619456 39.94758805861582, 74.36205995303418 39.95272588092605, 74.36581916090896 39.9646608569452)",3982.663387607876,3.9826633876078756,5.448203863909722,5.448203863909722,LDZOFBA003.WL,01,,,,,,,,,,,,,,,,,,,
44,0.04710322330240669,OFBA003C1AJ430010020000030,000030,,5.145933151245117,01,,68.0,ChA.,101,101,109,106,,,1∶250000 库尔干幅(J43C001002)建造构造图,"LINESTRING (74.60867705049432 39.953982547591224, 74.60884748508131 39.95359112420788, 74.60907797359633 39.95298211580897, 74.60931161015301 39.95219888137158, 74.60960013975193 39.95137228454536, 74.6098306140139 39.95076327435289, 74.61022977792669 39.950024175096495, 74.61051999913683 39.949241132537075, 74.61086717478031 39.94798144625591, 74.61190848227226 39.94403180552993, 74.61213956666411 39.9432071995537, 74.61237260651792 39.94203506552028, 74.61254703711532 39.9408627393555, 74.612785032616 39.93943082948409, 74.61302714491558 39.93734781029956, 74.61356917327164 39.93300829368521, 74.61374671106638 39.93209717070879, 74.61397941871397 39.9310993894522, 74.61421211498332 39.93018516634644, 74.61484735695663 39.927743817192386, 74.61571143165938 39.92443056006288, 74.61674958914087 39.92063787261221, 74.61761113569673 39.91824026732494, 74.61847186163112 39.91610396046329, 74.62007748574501 39.9120484101886, 74.62122308239795 39.90877461707305)",5143.877241995312,5.143877241995312,168.18733297064298,168.18733297064298,LDZOFBA003.WL,01,,,,,,,,,,,,,,,,,,,
45,0.019099754560644385,OFBA003C1AJ430010020000031,000031,,2.022459030151367,05,,0.0,"K2Y,K1kz",101,101,101,106,,,1∶250000 库尔干幅(J43C001002)建造构造图,"LINESTRING (74.30324993417976 39.93336822209547, 74.30427611172941 39.934832051057924, 74.3055856064272 39.93712037413811, 74.3068999438543 39.93979644917371, 74.30855354253653 39.942506756437886, 74.30990868836594 39.94525500671906, 74.31095956415659 39.947539132471306, 74.31191343440261 39.94928698535299, 74.31215842335205 39.950204378569914)",2021.7113799992185,2.0217113799992186,22.60496201668416,22.60496201668416,LDZOFBA003.WL,05,,,,,,,,,,,,,,,,,,,
46,0.03854864140534911,OFBA003C1AJ430010020000032,000032,,3.7485063076019287,05,,0.0,"C1y,K1kz",101,101,101,106,,,1∶250000 库尔干幅(J43C001002)建造构造图,"LINESTRING (74.28308071817568 39.925072393670575, 74.28716712444347 39.927697871690086, 74.29165732640018 39.930946611059866, 74.29344902073505 39.93260503842326, 74.29685764532849 39.935482015142576, 74.30097519539802 39.9396102587679, 74.3062698959875 39.94420752906866, 74.3115972652705 39.94961509007381, 74.31215842335205 39.950204378569914)",3747.0216982722372,3.747021698272237,42.140342137761806,42.140342137761806,LDZOFBA003.WL,05,,,,,,,,,,,,,,,,,,,
47,0.06340505219824864,OFBA003C1AJ430010020000033,000033,,5.8325300216674805,01,,0.0,"D3kz3,D3kz2",101,101,109,106,,,1∶250000 库尔干幅(J43C001002)建造构造图,"LINESTRING (74.38731534695818 39.91935324291636, 74.39134469359918 39.92207533357344, 74.3987499084946 39.92661324407979, 74.41026823157404 39.93282947799829, 74.41664549101823 39.936643385617465, 74.4183195299779 39.93764501130219, 74.42314758908977 39.94024224311811, 74.43371813654072 39.945057266448416, 74.44091928164593 39.948900606849406, 74.44210306229866 39.949334709765495, 74.44291933345934 39.94962355370677)",5830.186374256058,5.8301863742560585,55.1086630679523,55.1086630679523,LDZOFBA003.WL,01,,,,,,,,,,,,,,,,,,,
49,0.027682867581464002,OFBA003C1AJ430010020000034,000034,,2.8395333290100098,01,,0.0,"C2ak,C2kk,J3kz,K1kz",101,101,109,106,,,1∶250000 库尔干幅(J43C001002)建造构造图,"LINESTRING (74.32085197109653 39.91768960809335, 74.32182748335572 39.92118356754672, 74.32273048213018 39.923742619487236, 74.32311687071704 39.92472688185093, 74.32350133813962 39.925366697558374, 74.32388470752524 39.92580968739112, 74.32445752571013 39.92625274324832, 74.32522135385776 39.92679427013744, 74.32617974970762 39.9275326833207, 74.32700864665456 39.9281726330153, 74.32778194176083 39.92888929380419, 74.32960718737671 39.9304934368945, 74.32993917001637 39.930781544986374, 74.33081643438635 39.93191215068016, 74.3314658413614 39.93275035936764, 74.33182966121393 39.93331422245665, 74.33222911014418 39.93393159616282, 74.33286701875134 39.9349159570319, 74.33350305014865 39.93594952170869, 74.33382192544717 39.936638537262986, 74.33444432597081 39.93745391384053, 74.33509367982568 39.938164720576296, 74.33585142276155 39.9390019101648, 74.33629564841027 39.93944514714315, 74.33654995881493 39.93964216741661)",2838.4783998581493,2.838478399858149,29.265115219907464,29.265115219907464,LDZOFBA003.WL,01,,,,,,,,,,,,,,,,,,,
51,0.006759576363003622,OFBA003C1AJ430010020000035,000035,,0.7474232316017151,07,,0.0,"C2ak,C2kk",101,101,109,106,,,1∶250000 库尔干幅(J43C001002)建造构造图,"LINESTRING (74.33350890776154 39.930764292486536, 74.3336751284914 39.93280416702317, 74.33444432597081 39.93745391384053)",747.1361479564753,0.7471361479564753,6.571487975070534,6.571487975070534,LDZOFBA003.WL,07,,,,,,,,,,,,,,,,,,,
53,0.01348774175858908,OFBA003C1AJ430010020000036,000036,,1.1918816566467285,01,,0.0,"D3kz3,D3kz2",101,101,109,106,,,1∶250000 库尔干幅(J43C001002)建造构造图,"LINESTRING (74.41664549101823 39.936643385617465, 74.42174651933588 39.93510197364303, 74.42487920342211 39.93412722012975, 74.42870967204945 39.93255689896185, 74.42943950081795 39.932445879311494)",1191.3321272162086,1.1913321272162085,113.45331748836428,113.45331748836428,LDZOFBA003.WL,01,,,,,,,,,,,,,,,,,,,
55,0.015933339521733127,OFBA003C1AJ430010020000037,000037,,1.6152211427688599,28,,0.0,"J1k,T3t",101,102,109,106,,,1∶250000 库尔干幅(J43C001002)建造构造图,"LINESTRING (74.8779955375959 39.93733230780811, 74.88264149198129 39.931396360597525, 74.8867138319604 39.926318363760814, 74.88814993618675 39.9250955370924)",1614.5580335001184,1.6145580335001184,147.5027689917985,147.5027689917985,LDZOFBA003.WL,28,,,,,,,,,,,,,,,,,,,
56,0.05416918600380484,OFBA003C1AJ430010020000038,000038,,5.878159046173096,01,,0.0,"C2kk,D1s,C2ak,K1kz",101,101,109,106,,,1∶250000 库尔干幅(J43C001002)建造构造图,"LINESTRING (74.20990336550933 39.93454038731238, 74.20840524141165 39.93098762225655, 74.20828974100993 39.930713882750005, 74.20691973340523 39.927054727718286, 74.20589296523305 39.92469040972806, 74.20524747730522 39.92269541360596, 74.20503191543706 39.92157120890782, 74.204982732955 39.91914200858884, 74.20497132283167 39.915531082666426, 74.2051351497743 39.913889888186894, 74.20557959621428 39.912369785862204, 74.20589255034339 39.9112969588188, 74.2068666485177 39.907704546040215, 74.2074604051812 39.90645168536375, 74.209325233525 39.902429334627655, 74.21136050511467 39.89745093997052, 74.21331192190416 39.89405476830182, 74.21411559332002 39.89234067506857, 74.21449755282198 39.89158299830964, 74.21483859187232 39.89049600213826, 74.21517761702374 39.88940900464932, 74.21551644184534 39.888157337679296, 74.21576938129895 39.88707038379977, 74.21597973891586 39.88595051679724, 74.21629104024618 39.883480465585855)",5875.795992070251,5.875795992070251,175.00190466191805,175.00190466191805,LDZOFBA003.WL,01,,,,,,,,,,,,,,,,,,,
57,0.028426670197076752,OFBA003C1AJ430010020000039,000039,,2.58227276802063,05,,65.0,J2y,101,101,101,106,,,1∶250000 库尔干幅(J43C001002)建造构造图,"LINESTRING (74.94073502194611 39.93691988552242, 74.95021941373771 39.932516515664275, 74.95912567908894 39.92833671036148, 74.96255199453348 39.92660623788337, 74.96634953017097 39.92460385663849)",2581.1195937710418,2.581119593771042,122.01702935594425,122.01702935594425,LDZOFBA003.WL,05,,,,,,,,,,,,,,,,,,,
62,0.061991394341530344,OFBA003C1AJ430010020000040,000040,,5.454319953918457,01,,0.0,"D3kz3,D3kz2",101,101,109,106,,,1∶250000 库尔干幅(J43C001002)建造构造图,"LINESTRING (74.43459252457728 39.93131667973971, 74.43797425290961 39.9294176209376, 74.4399248489065 39.92876989066697, 74.44312982755436 39.92774445274829, 74.4938329654454 39.91340225269504)",5452.186454253966,5.452186454253966,111.7864253959667,111.7864253959667,LDZOFBA003.WL,01,,,,,,,,,,,,,,,,,,,
67,0.05218638543220198,OFBA003C1AJ430010020000041,000041,,4.59920597076416,01,,0.0,"D3kz3,D2t,C2ak,D3kz2,K1kz,J3kz",101,101,109,106,,,1∶250000 库尔干幅(J43C001002)建造构造图,"LINESTRING (74.40981156076352 39.9139085923035, 74.40290747223831 39.914729688318914, 74.39697792878053 39.915653917021245, 74.3965326857872 39.91572308020649, 74.39399164465695 39.91611657068397, 74.39367138399554 39.91616619912668, 74.39201637939921 39.916898860829114, 74.389803538904 39.91826400795604, 74.38773192693255 39.91920623480615, 74.38731534695818 39.91935324291636, 74.38152146610672 39.92139728786759, 74.37504136498966 39.92316291771296, 74.370351018891 39.924514309504644, 74.36839704487633 39.92518747524181, 74.36823972752407 39.9252577033979, 74.36587502259003 39.92612283950826, 74.36514128262293 39.926526608787576, 74.36469333048655 39.92677167287041, 74.36351320262905 39.92752863515941, 74.36184682398601 39.928177424625176, 74.36013003295734 39.92831476380802)",4597.427441971074,4.597427441971074,291.03108783900007,111.03108783900007,LDZOFBA003.WL,01,,,,,,,,,,,,,,,,,,,
69,0.14141539689649313,OFBA003C1AJ430010020000042,000042,,12.434046745300293,01,,50.0,"J1sh,J1k,D3kz3",101,101,109,106,,,1∶250000 库尔干幅(J43C001002)建造构造图,"LINESTRING (74.91150707897961 39.89555347164965, 74.90881785593476 39.896428572769, 74.90445988111587 39.89820905719909, 74.9033231199561 39.89869424952229, 74.89793631644683 39.901577899032056, 74.89599968784098 39.90271253260176, 74.89148780062855 39.90563302093629, 74.88676458049987 39.909043004460294, 74.88178871341866 39.91209442315193, 74.87828178228062 39.91424291521626, 74.87288303911801 39.9166840813744, 74.86809293815175 39.918693976143736, 74.86716843147703 39.91905027416807, 74.86632544714126 39.91930807732574, 74.86418149905404 39.91964834256795, 74.86007980955488 39.92010861729613, 74.85922098694519 39.92021179495989, 74.85509534652563 39.92070665376306, 74.85154227852453 39.92097802011949, 74.84899360174555 39.92117255269336, 74.84518540409796 39.921095787756684, 74.83600952779517 39.92077358990237, 74.8318730686894 39.92095775407238, 74.82993051836009 39.92111557312, 74.8277345817403 39.92127260519846, 74.82591869408483 39.92156156895996, 74.8239363384966 39.921817322855176, 74.82233313965844 39.9220741933252, 74.82111150026846 39.92223406187719, 74.82009766952633 39.92236184513725, 74.81912797909608 39.92248974609369, 74.81801659340988 39.92271679868244, 74.81284694412288 39.92368075958856, 74.809107341303 39.924094604599674, 74.8055377813063 39.92424719492639, 74.79963508601197 39.924578144295474, 74.79348373435217 39.92480490075263, 74.78949543107974 39.92484783685586, 74.78794380837854 39.92474188963662, 74.78593130752895 39.92479660557179, 74.78295338300508 39.92494404764576, 74.77913542128728 39.92531821059771, 74.7765743078434 39.92543834529549)",12429.200081331297,12.429200081331297,286.1454520763789,106.14545207637889,LDZOFBA003.WL,01,,,,,,,,,,,,,,,,,,,
72,0.039584866566405315,OFBA003C1AJ430010020000043,000043,,3.904519557952881,05,,0.0,"C2ak,K1kz,K2Y,N1k,C2kk,C1y",101,101,101,106,,,1∶250000 库尔干幅(J43C001002)建造构造图,"LINESTRING (74.25197902479438 39.894515483329954, 74.25376125977456 39.89666877067087, 74.25445103913874 39.897503323481196, 74.25911184871936 39.90243282549896, 74.25932686705391 39.90265805462009, 74.26472694836261 39.90766617986478, 74.26649958815628 39.909163421467085, 74.27059530106797 39.9126224709157, 74.27789923158113 39.919072749409466, 74.27846970686441 39.919659968912065, 74.27950731255261 39.920730055571866, 74.2804063148398 39.92194535547658)",3902.9782115081257,3.9029782115081257,39.06478369086291,39.06478369086291,LDZOFBA003.WL,05,,,,,,,,,,,,,,,,,,,
74,0.14729507177463075,OFBA003C1AJ430010020000044,000044,,13.272939682006836,05,,50.0,"D3kz3,J1k,J1sh",101,101,101,106,,,1∶250000 库尔干幅(J43C001002)建造构造图,"LINESTRING (74.95268712130996 39.86531350497798, 74.94861836827236 39.866372229980314, 74.94385901797177 39.867658123162485, 74.9424638863874 39.86809940590159, 74.94078383398046 39.86883484936448, 74.93482902932026 39.87162533041695, 74.92690124485247 39.87607076442651, 74.91917964029966 39.881082039628275, 74.91721515571489 39.882259771729586, 74.9115354469666 39.885530300414814, 74.90940878902722 39.88659387382288, 74.90310739210119 39.889493037429375, 74.89606337318112 39.892714608585734, 74.89338262124474 39.89388291716031, 74.89141708950109 39.89457517439206, 74.88878386834381 39.895301681815496, 74.88146911907285 39.89712807915812, 74.87497092061238 39.898928509099875, 74.8734895392376 39.89948080614574, 74.87224512808501 39.899885436707045, 74.87143370919274 39.90021698007192, 74.87076549712198 39.90066003448253, 74.86980940109233 39.90136178139348, 74.86803530528816 39.90309895615267, 74.86659486144295 39.90424390511002, 74.86568309951497 39.904686204767465, 74.86457791515937 39.90509095445635, 74.8640849877399 39.90529551141955, 74.86333158089491 39.905606480032674, 74.86237288650159 39.90604862949529, 74.85710943300504 39.908028550322676, 74.8497560738371 39.91063152772569, 74.84526341358216 39.91232294756426, 74.83843235252802 39.91512262312333, 74.8374029704135 39.91550660749979, 74.83378983988219 39.91685428581865, 74.8299932558459 39.918196824499496, 74.82837143546594 39.918769567447434, 74.82305580619905 39.920684943424966, 74.82037335206321 39.921679606539875, 74.81801659340988 39.92271679868244)",13267.767971875202,13.267767971875202,299.0325084400851,119.03250844008511,LDZOFBA003.WL,05,,,,,,,,,,,,,,,,,,,
80,0.1028038005358325,OFBA003C1AJ430010020000045,000045,,11.181625366210938,01,,80.0,"D1s,D2t",101,101,109,106,,,1∶250000 库尔干幅(J43C001002)建造构造图,"LINESTRING (73.96746596441747 39.817130982624455, 73.96860746406827 39.821902656424655, 73.96926974225549 39.825957185929234, 73.96950545912829 39.82919758885607, 73.96941579766255 39.83393774563891, 73.96952319794596 39.834693210454674, 73.96980728304354 39.83671729949819, 73.97035031801994 39.83919891464222, 73.9706759098382 39.84121959781867, 73.97078774025921 39.842949517355756, 73.97274101359197 39.8488515501604, 73.97343167512 39.85139582092814, 73.97542062898128 39.856012415808166, 73.9768407597427 39.859345413884824, 73.98061165575217 39.86802521424487, 73.98176905034796 39.86990503624175, 73.98367144920442 39.87299034807298, 73.98570975788735 39.87637554941162, 73.98760545954798 39.87952719659648, 73.98925859405001 39.88317646368202, 73.99082737041893 39.887221389518594, 73.99224941660046 39.891149661964185, 73.99309384725817 39.89425477955456, 73.9937675841046 39.89771575103437, 73.99417262171171 39.89967980927653, 73.99486169761293 39.90562422582958, 73.99478932758595 39.90908206413907, 73.99444326164817 39.91286504131807, 73.99427574470144 39.91458722427022)",11177.277421801702,11.177277421801701,12.622072065374285,12.622072065374285,LDZOFBA003.WL,01,,,,,,,,,,,,,,,,,,,
82,0.0050332924667920295,OFBA003C1AJ430010020000046,000046,,0.4888775646686554,01,,0.0,K2Y,101,101,109,106,,,1∶250000 库尔干幅(J43C001002)建造构造图,"LINESTRING (74.28868073850245 39.912277133872465, 74.29126988199104 39.91451119265898, 74.29250556430529 39.915548791810984)",488.6284471056274,0.4886284471056274,42.45029410251891,42.45029410251891,LDZOFBA003.WL,01,,,,,,,,,,,,,,,,,,,
87,0.006158680972643842,OFBA003C1AJ430010020000047,000047,,0.6087192296981812,05,,0.0,"K1kz,C2kk",101,101,101,106,,,1∶250000 库尔干幅(J43C001002)建造构造图,"LINESTRING (74.20997326366913 39.908065686028564, 74.20920449229193 39.90899077543248, 74.20835337240317 39.9098154365933, 74.20557959621428 39.912369785862204)",608.4332092413781,0.6084332092413781,322.33679950682904,142.33679950682904,LDZOFBA003.WL,05,,,,,,,,,,,,,,,,,,,
90,0.009480781602205338,OFBA003C1AJ430010020000048,000048,,0.9675419330596924,28,,0.0,"J1k,T3t",101,102,109,106,,,1∶250000 库尔干幅(J43C001002)建造构造图,"LINESTRING (74.89514350406724 39.913999622661485, 74.89518562968719 39.91300334275658, 74.89530484159705 39.912668870093704, 74.89542308648124 39.91227350430497, 74.89565947334134 39.911665444505054, 74.89593316148601 39.9111184070265, 74.8963682173064 39.91054147622098, 74.89687998155422 39.909903927857194, 74.89738968482457 39.90935771104935, 74.89920172129602 39.90756789208266, 74.90014415732358 39.906810535225276, 74.90050963086023 39.906627853366324)",967.146066761546,0.967146066761546,150.79180026471144,150.79180026471144,LDZOFBA003.WL,28,,,,,,,,,,,,,,,,,,,
91,0.2509815598383599,OFBA003C1AJ430010020000049,000049,,26.57538414001465,01,,70.0,"D1s,D2t",101,101,109,106,,,1∶250000 库尔干幅(J43C001002)建造构造图,"LINESTRING (73.85651035809643 39.75769736173144, 73.86067790963244 39.762203740880906, 73.86473684101877 39.76688129029478, 73.86616530511752 39.768711310307374, 73.86802914092287 39.771454175532334, 73.86865783720565 39.77271412682604, 73.86905572885905 39.77359653942826, 73.86936113898625 39.7750433749322, 73.8695193992731 39.77548424342125, 73.87031618460604 39.776935112108085, 73.87175056889026 39.779395970419685, 73.8730457376253 39.78295928882692, 73.87366813427535 39.78479365881329, 73.87413448364428 39.78612319858288, 73.87458540614794 39.78796387167346, 73.87504180397028 39.789424814011426, 73.8753453429013 39.790504254344555, 73.87568464955284 39.79193222184135, 73.8764714752283 39.79320683437704, 73.87710963723954 39.793783504425186, 73.87735065492107 39.79391273404078, 73.87767579555033 39.793789692484104, 73.87784184422678 39.79360159730186, 73.87785252076326 39.793158579103206, 73.8773155966417 39.79150689992418, 73.87669829314288 39.789917620454034, 73.87545681257376 39.78699220655584, 73.87476160328346 39.7850865044171, 73.87429999861918 39.783442684946756, 73.87360361359285 39.78085553776612, 73.8732963066502 39.77947150049484, 73.87256431691863 39.776168712373064, 73.8722597657691 39.774407937300765, 73.8725387340231 39.771710022161606, 73.87272429439207 39.769890482502355, 73.87290300442248 39.768699099281264, 73.87322769809147 39.766098139637386, 73.87399591127037 39.76390823014056, 73.87482397135071 39.7630335201705, 73.87597792654965 39.76203539438932, 73.87703504237292 39.761917412568536, 73.87784180547887 39.762112169692045, 73.87871981029257 39.76293663669911, 73.87910231512845 39.764259872393424, 73.8792384365348 39.76639600224349, 73.87889163582082 39.76802585787428, 73.87847089236071 39.7692155216447, 73.8782091259537 39.7704693056831, 73.87852105815709 39.77172775586299, 73.87948194238614 39.772991843707054, 73.88027579461914 39.77432019043954, 73.88033151746801 39.7764560278255, 73.88023314050079 39.77783643256221, 73.88054502190352 39.77897055418185, 73.88126396227952 39.77979559799064, 73.88203370403056 39.77996183153734, 73.88317759346991 39.779598723635786, 73.88468318595007 39.77874101124755, 73.88594852733085 39.778347083361396, 73.88690184801003 39.77826646341376, 73.88773161496106 39.778552434865695, 73.88878147066549 39.78022132698902, 73.88876576549822 39.78141739991781, 73.88898888477601 39.782527984525935, 73.89026921963176 39.78393466026279, 73.89261772485112 39.78572504031572, 73.89320033333428 39.786381284953094, 73.8933076002481 39.786939117697834, 73.89305257271288 39.787863636256056, 73.89313916881733 39.789533277046374, 73.89332342324593 39.79212024346937, 73.89339992768576 39.79424460605137, 73.89306285760442 39.79631929157196, 73.8919232655924 39.799633755265425, 73.89056111661539 39.803035676549705, 73.8898098018817 39.805427633710536, 73.8893108073894 39.80689929180916, 73.88904511293866 39.80864759752109, 73.88865757300495 39.81039089957214, 73.88795915660626 39.81318847153191, 73.88767523902979 39.815944560854476, 73.88761500319632 39.81926317663847, 73.8878013022462 39.821765811229184, 73.88870799229294 39.823998378946264, 73.88984911640789 39.826418695098546, 73.89116140607618 39.82934655171684, 73.89184228539352 39.831110540130695, 73.89252199163661 39.83278215810187, 73.89413344555322 39.83566657542865, 73.8961036436343 39.83883000787801, 73.89831183812494 39.841903676389414, 73.90432702004311 39.84903143625582, 73.90722867497735 39.85321708751998, 73.91025328061289 39.85647135369044, 73.91164741664797 39.85804808065657, 73.9150724429774 39.86208120000477, 73.91657276332162 39.86375228155977, 73.91736395983867 39.86532367004509, 73.91877141743436 39.868280691136874, 73.91962501622164 39.869760808838045, 73.92075743364421 39.87188746160636, 73.92178400660728 39.87393744547191, 73.92227303133156 39.8762198299172, 73.92269987776601 39.87854802643702, 73.92323296132498 39.88171380161297, 73.92317101563667 39.88487311544139, 73.92322932629301 39.887847878480265, 73.92342879819363 39.88989472455681, 73.92358589548728 39.8913300211864, 73.92461628081739 39.894106901465456, 73.92728163154594 39.89948131445455, 73.92902132397087 39.90281799106034, 73.93076939878115 39.905601524970386, 73.93198532742481 39.90814919757119, 73.93253199528354 39.908909108665874)",26564.896853723436,26.564896853723436,21.894548506817088,21.894548506817088,LDZOFBA003.WL,01,,,,,,,,,,,,,,,,,,,
92,0.022778469863803292,OFBA003C1AJ430010020000050,000050,,1.9492861032485962,01,,0.0,"D1s,D2t",101,101,109,106,,,1∶250000 库尔干幅(J43C001002)建造构造图,"LINESTRING (73.91802528389394 39.908493033834866, 73.91878546022626 39.9084922628505, 73.92841288905929 39.90848206835107, 73.93253199528354 39.908909108665874, 73.93530554370926 39.90901204431678, 73.94077963287381 39.90897453817645)",1948.6093648820934,1.9486093648820935,89.1129389072426,89.1129389072426,LDZOFBA003.WL,01,,,,,,,,,,,,,,,,,,,
94,0.11804258288565003,OFBA003C1AJ430010020000051,000051,,10.497974395751953,01,,0.0,"ChA.,D3kz2,D3kz3,J3kz,D3kz1",101,101,109,106,,,1∶250000 库尔干幅(J43C001002)建造构造图,"LINESTRING (74.42668292819508 39.912325384346865, 74.42739386504171 39.91228957764459, 74.43686389258588 39.91181214478824, 74.44539155225537 39.911119255330156, 74.44596591497503 39.91114795295485, 74.45396914561537 39.91154614270305, 74.46255942474438 39.91262074957696, 74.46954170595154 39.91306670184941, 74.48055322197473 39.913530371071005, 74.4878115628363 39.91314889258018, 74.49306551922345 39.91268674541145, 74.49386555258594 39.91261654096781, 74.49453400207327 39.91255773191111, 74.501433301648 39.91147693791702, 74.50610032189228 39.91074558399846, 74.51391212332496 39.9078821347379, 74.52173910461256 39.90274241350147, 74.52389764510974 39.90109617775845, 74.52822509339948 39.89697603493262, 74.53634459273145 39.88823268554333)",10493.846210162556,10.493846210162555,106.25335515053666,106.25335515053666,LDZOFBA003.WL,01,,,,,,,,,,,,,,,,,,,
100,0.008626006479278317,OFBA003C1AJ430010020000052,000052,,0.7390732169151306,31,,0.0,"K2Y,EK",101,101,109,106,,,1∶250000 库尔干幅(J43C001002)建造构造图,"LINESTRING (74.29779057288212 39.91079481352507, 74.29557565388203 39.91110001248763, 74.29328999837166 39.91118274787078, 74.28918967174563 39.911331027842614)",738.7814871574038,0.7387814871574039,275.08174292916226,95.08174292916226,LDZOFBA003.WL,31,,,,,,,,,,,,,,,,,,,
103,0.08445306269117038,OFBA003C1AJ430010020000053,000053,,8.598916053771973,28,,0.0,"ChA.,D3kz1",101,102,109,106,,,1∶250000 库尔干幅(J43C001002)建造构造图,"LINESTRING (74.45799710313597 39.8469775412929, 74.4592280344771 39.84782652774662, 74.46026376843767 39.84880387561695, 74.4614177458409 39.849988531672935, 74.46299083594083 39.851468984955154, 74.4651657111505 39.85348155511905, 74.4659296889999 39.85404377684994, 74.4671522210582 39.854872509092964, 74.47329304242741 39.85899608426589, 74.47704651184749 39.86170818803745, 74.48143773452388 39.86519361220123, 74.48207985530257 39.86567003535138, 74.48272502507416 39.865997456754975, 74.48371145350514 39.86632467605686, 74.48454515612353 39.86674137604946, 74.48564189578046 39.86745589589911, 74.48732917546806 39.86876778985665, 74.49173169407884 39.87275932288754, 74.49462271208402 39.87546703596055, 74.49586986850223 39.876836664177446, 74.49774427741579 39.879072119378186, 74.49825284964591 39.87966800949479, 74.498643919782 39.880591999573475, 74.49891977681885 39.881456459951714, 74.49918788946684 39.8826160603538, 74.49928495910443 39.883332537389144, 74.4993849259762 39.884048616614145, 74.4994897874256 39.88476428224435, 74.49959954378379 39.885479509501394, 74.49971418945458 39.886194284838425, 74.49983172184577 39.88690858346331, 74.49995714125457 39.88762238509878, 74.50008743917715 39.88833567393219, 74.50021961300345 39.88904842742101, 74.50036066301304 39.889760627537704, 74.5005045807331 39.890472253964894, 74.50065136647484 39.89118328417087, 74.50080701173151 39.891893702340006, 74.500965516797 39.89260348819095, 74.50112788188304 39.893312632699, 74.50210770532344 39.89936632430909, 74.50228237219949 39.90121818884422, 74.50234472831535 39.904655940007736, 74.50222601348 39.906883945355126, 74.50201766311221 39.90820492234514, 74.501433301648 39.91147693791702)",8595.537102766779,8.595537102766778,27.755856332872963,27.755856332872963,LDZOFBA003.WL,28,,,,,,,,,,,,,,,,,,,
104,0.025155571034815066,OFBA003C1AJ430010020000054,000054,,2.218073606491089,31,,0.0,"K2Y,N1k",101,101,109,106,,,1∶250000 库尔干幅(J43C001002)建造构造图,"LINESTRING (74.28305097820488 39.909601316963965, 74.2822895593411 39.909085238618225, 74.28051625430494 39.908198711983175, 74.27933470845046 39.90785120258134, 74.27707688659653 39.90723376079251, 74.27432340506353 39.906731516193595, 74.27244013108276 39.90646193052408, 74.2702099550443 39.906153774154326, 74.2683267969583 39.90569192191891, 74.26505514575106 39.90480673413983, 74.25911184871936 39.90243282549896)",2217.362045978349,2.217362045978349,249.22049979898486,69.22049979898486,LDZOFBA003.WL,31,,,,,,,,,,,,,,,,,,,
106,0.026885753039116667,OFBA003C1AJ430010020000055,000055,,2.8976895809173584,05,,0.0,"C2kk,K2Y,EK",101,101,101,106,,,1∶250000 库尔干幅(J43C001002)建造构造图,"LINESTRING (74.2200631352694 39.88316930738807, 74.21700699291648 39.88973737277191, 74.21552316560937 39.893625091435766, 74.21302340510626 39.899889360128334, 74.21196191565265 39.90246100549456, 74.21153123508039 39.90376379269607, 74.21043775739406 39.907077321110556, 74.20997326366913 39.908065686028564)",2896.5653904570245,2.8965653904570243,343.16692610025433,163.16692610025433,LDZOFBA003.WL,05,,,,,,,,,,,,,,,,,,,
110,0.051784630020502626,OFBA003C1AJ430010020000056,000056,,4.756041526794434,31,,0.0,"K1kz,K2Y",101,101,109,106,,,1∶250000 库尔干幅(J43C001002)建造构造图,"LINESTRING (74.36027637680353 39.88137388391027, 74.35657106248233 39.8843914866434, 74.35377448147746 39.88660992376281, 74.35034613627403 39.88904464575387, 74.34334340849632 39.89321126946112, 74.33838958831637 39.89597599781801, 74.33484401439654 39.89792761045962, 74.32774218664896 39.90080011079064, 74.3239413612503 39.90225264431461, 74.3198068896933 39.90383247246455, 74.31479160083268 39.905231875369346)",4754.17673364832,4.75417673364832,304.6779227853879,124.67792278538792,LDZOFBA003.WL,31,,,,,,,,,,,,,,,,,,,
113,0.06830732030630102,OFBA003C1AJ430010020000057,000057,,6.104623794555664,01,,0.0,"D3kz2,D3kz3,J1sh,J1k",101,101,109,106,,,1∶250000 库尔干幅(J43C001002)建造构造图,"LINESTRING (74.8640849877399 39.90529551141955, 74.85907329474963 39.90466882438423, 74.85701579124226 39.904328688632845, 74.85577234173135 39.90421348051247, 74.85362552315813 39.904166462214924, 74.84770604292213 39.903733186900894, 74.84182952328116 39.903232858369165, 74.83858181694409 39.90274121389711, 74.83590702508977 39.90206600137932, 74.83327757097216 39.9012801363171, 74.83150712349277 39.90064496617668, 74.83016917451141 39.90008514935961, 74.82893171181094 39.89937577858718, 74.82627143928696 39.89747382711946, 74.82127793399562 39.89375348069422, 74.81628517253995 39.890819013889505, 74.81371195657687 39.88949525394058, 74.80943004693468 39.88729035149701, 74.80870052945215 39.88691484336796, 74.80578554896181 39.88576565109439, 74.80388172273743 39.88501438063604, 74.80077573742147 39.88363758250857)",6102.269061863169,6.1022690618631685,246.16020465467392,66.16020465467392,LDZOFBA003.WL,01,,,,,,,,,,,,,,,,,,,
117,0.06007268573488269,OFBA003C1AJ430010020000058,000058,,5.7209882736206055,28,,73.0,"J1k,T3t",101,102,109,106,,,1∶250000 库尔干幅(J43C001002)建造构造图,"LINESTRING (74.90509621205528 39.901738684574454, 74.90903387213864 39.89785549514733, 74.91150707897961 39.89555347164965, 74.91381947519245 39.893397334759044, 74.919773708677 39.88850750131985, 74.92236594986272 39.886814757072116, 74.927923019914 39.88316966236945, 74.93389912156219 39.87945357057185, 74.9362999248971 39.87754107172213, 74.93894385478089 39.875221285167775, 74.94177989847263 39.87279105666071, 74.94471194308115 39.87076726161728, 74.95207189526514 39.867118464891504, 74.95335763612738 39.86651823395955)",5718.764676575044,5.718764676575044,133.4950330118304,133.4950330118304,LDZOFBA003.WL,28,,,,,,,,,,,,,,,,,,,
120,0.0013932488588658653,OFBA003C1AJ430010020000059,000059,,0.12410154193639755,31,,0.0,"ChA.,K1kz",101,101,109,106,,,1∶250000 库尔干幅(J43C001002)建造构造图,"LINESTRING (74.53907732065798 39.88960545180319, 74.5377698399368 39.88912416545758)",123.89865839367225,0.12389865839367226,244.7551676394603,64.7551676394603,LDZOFBA003.WL,31,,,,,,,,,,,,,,,,,,,
121,0.023514058340997974,OFBA003C1AJ430010020000060,000060,,2.5144646167755127,31,,0.0,"ChA.,K1kz",101,101,109,106,,,1∶250000 库尔干幅(J43C001002)建造构造图,"LINESTRING (74.5377698399368 39.88912416545758, 74.53674928474055 39.888551141616944, 74.53634459273145 39.88823268554333, 74.53593149338533 39.88781917221104, 74.53546656886954 39.887339039553225, 74.53497042330301 39.88683602023755, 74.53447356699122 39.88628741296452, 74.53322136952887 39.88457396400801, 74.53287350021192 39.88400303401047, 74.53243780501457 39.88322669141494, 74.53200640803729 39.88213078266035, 74.5314439004491 39.87852683974968, 74.53152608134431 39.87426670841834, 74.5317839687303 39.87012185238256, 74.53194769338349 39.86920450929888, 74.53234390654949 39.867990413597404)",2513.5451217349682,2.513545121734968,191.4871978358021,11.487197835802107,LDZOFBA003.WL,31,,,,,,,,,,,,,,,,,,,
124,0.10632414978748411,OFBA003C1AJ430010020000061,000061,,9.422953605651855,31,,0.0,"ChA.,K1kz",101,101,109,106,,,1∶250000 库尔干幅(J43C001002)建造构造图,"LINESTRING (74.65639929703174 39.85500545875407, 74.65073598581566 39.856378066114225, 74.64589315133854 39.857394099514245, 74.6379592599051 39.85889384167893, 74.63101130784912 39.86012737547104, 74.62064569472801 39.86261050680214, 74.6131159204614 39.864355645097035, 74.61026413595098 39.86492412525252, 74.6089056810839 39.865280756234554, 74.60759778905427 39.865709711395766, 74.60329274903204 39.86753671431088, 74.59407313346561 39.87081283947197, 74.58653900062126 39.87339162391315, 74.5792731377362 39.87628713929024, 74.57517332467549 39.878081718425776, 74.57435183821535 39.87844091663922, 74.57364725956309 39.87880051855191, 74.57288595189945 39.879205164999725, 74.57218105688027 39.879791038004186, 74.5713020298135 39.880331034900834, 74.57059510977864 39.88091689802595, 74.5697734697377 39.881638113137896, 74.56865771731213 39.88249405702999, 74.5674837331945 39.88330452808404, 74.56625199412497 39.88416003242445, 74.56531140167394 39.884699773273255, 74.56325924138783 39.88586911750235, 74.5623214013069 39.88627306643272, 74.56097529108011 39.88667553125759, 74.55962870048467 39.88698747033178, 74.55869143654142 39.887119850698134, 74.55763750900442 39.88720654508933, 74.55611947885856 39.88724623147602)",9419.186725518131,9.41918672551813,292.9009147062392,112.90091470623918,LDZOFBA003.WL,31,,,,,,,,,,,,,,,,,,,
127,0.09527380223236144,OFBA003C1AJ430010020000062,000062,,8.915604591369629,31,,0.0,"S3-4t,Qp1X,D1s",101,101,109,106,,,1∶250000 库尔干幅(J43C001002)建造构造图,"LINESTRING (74.2079876974892 39.87998857993593, 74.20461133342398 39.87782587298789, 74.19592226601829 39.872578817319486, 74.18637696901797 39.866613831015854, 74.18214942281 39.86453618376665, 74.17986551615805 39.86341287418657, 74.16648205693508 39.856073276574946, 74.15894746754924 39.85111193068437, 74.14945742409925 39.84522492843555, 74.13931595791206 39.83850289003546, 74.13206514438805 39.83313058445672, 74.12758266744684 39.82920553661662)",8911.9868863307,8.9119868863307,231.19943692665257,51.19943692665257,LDZOFBA003.WL,31,,,,,,,,,,,,,,,,,,,
129,0.05265711195604085,OFBA003C1AJ430010020000063,000063,,5.249414920806885,05,,69.0,"D1s,D2t",101,101,101,106,,,1∶250000 库尔干幅(J43C001002)建造构造图,"LINESTRING (73.96952319794596 39.834693210454674, 73.96780565468596 39.840665385949656, 73.96624185133575 39.84467919460545, 73.96530167069473 39.84720267367732, 73.96377094380915 39.84971877589439, 73.96270446522692 39.85120353873509, 73.96148906434013 39.852686446833886, 73.96071582635805 39.85429008737664, 73.95977747109528 39.85703718537874, 73.95974571463071 39.85876014616275, 73.95986508526775 39.86025522321964, 73.96035725670603 39.86169748296844, 73.96165916736335 39.863203752464464, 73.96340946928237 39.8642500516671, 73.96781924692783 39.86532119112096, 73.97386276394337 39.86686740250448, 73.98037323591699 39.86899707135561, 73.98176905034796 39.86990503624175)",5247.25853565503,5.24725853565503,15.66174952606779,15.66174952606779,LDZOFBA003.WL,05,,,,,,,,,,,,,,,,,,,
131,0.1253737100548842,OFBA003C1AJ430010020000064,000064,,13.779556274414062,01,,0.0,D1s,101,101,109,106,,,1∶250000 库尔干幅(J43C001002)建造构造图,"LINESTRING (73.93523531082951 39.746138383013566, 73.93367740494935 39.74895702813526, 73.93284343166815 39.75123951982642, 73.93222301578864 39.75352366799027, 73.93198996186888 39.754470928032056, 73.93164646352409 39.755501085708374, 73.93161607643192 39.75706401646335, 73.93177201482348 39.760135722857086, 73.93207322590337 39.76348590982223, 73.93213448145939 39.764100146193634, 73.93208270298979 39.76512699132847, 73.9318292150728 39.76761738382906, 73.931505341815 39.77027337645515, 73.93118139134238 39.772652480918865, 73.93102359006397 39.77375896527623, 73.93068733934219 39.77461493071268, 73.92962868812903 39.77815165062134, 73.92884267398591 39.782141143954604, 73.92846315932724 39.78330536362249, 73.9279338810526 39.78722844212322, 73.92728977769204 39.79140353222881, 73.92719461220666 39.79296350205727, 73.92636707481236 39.79749926776446, 73.92603357630448 39.80028350546032, 73.92564464122462 39.801892181374875, 73.92534104656588 39.80266712461759, 73.9247517139445 39.80518979403646, 73.92398534159334 39.80762722530169, 73.92357918242584 39.81006841804376, 73.92353562645658 39.81229110719842, 73.92330307583585 39.8150398000098, 73.92333089503694 39.81742966445563, 73.9234222286236 39.82027044382118, 73.92375009479211 39.82188766857544, 73.92390876535335 39.822974533742006, 73.92380556711612 39.824532090532436, 73.92382982585941 39.82703705114164, 73.92400796640194 39.829042491429234, 73.92425886521862 39.83099294833892, 73.92453301008516 39.831663434973535, 73.92496376152992 39.83353208486935, 73.92540976739495 39.83643036489576, 73.9256577835806 39.838547570213784, 73.92575538795468 39.840997450467476, 73.92588117849108 39.843976323396944, 73.92576577371103 39.8463687111295, 73.92558273328919 39.8485935337173, 73.92540987018846 39.85020619100965, 73.92533108318597 39.850539484485736, 73.92512387150859 39.85212400729082, 73.92465323404551 39.85429039835858, 73.92374275193902 39.8565509541034, 73.92298972876017 39.85803745102113, 73.92201997279957 39.85974298373934, 73.91932466755672 39.866218152535566, 73.91877979808605 39.86798366910628, 73.91877141743436 39.868280691136874)",13774.237145878613,13.774237145878613,354.75184955332304,174.75184955332304,LDZOFBA003.WL,01,,,,,,,,,,,,,,,,,,,
132,0.21482324753555015,OFBA003C1AJ430010020000065,000065,,19.984678268432617,31,,67.0,"ChA.,D3kz2,EK,J3kz,D3kz1,K1kz,K2Y",101,101,109,106,,,1∶250000 库尔干幅(J43C001002)建造构造图,"LINESTRING (74.53113518382358 39.86179341106619, 74.52996899915942 39.86081088172429, 74.52953582436692 39.86042282878662, 74.52893906238077 39.85979314715771, 74.52842159176905 39.85928918721816, 74.52758414815601 39.85884619611481, 74.52594395617199 39.85790207239715, 74.52230508140678 39.85617303340795, 74.51662335304665 39.85433972372952, 74.51266281124904 39.85366656599566, 74.5084698868986 39.85293114271218, 74.5044731203121 39.85185686340247, 74.50161891318402 39.85084388865149, 74.5006653662157 39.85055541460829, 74.49972513879787 39.85024027979878, 74.498801484845 39.849898906523244, 74.49453410106173 39.847823803705495, 74.49295370740076 39.8469035072451, 74.49199132347327 39.84632786807002, 74.49148208455186 39.84602206908308, 74.48976147648057 39.84506404035034, 74.48892312225306 39.84468668637311, 74.48848424528661 39.84448937352385, 74.48720385374799 39.844106531228626, 74.4810951040465 39.842881592250244, 74.4791175240709 39.84246145173746, 74.47639573841414 39.84223353834306, 74.47377573021798 39.84223551927299, 74.47204418441096 39.842275132791315, 74.4702114244538 39.84262149880777, 74.4687773569589 39.843044233467054, 74.46724315372157 39.84365871025178, 74.46432382821241 39.84515587006068, 74.46139587240832 39.846460664852714, 74.46015165489145 39.84680577222857, 74.45880702006414 39.84695917810585, 74.45799710313597 39.8469775412929, 74.45711392669608 39.84699755902953, 74.45497179046073 39.84692090250395, 74.45278178742286 39.846653433669736, 74.45083773539778 39.84611867672605, 74.44939371414611 39.84566013008097, 74.44824961479081 39.845124752885894, 74.44695544256757 39.84420647529509, 74.44591132511881 39.84328800857255, 74.4448654077165 39.84217803646653, 74.44401901113642 39.84076152327317, 74.44327435445516 39.839495075285775, 74.44152961080549 39.837609780507634, 74.44043476595812 39.83691752373419, 74.43918952947463 39.83618685698914, 74.43783973252499 39.835339909112335, 74.43584137467172 39.83399242227049, 74.43274314080362 39.8321443754774, 74.42974709662721 39.83091225301682, 74.42545151403606 39.82910244357767, 74.42345528154729 39.82813999432505, 74.42170835969655 39.827331742879345, 74.42050978481862 39.82690850215681, 74.41956311156947 39.82675484692428, 74.41871549712279 39.82675525952697, 74.41776866584401 39.82698690057895, 74.41632380405034 39.82748848132398, 74.41458306997652 39.828183021150615, 74.41140522799212 39.829880239306995, 74.41021445851084 39.83049740621619, 74.40852533674652 39.830999241365646, 74.40762963660725 39.83103825542608, 74.40668592156001 39.83092316258943, 74.40588981080896 39.83053826957246, 74.40449630461885 39.829691304284964, 74.40345116043252 39.82903680492399, 74.4025533779518 39.82849781362667, 74.40170761308218 39.82811291761746, 74.40071502408483 39.82788220785227, 74.3995718571363 39.82784323322412, 74.39842888393635 39.82784212850431, 74.39703752232434 39.827879227679134, 74.39400581173999 39.82818388750617, 74.38340177440605 39.82988507999297, 74.38278480601198 39.83005906444866, 74.38107306043236 39.83054147109924, 74.37944926025804 39.831082336322936, 74.37804630007803 39.83164984628961, 74.37719641311428 39.83209461037403, 74.37680386077429 39.832299514057446, 74.37591101423907 39.832758065028585, 74.37516517402246 39.83306352487505, 74.37432101288373 39.8334071529737, 74.37263364973904 39.83413272080237, 74.3721407371011 39.83449421265385, 74.37158963400515 39.834897639774596, 74.37084548295199 39.835663034676166, 74.37034730781743 39.83600894621275, 74.36966536639282 39.83648435663996, 74.36868528775696 39.83755183126261, 74.36762108990446 39.838839945401205, 74.36615223338097 39.84032756303442, 74.36491370131763 39.842174766392084, 74.36345594477896 39.84482021214741, 74.36120953215767 39.85014673039336, 74.36133326623276 39.85413578256079, 74.36361415096232 39.85875165144668, 74.3644494235501 39.861409678876235, 74.36498762576258 39.865171668760624, 74.36443925162393 39.871542470753134)",19976.818651949456,19.976818651949454,274.69416185473426,94.69416185473426,LDZOFBA003.WL,31,,,,,,,,,,,,,,,,,,,
135,0.09698625128405002,OFBA003C1AJ430010020000066,000066,,8.71077823638916,31,,0.0,"D3kz2,J1sh,J1k,D3kz3",101,101,109,106,,,1∶250000 库尔干幅(J43C001002)建造构造图,"LINESTRING (74.97173137536338 39.852516498382066, 74.97007368847981 39.8520831960524, 74.96931962482395 39.85190498332999, 74.96817410182204 39.851700661811094, 74.96659930947132 39.85149535589316, 74.96479647474429 39.85133891264075, 74.96269729496073 39.851181254729276, 74.96092608772214 39.851074967254974, 74.95908900977396 39.851169962546045, 74.95813553076228 39.85131810728317, 74.95731522479952 39.851491847853005, 74.95603532983681 39.8519160246775, 74.95469145767213 39.85259187790729, 74.95419787965847 39.85296816015025, 74.95354116962856 39.853419484708404, 74.9529835591029 39.85394698882563, 74.95242456586355 39.85450020294523, 74.95176715983327 39.854977673500755, 74.95110796586556 39.85530400169422, 74.95015512807883 39.85570537705664, 74.94946537944014 39.855830119401006, 74.94871106927076 39.85587917152666, 74.94792378694157 39.85587772380976, 74.94683904227287 39.85577496380933, 74.94582123690462 39.855546379923844, 74.94514325903688 39.855371986172685, 74.94454186498322 39.85521654399693, 74.94125899319171 39.85432876978185, 74.93600536875081 39.85300888709196, 74.93200723505072 39.85190812170719, 74.93075321550185 39.85156282962771, 74.92744082565434 39.850968346490134, 74.92477307289644 39.85048998520027, 74.92276959174359 39.85025802861942, 74.92076586070125 39.85006380280303, 74.91836536122717 39.849742585872384, 74.91413322354607 39.84884607345143, 74.91114985797655 39.84807876761609, 74.91032994299196 39.84779864266751, 74.90937782936129 39.847442531601025, 74.90849131918067 39.84711183967625, 74.90767136545547 39.84673117904533, 74.90675500889802 39.84627467721723, 74.90570730441046 39.84571888973345, 74.90264190336771 39.843551236637516, 74.89957357277628 39.84077107052009, 74.8974353339725 39.8383345709602, 74.89625431463801 39.83698644221974, 74.89404045160053 39.834793850686395, 74.89250892626146 39.833532549019466, 74.8913990661172 39.8328919889358, 74.889771744543 39.832046050852014, 74.88849957958811 39.831583747281904, 74.88690335017755 39.831095153947714, 74.88553421803945 39.83073467813799, 74.88439129737529 39.830425763219395, 74.88301311256733 39.830174428824265)",8707.484278000275,8.707484278000274,251.95512703760187,71.95512703760187,LDZOFBA003.WL,31,,,,,,,,,,,,,,,,,,,
137,0.04041595692666923,OFBA003C1AJ430010020000067,000067,,3.582542896270752,31,,0.0,"J1sh,K1kz,J1k",101,101,109,106,,,1∶250000 库尔干幅(J43C001002)建造构造图,"LINESTRING (74.70171907813655 39.84149532852863, 74.69540325125439 39.84443235097833, 74.6940567128155 39.845038312836415, 74.69289576513472 39.84539419663499, 74.69011008345782 39.84610521366716, 74.68541903988213 39.84695285026735, 74.68258691644044 39.847518189908676, 74.68202759647426 39.84762411280004, 74.6813791890132 39.847801408628094, 74.68072865029531 39.84801451606195, 74.68003169484955 39.84822749407053, 74.6791952361739 39.848511713420905, 74.67845159680125 39.848796186283046, 74.67766140559358 39.84911633837906, 74.67687107419486 39.849472302538636, 74.67598564628622 39.84989963476388, 74.67519689900018 39.850363035353695, 74.67421921775171 39.85089754194556, 74.67310341753425 39.85139583270314, 74.67175759307264 39.85185576805354, 74.67055048173954 39.852244016590426, 74.66655796192791 39.85344272656727, 74.66390903364297 39.85405077084566, 74.66355321885256 39.85413250209592)",3581.23657211077,3.58123657211077,293.45026732605004,113.45026732605004,LDZOFBA003.WL,31,,,,,,,,,,,,,,,,,,,
146,0.01697888353647895,OFBA003C1AJ430010020000068,000068,,1.5715866088867188,31,,0.0,"J1k,K1kz",101,101,109,106,,,1∶250000 库尔干幅(J43C001002)建造构造图,"LINESTRING (74.72131202597255 39.83076010880387, 74.7149291129772 39.834374380576435, 74.70798565736783 39.83846627789538, 74.70659123817013 39.83921823103945)",1571.1074909598549,1.5711074909598548,306.87971640440753,126.87971640440753,LDZOFBA003.WL,31,,,,,,,,,,,,,,,,,,,
151,0.0048584649717157945,OFBA003C1AJ430010020000069,000069,,0.4715104401111603,28,,0.0,"C1y,J1sh",101,102,109,106,,,1∶250000 库尔干幅(J43C001002)建造构造图,"LINESTRING (74.98782162107781 39.835929764167645, 74.99036250064007 39.83381476626611, 74.99152733774295 39.83278838095446)",471.32768668454213,0.4713276866845421,137.72172165006359,137.72172165006359,LDZOFBA003.WL,28,,,,,,,,,,,,,,,,,,,
152,0.09501841112598917,OFBA003C1AJ430010020000070,000070,,8.336316108703613,05,,64.0,"N1k,Qp1X,N1a",101,101,101,106,,,1∶250000 库尔干幅(J43C001002)建造构造图,"LINESTRING (74.43623707015455 39.81883032293255, 74.43744573187396 39.82020311108299, 74.43905954392744 39.821660319189434, 74.44442183844161 39.82518904624711, 74.44829132883955 39.8273137905894, 74.4526251245559 39.82929427535957, 74.45839949924124 39.83105824796444, 74.46402922465238 39.83217298228284, 74.46898391066044 39.83260171984093, 74.47153122810562 39.83263587115705, 74.48366992027096 39.832746237137144, 74.48842954614443 39.8326384313869, 74.49119792010654 39.83245685632682, 74.49479164246942 39.8319888563686, 74.49671922033018 39.83155917953766, 74.49791935018675 39.8313451718124, 74.49905587542324 39.83136257632411, 74.50019450198356 39.83137535218772, 74.5013292267512 39.83138349488337, 74.50191764585429 39.83138433878772, 74.5037656876762 39.83138697807356, 74.50469574210851 39.83140314684612, 74.50724127214202 39.83174154767811, 74.50894856453286 39.83206955537107, 74.51298904017266 39.83294424872034, 74.51392574092245 39.83305331586914, 74.51500364110099 39.833229431896086, 74.51552364780753 39.833281807618945, 74.51617333998665 39.83341050720806, 74.51831763749668 39.83369659280562, 74.51983535269389 39.833906928943456, 74.5213576015111 39.83406655573664, 74.52284304444079 39.83420332033022, 74.52501364358679 39.834262055163144, 74.5263100865989 39.83424308206358, 74.52731311443172 39.83422266663041)",8333.039169111908,8.333039169111908,77.96867675218938,77.96867675218938,LDZOFBA003.WL,05,,,,,,,,,,,,,,,,,,,
158,0.01131859354278501,OFBA003C1AJ430010020000071,000071,,1.1296923160552979,28,,0.0,"T3t,J1sh,C1y",101,102,109,106,,,1∶250000 库尔干幅(J43C001002)建造构造图,"LINESTRING (74.99223304617662 39.831907672680465, 74.99377798695092 39.83009678287132, 74.99577563007307 39.8279261202007, 74.99694974612417 39.82662286779192, 74.99809916506456 39.825346969327846, 74.9991925315502 39.824315648582434, 75.00000099999441 39.82370396259)",1129.3022084410914,1.1293022084410913,143.87041260501456,143.87041260501456,LDZOFBA003.WL,28,,,,,,,,,,,,,,,,,,,
159,0.023345141102259236,OFBA003C1AJ430010020000072,000072,,2.5250349044799805,05,,0.0,"D1s,D2t",101,101,101,106,,,1∶250000 库尔干幅(J43C001002)建造构造图,"LINESTRING (74.01143366554972 39.804125088070464, 74.01461571182797 39.813335186259685, 74.01728881938789 39.81965878610014, 74.01970617784701 39.82594550827519)",2524.099861551922,2.524099861551922,16.927407691165012,16.927407691165012,LDZOFBA003.WL,05,,,,,,,,,,,,,,,,,,,
160,0.027001007435102743,OFBA003C1AJ430010020000073,000073,,2.3609917163848877,31,,0.0,"D3kz2,J1k",101,101,109,106,,,1∶250000 库尔干幅(J43C001002)建造构造图,"LINESTRING (74.87882440389686 39.829993287560896, 74.87497278194799 39.82897338651157, 74.87282157440553 39.82859381695581, 74.86479912740809 39.82715146303824, 74.86136020195963 39.82627770939217, 74.85742738470272 39.82499370079583, 74.8539695225608 39.82386241999557, 74.85270115513143 39.82337833886556)",2360.2232682929684,2.3602232682929682,251.9049887328738,71.90498873287379,LDZOFBA003.WL,31,,,,,,,,,,,,,,,,,,,
161,0.014434761937252088,OFBA003C1AJ430010020000074,000074,,1.2433838844299316,31,,0.0,"ChA.,J1sh,J1k",101,101,109,106,,,1∶250000 库尔干幅(J43C001002)建造构造图,"LINESTRING (74.7554495319279 39.82537197572557, 74.7526637604545 39.825727907724755, 74.74915900806326 39.82625525650254, 74.74742310311301 39.82651648483031, 74.7461278892886 39.826692790242284, 74.74245340645527 39.827192879727995, 74.74114448688763 39.827269731352324)",1242.8105707902232,1.2428105707902233,279.9237800735525,99.9237800735525,LDZOFBA003.WL,31,,,,,,,,,,,,,,,,,,,
162,0.02187243568657016,OFBA003C1AJ430010020000075,000075,,1.9190077781677246,01,,0.0,"ChA.,D3kz2",101,101,109,106,,,1∶250000 库尔干幅(J43C001002)建造构造图,"LINESTRING (74.81840133550831 39.82688618815027, 74.82564566984554 39.824342544533835, 74.83062329640175 39.82295528822312, 74.83673118166328 39.82156941609632, 74.83944669665297 39.821053716035)",1918.4228488976028,1.9184228488976027,109.87906634716846,109.87906634716846,LDZOFBA003.WL,01,,,,,,,,,,,,,,,,,,,
166,0.0495385297637365,OFBA003C1AJ430010020000076,000076,,4.294253349304199,31,,0.0,"ChA.,J1k",101,101,109,106,,,1∶250000 库尔干幅(J43C001002)建造构造图,"LINESTRING (74.80812102405719 39.817616510149335, 74.80701250051932 39.8174396473961, 74.8049307102606 39.81713717667695, 74.79977668379514 39.81693726297282, 74.7931172939542 39.816898678504934, 74.78975340293783 39.81692771515236, 74.78813344873694 39.81704314530633, 74.78514918228869 39.81734813749122, 74.78321249211797 39.81765705475535, 74.78067427752673 39.81832770872557, 74.7788973736716 39.81873374272215, 74.77483957424452 39.81942199251525, 74.76903597358096 39.820710675291906, 74.76564588751486 39.82154802702377, 74.76173357732063 39.82299013049963, 74.75999513035036 39.823595364651496, 74.75951961000024 39.82383997937998)",4292.665387343156,4.292665387343156,279.56704826134563,99.56704826134563,LDZOFBA003.WL,31,,,,,,,,,,,,,,,,,,,
167,0.017962942593981207,OFBA003C1AJ430010020000077,000077,,1.5682801008224487,01,,0.0,"J1k,K1kz",101,101,109,106,,,1∶250000 库尔干幅(J43C001002)建造构造图,"LINESTRING (74.77650953404383 39.81780907363251, 74.77438117603197 39.81830953558934, 74.77201965256087 39.81869473086461, 74.7688858719904 39.819372963852054, 74.76439161041183 39.82040937259511, 74.75994999272267 39.82177336557039, 74.75907913261285 39.822066645141796)",1567.5874867376865,1.5675874867376864,287.7250362581206,107.72503625812061,LDZOFBA003.WL,01,,,,,,,,,,,,,,,,,,,
168,0.030647297125436707,OFBA003C1AJ430010020000078,000078,,2.640170097351074,31,,0.0,"ChA.,D3kz2,J1k",101,101,109,106,,,1∶250000 库尔干幅(J43C001002)建造构造图,"LINESTRING (74.84513926591075 39.82215259440643, 74.84268412898464 39.8216554698865, 74.8406257613914 39.82121281487509, 74.83944669665297 39.821053716035, 74.83620913216964 39.82061705505047, 74.82726972430025 39.819433579658494, 74.81832905743754 39.818438065084464, 74.81548305070912 39.81820328260835, 74.81477324822868 39.81815747354656)",2639.2230463411697,2.63922304634117,260.4264352383484,80.4264352383484,LDZOFBA003.WL,31,,,,,,,,,,,,,,,,,,,
170,0.029264647977465176,OFBA003C1AJ430010020000079,000079,,2.5185911655426025,01,,0.0,"J1k,K1kz",101,101,109,106,,,1∶250000 库尔干幅(J43C001002)建造构造图,"LINESTRING (74.80720558489344 39.81518308589412, 74.8040805320654 39.81499345366806, 74.80229936393727 39.81491893022107, 74.80061085325528 39.814843343043165, 74.79874685028342 39.81479964831552, 74.79688272946127 39.8147888708138, 74.79488755714408 39.81477730442215, 74.7930650526781 39.81496438729908, 74.79111323942925 39.81521657042266, 74.78637118830888 39.81592054410289, 74.78280163156806 39.81636820488264, 74.77944967919989 39.81694767307378, 74.77816393758313 39.817338115903674)",2517.612229500876,2.517612229500876,275.6291427189566,95.62914271895659,LDZOFBA003.WL,01,,,,,,,,,,,,,,,,,,,
171,0.29090440168910064,OFBA003C1AJ430010020000080,000080,,26.45926856994629,05,,0.0,"N2a,N1p",101,101,101,106,,,1∶250000 库尔干幅(J43C001002)建造构造图,"LINESTRING (74.09719712388456 39.69220898433556, 74.10076040116542 39.69409240629936, 74.1050718604701 39.696020859732684, 74.10641682393624 39.69667986315234, 74.10850965110642 39.69760739927075, 74.11072960433913 39.69860810694444, 74.11445133138899 39.70019488747307, 74.12246527828286 39.703639559648664, 74.12806187896673 39.706448009468176, 74.1367447386169 39.71045228387013, 74.14062680619388 39.71191572714072, 74.14497377027098 39.71361392133555, 74.14702326288152 39.71453500691022, 74.14817329534048 39.71518949959861, 74.1495433487215 39.71608642469132, 74.15047602546959 39.71666819290701, 74.15208969590785 39.71739529355261, 74.15914726971572 39.72115200409436, 74.16306738907471 39.72321280053575, 74.16526972177004 39.724473651478434, 74.16930038415967 39.72665577605721, 74.17314183205657 39.72932276085028, 74.17717067346291 39.732149942954315, 74.17861755580498 39.73327476729364, 74.18072415118458 39.73442387636355, 74.18492599119011 39.73657632079406, 74.18921082495237 39.7386570267014, 74.19083680884177 39.73961153504237, 74.19199165709594 39.74022342630364, 74.1926171069372 39.74061499207238, 74.19340073709638 39.74100660409678, 74.1940238189019 39.741202484751, 74.19474470199096 39.74144731122766, 74.1959950296477 39.74191243227822, 74.19693106712937 39.74240191002747, 74.19846518563982 39.74367426161907, 74.1991855603216 39.74413919773994, 74.20046560564977 39.74479995947847, 74.20159308487379 39.745264988821766, 74.20450064503814 39.746635228985, 74.20571778253348 39.74719788479651, 74.20684640906462 39.747809713925825, 74.21108181590753 39.75064419269068, 74.21478730064132 39.75303652996062, 74.21720325306322 39.754232895321294, 74.22121951616752 39.756210461051474, 74.22332200163386 39.757040663372045, 74.22532738573204 39.75782200710691, 74.2274914391515 39.758383820350836, 74.23178356141108 39.758968640918766, 74.23310197452057 39.759162902597275, 74.23407319681225 39.75921102380811, 74.23510595769919 39.75923469849625, 74.23642273555444 39.75928255744923, 74.23836539164803 39.75964706797051, 74.24053109108118 39.76040168745383, 74.2421931046097 39.76103467674536, 74.24388725121081 39.76161883292749, 74.25116505449286 39.76388100477847, 74.25578159784655 39.765340982664746, 74.26036585541303 39.76702113837331, 74.26834132950032 39.770278399056636, 74.28049106592577 39.775683448671735, 74.29009747463165 39.78008347636689, 74.2985142500784 39.784369529615745, 74.3019845512854 39.786527474608164, 74.30301107728611 39.78715841804296, 74.30890413908196 39.79082252153635, 74.3127385193215 39.79334585361745, 74.31802846563227 39.796598333234805, 74.31897151347859 39.797179330591575, 74.32090571912474 39.79781053831215, 74.32315107089319 39.7984904354386, 74.32584592048285 39.79914671222167, 74.33010893359712 39.80036144610998, 74.33336741080149 39.801405764870935, 74.3363143240205 39.80220739698104, 74.33825558537069 39.802838737198435, 74.33941756633388 39.80337268002341, 74.34116908115783 39.804247953134094, 74.34188935333432 39.80468653773987, 74.34232721389635 39.80495315275315, 74.343236945485 39.80551243669527, 74.3443931529143 39.80619331949269, 74.3458339833475 39.80714159558027, 74.34774127099193 39.80840371313861, 74.34902340288689 39.80905870930793, 74.35024303517709 39.809665146717435, 74.35136784275113 39.810247351442015, 74.35286988663648 39.811072206347376, 74.35412173592539 39.81180006623624, 74.35534137649306 39.812479344239584, 74.3570291687701 39.81340117213597, 74.35765568857312 39.813716486469964, 74.35806229336858 39.81391050415651, 74.35849919327718 39.814104493057364, 74.35918906815226 39.81442669697401)",26448.884076585022,26.44888407658502,59.345995824849886,59.345995824849886,LDZOFBA003.WL,05,,,,,,,,,,,,,,,,,,,
172,0.023155387424111207,OFBA003C1AJ430010020000081,000081,,1.9859575033187866,01,,0.0,"J2y,K1kz",101,101,109,106,,,1∶250000 库尔干幅(J43C001002)建造构造图,"LINESTRING (74.87117392816516 39.813831923690934, 74.86835547524176 39.81414144421622, 74.86488666493615 39.81438143825987, 74.86077128269702 39.81471294265428, 74.85935595996065 39.81480242603964, 74.8575317033433 39.81489033113493, 74.85525899332231 39.815007973473804, 74.85379815107463 39.81503472131361, 74.85270173919805 39.81500036375048, 74.85128284718641 39.81493393218788, 74.8488876483642 39.81474018525579, 74.84807743521664 39.81468069197411)",1985.3501577185357,1.9853501577185357,272.8181227649281,92.81812276492809,LDZOFBA003.WL,01,,,,,,,,,,,,,,,,,,,
173,0.03402468010376859,OFBA003C1AJ430010020000082,000082,,2.926136016845703,01,,0.0,"J2y,K1kz",101,101,109,106,,,1∶250000 库尔干幅(J43C001002)建造构造图,"LINESTRING (74.84421712709958 39.814501147533754, 74.8399053004118 39.814485095047964, 74.83509726609608 39.81431448565669, 74.83177903713285 39.81415035632244, 74.82745357145318 39.813828044084076, 74.82338130761966 39.8131954587687, 74.81735377924718 39.812287977537906, 74.81200787651929 39.8114569084089, 74.81041335940469 39.811198368266865)",2925.076107810181,2.925076107810181,262.890092307625,82.89009230762503,LDZOFBA003.WL,01,,,,,,,,,,,,,,,,,,,
174,0.13744679342272512,OFBA003C1AJ430010020000083,000083,,12.529833793640137,05,,55.0,"J2y,K1kz",101,101,101,106,,,1∶250000 库尔干幅(J43C001002)建造构造图,"LINESTRING (74.8774248304526 39.81312660571759, 74.87871193847889 39.81292141127298, 74.8829087647253 39.81235572278706, 74.88754682766262 39.81175116259995, 74.8891109930662 39.81154968770783, 74.89261385938516 39.81114774196607, 74.89482527387592 39.81082389707919, 74.89644365587851 39.81058085230879, 74.89752216249151 39.81033598863701, 74.89860065855169 39.81009111491838, 74.89946185780714 39.80976269567848, 74.90032704593831 39.80943426998586, 74.90113646833176 39.80906425031936, 74.90205390415592 39.808611757347414, 74.90291543885576 39.808159081406004, 74.90372583243064 39.80778904355384, 74.90464348013467 39.807253710102344, 74.90712993786262 39.80585315779609, 74.90882368404681 39.80443849196898, 74.91155133512106 39.80276874587506, 74.9130814142439 39.80138947406675, 74.91554331605144 39.79850376811135, 74.91936373094234 39.79490702410956, 74.91985323168495 39.794488513368194, 74.92045205931754 39.7941121210391, 74.9214299394621 39.793610569937144, 74.92374485970099 39.792427108568496, 74.92691342152577 39.791187555768815, 74.93060146924559 39.78968405858412, 74.93162749454461 39.789350397845915, 74.93281661776831 39.78918579108465, 74.93389815323312 39.78918963419317, 74.93530189800731 39.78936196566326, 74.93621939475612 39.789741744733526, 74.93729551516434 39.79020576174654, 74.93853525768218 39.790754012178404, 74.93961478760714 39.79130168318529, 74.94289709287446 39.79327951348019, 74.94683287115919 39.79521764688598, 74.94785567365113 39.79559770523896, 74.94904364653584 39.795852802237235, 74.94980188402839 39.795980898311946, 74.95072097648486 39.79602586923012, 74.95180322448756 39.795945872201266, 74.95256188724237 39.79573925692683, 74.95326692216332 39.79549047208461, 74.95730262370577 39.79306278134575, 74.95828270587099 39.792685953482724, 74.95931507756538 39.792309100335956, 74.96056762891415 39.791932167839754, 74.96176527194058 39.79163891567504, 74.9627987182872 39.79138754611162, 74.96366785487494 39.791052546542595, 74.96475876446081 39.79063378672741, 74.96693831030998 39.78954521128201, 74.9688369266654 39.788224684301134, 74.97702132950526 39.78325086528759, 74.97948504077968 39.78175608519911, 74.98297143613497 39.778931742372414, 74.98628952518938 39.77693854353633, 74.98848583310213 39.775775948775426, 74.99581114882632 39.772496142046464, 74.99965795346017 39.77083615090974, 75.00000099999441 39.77064105927763)",12524.965458284696,12.524965458284695,114.23369014492114,114.23369014492114,LDZOFBA003.WL,05,,,,,,,,,,,,,,,,,,,
175,0.08101155768598042,OFBA003C1AJ430010020000084,000084,,7.291255474090576,05,,63.0,"N1p,N1k,N2a",101,101,101,106,,,1∶250000 库尔干幅(J43C001002)建造构造图,"LINESTRING (74.55071145136957 39.812235886447475, 74.55429596362958 39.81116829652648, 74.56209379799854 39.80908385140966, 74.56860988616074 39.80765394405049, 74.57542474931446 39.80599550154132, 74.57769581964843 39.805461740330635, 74.58023298642479 39.80478535726506, 74.58498799853116 39.80315178130313, 74.58926004457571 39.801804124006864, 74.59105884444716 39.801113839030975, 74.59188306328187 39.80070034730446, 74.5955956924954 39.79877573616974, 74.59826072464226 39.79741913535378, 74.59949891010969 39.79672573179527, 74.60456466639202 39.79351588910026, 74.60700242854233 39.791838280401535, 74.60842589878598 39.790942305076925, 74.60936459276975 39.790276855525654, 74.61078935682492 39.78906003045061, 74.61348945853238 39.78717961999989, 74.61659583454757 39.78526327911675, 74.61869220774506 39.784095257033535, 74.62010607371133 39.78334088647697, 74.62291868124734 39.78273083246686, 74.6250139152815 39.78237408789464)",7288.343777063815,7.288343777063814,117.7839876966162,117.7839876966162,LDZOFBA003.WL,05,,,,,,,,,,,,,,,,,,,
176,0.06490560054091847,OFBA003C1AJ430010020000085,000085,,6.756058216094971,31,,0.0,"S3-4t,N2a,N1p,K1kz",101,101,109,106,,,1∶250000 库尔干幅(J43C001002)建造构造图,"LINESTRING (74.10922676721525 39.80816293686954, 74.10785513023626 39.806766696163194, 74.1036329871764 39.80330899355553, 74.09867262676615 39.79941399073474, 74.09792750116155 39.798829628251866, 74.09273359601013 39.79400612657573, 74.08857940645694 39.78998669991024, 74.08545991685001 39.78651938770394, 74.08485012953629 39.78583595678446, 74.08354111740313 39.78263191638592, 74.08283676075965 39.78024429464505, 74.08255678294755 39.77692856301983, 74.08183302338243 39.771555785954526, 74.08118563466033 39.76243488867535, 74.08074408840348 39.75767620579779, 74.08051165042113 39.75451838208031)",6753.4392931725,6.7534392931725,203.01976988760578,23.019769887605776,LDZOFBA003.WL,31,,,,,,,,,,,,,,,,,,,
179,0.013069104578846438,OFBA003C1AJ430010020000086,000086,,1.4457833766937256,01,,0.0,D1s,101,101,109,106,,,1∶250000 库尔干幅(J43C001002)建造构造图,"LINESTRING (73.96182122409621 39.79825962252888, 73.96171875179249 39.79648610684651, 73.96199186283674 39.79441472657214, 73.96201964886993 39.79271808068875, 73.96145547086084 39.78997025717198, 73.96101632680792 39.787034139843776, 73.96081852333658 39.785312938357954)",1445.1914278436795,1.4451914278436795,184.08394498284773,4.083944982847726,LDZOFBA003.WL,01,,,,,,,,,,,,,,,,,,,
181,0.12404852022060356,OFBA003C1AJ430010020000087,000087,,10.770913124084473,05,,0.0,"N2a,N1k",101,101,101,106,,,1∶250000 库尔干幅(J43C001002)建造构造图,"LINESTRING (74.47043060605247 39.77897600468412, 74.47294404576631 39.78023345702641, 74.47825794023457 39.78209791988109, 74.48548144362356 39.78439306016357, 74.49452358373438 39.7869084468799, 74.49800980110146 39.78819763483669, 74.49878357470465 39.788514394043105, 74.49957040498954 39.78881758533619, 74.50036189867903 39.789107060487915, 74.50116565083044 39.78938266672554, 74.50197325052666 39.78964426702097, 74.5027912897141 39.789891728871304, 74.50361635151354 39.79012492650043, 74.50444702482977 39.79034373867056, 74.50716337503236 39.7910261927516, 74.50946692930354 39.79155267640466, 74.5165536755706 39.79263109008311, 74.52139124130463 39.79321960483796, 74.5289914521567 39.79388825092904, 74.53723311338887 39.79438470322328, 74.54363596121303 39.7946966114164, 74.55061107808861 39.79531165343354, 74.55369556388698 39.7957367696917, 74.56046178634435 39.7965862366277, 74.56541125044329 39.797394110168824, 74.57039740171923 39.798119713106225, 74.57346309731301 39.79850740934504, 74.57619712887214 39.798762154502406, 74.58043750514184 39.79922027008608, 74.58696642754516 39.8000126702597, 74.59188306328187 39.80070034730446)",10766.700592252713,10.766700592252713,77.24598638259788,77.24598638259788,LDZOFBA003.WL,05,,,,,,,,,,,,,,,,,,,
182,0.06660864352013979,OFBA003C1AJ430010020000088,000088,,5.724230766296387,05,,70.0,"N2a,Qp1X",101,101,101,106,,,1∶250000 库尔干幅(J43C001002)建造构造图,"LINESTRING (74.49418950877049 39.79774460167445, 74.49810528034733 39.79819756257877, 74.49988487313348 39.79849768249938, 74.4999075692247 39.79852131826243, 74.50197114132484 39.79898526760092, 74.5036807587823 39.79926915314802, 74.50589771706454 39.79955335737014, 74.50885737552439 39.7997617253723, 74.51416596277487 39.7998856412035, 74.51709789382633 39.7998227469435, 74.52181738102847 39.79918048717464, 74.52504102240802 39.7988378832797, 74.5284924980526 39.79847069548778, 74.52985766944532 39.7983237298657, 74.53413245971862 39.79808787609173, 74.54056193990445 39.79773238677919, 74.54622334946549 39.79768103553063, 74.54858548451021 39.79765951165814, 74.55263276569023 39.79752029762292, 74.55690743341488 39.79712631856014, 74.55986073454386 39.79675406287411, 74.56046178634435 39.7965862366277)",5721.9139054233065,5.721913905423307,91.60062218728628,91.60062218728628,LDZOFBA003.WL,05,,,,,,,,,,,,,,,,,,,
187,0.008669278610543445,OFBA003C1AJ430010020000089,000089,,0.8722001910209656,01,,0.0,"S3-4t,K1kz",101,101,109,106,,,1∶250000 库尔干幅(J43C001002)建造构造图,"LINESTRING (74.0796918955868 39.78004742866789, 74.08502553290279 39.78603526956241, 74.08545991685001 39.78651938770394)",871.8100667906673,0.8718100667906673,35.09992920170435,35.09992920170435,LDZOFBA003.WL,01,,,,,,,,,,,,,,,,,,,
188,0.06292826415390895,OFBA003C1AJ430010020000090,000090,,6.399048328399658,05,,57.0,"D1s,Qp1X,D2t",101,101,101,106,,,1∶250000 库尔干幅(J43C001002)建造构造图,"LINESTRING (73.92236162194476 39.73051897355873, 73.9232792363658 39.731845014610464, 73.92472667220706 39.73376284774412, 73.92836784406875 39.7391071207417, 73.93024917102893 39.74149121166464, 73.93207559227685 39.74335422825578, 73.9328851768372 39.743880199226545, 73.93431051381536 39.74524903535614, 73.93523531082951 39.746138383013566, 73.9389991096704 39.74975952160074, 73.94272507977635 39.75342523686781, 73.94331170845969 39.75394893233292, 73.95096153557466 39.76127737886062, 73.95380708413747 39.764130851595255, 73.95617721816073 39.76645443083009, 73.95726168015659 39.76801678035379, 73.9579752094068 39.76951840249877, 73.95897184889961 39.7717701877179, 73.9594605279841 39.77355741377131, 73.95959731462494 39.77419127974303, 73.95997754921846 39.77545858453156, 73.9601709132198 39.77666606108189, 73.96015788919829 39.77898867244579)",6396.56189617049,6.39656189617049,31.72012150350091,31.72012150350091,LDZOFBA003.WL,05,,,,,,,,,,,,,,,,,,,
189,0.1326861811618372,OFBA003C1AJ430010020000091,000091,,11.493454933166504,01,,0.0,"N1k,EK",101,101,109,106,,,1∶250000 库尔干幅(J43C001002)建造构造图,"LINESTRING (74.49456173815437 39.76700455787688, 74.49628234912846 39.767792586342026, 74.49808761501187 39.76836170462686, 74.49892991240101 39.768810261558635, 74.49982781356081 39.769191930375285, 74.50076943331474 39.76950292498865, 74.50174744888436 39.76974016915896, 74.50274918742322 39.76990131268036, 74.50408970050239 39.77002192847974, 74.50596480742963 39.770148302550204, 74.50950626774271 39.77023359514567, 74.51326159447808 39.7700391157454, 74.51773567949337 39.769723366561855, 74.52281139491835 39.769621616622786, 74.526960432411 39.76964187071911, 74.53028965298323 39.769573528693954, 74.5395981931175 39.7695573339868, 74.54117772336959 39.769539652274766, 74.55082073697794 39.76943131870294, 74.55140990670141 39.76958387283442, 74.55550454925162 39.77001203640151, 74.56119731964048 39.77127091256801, 74.56866837491052 39.773086003467895, 74.57987277568307 39.77628886289934, 74.59552160349183 39.78101836264619, 74.60335692989347 39.782145152312346, 74.60780900499036 39.782572692329914, 74.61126579351146 39.7825874157129, 74.61627137299476 39.78227602329621, 74.61903773428962 39.782144423015545, 74.62208944537058 39.78221059426382, 74.62466672349827 39.78237214949653, 74.6250139152815 39.78237408789464)",11489.03475998797,11.48903475998797,81.60035374037541,81.60035374037541,LDZOFBA003.WL,01,,,,,,,,,,,,,,,,,,,
191,0.18818010037730692,OFBA003C1AJ430010020000092,000092,,18.0933837890625,01,,0.0,"N1a,EK,N1p,N1k",101,101,109,106,,,1∶250000 库尔干幅(J43C001002)建造构造图,"LINESTRING (74.6250139152815 39.78237408789464, 74.62827454040944 39.78181927059882, 74.63095726272535 39.78114983972214, 74.63258748606572 39.78074340761561, 74.6357791334012 39.779489138595764, 74.63808151342337 39.77858453840494, 74.64297874026121 39.776487546171644, 74.65039960138725 39.773499032902755, 74.65682085214627 39.77076351851113, 74.66205760631483 39.767979564656315, 74.67015136869354 39.76394442786265, 74.67261715469897 39.762419848465164, 74.67578831296542 39.76045316344928, 74.67760299957482 39.75930189879553, 74.6780908723339 39.75886185408492, 74.67966150170166 39.757205833344145, 74.68359938981713 39.75270710520611, 74.68792075325294 39.74834369525349, 74.69326789859373 39.743845093046914, 74.69405570225446 39.743087692212406, 74.69745739051774 39.73908820438201, 74.70209413520114 39.734476131629535, 74.7063678382007 39.73079454765833, 74.70968955196719 39.72796022245871, 74.71162153861609 39.726385977717705, 74.71222002982022 39.7258210222415, 74.71360371816353 39.72414584905206, 74.71648375826575 39.7205438624518, 74.7202097540409 39.71530683482246, 74.72274560479698 39.71188763408876, 74.7244913947356 39.71000052926804, 74.72593889260057 39.708512043074315, 74.72890987039851 39.70528284512938, 74.73225353855445 39.70139442872924, 74.73374564919295 39.70000702112789, 74.73534932716188 39.69861983917405, 74.73933688183108 39.69561159679157, 74.74223851338697 39.69348380332559, 74.74564346620168 39.69058537575974, 74.74753357308985 39.68875984374732, 74.74939720319465 39.68725107011647, 74.75209789473676 39.68498879169668, 74.75457479100538 39.68317515937487, 74.75993266540736 39.679024245698194, 74.76516107816472 39.67517699678294, 74.76738085816342 39.67323002066236, 74.76927917928397 39.67138809050599, 74.77010397052172 39.67050849876147, 74.77098569168487 39.66958710637518, 74.77124776674853 39.669299089207)",18086.375722554367,18.086375722554365,135.23264142993688,135.23264142993688,LDZOFBA003.WL,01,,,,,,,,,,,,,,,,,,,
194,0.051697597821873664,OFBA003C1AJ430010020000093,000093,,5.120353698730469,01,,0.0,"S3-4t,K1kz",101,101,109,106,,,1∶250000 库尔干幅(J43C001002)建造构造图,"LINESTRING (74.02122029252538 39.73169430274743, 74.0234290229595 39.7352580225017, 74.0254716095198 39.738743245968436, 74.02798399993719 39.74204598575974, 74.03043549241254 39.74530253137016, 74.03335951797574 39.74860363512354, 74.03786112820983 39.75300182602188, 74.03973559348536 39.75476074614584, 74.04171956403806 39.756621299393466, 74.04590181713539 39.76046917157772, 74.0518071019612 39.76445612302437, 74.05541137842944 39.76668958469731, 74.05738476586059 39.767655568318595)",5118.392418558699,5.1183924185587,38.43545082275187,38.43545082275187,LDZOFBA003.WL,01,,,,,,,,,,,,,,,,,,,
196,0.10953176013967723,OFBA003C1AJ430010020000094,000094,,9.723012924194336,01,,0.0,"N1k,EK",101,101,109,106,,,1∶250000 库尔干幅(J43C001002)建造构造图,"LINESTRING (74.38461900593174 39.751537236596235, 74.38610738636326 39.75305200278743, 74.3870849253161 39.753810591154945, 74.39005605443327 39.755479853864564, 74.39236248684725 39.75660290875049, 74.39588996930752 39.7578406937403, 74.39746046623058 39.75835286849265, 74.39922397703533 39.758773634089366, 74.40134366544933 39.75931490513342, 74.4043232161946 39.75988524570838, 74.4117274489268 39.76045076823837, 74.4150192589939 39.76062776709108, 74.41823522554999 39.76071297787098, 74.42043334859991 39.76070853097242, 74.42357451987203 39.76067175146284, 74.42828332708645 39.76018104956484, 74.43369578050809 39.75905694984075, 74.4362074768681 39.75829674368516, 74.44047794866626 39.75689607978531, 74.44438293528572 39.755396302353574, 74.44535906402415 39.75494521348208, 74.44903358670373 39.7532460904772, 74.44958937886535 39.75307920750545, 74.45015125013201 39.75292065855024, 74.45071399307633 39.75277050561642, 74.45128139449727 39.75262880393049, 74.45185124123567 39.75249560421974, 74.45242732301952 39.752370961732105, 74.45300342093857 39.752254918169086, 74.45358332190374 39.752147517515375, 74.45416580408002 39.75204880371843, 74.45474965447663 39.75195880951364, 74.45533865133822 39.75187756985094, 74.45592557584797 39.751805117446786, 74.45651820342944 39.75174147598856, 74.45711031822448 39.75168667371216, 74.4577036957329 39.75164072530781, 74.45829711430294 39.7516036544899, 74.4588933524082 39.75157546921677, 74.45948918555379 39.751556184192154, 74.46008538933395 39.751545802866865, 74.46068174222519 39.751544333212834, 74.4612770198576 39.751551774186886, 74.46187399787864 39.75156812249899, 74.46246945488701 39.75159337037409, 74.46306416946297 39.751627512293176, 74.46365791733844 39.75167053372219, 74.46425047426095 39.75172241788008, 74.46483961892763 39.7517831435007, 74.46543113001553 39.751852691573845, 74.46601878625107 39.75193103633913, 74.46660336932635 39.752018145299395, 74.46718766092964 39.75211398596172, 74.46776743982826 39.752218525824034, 74.46977716239 39.752883420101305, 74.4740513098212 39.75496645799258, 74.47797545586415 39.756996610977595, 74.47854763313491 39.75729260530131, 74.48237742018257 39.75927142543663, 74.48491369747715 39.760764502742504, 74.4868750432414 39.76218944283541, 74.48770097221191 39.763127487084674)",9719.26948119689,9.719269481196891,82.07218874937554,82.07218874937554,LDZOFBA003.WL,01,,,,,,,,,,,,,,,,,,,
200,0.39646062662283466,OFBA003C1AJ430010020000095,000095,,36.16042709350586,05,,65.0,"EK,N1a,N1p",101,101,101,106,,,1∶250000 库尔干幅(J43C001002)建造构造图,"LINESTRING (74.02937345962377 39.589867682551414, 74.03078928052551 39.59080366608929, 74.03306581234405 39.59205512720522, 74.03586379093046 39.59354363248218, 74.03851541352284 39.595084072530895, 74.04145581493574 39.597035824491556, 74.04499722246399 39.598875311381796, 74.051327050789 39.602458543687426, 74.05510186172738 39.60481150444894, 74.0629518691186 39.60901208531088, 74.06553398910691 39.61065334846537, 74.07115957382486 39.613596914202006, 74.07494530779638 39.61571756389997, 74.07635062182277 39.61648367387617, 74.08203165774047 39.61922985404408, 74.08683482861431 39.62118555095096, 74.09207963472296 39.62314362274889, 74.09532735412576 39.62420497899608, 74.09643584342246 39.624384981546406, 74.09939158535849 39.625067816715045, 74.10537156571577 39.626839431588785, 74.1103114547672 39.62862037622246, 74.11524534006908 39.63052791676888, 74.11947516284515 39.63257759254639, 74.12180580592194 39.63399751692466, 74.12560164320286 39.63646201517959, 74.12910785147214 39.6386328675595, 74.1322473771236 39.64050958696, 74.13538314797863 39.6425845611442, 74.1382996661513 39.6446308484122, 74.14278910660555 39.64716423696096, 74.14882516118828 39.65080924812385, 74.15207337199836 39.65305753834468, 74.15539776896037 39.65516206994529, 74.15872716992176 39.65692025518572, 74.15966491441412 39.657424891004595, 74.17069706216088 39.66565761820208, 74.1740358924414 39.66731168312283, 74.1750054397772 39.6676190010143, 74.1773274180522 39.668320712004274, 74.17870393951391 39.66883910889681, 74.18055543422291 39.669479556405506, 74.18414065871202 39.671399442828005, 74.1856733595012 39.672251671384224, 74.19391991411783 39.67590371128275, 74.19980145639384 39.679014271283265, 74.20603196608616 39.6826449082838, 74.21264321200196 39.686005512314445, 74.21733769821041 39.68805335660933, 74.21968343725909 39.688970388689015, 74.22105662369805 39.68956602142601, 74.22179665114352 39.68988723838679, 74.22300726872602 39.69043729693045, 74.22539339824964 39.69147631768027, 74.23298762027314 39.6944109500882, 74.23671781060418 39.69578203919619, 74.23911125034081 39.696513040283065, 74.24142800270415 39.69718314434727, 74.24271970273448 39.697305400175004, 74.24397365562926 39.697336407228484, 74.24695139577727 39.69718574449313, 74.24902521491845 39.69691300020492, 74.25031761448966 39.69667029716133, 74.25129533792659 39.696549077387886, 74.25278303986163 39.696215209625244, 74.25481565899338 39.69563674021831, 74.25932172649841 39.69439363691452, 74.26053503556487 39.69430299935449, 74.26191052112834 39.6945176801919, 74.26383312112591 39.6952498342255, 74.26548316023765 39.6960394075578, 74.27208522606134 39.69907619047211, 74.2793578297497 39.70214646501984, 74.28314142437229 39.70366980408399, 74.28479586623078 39.70446130013717, 74.28921301693407 39.70692558362532, 74.293038830782 39.70902477107333, 74.29473311210351 39.709876841224535, 74.29713838577489 39.71091208556483, 74.30181916007966 39.713072973669234, 74.30428123711577 39.71410690609585, 74.30780172952716 39.71526326787557, 74.31565923387785 39.71775864269736, 74.31726116413743 39.71836668798672, 74.31859150011189 39.71882290882625, 74.31995982937171 39.71940027129172, 74.32101533046273 39.71991657618189, 74.3236738160395 39.72146455401922, 74.32503802012225 39.72249536585421, 74.32655774817847 39.724040968886044, 74.32850561367589 39.725647567061294, 74.32983189600914 39.726738824691914, 74.3312334312862 39.727648513019496, 74.33283316207114 39.72846757206173, 74.33478391427622 39.729438335847746, 74.3373176327115 39.730742663674455, 74.3401654491618 39.732081633279535, 74.34145504194767 39.73257048832646, 74.3429398664446 39.73312046832629, 74.34454076823478 39.73367053433172, 74.34571116187144 39.73406780629852, 74.34840654578586 39.73547105549004, 74.34942169292441 39.73601989486938, 74.35102243461945 39.736843154681445, 74.3520763302302 39.737270072647945, 74.35348134853874 39.73775800973188, 74.3569924707692 39.73839865881443, 74.35886342086094 39.73849034453916, 74.36151697479845 39.73885638749772, 74.36260913412791 39.73897840919652, 74.36366146416914 39.73916137213354, 74.36467504619729 39.73943575979115, 74.36568979788686 39.739771096718655, 74.36752668250534 39.74056364290083, 74.37108114324096 39.742728439230774, 74.3727639357811 39.74349142608016, 74.37389903039677 39.74394927969653, 74.37510926603721 39.744407166897474, 74.37600975191759 39.7447734278409, 74.37687127112768 39.745170139236016, 74.37784916620048 39.74562786768147, 74.3787490314972 39.746116021516755, 74.3799624761455 39.746970082695896, 74.38125479000009 39.748067999662666, 74.38411276851708 39.75101927372687, 74.38461900593174 39.751537236596235)",36146.24740943232,36.14624740943232,60.01288129296076,60.01288129296076,LDZOFBA003.WL,05,,,,,,,,,,,,,,,,,,,
203,0.0235811843892314,OFBA003C1AJ430010020000096,000096,,2.3214871883392334,01,,0.0,"D1s,D2t",101,101,109,106,,,1∶250000 库尔干幅(J43C001002)建造构造图,"LINESTRING (73.92236162194476 39.73051897355873, 73.92156736095872 39.733761550797816, 73.92124795562528 39.7358814523792, 73.9209318193256 39.73792817777905, 73.92128690447923 39.73910191333697, 73.92257008315215 39.74072200825678, 73.92497782172336 39.742277657400024, 73.9269299747572 39.74317119112146, 73.929631940079 39.74425424001483, 73.93319783933359 39.745232701369204, 73.93431051381536 39.74524903535614)",2320.6130367178557,2.3206130367178557,32.74293238149111,32.74293238149111,LDZOFBA003.WL,01,,,,,,,,,,,,,,,,,,,
204,0.0500028246409512,OFBA003C1AJ430010020000097,000097,,5.442805290222168,31,,51.0,"Qp1X,S3-4t,EK",101,101,109,106,,,1∶250000 库尔干幅(J43C001002)建造构造图,"LINESTRING (74.07238345590386 39.740401804476356, 74.07159157862213 39.73910428643993, 74.07116823724014 39.73784165293416, 74.07079062739447 39.73647084737464, 74.070499432865 39.734126292479694, 74.07026301313054 39.73318838755361, 74.06979321000385 39.732069983579784, 74.06923665128933 39.730916375282675, 74.06853903136049 39.72969058238883, 74.06798045532193 39.72875880941764, 74.06746838405799 39.72789924557268, 74.06709555398828 39.7269326176609, 74.06676510630601 39.72199083872954, 74.06657641960118 39.71916879454928, 74.0657373056818 39.713050635687786, 74.06463170116578 39.710212534555026, 74.06403519015137 39.70888043233907, 74.06376187224147 39.707692987226146, 74.06358153886985 39.706361927407805, 74.06353979504435 39.70506717472737, 74.06345181718535 39.7037723077524, 74.06067779156912 39.69574498663335, 74.05963520871056 39.693907601949164, 74.0591815700083 39.69314639064932, 74.0590473112477 39.692919922249395)",5440.576328831571,5.440576328831571,192.83541772652754,12.835417726527538,LDZOFBA003.WL,31,,,,,,,,,,,,,,,,,,,
205,0.13491521679002966,OFBA003C1AJ430010020000098,000098,,14.129937171936035,05,,0.0,"S3-4t,D2t",101,101,101,106,,,1∶250000 库尔干幅(J43C001002)建造构造图,"LINESTRING (73.99193254106792 39.62447979028352, 73.99254896222855 39.625037944143486, 73.99580336085656 39.62839005190731, 73.9967854318467 39.62930810809102, 73.99736174532978 39.6298205852724, 73.99794551626219 39.630328672893626, 73.99853768421949 39.63083232305417, 73.99913319747353 39.6313314901802, 73.99973599562084 39.63182612411998, 74.00034502404282 39.63231617702338, 74.00095922513877 39.632801605517884, 74.0015815355763 39.633282359427206, 74.00220990065483 39.63375839540428, 74.0028432599096 39.63422966554963, 74.00348255277308 39.634696128718026, 74.00412771588957 39.63515773473435, 74.00477768864772 39.63561444470547, 74.00543341631862 39.63606621528584, 74.00852759256621 39.63865795528302, 74.01147976655861 39.64137205095164, 74.01396890773151 39.64383665402906, 74.01724796841285 39.64740938773851, 74.02053364951057 39.65073876409209, 74.02335761736938 39.65381642951536, 74.02623030429066 39.6574978798872, 74.02806876839455 39.660456837227066, 74.02976376767171 39.66400797257459, 74.02989732635336 39.66460659870357, 74.03008386006366 39.66533845760081, 74.03018560202109 39.66607999104078, 74.03020577696363 39.6668256155918, 74.03013923342337 39.66756971908169, 74.0299914579207 39.668306694488855, 74.02976355971236 39.669030996109974, 74.02966053640431 39.671182804456265, 74.0297337877357 39.67361267409289, 74.0303396682339 39.67756253393617, 74.03114075368181 39.67994147895835, 74.03275742575448 39.68325935717583, 74.03362646883282 39.68462911392658, 74.03472806917843 39.686250479816955, 74.03610663729958 39.68805240501645, 74.0399157428365 39.694248525848536, 74.04115844001112 39.69626610366297, 74.04362961045092 39.70037332231571, 74.04540448284015 39.7038314773683, 74.04649354341379 39.706136654537424, 74.04800348368299 39.71027690084994, 74.0484222299639 39.711536301445015, 74.04901464766537 39.713258881359835, 74.04987490280963 39.71731267225454, 74.05054947557448 39.721509375051866, 74.05081977934053 39.723446197710146, 74.05109781278047 39.72695314762937, 74.05100583643356 39.72852712444138, 74.05068797453225 39.73003397903539, 74.0502012626295 39.734397616851936, 74.0499279238903 39.73655988685049, 74.04974411678388 39.73753269583708, 74.04945032913605 39.738503640746465)",14124.361175970243,14.124361175970243,21.919517506458376,21.919517506458376,LDZOFBA003.WL,05,,,,,,,,,,,,,,,,,,,
206,0.011358869554769536,OFBA003C1AJ430010020000099,000099,,1.1116912364959717,05,,0.0,D2t,101,101,101,106,,,1∶250000 库尔干幅(J43C001002)建造构造图,"LINESTRING (74.04748490660586 39.7379040159064, 74.0469701543519 39.73703881401857, 74.04627316492585 39.73624229816699, 74.04454969869813 39.73455328350318, 74.04234770135183 39.73286343655425, 74.0391065830985 39.73034439952205)",1111.2413578223304,1.1112413578223304,221.1652014852704,41.16520148527039,LDZOFBA003.WL,05,,,,,,,,,,,,,,,,,,,
207,0.00341076182077655,OFBA003C1AJ430010020000100,000100,,0.35743749141693115,01,,0.0,"D1s,Qp1X",101,101,109,106,,,1∶250000 库尔干幅(J43C001002)建造构造图,"LINESTRING (73.92059114554114 39.7276069617692, 73.92175109972824 39.72963763898283, 73.92236162194476 39.73051897355873)",357.2976194473796,0.3572976194473796,25.837317098527205,25.837317098527205,LDZOFBA003.WL,01,,,,,,,,,,,,,,,,,,,
208,0.5644549482057206,OFBA003C1AJ430010020000101,000101,F9,90.46649932861328,41,,0.0,碎裂岩、构造角砾岩、糜棱岩和糜棱岩化岩石、片理化岩石、石英脉、蛇绿岩团块和地层中内生的变砂岩团块,103,101,109,106,,,1∶250000 库尔干幅(J43C001002)建造构造图,"LINESTRING (74.45640993990563 39.73219045187189, 74.45411574431805 39.731657969566186, 74.45247488195379 39.731235212065585, 74.4513292284369 39.73077319083796, 74.45033384584809 39.73034959518142, 74.44904050555868 39.72961738720773, 74.44804377494623 39.7290006642879, 74.44694923465255 39.72819094580774, 74.44565497072047 39.72745870034256, 74.44460957525692 39.726842007913326, 74.44341395854192 39.72618686296685, 74.44162361461102 39.72549377980579, 74.43963188863489 39.72483982544473, 74.4357368307969 39.723765631041125, 74.43328945815983 39.723345254994925, 74.42325542506349 39.72046614764982, 74.41606776680678 39.71862349864791, 74.40489992568784 39.71577761499317, 74.3980751316673 39.714124112552796, 74.39549920677686 39.713236615833495, 74.39281495576935 39.71207646106798, 74.39161334488999 39.711418557189724, 74.39061377791224 39.71083757138247, 74.39001363233285 39.71048966478116, 74.38821601043418 39.709444633582265, 74.38406334213664 39.70685124343935, 74.37920952897029 39.703405561151406, 74.37775951932579 39.70216636393241, 74.37635987535892 39.70119845334711, 74.37270793804478 39.69914699024261, 74.37175854014448 39.69845000643236, 74.37035574630038 39.697210677190526, 74.36976113094188 39.696436132120674, 74.36643880113967 39.69232762947944, 74.36539694550177 39.69112588092899, 74.36460181027385 39.6900402407235, 74.36375871637084 39.688721809134606, 74.36246738590698 39.68697702567927, 74.36153627733104 39.68567928406991, 74.36048766667486 39.6845839419532, 74.35885183398621 39.68366693521087, 74.35719529738284 39.68314150162268, 74.35683399009122 39.68302721228705, 74.35470338214424 39.68268909606798, 74.3507796945838 39.68207154018016, 74.34982163117049 39.681920922964586, 74.34847722514817 39.681778269035576, 74.34758872785066 39.68161813713268, 74.34582096294164 39.68128014197544, 74.34475836177577 39.6810380520818, 74.34409161570541 39.68087658773926, 74.34100850843595 39.680426340081056, 74.33946714716349 39.680298691400836, 74.33784149172077 39.68017114853725, 74.33269584762309 39.679805030543356, 74.33057131735453 39.67962936330273, 74.32734465867927 39.679227719523574, 74.32240164145956 39.678406929512114, 74.32097164399978 39.67793743338173, 74.31950399836371 39.67758183119545, 74.31786786662089 39.67737283267596, 74.31586338375182 39.67727812670004, 74.31424996467283 39.67723139967277, 74.31263937111227 39.677135483155695, 74.31156407261584 39.67700596420968, 74.31027984574995 39.67681118208464, 74.30947314293722 39.676648467198696, 74.30868735001427 39.676551278095076, 74.30763526250153 39.67656920316376, 74.30628974417382 39.67657114642589, 74.30529760873478 39.676572571582604, 74.30430706845316 39.67645925752203, 74.30335358640076 39.67626392788766, 74.30244596056957 39.67621604285925, 74.30126708920243 39.676299645192614, 74.2991336514298 39.67641862504604, 74.2980439246836 39.676458008426756, 74.29696507845712 39.676496988455796, 74.28986886310265 39.6761100330947, 74.28841369294982 39.67600978577974, 74.28702557244078 39.67584467391626, 74.28306550903854 39.67518723268237, 74.28123296919078 39.67489123914124, 74.27737765006579 39.67387648598395, 74.27275870662977 39.67263776692331, 74.27130727849239 39.67221930809039, 74.27056192380934 39.67204260852842, 74.26992210440717 39.67189811810801, 74.26923896805991 39.67180245364148, 74.26870068431631 39.67169016641328, 74.26818102672901 39.67152910182737, 74.26754122016297 39.671384596091684, 74.26627756828177 39.671274175329074, 74.26478828415964 39.67118056949327, 74.26271598881196 39.67084349492031, 74.26110292909212 39.670440183579245, 74.25959135697663 39.669988276059, 74.25814187985016 39.669503973464124, 74.25648535237677 39.66893890882103, 74.2553107644932 39.66828988064848, 74.25452518073578 39.66782505558063, 74.25375408198389 39.66734986991569, 74.25298969702592 39.66686446268051, 74.25223924872907 39.66636897962161, 74.2514999628271 39.66586356875831, 74.24984547067095 39.664781057676905, 74.2436060979875 39.660201278053286, 74.23883064114189 39.65669647124126, 74.23365304332476 39.653458392830494, 74.2277195904182 39.650340609853544, 74.22360302464571 39.64824681246932, 74.21341119685864 39.64405245382643, 74.19988383477099 39.637972256995695, 74.19871411311198 39.63753578937209, 74.19603394843242 39.636330148361544, 74.1916494356217 39.63419302681784, 74.18896940275623 39.63262984139648, 74.18726700278158 39.631845417468675, 74.18404155895738 39.63076982179954, 74.17587538001224 39.627670045494156, 74.17205974205476 39.626512670983786, 74.16585658523559 39.62399846931897, 74.15838998848996 39.620989230639154, 74.1523278625509 39.618072064685734, 74.1476973532572 39.615480455973035, 74.14085231795754 39.61130000246729, 74.13598709540413 39.608353936252804, 74.13282008438956 39.60651077955364, 74.1283194944847 39.604043616735225, 74.12470337865767 39.602119313659706, 74.11923467784115 39.59919004354581, 74.11347158006002 39.59641323125875, 74.11178041439995 39.59583268742276, 74.10839900266298 39.59431766347186, 74.10466066974097 39.59287183637369, 74.1025855589395 39.591865250023844, 74.10110997300013 39.59114957892025, 74.09623960707786 39.5882866477474, 74.09153958235412 39.58563727548496, 74.08676928753327 39.582949048768214, 74.08317306050316 39.58089769692309, 74.08040901942907 39.57939713809756, 74.07575398647019 39.57726225014486, 74.06899438191685 39.574216228281294, 74.06557144191794 39.57251264452739, 74.06003864578334 39.56939545095568, 74.05449750361727 39.56572718099489, 74.04903585106037 39.56364508201691, 74.04417383439657 39.561706483427514, 74.04239677699336 39.5610435556317, 74.03611751734522 39.558768971807154, 74.03114379341986 39.55724472443124, 74.02794528289584 39.55666101737423, 74.02034911095011 39.55557973927664, 74.01509512749956 39.555173335704296, 74.00771353691044 39.554470732124315, 74.00457576794919 39.554114347565616, 74.00369386022192 39.55401630955692, 74.0028114569972 39.55390563899243, 74.00193585205614 39.553782367724345, 74.0010613447634 39.5536465434227, 74.00018924035652 39.553498209313574, 73.9993218352102 39.55333741756195, 73.99845742565724 39.55316422259243, 73.99760031083137 39.55297868561698, 73.99674578113063 39.55278086778044, 73.99614501826532 39.5526150241026, 73.99322153295726 39.55200928355192, 73.98986721044167 39.55143249798577, 73.98488004923283 39.55066886239628, 73.98139895031899 39.549820414089645, 73.97969736167828 39.54933942326493, 73.9791649529901 39.54918817684762, 73.97330085931064 39.547197898200594, 73.96759442663375 39.54561742056287, 73.9611920400538 39.54420883381591, 73.95662981111676 39.54358021815818, 73.9509276652296 39.54311824091846, 73.94496757585974 39.54296680202231, 73.93640664550996 39.54258236051476)",50717.410841131,50.717410841131,245.26406795482677,65.26406795482677,LDZOFBA003.WL,41,,,,,,,,,,,,,,,,,,,
209,0.1552924102330373,OFBA003C1AJ430010020000102,000102,F9,90.46649932861328,41,,0.0,碎裂岩、构造角砾岩、糜棱岩和糜棱岩化岩石、片理化岩石、石英脉、蛇绿岩团块和地层中内生的变砂岩团块,103,101,109,106,,,1∶250000 库尔干幅(J43C001002)建造构造图,"LINESTRING (74.46241897782829 39.731838971003, 74.46534557435781 39.730267365165005, 74.46726270360821 39.72909256744451, 74.4690094313845 39.72785261698608, 74.47025979596711 39.726808550236555, 74.4715052662422 39.72556883547479, 74.47211145352102 39.724859085658615, 74.47669158920571 39.71949705939155, 74.47812117649559 39.71818994743292, 74.47946912014663 39.71714398877152, 74.4813188062828 39.71609736120165, 74.483420474578 39.71498510798146, 74.4889054275599 39.712437616584346, 74.49448721565764 39.709763380785375, 74.496381199868 39.70865454407586, 74.49809509918909 39.70741604210745, 74.49877167938617 39.706929365964925, 74.49942592416632 39.70642403421166, 74.50005597460414 39.70590071001469, 74.50065799785322 39.7053600904315, 74.50141520061787 39.704683522822506, 74.50402964288837 39.70291907712144, 74.50542580262697 39.702145117091675, 74.50716439439483 39.70127500070265, 74.51198782297233 39.69910787525755, 74.51732970330892 39.696614646987804, 74.52500183393849 39.69264971263213, 74.52812343343194 39.690918298473235, 74.52963987045912 39.69005237517387, 74.53128045898838 39.68896892470336, 74.53341983519319 39.687521474198775, 74.53552166853643 39.68592363176851, 74.5382546925761 39.683550045964694, 74.54071157153734 39.681518636900016, 74.54274654915184 39.67983895687609, 74.54872334174621 39.6749323388518, 74.55010118481971 39.673883912563916, 74.55267756259197 39.672283238899325, 74.55515929223436 39.6709458364794, 74.5574782617991 39.66999286392143, 74.56051338517666 39.66876250721126, 74.56382154347911 39.66740386941257, 74.56459569747155 39.6670535148283, 74.56534596359685 39.66666979559493, 74.56606593872336 39.66625393713893, 74.56675531828567 39.665807273371406, 74.56740789928966 39.665331233180474, 74.56802858905668 39.66482734045473, 74.57067159763639 39.662922265276464, 74.57353989226552 39.661262730032895, 74.57759570119174 39.65918246450841, 74.58297336443273 39.65663445455629, 74.58764923363354 39.65421080110645, 74.59385915277086 39.65150990893506)",14506.820998131374,14.506820998131374,128.6475767724625,128.6475767724625,LDZOFBA003.WL,41,,,,,,,,,,,,,,,,,,,
210,0.031804605178941334,OFBA003C1AJ430010020000103,000103,,2.881707191467285,01,,0.0,"N1k,N1p",101,101,109,106,,,1∶250000 库尔干幅(J43C001002)建造构造图,"LINESTRING (74.47211145352102 39.724859085658615, 74.47575739759792 39.72341415116924, 74.48349198752979 39.72033678794066, 74.49023793287265 39.717458189037224, 74.4927978157144 39.716216172849265, 74.49503098583273 39.7147785665158, 74.49856015006972 39.71248825799858, 74.49941567007035 39.71214238060257, 74.50002175089752 39.71206730079999, 74.50100389361673 39.712071532534985)",2880.6474018337017,2.8806474018337016,120.14564483509004,120.14564483509004,LDZOFBA003.WL,01,,,,,,,,,,,,,,,,,,,
213,0.05942105496893716,OFBA003C1AJ430010020000104,000104,,6.118621349334717,05,,65.0,"D2t,D1s",101,101,101,106,,,1∶250000 库尔干幅(J43C001002)建造构造图,"LINESTRING (73.97679712827183 39.66911972025497, 73.97927509991095 39.67214940604175, 73.98146743528184 39.674053108447026, 73.9839458947052 39.67727490587166, 73.9859334974725 39.67986672571192, 73.9879252177305 39.68183331662978, 73.9890155502345 39.68301596821692, 73.99147836496135 39.6866195848052, 73.99300338566 39.689702197386296, 73.99404564352191 39.691993438999916, 73.99570395665691 39.69476651828779, 73.99688932768406 39.69634616709808, 73.99907748019673 39.699713912800796, 73.99944776890791 39.70044079783981, 73.99985767193479 39.70115389090838, 74.000313337431 39.701851700447286, 74.00080581669388 39.7025327723081, 74.00211385915637 39.704542133785516, 74.00383724154914 39.70761737777033, 74.00619143908858 39.71052793096697, 74.00941851392768 39.71435147940487, 74.01027385072949 39.715332206360905, 74.01086810187002 39.7161065211003, 74.01140782787225 39.71702157742602)",6116.210437497824,6.116210437497824,29.812346045373804,29.812346045373804,LDZOFBA003.WL,05,,,,,,,,,,,,,,,,,,,
216,0.03177085961339721,OFBA003C1AJ430010020000105,000105,,2.7543697357177734,01,,0.0,"EK,N1k",101,101,109,106,,,1∶250000 库尔干幅(J43C001002)建造构造图,"LINESTRING (74.47016068790361 39.699146196045575, 74.47323694089077 39.69943475376596, 74.48045998298694 39.70049879792286, 74.48191529666266 39.700731240914415, 74.48703544374278 39.70154903431255, 74.4877371892444 39.70166091696213, 74.49547978090287 39.70351120710801, 74.50141520061787 39.704683522822506)",2753.289398223954,2.753289398223954,77.41052115114171,77.41052115114171,LDZOFBA003.WL,01,,,,,,,,,,,,,,,,,,,
219,0.06947760372230485,OFBA003C1AJ430010020000106,000106,,6.384174823760986,05,,0.0,"N1a,N1p",101,101,101,106,,,1∶250000 库尔干幅(J43C001002)建造构造图,"LINESTRING (74.15966491441412 39.657424891004595, 74.16262911785765 39.65902218490874, 74.16540787560582 39.66053099109375, 74.17141519768037 39.66335260717692, 74.18137350018476 39.667595718939396, 74.18367590075887 39.66855490077014, 74.18553116152059 39.66964963943212, 74.18694584429444 39.67067567994936, 74.18871172023037 39.67156487339267, 74.19030085576213 39.67218043427141, 74.19232795470522 39.67293274767305, 74.19435754761072 39.67375343032559, 74.19603568965874 39.67450571357057, 74.19912594444868 39.67614705604047, 74.20599715318997 39.680260065350886, 74.21215506748472 39.68417275681519, 74.21637378213047 39.686644732290674, 74.218396750027 39.68774342961303, 74.22105662369805 39.68956602142601)",6381.674591579215,6.381674591579215,56.39968239633886,56.39968239633886,LDZOFBA003.WL,05,,,,,,,,,,,,,,,,,,,
221,0.12046797221653315,OFBA003C1AJ430010020000107,000107,,10.511878967285156,01,,70.0,N1p,101,101,109,106,,,1∶250000 库尔干幅(J43C001002)建造构造图,"LINESTRING (74.59605696274912 39.68977612254561, 74.5991445165753 39.68986605637994, 74.60052155260412 39.68979173391583, 74.60299878666177 39.689503938488976, 74.60843189778717 39.68835600301038, 74.61518555353396 39.686747325047165, 74.61941506906228 39.685776123253035, 74.62129830584362 39.685234293233314, 74.62246988563913 39.68499199743254, 74.623821133244 39.684778066243666, 74.62595309459412 39.68448518284649, 74.62914914685149 39.68369872158711, 74.63177849595348 39.682991669682764, 74.63394777075298 39.68261331380366, 74.63857673117475 39.68163697909884, 74.64352397378573 39.680578862518814, 74.64683592943493 39.67968058213795, 74.65089312047904 39.678402288442, 74.6543659515111 39.67726869207193, 74.65872308237383 39.67602953771654, 74.66311764842922 39.67476300760594, 74.66612721347224 39.673925744756794, 74.66799901996585 39.67352047479962, 74.66895378809724 39.67335903328377, 74.67040136339524 39.67322664770418, 74.67156665491656 39.67309331552049, 74.67301169204224 39.673043192957884, 74.67496326280035 39.67307684260108, 74.67695228071169 39.67308309259513, 74.67911706642714 39.67306242899488, 74.68018530894916 39.672956015106905, 74.68121637914773 39.672794615866636, 74.6856593440573 39.67168356505281, 74.69229502376774 39.66986577170971, 74.69711567196666 39.66811672942477, 74.69798022510537 39.66784499007724, 74.69885105014528 39.667591547112494, 74.69973250007614 39.6673565877894, 74.7006209163148 39.66714028809629, 74.7015156403858 39.666942806027016, 74.7024170022263 39.66676429055791, 74.70332532895313 39.66660487491609, 74.70424094485047 39.66646467883159, 74.70515717138632 39.66634380403454, 74.70608132425804 39.6662423432546, 74.70646159457124 39.6662360395042, 74.70743090832366 39.66615381878142, 74.70824878978186 39.66595754766201, 74.7093990924965 39.66564870438686, 74.71148162818952 39.66508709869559, 74.71270989855854 39.664892035276125, 74.71339387230941 39.664781242492516)",10507.680606436019,10.507680606436018,105.63244961643294,105.63244961643294,LDZOFBA003.WL,01,,,,,,,,,,,,,,,,,,,
222,0.21476172834054227,OFBA003C1AJ430010020000108,000108,,18.641496658325195,05,,55.0,"N1k,EK",101,101,101,106,,,1∶250000 库尔干幅(J43C001002)建造构造图,"LINESTRING (74.78911700953972 39.67218477856953, 74.79384722752403 39.672487207973504, 74.79768999995156 39.67255863529179, 74.8043137695469 39.67247652117481, 74.81076306144858 39.672118461827374, 74.815855380753 39.67197803746927, 74.82163051678324 39.671900853626106, 74.82522789691708 39.6718925248983, 74.82972501053753 39.67210655557386, 74.83352675842963 39.6722895983511, 74.83666521734679 39.672277980226916, 74.84007907420671 39.6720774036422, 74.84871729012211 39.671636022977054, 74.85409057868081 39.671429012711485, 74.85713138766931 39.67109652139144, 74.8628852728643 39.67042120519369, 74.86671186706657 39.669700319367124, 74.87013354080527 39.66887469026943, 74.87267411827723 39.668238773911995, 74.87381757720121 39.668022806259096, 74.8757577156715 39.667999810180575, 74.879463783048 39.667926028378474, 74.88150797844003 39.6677119498033, 74.88488007271268 39.66739106584828, 74.88998124496966 39.6671272792202, 74.8926365275538 39.667022806789966, 74.89375320980876 39.66707944786999, 74.89497560878236 39.66716358214351, 74.8967226563035 39.667357901786055, 74.89940988119379 39.667881662061795, 74.90223845316925 39.66854219024278, 74.90825881591812 39.66937178046707, 74.91364926406841 39.670554853467145, 74.91932201546342 39.671689102068676, 74.92562848751604 39.67320670295965, 74.9353970964024 39.675737042910995, 74.94111201147773 39.67754621579237, 74.94503908849948 39.67875241015911, 74.94623115348189 39.67916329050898, 74.94707147053843 39.67962707481817, 74.94987545485594 39.68107227713943, 74.95380540459867 39.682816759732994, 74.9553215515002 39.6834123963583, 74.9562377934378 39.68370999919303, 74.95711782766129 39.683980476623326, 74.95799906469914 39.6841151288917, 74.95881175115323 39.68427703026117, 74.96057354138574 39.68457467761116, 74.96205628073339 39.684657918745906, 74.96339708324446 39.68465974737141, 74.96466718891577 39.68471560299827, 74.96635951621501 39.684853210080355, 74.96773610784665 39.68507158104268, 74.9681944928298 39.68520752601449, 74.96879302150853 39.6853436535451, 74.96971098804725 39.68553432821541, 74.97038121311867 39.68561640425248, 74.97161587447165 39.68575334169853, 74.97486117992302 39.68616349501988, 74.97857065593976 39.68687289295151, 74.98064351816677 39.687533771678844, 74.98173124528867 39.68787989280608, 74.9833651427688 39.68842405148185, 74.98475358657892 39.68902191089771, 74.98548408476171 39.68932089274056, 74.98635254924514 39.689674238536774, 74.98725373424836 39.69005470703686, 74.98801912889252 39.69029959478801, 74.98874975957682 39.690544420095215, 74.98975580446123 39.6906543614697, 74.99076505932547 39.69065602217115, 74.99253996671553 39.69063024705697, 74.99508557467756 39.69038711863437, 74.99616579950221 39.69036036491266, 75.00000099999441 39.68975457273174)",18634.22228824728,18.634222288247283,83.91315477354924,83.91315477354924,LDZOFBA003.WL,05,,,,,,,,,,,,,,,,,,,
224,0.21655568094429473,OFBA003C1AJ430010020000109,000109,,19.311697006225586,05,,72.0,"N1k,EK",101,101,101,106,,,1∶250000 库尔干幅(J43C001002)建造构造图,"LINESTRING (74.35719529738284 39.68314150162268, 74.36035114259474 39.683379860115075, 74.36835955908255 39.68431275171384, 74.37852978961664 39.68577008361268, 74.3833040028559 39.686588273993074, 74.38495529279459 39.68697977899116, 74.38724932232157 39.68758504638657, 74.38917871733587 39.68790473163522, 74.3909211996534 39.68804588108463, 74.39280121573894 39.68815111695528, 74.39481524236405 39.68829305797554, 74.39709545393073 39.688507377116345, 74.39946513882134 39.68882886437069, 74.40138317770361 39.68925756803287, 74.40375373851728 39.68990062584703, 74.4056711156984 39.69043647762818, 74.41100913286161 39.691329126312404, 74.41342510723769 39.691469886479595, 74.41570304226093 39.691539033019374, 74.41886947544828 39.69157092450344, 74.42177368847454 39.69178165705209, 74.42601430332427 39.69195466619608, 74.42910263836606 39.69209339848451, 74.43191500283471 39.69237556519646, 74.43375928835606 39.69258753787914, 74.43537423032896 39.693086047781165, 74.43744930090709 39.69390584834941, 74.43985193985822 39.695297643431886, 74.44122692292848 39.69576057226087, 74.44318861894497 39.6962210042782, 74.44560336353318 39.69653718605472, 74.44834042657921 39.69667499876299, 74.45080160763575 39.696706522491624, 74.45294347094244 39.696667406209684, 74.45440171419212 39.696629403908865, 74.45654267054817 39.69637686564849, 74.46155094090085 39.69533266178355, 74.4640579975661 39.69457738844847, 74.46574303019004 39.69400257619626, 74.46824938900536 39.69263964720097, 74.4694807718869 39.691600555935956, 74.47234728766469 39.68884215974384, 74.4761768491509 39.685406306196796, 74.47814119739195 39.68415567299797, 74.47969452788304 39.683405111498175, 74.48147641322261 39.6827615514344, 74.48426360224862 39.68201035639444, 74.4881419333384 39.681794578914484, 74.49237841632727 39.68154390847797, 74.49547338478736 39.68115049460804, 74.49843303271058 39.68057823204015, 74.49988513508536 39.68028219901623, 74.50035790095117 39.68020839519365, 74.50327361299779 39.67920015182691, 74.50963916822114 39.67688367503709, 74.51555778696778 39.674288347378855, 74.5200410847432 39.6722121831807, 74.5219020878526 39.67123807287161, 74.52340143066839 39.67029581532778, 74.52503570710984 39.6690390914384, 74.52559386371638 39.66856367061273, 74.52633473840639 39.668164529944185, 74.52706932693307 39.66775960333429, 74.52779755026623 39.667348931089926, 74.52852233516273 39.66693256029765, 74.52923960844697 39.66651052903885, 74.52995329399023 39.66608288213888, 74.53066031858357 39.66564966443595, 74.53135960902442 39.665210920769326, 74.5320551038 39.66476669152299, 74.53306996931425 39.66396749222596, 74.53636153102636 39.66175509788385, 74.54048976306845 39.65909477840001, 74.54220398072395 39.657902101854425, 74.54308177360112 39.65729170273032, 74.54703328437685 39.654826133227054, 74.54950256024178 39.653547995165425, 74.55388179682917 39.651180712526234, 74.55949583738314 39.648219401893094)",19304.029566375382,19.304029566375384,102.93665306911791,102.93665306911791,LDZOFBA003.WL,05,,,,,,,,,,,,,,,,,,,
226,0.19488623979395306,OFBA003C1AJ430010020000110,000110,,16.91315269470215,01,,0.0,"EK,N1k,K2Y",101,101,109,106,,,1∶250000 库尔干幅(J43C001002)建造构造图,"LINESTRING (74.3507796945838 39.68207154018016, 74.35586658019712 39.681853521401145, 74.36055119751391 39.68151721448263, 74.36439455665288 39.68132877629136, 74.36678355567864 39.68132581061189, 74.36884700319429 39.681543738380576, 74.3703470249028 39.68172559753204, 74.37209224890161 39.6817980472774, 74.3735079709485 39.68187074710125, 74.37657514644134 39.681905503031466, 74.37836728075159 39.681867066271515, 74.38270984035442 39.681899682479035, 74.38497395990225 39.6818974505651, 74.3870031297416 39.68189541301102, 74.38945745668478 39.68207675191233, 74.39129750931163 39.68233222284509, 74.39288198916658 39.68247152702582, 74.39422126517597 39.68262374813824, 74.39586499456156 39.68266044356182, 74.3983037240115 39.68254997809797, 74.40402147388009 39.681736180608986, 74.406035638068 39.68151335302049, 74.40772198843982 39.6814012464661, 74.40964585521351 39.68132568965829, 74.41194251892529 39.68117609094901, 74.4146134793445 39.6808051925723, 74.42050744666547 39.680282652339116, 74.42273513557741 39.68009595337686, 74.42581922171001 39.67969600815003, 74.42789370695407 39.679427113839054, 74.4310212465084 39.67920231235924, 74.43423951150803 39.67897730279773, 74.4378399022887 39.67878849623493, 74.44551681581002 39.678961309814575, 74.45030805213582 39.67928521431285, 74.45176442081639 39.67946694808208, 74.45340730511364 39.679501187335916, 74.45538085864301 39.679498093524344, 74.45758560287865 39.67923702304183, 74.46021674044884 39.67886484349351, 74.46321966396805 39.67852878039332, 74.47318375042802 39.67723665495106, 74.47618942668883 39.67668344418082, 74.47975976603469 39.6760195041741, 74.48757206308882 39.67450719278638, 74.48991313628828 39.67402843102498, 74.49183462907611 39.67377049485456, 74.49436404271391 39.67347560065163, 74.49632516683826 39.673222162191244, 74.49851839103894 39.67285977335485, 74.4999059246253 39.67260596176555, 74.50166917208387 39.67223661169721, 74.50393517468694 39.67176115480801, 74.50615688530017 39.67124035292947, 74.50934831814784 39.67034668507942, 74.51288704457453 39.66909200967071, 74.5160617736358 39.667736746602316, 74.51685602325117 39.66736754040062, 74.51772797759018 39.667038453070965, 74.51860516189986 39.666717777150204, 74.5194854420572 39.66640556375421, 74.52037467522356 39.66610186171457, 74.52126572733991 39.665806715399626, 74.52216346139545 39.66552017592383, 74.52306473756735 39.66524228088403, 74.52473299089901 39.664408576111, 74.5285531344761 39.66268971857702, 74.53328480315307 39.66078417840889, 74.53679017812229 39.659554834845274, 74.54049114857344 39.658330409522165, 74.54220398072395 39.657902101854425)",16906.37503323438,16.90637503323438,99.63234237067267,99.63234237067267,LDZOFBA003.WL,01,,,,,,,,,,,,,,,,,,,
232,0.013791568217461131,OFBA003C1AJ430010020000111,000111,,1.497348666191101,31,,0.0,"S3-4t,N1p",101,101,109,106,,,1∶250000 库尔干幅(J43C001002)建造构造图,"LINESTRING (74.05958471933474 39.67081578580363, 74.06065210830964 39.66810186007246, 74.06076963845335 39.667829306344764, 74.06089308736595 39.66701408087918, 74.06099654091757 39.66619719618321, 74.06107996380061 39.6653789447327, 74.06066413817722 39.66275623016815, 74.05992528892948 39.660718565452335, 74.05880902727371 39.65857978143013, 74.05840530944275 39.65780626505233)",1496.7767847505718,1.4967767847505717,184.60863462001382,4.608634620013817,LDZOFBA003.WL,31,,,,,,,,,,,,,,,,,,,
233,0.030092973456280106,OFBA003C1AJ430010020000112,000112,,2.5852582454681396,01,,80.0,"D2t,D1s",101,101,109,106,,,1∶250000 库尔干幅(J43C001002)建造构造图,"LINESTRING (73.96552311459773 39.668335470353384, 73.97437408215694 39.669096208525644, 73.97518176381419 39.66910405052587, 73.97679712827183 39.66911972025497, 73.97871337454991 39.66913829887758, 73.98648733562699 39.669213266870834, 73.98734557174026 39.669264670935874, 73.99556660768553 39.66975725968127)",2584.245856232693,2.584245856232693,87.14662057175305,87.14662057175305,LDZOFBA003.WL,01,,,,,,,,,,,,,,,,,,,
235,0.06057609178540635,OFBA003C1AJ430010020000113,000113,,6.182848930358887,05,,70.0,"D2t,D1s",101,101,101,106,,,1∶250000 库尔干幅(J43C001002)建造构造图,"LINESTRING (73.98734557174026 39.669264670935874, 73.9852646330251 39.666660331003264, 73.98207168339586 39.6634248168168, 73.97738006444028 39.65866082488468, 73.971769425462 39.65306910610894, 73.9676451220563 39.648086747425715, 73.96387788416575 39.64339275820487, 73.96009051564428 39.6376722658014, 73.95248384237362 39.62570767861024, 73.95002790017078 39.621860823790236)",6180.468215055373,6.180468215055373,211.98245195189241,31.982451951892415,LDZOFBA003.WL,05,,,,,,,,,,,,,,,,,,,
241,0.011140097192430897,OFBA003C1AJ430010020000114,000114,,1.1892032623291016,31,,0.0,"S3-4t,N1p",101,101,109,106,,,1∶250000 库尔干幅(J43C001002)建造构造图,"LINESTRING (74.05724176628439 39.655416896410266, 74.0546081511308 39.650060625687765, 74.05240910450695 39.64538009340397)",1188.7379318048172,1.1887379318048172,201.0188457375736,21.0188457375736,LDZOFBA003.WL,31,,,,,,,,,,,,,,,,,,,
243,0.012319472454467188,OFBA003C1AJ430010020000115,000115,F9,90.46649932861328,41,,0.0,碎裂岩、构造角砾岩、糜棱岩和糜棱岩化岩石、片理化岩石、石英脉、蛇绿岩团块和地层中内生的变砂岩团块,103,101,109,106,,,1∶250000 库尔干幅(J43C001002)建造构造图,"LINESTRING (74.6065667905241 39.64904196621091, 74.60815763168681 39.64880488969641, 74.60998476454519 39.648281091390345, 74.612459036475 39.64717478053723, 74.61439724658365 39.64598361588842, 74.61747308962565 39.64370987325075)",1129.050155301465,1.1290501553014651,122.55727561511111,122.55727561511111,LDZOFBA003.WL,41,,,,,,,,,,,,,,,,,,,
245,0.05027395274284264,OFBA003C1AJ430010020000116,000116,,4.535872459411621,01,,0.0,EK,101,101,109,106,,,1∶250000 库尔干幅(J43C001002)建造构造图,"LINESTRING (74.5708831310456 39.63890161285379, 74.57390592089563 39.63726411702537, 74.57719585833911 39.6350170404621, 74.58094193417017 39.63201987827284, 74.58291200219053 39.63020929345728, 74.58416534779634 39.62908921674298, 74.58603902350424 39.62829264934853, 74.5898469073046 39.627241599609505, 74.59210565366593 39.62661735153246, 74.59925105740668 39.62521441336718, 74.60496929230037 39.62405748469756, 74.6098155128775 39.622841103566074, 74.61214559351504 39.62235541805622, 74.61435269329155 39.62171462193161, 74.61590378043977 39.62121035652992, 74.61680814235368 39.62093151067575)",4534.2383551479525,4.534238355147952,117.09984662728662,117.09984662728662,LDZOFBA003.WL,01,,,,,,,,,,,,,,,,,,,
246,0.03450321398586839,OFBA003C1AJ430010020000117,000117,,3.010413408279419,01,,0.0,"N1a,EK,N1k",101,101,109,106,,,1∶250000 库尔干幅(J43C001002)建造构造图,"LINESTRING (74.52194078140606 39.63778173103866, 74.52364544911103 39.63813106601093, 74.52519127537126 39.638228919386485, 74.52834197063422 39.63801953606713, 74.53113792132257 39.63753736580873, 74.5354424033469 39.636296733917426, 74.53797289651732 39.63566604712606, 74.53845554932545 39.63554574569662, 74.54077341920642 39.63488137668745, 74.54279972714559 39.634125452418544, 74.54610322590082 39.633240275974046, 74.5497514975524 39.63249030065728, 74.55380602065532 39.631696919603684, 74.55558556640406 39.63156576138693)",3009.0664320712444,3.0090664320712444,103.73274136537793,103.73274136537793,LDZOFBA003.WL,01,,,,,,,,,,,,,,,,,,,
247,0.08879566792698913,OFBA003C1AJ430010020000118,000118,,8.015301704406738,01,,0.0,"EK,N1k,N1a",101,101,109,106,,,1∶250000 库尔干幅(J43C001002)建造构造图,"LINESTRING (74.43845149228892 39.603520582438854, 74.4411919913504 39.604161511531615, 74.44295330403527 39.605100742605174, 74.44647296824728 39.60724121109695, 74.44963833941758 39.609369337223, 74.4537490000833 39.611227851984296, 74.45913395863545 39.61290883876845, 74.4631052696073 39.613663850237685, 74.46695326582237 39.615062818857865, 74.47010121795059 39.616366721431255, 74.47417621014131 39.618966311313784, 74.47697390752181 39.620880636296185, 74.47743986164993 39.62119922097957, 74.48315920551164 39.62478869344054, 74.48830009402919 39.62723163050259, 74.4935995271974 39.62957095557992, 74.49592946398744 39.63007041889552, 74.49871287236554 39.630666806986945, 74.49972793983198 39.63089845153321, 74.50075555336859 39.63110339000074, 74.50178954587626 39.63128138746449, 74.50249399102584 39.63145485597933, 74.50446235590017 39.63189247868845, 74.50579758444127 39.63218953764439, 74.51028081085789 39.63328946830527, 74.51347716964543 39.63411619259835, 74.51536343708017 39.63480138614824, 74.51770343073659 39.63584916119284, 74.51980379383859 39.636933771516404)",8012.211209393415,8.012211209393415,62.36017906579328,62.36017906579328,LDZOFBA003.WL,01,,,,,,,,,,,,,,,,,,,
248,0.04296868798736212,OFBA003C1AJ430010020000119,000119,F9,90.46649932861328,41,,0.0,碎裂岩、构造角砾岩、糜棱岩和糜棱岩化岩石、片理化岩石、石英脉、蛇绿岩团块和地层中内生的变砂岩团块,103,101,109,106,,,1∶250000 库尔干幅(J43C001002)建造构造图,"LINESTRING (74.66318165488035 39.63668917503302, 74.66529447669078 39.635434320933, 74.66891715783275 39.63320684389886, 74.67096950555678 39.63188059577081, 74.67308718673206 39.63071439451823, 74.67560388243473 39.62971256998372, 74.67954355266708 39.62845225297842, 74.6846377331767 39.626824171586385, 74.691431934653 39.624353302273995, 74.69462593282945 39.62288247688087, 74.69836995673084 39.62066895612637, 74.70193380333501 39.618623754244105)",3909.2691173233725,3.9092691173233725,121.28636527812805,121.28636527812805,LDZOFBA003.WL,41,,,,,,,,,,,,,,,,,,,
249,0.0872220929534507,OFBA003C1AJ430010020000120,000120,,8.665578842163086,31,,52.0,"N1a,S3-4t,N1k",101,101,109,106,,,1∶250000 库尔干幅(J43C001002)建造构造图,"LINESTRING (74.04277272718764 39.63304609394627, 74.04187691791726 39.63124540259975, 74.0409995154452 39.62974137372391, 74.03987995294182 39.62811047818914, 74.03867763446898 39.62679051222937, 74.03772984644094 39.62565870235776, 74.0360761139019 39.6241447532487, 74.03275280109818 39.62192786295496, 74.03108763258874 39.62072798798603, 74.02962349119464 39.61953981293907, 74.02808780937892 39.61850390407657, 74.02670338794478 39.61740948008173, 74.02501922490877 39.61547149719187, 74.02349127889637 39.61359506584774, 74.02281434096768 39.61254931277573, 74.02196576006595 39.61123835132239, 74.02120910193294 39.609609507144825, 74.02082925434986 39.609005155899794, 74.0200315965371 39.60773601386307, 74.01851325366982 39.60519918221793, 74.017009298366 39.602416253693754, 74.01544378494178 39.59960308745895, 74.01477392625057 39.59844087776988, 74.01300537759519 39.59635560995217, 74.01080950333875 39.59432702124031, 74.0092372427729 39.59266797019528, 74.00690755044155 39.59051428157576, 74.0047197078828 39.58878802091725, 74.00463126852712 39.58872574805933, 74.00394886695021 39.588296676921914, 74.00327143520488 39.58786106661356, 74.00260507722238 39.58741897894024, 74.00194189094415 39.58697048691559, 74.00128798025092 39.5865156545987, 74.00064145179454 39.58605455507991, 74.00000439766924 39.58558726132519, 73.99937292454051 39.585113844174955, 73.99874912445159 39.58463437884768, 73.99813109823003 39.584148936134746, 73.9975249378357 39.583657595758055, 73.99692474113547 39.58316043073597, 73.996332597161 39.58265752076577, 73.99137900528409 39.57886039997263, 73.98642117978295 39.57502962311638, 73.98253247198315 39.57176330595758)",8662.199249584923,8.662199249584923,217.87910685833563,37.87910685833563,LDZOFBA003.WL,31,,,,,,,,,,,,,,,,,,,
252,0.030515817025827934,OFBA003C1AJ430010020000121,000121,,2.652982711791992,01,,0.0,"EK,N1k",101,101,109,106,,,1∶250000 库尔干幅(J43C001002)建造构造图,"LINESTRING (74.55991794897324 39.63124642250344, 74.56318946185617 39.63170801767325, 74.56620606122866 39.63202847797748, 74.56692539700111 39.63203100502328, 74.56795285058675 39.632034598258656, 74.56993792472194 39.631855470354076, 74.572086513394 39.631429357331065, 74.578844542878 39.629904320857065, 74.5898469073046 39.627241599609505)",2652.110104042914,2.652110104042914,100.08875494460065,100.08875494460065,LDZOFBA003.WL,01,,,,,,,,,,,,,,,,,,,
254,0.015183015272539102,OFBA003C1AJ430010020000122,000122,,1.3561303615570068,01,,0.0,"N1k,EK",101,101,109,106,,,1∶250000 库尔干幅(J43C001002)建造构造图,"LINESTRING (74.83339783144477 39.631759482076674, 74.84762132206788 39.62644758342737)",1355.5996091449829,1.355599609144983,115.88053492869044,115.88053492869044,LDZOFBA003.WL,01,,,,,,,,,,,,,,,,,,,
256,0.12703627398866033,OFBA003C1AJ430010020000123,000123,,12.426712036132812,01,,0.0,"S3-4t,D2t,Qsn",101,101,109,106,,,1∶250000 库尔干幅(J43C001002)建造构造图,"LINESTRING (73.8998226852942 39.54237046844837, 73.9002516832065 39.54252003773679, 73.90450418486262 39.54399497075833, 73.90808745875478 39.54528237167967, 73.91156919208886 39.54681295706517, 73.91577916967867 39.54895818966822, 73.92057430737971 39.551392530238886, 73.92532998652256 39.554191355850506, 73.93040424612475 39.557368840517334, 73.9367626695142 39.561488745026, 73.94366301939455 39.56589840901775, 73.94930994241032 39.56956959954517, 73.95278914266602 39.571976833048, 73.95443759362185 39.57344198144906, 73.95596507063085 39.57515754179864, 73.95783148255883 39.577381208954854, 73.96026382756634 39.58091219806014, 73.9626957306423 39.58470908840359, 73.96422945255782 39.58794994201632, 73.96602769912718 39.591358785270245, 73.96832565623372 39.59581071210123, 73.97121893224326 39.600601578028616, 73.97389161459748 39.60511725757578, 73.97483878008732 39.60665349564426, 73.97654656248751 39.60942907487054, 73.97867338060512 39.61206303460821, 73.97971140061823 39.61334664378983, 73.98260514108868 39.61611018114768, 73.98403529951668 39.61747636586224, 73.98909897563132 39.621913911801904, 73.99193254106792 39.62447979028352)",12421.828853678764,12.421828853678765,41.630539815983624,41.630539815983624,LDZOFBA003.WL,01,,,,,,,,,,,,,,,,,,,
258,0.03669034047036585,OFBA003C1AJ430010020000124,000124,,3.290801525115967,01,,0.0,"N1k,EK",101,101,109,106,,,1∶250000 库尔干幅(J43C001002)建造构造图,"LINESTRING (74.85029117513233 39.625722597355285, 74.85746733148986 39.62289902898138, 74.86656964046774 39.61973794508888, 74.87870378568132 39.61588980960607, 74.88280839469986 39.61396329852708, 74.88433373909272 39.612550438421316)",3289.6163183052245,3.2896163183052245,116.66400119704288,116.66400119704288,LDZOFBA003.WL,01,,,,,,,,,,,,,,,,,,,
260,0.08214798680470904,OFBA003C1AJ430010020000125,000125,,7.09731388092041,05,,50.0,EK,101,101,101,106,,,1∶250000 库尔干幅(J43C001002)建造构造图,"LINESTRING (74.62055530922619 39.62140033086152, 74.62521369757269 39.622035003729295, 74.63004975738372 39.6225156362648, 74.63398998869278 39.622702480488826, 74.63718703701348 39.622305679557215, 74.63949387092983 39.62196414259059, 74.64321479914773 39.621045713949236, 74.64656184305892 39.62035851494414, 74.64976129715761 39.61984512723324, 74.65221989641542 39.61973744332733, 74.65669382064073 39.62004442687801, 74.66206466570311 39.620641699622574, 74.6661677701905 39.62094641276846, 74.66868532081669 39.620783606515374, 74.67054551725579 39.620789155535185, 74.67349734312397 39.621138625892044, 74.67774479568556 39.62166937285397, 74.67959532134083 39.62176333240213, 74.68188175510117 39.62177413933921, 74.68580290018595 39.62145184057007, 74.6900532982285 39.620534663239525, 74.69386383635602 39.62012648044831, 74.69899065429524 39.61955015934503, 74.70193380333501 39.618623754244105)",7094.6203208508405,7.09462032085084,92.74214265672401,92.74214265672401,LDZOFBA003.WL,05,,,,,,,,,,,,,,,,,,,
262,0.23112501404746877,OFBA003C1AJ430010020000126,000126,F9,90.46649932861328,41,,0.0,碎裂岩、构造角砾岩、糜棱岩和糜棱岩化岩石、片理化岩石、石英脉、蛇绿岩团块和地层中内生的变砂岩团块,103,101,109,106,,,1∶250000 库尔干幅(J43C001002)建造构造图,"LINESTRING (74.70193380333501 39.618623754244105, 74.70341263790168 39.61818839756362, 74.70456973494215 39.61792607614197, 74.70545170595788 39.617928322889604, 74.7064052377419 39.617930830485584, 74.70952570920461 39.61831136811603, 74.71339197858828 39.61869394137991, 74.71637705926486 39.61886159635985, 74.72222173505475 39.61866496719927, 74.72555570578636 39.61819535781305, 74.72930122555134 39.61746123204901, 74.73168687740902 39.6166706777427, 74.73359541749068 39.61603816656667, 74.73550511496275 39.61561792611074, 74.7367975982243 39.61551471835317, 74.73781924111277 39.61551703059728, 74.7396576062386 39.6159457751507, 74.74333179409659 39.61669702151172, 74.7477050912194 39.617608697457925, 74.75146545229566 39.61798815241081, 74.75392743248474 39.617887441315716, 74.75618829127968 39.61757421814167, 74.75824197522238 39.61688879142204, 74.76002325339203 39.616096496903985, 74.7607096958453 39.615673313572394, 74.7615977675378 39.61546299005313, 74.7622158469487 39.61535821983683, 74.76344738502634 39.61536106262002, 74.76447151363286 39.615416516142915, 74.7660439299625 39.615844889306075, 74.76977316778195 39.61702170599176, 74.77430013857757 39.6184127115994, 74.77774303586189 39.619220179496246, 74.78017399549998 39.619600223238, 74.78145775588348 39.61960436773517, 74.78247125061722 39.61960762980428, 74.78301278236286 39.619609365661375, 74.78456560531998 39.619401682135994, 74.78761121052607 39.618294895513735, 74.79174940307746 39.61602257345482, 74.7934496153092 39.614805981519545, 74.7955608463407 39.61369717013908, 74.7966477287003 39.61332895171289, 74.79760021310672 39.61311972733838, 74.79814305117114 39.612962190481035, 74.7991621204076 39.613125351472256, 74.80038173362877 39.613342400131515, 74.80167133633631 39.61382550271888, 74.80437945616833 39.61542599514191, 74.8065436496923 39.61632868568048, 74.80789839135004 39.61670078024089, 74.80952322429822 39.616914142513856, 74.81040353893864 39.61691490408608, 74.8110156789681 39.61691542983547, 74.81284609628872 39.61691698335012, 74.81482345063976 39.61676418403352, 74.8166699813761 39.61634860903895, 74.81913881593727 39.615405916629946, 74.82194749597917 39.614093803341724, 74.8242017077619 39.61319727193713, 74.8266559334812 39.612405990913125, 74.8308811288834 39.61140615532736, 74.835994409104 39.6100893548439, 74.8400069704879 39.60935306790401, 74.84292797007409 39.60935818299733, 74.84469366872524 39.60946749837351, 74.84686790720582 39.60979000088648, 74.85067455082937 39.610752748874354, 74.85153586426404 39.61082168895861, 74.85271107512766 39.610915525152265, 74.85474952677097 39.61118452369599, 74.85950265941177 39.61172398507054, 74.86492738930964 39.61259009791216, 74.86818126619676 39.61297199264301, 74.87144440488932 39.61330019442169, 74.87423125564379 39.613308069965186, 74.8752119547082 39.61331083166709, 74.8761344673498 39.61331341106535, 74.88123502535178 39.612742919856295, 74.88433373909272 39.612550438421316, 74.88606849600323 39.612442741614046, 74.88696190986461 39.61238717252818, 74.89081326676225 39.61195908113, 74.89303509687963 39.61171223192869, 74.90135082970285 39.610987943518346, 74.90994178044387 39.60967610997586, 74.91588659786139 39.608835141684104, 74.92525193592795 39.607257322244834, 74.92702286274069 39.607135385000475)",20168.229998108643,20.168229998108643,93.89370600991899,93.89370600991899,LDZOFBA003.WL,41,,,,,,,,,,,,,,,,,,,
271,0.03531039000272252,OFBA003C1AJ430010020000127,000127,,3.0689308643341064,05,,71.0,"N1a,EK",101,101,101,106,,,1∶250000 库尔干幅(J43C001002)建造构造图,"LINESTRING (74.38560353963038 39.59604877908271, 74.38692602032496 39.5969275151271, 74.39112111775827 39.59806230141566, 74.39758286645471 39.59934965295449, 74.40334109004591 39.60021231657235, 74.4065710293072 39.600369090000044, 74.41215563221598 39.60060846306691, 74.41721439081353 39.60118830597808, 74.42024703633427 39.60151448623083)",3067.8627627830065,3.0678627627830064,78.85374869236377,78.85374869236377,LDZOFBA003.WL,05,,,,,,,,,,,,,,,,,,,
273,0.2841958911080502,OFBA003C1AJ430010020000128,000128,,25.444660186767578,05,,80.0,"N1k,EK,N1a",101,101,101,106,,,1∶250000 库尔干幅(J43C001002)建造构造图,"LINESTRING (74.09301770529537 39.49362381873627, 74.1039635332882 39.497369710007995, 74.11217745369457 39.499478036407176, 74.1155034702364 39.50044029323036, 74.11645301126963 39.50076003159911, 74.11914907303124 39.50137807775412, 74.12445910419756 39.50267571005027, 74.12754934575902 39.5033284063432, 74.1292174643991 39.50359335756899, 74.13166914528007 39.504234573723366, 74.13688300770521 39.50638966278491, 74.1379077547534 39.50689529442225, 74.13904574515155 39.50747988112403, 74.14154565336521 39.50876514248624, 74.14511318139459 39.51041832679992, 74.1497061346507 39.51287328792074, 74.15102174676242 39.51366346881227, 74.15548537220371 39.51633889300392, 74.15801904670849 39.51772853332089, 74.16820162011602 39.52336894688091, 74.17308343655851 39.52590424583049, 74.17857786088437 39.528649081853196, 74.1877168442369 39.53257628681919, 74.19608556064517 39.53616200533223, 74.1998291870321 39.53798333808649, 74.20253446184132 39.53989342721828, 74.20571766985385 39.54165158217707, 74.21104532345282 39.543670346654885, 74.21516284102867 39.54506067941088, 74.22036834397886 39.54678308009904, 74.22115680306612 39.54703863014341, 74.226279696567 39.548793070971946, 74.23085508564219 39.550200175726665, 74.23769747168944 39.55222492202014, 74.24231686787395 39.5538605576322, 74.24613730943787 39.55533701089931, 74.24860558266468 39.55621839719089, 74.25036101317514 39.55685316752105, 74.25354569925693 39.55812032071372, 74.2565409554984 39.55906779812503, 74.25972224231049 39.56000652517702, 74.26259129301997 39.561006824999666, 74.2637530443094 39.561444272654214, 74.27130191881021 39.56441972969127, 74.27566338293985 39.56592466286264, 74.2822150809674 39.56851969990186, 74.28476405419087 39.56972542601036, 74.29257055530557 39.57324828638034, 74.2982235935917 39.57551946906666, 74.30260392747888 39.57690634373409, 74.3061834318863 39.578110198176574, 74.31699763344399 39.581684350459724, 74.32494553193796 39.584521185618065, 74.32774568486451 39.585467973988145, 74.33327101782535 39.58698305816987, 74.33976565500564 39.588669978094416, 74.3465046153571 39.59017346425449, 74.34938040847365 39.59057134593774, 74.35830054522177 39.59163130360866)",25434.860213593587,25.434860213593588,64.98388329844417,64.98388329844417,LDZOFBA003.WL,05,,,,,,,,,,,,,,,,,,,
274,0.042945757711145074,OFBA003C1AJ430010020000129,000129,,3.856812000274658,01,,0.0,"EK,N1k",101,101,109,106,,,1∶250000 库尔干幅(J43C001002)建造构造图,"LINESTRING (74.35321341219792 39.57476770615103, 74.35846538664273 39.57786309736042, 74.36419786293236 39.58116424364005, 74.36907315594917 39.58329676649546, 74.37630529215694 39.58619792260104, 74.3813683435079 39.58801570509986, 74.3822437874763 39.588160066840715, 74.38583772814452 39.58880691469124, 74.39299609460221 39.58960179002226)",3855.388620665065,3.855388620665065,64.67091384541776,64.67091384541776,LDZOFBA003.WL,01,,,,,,,,,,,,,,,,,,,
275,0.06918963512483589,OFBA003C1AJ430010020000130,000130,,7.628944396972656,18,,0.0,"EK,N1k,N1a",101,101,104,106,,,1∶250000 库尔干幅(J43C001002)建造构造图,"LINESTRING (74.9583456371542 39.59002009157281, 74.95835091149529 39.5881385193092, 74.95851204069758 39.58567947929668, 74.95855655676424 39.58352831499171, 74.95844397555095 39.581590325029445, 74.95833595517111 39.57756287004037, 74.95838318892375 39.57492830684785, 74.95860556684119 39.571164817171784, 74.95866732145699 39.57014570927633, 74.95859277036395 39.56660907208109, 74.95864690595967 39.566096525732256, 74.95883143823427 39.56433988058901, 74.95946750545225 39.56028566622312, 74.95998179138715 39.55732065608034, 74.96120616081161 39.55305497450472, 74.96180194781003 39.55096943826986, 74.96373974933597 39.545770839071935, 74.9648191980734 39.54288399748394, 74.96556595992605 39.5408822065689, 74.96598510237146 39.5391937406002, 74.96609819698728 39.53861814907325, 74.96693595159074 39.53427735258629, 74.96696833280522 39.532163022694185, 74.96695744050999 39.52862894398185, 74.9671089046839 39.525607340994405, 74.96710731081225 39.523340540439996, 74.96702847071988 39.522040793897276)",7625.945407219616,7.625945407219616,174.37712503130746,174.37712503130746,LDZOFBA003.WL,18,,,,,,,,,,,,,,,,,,,
276,0.20567739771900329,OFBA003C1AJ430010020000131,000131,,18.247325897216797,01,,0.0,"EK,N1k",101,101,109,106,,,1∶250000 库尔干幅(J43C001002)建造构造图,"LINESTRING (74.15102174676242 39.51366346881227, 74.1675076773608 39.51566938863703, 74.18549053363223 39.51833098306191, 74.19166994951907 39.519245143846, 74.19508553997271 39.520087007701086, 74.20630396358874 39.522548522011654, 74.21787360674661 39.524887349190784, 74.2243937108096 39.526774795050926, 74.23013244972671 39.52879333609639, 74.23773544133373 39.53172631331918, 74.24227967377693 39.533545581013385, 74.24980134963003 39.53648388417518, 74.2572721666746 39.54040929612832, 74.26519389454904 39.54486567608607, 74.27529761184279 39.550129407853156, 74.28439943409168 39.554152448617636, 74.288165782771 39.55575895421426, 74.29394501262597 39.558615267025765, 74.29666085437765 39.559870525552334, 74.30156987465205 39.56127955756325, 74.30892123111575 39.56401268353263, 74.31163500347147 39.56492571814763, 74.31943275358685 39.56697588886009, 74.32494989207336 39.56873431231754, 74.33076847909439 39.569929382092134, 74.33517721748801 39.57049994247601, 74.33826803638712 39.57079054403439, 74.3417063303375 39.57142286940034, 74.34513928848963 39.572398084930896, 74.34619149271292 39.57301598426981)",18240.274702961913,18.240274702961912,69.03424586931122,69.03424586931122,LDZOFBA003.WL,01,,,,,,,,,,,,,,,,,,,
278,0.0922754018195387,OFBA003C1AJ430010020000132,000132,,8.300130844116211,31,,0.0,"S3-4t,N1k,K1kz,Qsn",101,101,109,106,,,1∶250000 库尔干幅(J43C001002)建造构造图,"LINESTRING (73.97734513948751 39.56450594563239, 73.97329121294085 39.561636399993034, 73.96704930370015 39.557730488443184, 73.95807530813556 39.552013268361804, 73.95039448076406 39.5484423110402, 73.94259633087127 39.545027190103596, 73.93640664550996 39.54258236051476, 73.93058828377094 39.54064406225836, 73.9289674915671 39.54011147846156, 73.92307958434974 39.53817111516354, 73.91125291745605 39.53558869307332, 73.89780554331506 39.53283321993338, 73.89381925657754 39.532189261969656, 73.89208367443707 39.5319085208282)",8296.729244617494,8.296729244617493,244.39618045760687,64.39618045760687,LDZOFBA003.WL,31,,,,,,,,,,,,,,,,,,,
281,0.02592439463496523,OFBA003C1AJ430010020000133,000133,,2.7801902294158936,16,,0.0,"N1k,N1a",101,101,103,106,,,1∶250000 库尔干幅(J43C001002)建造构造图,"LINESTRING (74.98210563567534 39.549697523950464, 74.98209190599094 39.54732872758966, 74.98215753853849 39.54657525774426, 74.98229142580945 39.54592969469658, 74.98296982520566 39.544370808536115, 74.98381818001037 39.54327006342565, 74.98433380323854 39.54259893061259, 74.98636452365622 39.53976336177733, 74.98747783523805 39.53813036780262, 74.98863584237994 39.53457223377576, 74.98980302555108 39.53074464227706, 74.99096749233749 39.528050699610866, 74.99159339549851 39.526086651616446)",2779.095666635785,2.779095666635785,162.72528970460814,162.72528970460814,LDZOFBA003.WL,16,,,,,,,,,,,,,,,,,,,
283,0.01537515650368358,OFBA003C1AJ430010020000134,000134,,1.364855408668518,04,,0.0,Qsn,101,101,109,106,,,1∶250000 库尔干幅(J43C001002)建造构造图,"LINESTRING (73.88522982324733 39.537541621455695, 73.89206800925082 39.539620475613724, 73.89695357463492 39.54137509127504, 73.8998226852942 39.54237046844837)",1364.401698770229,1.364401698770229,67.56440816371973,67.56440816371973,LDZOFBA003.WL,04,,,,,,,,,,,,,,,,,,,
290,0.2101247989181797,OFBA003C1AJ430010020000135,000135,,18.566591262817383,01,,0.0,"N1a,Qp1X,N1p",101,101,109,106,,,1∶250000 库尔干幅(J43C001002)建造构造图,"LINESTRING (74.65852108779232 39.49838383558956, 74.67739552577693 39.501619184866996, 74.68352783445849 39.50328220452261, 74.6882459966502 39.50420949191115, 74.7007515028153 39.50625435137109, 74.7080682478378 39.507004595251104, 74.71420376440278 39.50793438414152, 74.71892165029386 39.5088604307723, 74.72505747506263 39.50978964762078, 74.73072118864424 39.510717448144895, 74.73488300703963 39.51130948195558, 74.73967119188758 39.51169388562926, 74.74428568729506 39.512211132265584, 74.75069012489195 39.51345251651221, 74.75668175216819 39.51498157700269, 74.76210541011197 39.51700478145588, 74.76371905234511 39.51769601147326, 74.76614937034222 39.51873808387105, 74.76682387985225 39.51902630959206, 74.77106887924197 39.520863813363334, 74.77531409995775 39.522701162181335, 74.78026322034921 39.525454221404594, 74.7845076995431 39.52802285203508, 74.78804398736644 39.5302242254483, 74.79087340913726 39.532241314553055, 74.79538320514604 39.534910222139494, 74.79747335822688 39.53608407223822, 74.79962122468757 39.53707795660823, 74.80234704027272 39.53856786960916, 74.80443930181688 39.53942654424037, 74.80670525734256 39.5394753495716, 74.81007977986363 39.538760804979255, 74.81368827893354 39.53710139073315, 74.81845966853767 39.5348585971335, 74.82142973286555 39.533062918160816, 74.82393149797387 39.53212158951565, 74.826238932307 39.53177548879953, 74.82695550257003 39.53170452986012, 74.82876332868942 39.53172132394828, 74.83130993326188 39.53174495569656, 74.8385751268342 39.531559243881524, 74.84812298925542 39.531046132040856, 74.85193512821151 39.53046920977711, 74.85924405436549 39.5289607130401)",18559.308898477186,18.559308898477187,79.02707736483697,79.02707736483697,LDZOFBA003.WL,01,,,,,,,,,,,,,,,,,,,
292,0.05048453743574351,OFBA003C1AJ430010020000136,000136,,4.824638366699219,01,,68.0,"Qp1X,N1p",101,101,109,106,,,1∶250000 库尔干幅(J43C001002)建造构造图,"LINESTRING (74.82876332868942 39.53172132394828, 74.8328539268132 39.529549619188195, 74.84019915949644 39.525429502968954, 74.84574531912772 39.52171240579958, 74.84802143267227 39.52022587192053, 74.84959108100534 39.519198911050665, 74.85069559305839 39.5183007942487, 74.8577270514753 39.512576483926736, 74.8629394630842 39.50740829699508, 74.86924754329378 39.50196843424402)",4822.725465381272,4.822725465381272,133.5930868764968,133.5930868764968,LDZOFBA003.WL,01,,,,,,,,,,,,,,,,,,,
293,0.055822785670804335,OFBA003C1AJ430010020000137,000137,,4.930076599121094,01,,0.0,"N1a,N1k",101,101,109,106,,,1∶250000 库尔干幅(J43C001002)建造构造图,"LINESTRING (74.39729966656003 39.51522568254981, 74.42424904934636 39.51997866572041, 74.4308335554524 39.52127106907308, 74.4320039408662 39.521505849700766, 74.43565797344901 39.52266624303306, 74.4404770775207 39.524744070335245, 74.44509351113652 39.52659555652448, 74.44925940171971 39.52855855397654, 74.4506793001057 39.5298100600587)",4928.170618050397,4.928170618050397,70.9345327589399,70.9345327589399,LDZOFBA003.WL,01,,,,,,,,,,,,,,,,,,,
294,0.43193870803033624,OFBA003C1AJ430010020000138,000138,,38.245941162109375,01,,0.0,"N1k,N1a,N1p,Qp1X",101,101,109,106,,,1∶250000 库尔干幅(J43C001002)建造构造图,"LINESTRING (74.3946933387034 39.52227676483403, 74.40168014265335 39.52357527504976, 74.41865531176217 39.52618837181891, 74.42961383873222 39.52785976833229, 74.4325375700392 39.52810832371878, 74.44204637478401 39.52919260612868, 74.4506793001057 39.5298100600587, 74.46327128597835 39.52980318594524, 74.47103557467784 39.52894385139388, 74.47508588497601 39.52817324233464, 74.48580318518519 39.525959644067974, 74.48828343554926 39.52570197499383, 74.49834734177726 39.52465525951783, 74.4994897523342 39.524651519757484, 74.50062917253956 39.52465007456957, 74.501769593832 39.5246509171623, 74.50247213073706 39.52468519986428, 74.50745981338854 39.52465748560436, 74.51286784973469 39.52435357247117, 74.51940758067241 39.52389501978107, 74.52437755942968 39.52348884631989, 74.53073172746137 39.523204313716555, 74.53453338376765 39.52273869535502, 74.5387166455928 39.52221455188973, 74.54103770620262 39.521857261814574, 74.54318383592847 39.52152713937272, 74.54794794975098 39.52018466489333, 74.5526398096629 39.519114600418305, 74.55866912876758 39.51728677020333, 74.56512995502987 39.51490990635005, 74.57047533351476 39.51236315166695, 74.57532988736916 39.509868756135546, 74.58054007484373 39.506774238373566, 74.58456007918491 39.50406049353081, 74.58765440854599 39.50207273755989, 74.58894150998013 39.50144383446624, 74.59048648128756 39.50094187046442, 74.592141542717 39.500558634932894, 74.59566768920347 39.5000187916848, 74.59919515282193 39.49936620134716, 74.60017902356972 39.499166053841485, 74.60510082875594 39.4981626355779, 74.6112414385322 39.49710638116648, 74.61250956479198 39.49688844762935, 74.62401763921994 39.49540321305375, 74.63056589089396 39.4939764682229, 74.63675832503749 39.492373936892996, 74.64474352673854 39.48986898616363, 74.65107363885801 39.48813877713667, 74.65330383300613 39.487528725776194, 74.65978440836861 39.485507074468046, 74.66605217357989 39.48292207155493, 74.66994285601794 39.48123589888281, 74.67181589023966 39.480114010452766, 74.67354541953544 39.47888251420027, 74.67462510074844 39.47837920124575, 74.67707146443756 39.4772091642292, 74.68066970591097 39.476042078297716, 74.68512535495074 39.47459715742495, 74.68663653867544 39.47398480896166, 74.68821741697704 39.47320454111434, 74.69109358087898 39.4724275987792, 74.69576020870021 39.47182325255648, 74.70280735416438 39.47155961123458, 74.709865353229 39.47135274079079, 74.71737301761723 39.471104933007176, 74.72217094095197 39.47088286578628, 74.72522715550116 39.470741215226255, 74.7286842615064 39.470471398768964, 74.73271650623549 39.46986647153739, 74.73703715753838 39.46875672299433, 74.73864905337471 39.46821845778626, 74.74020607224944 39.467698165857506, 74.74286957288388 39.466862739440074, 74.74842117478764 39.46463873782248, 74.7509477636087 39.46319053839572, 74.75506118461186 39.460283450857624, 74.76025420295757 39.45670404125375, 74.76284391814313 39.45457200546367, 74.76651736917718 39.450979255392674, 74.76792443867097 39.44941130486541, 74.76853184449709 39.448733941065136, 74.76946442727689 39.44800554638755, 74.7700372077551 39.44761359013525, 74.77226974838045 39.44626705740236, 74.77457574067236 39.445201267328294, 74.77659211394139 39.44441920757403, 74.78033194295168 39.4430816504255, 74.78428767329483 39.44191272372598, 74.78658959999115 39.44107768455821, 74.78918172830532 39.439632143207525, 74.793429241127 39.43690865415494, 74.79594866538226 39.43535398714397, 74.79911494225325 39.43369054015142, 74.80294349023055 39.43258375951488, 74.8054986273683 39.43140561882096)",38230.96281896583,38.230962818965835,106.18458823861344,106.18458823861344,LDZOFBA003.WL,01,,,,,,,,,,,,,,,,,,,
298,0.0033983382983459078,OFBA003C1AJ430010020000139,000139,,0.29436320066452026,01,,0.0,N1a,101,101,109,106,,,1∶250000 库尔干幅(J43C001002)建造构造图,"LINESTRING (74.3892924313929 39.52140550248906, 74.39265318637986 39.52190951549251)",294.24799300380386,0.29424799300380383,79.42842444920728,79.42842444920728,LDZOFBA003.WL,01,,,,,,,,,,,,,,,,,,,
300,0.03644331605312978,OFBA003C1AJ430010020000140,000140,,3.165954113006592,01,,0.0,N1a,101,101,109,106,,,1∶250000 库尔干幅(J43C001002)建造构造图,"LINESTRING (74.3424214980328 39.513385165693734, 74.35919476675627 39.51655621027146, 74.37298197081066 39.51904172488583, 74.37830377485784 39.51970902481551)",3164.545344347234,3.164545344347234,77.58808271765031,77.58808271765031,LDZOFBA003.WL,01,,,,,,,,,,,,,,,,,,,
307,0.011792983564425838,OFBA003C1AJ430010020000141,000141,,1.0291188955307007,01,,0.0,"N1k,N1a",101,101,109,106,,,1∶250000 库尔干幅(J43C001002)建造构造图,"LINESTRING (74.3821455995651 39.5126424750285, 74.39367511700593 39.51512132333621)",1028.63329265388,1.0286332926538801,74.87610698361058,74.87610698361058,LDZOFBA003.WL,01,,,,,,,,,,,,,,,,,,,
308,0.5667360691169137,OFBA003C1AJ430010020000142,000142,,49.643089294433594,05,,67.0,"N1k,N1a,EK",101,101,101,106,,,1∶250000 库尔干幅(J43C001002)建造构造图,"LINESTRING (73.7828182531436 39.39414730764551, 73.789723991246 39.39448307515679, 73.80096776149982 39.39469653545673, 73.80731727675116 39.39501492263034, 73.81068110510796 39.395344751127176, 73.81259724236189 39.39564103084199, 73.81450968133535 39.39609494145332, 73.82266114692932 39.398743416153174, 73.83378345342842 39.402447307477715, 73.84348783714448 39.405660117380876, 73.8545411275931 39.40860307708315, 73.85749596632189 39.40942709182041, 73.86535767168421 39.41161976697771, 73.87572474298541 39.41394491450579, 73.88298955256658 39.41571913401246, 73.88824393511807 39.416643610247654, 73.89561984480768 39.41727170227433, 73.90501940795927 39.41787222056975, 73.9137319854369 39.41883248204957, 73.92045902754916 39.419867710454774, 73.92479752014732 39.42035948306301, 73.93450109718677 39.421595400613185, 73.94089776485197 39.42238269563852, 73.94516562218537 39.422629299000036, 73.95311936272333 39.42335920683339, 73.96191603382444 39.424269272556174, 73.97108120947922 39.42521658245502, 73.978017074689 39.42548560538921, 73.98329793161335 39.42563593852642, 73.98880664960211 39.42554559037863, 73.9931125910325 39.42558307731068, 73.99609770156076 39.42577625910814, 73.99702355711801 39.42588928618815, 73.9979523348326 39.42600269025538, 73.99887704055722 39.42611646911042, 73.99980367137107 39.42623062498157, 74.000732227353 39.426345153368, 74.00165770555012 39.4264600587495, 74.00258310891194 39.42657533890159, 74.00350943745289 39.426690993826234, 74.00443568828437 39.426807023500466, 74.00536386432377 39.426923427951166, 74.01477625343574 39.42830954265751, 74.03303513450142 39.43115933341565, 74.04576170582367 39.43362836551722, 74.05586260177782 39.43619140032348, 74.06887198898096 39.440360799790334, 74.07730595434089 39.443586505534846, 74.08414795317327 39.446006721781934, 74.09889577812326 39.451338767180324, 74.11334049106485 39.457338136901306, 74.11797115286367 39.45895692648892, 74.11941752557365 39.459418822673044, 74.12347272743635 39.4603553306793, 74.1305680026036 39.46177222752079, 74.13491525221576 39.46225770043201, 74.13708940093302 39.46238646031396, 74.13911303712969 39.46297249743013, 74.1471936986978 39.4668008067615, 74.15905993420589 39.47224131691908, 74.16268585772323 39.47363162245306, 74.16817741716952 39.47584069432621, 74.17554934557266 39.47807072286827, 74.18567289371315 39.47996573058365, 74.19407185543241 39.481935289248824, 74.19929076555897 39.48286945290354, 74.20204265895035 39.483563272658905, 74.2107391390737 39.48531313512364, 74.22477557557328 39.48767751377503, 74.23158340096136 39.489202036166596, 74.24146965927591 39.491883009223, 74.25443942621794 39.49444284824417, 74.26479717852213 39.49697383292904, 74.2721571649802 39.49814050102425, 74.27739750019398 39.49906755759311, 74.28011502033941 39.49954793725672, 74.28781194474047 39.501429538534545, 74.29521723264283 39.50251851536537, 74.30000700892349 39.50358404779926, 74.30436820706753 39.50464322587241, 74.31427350722115 39.50665091724716, 74.31966565736961 39.50760240582508, 74.3339921017518 39.511381151268594)",49623.64731990148,49.62364731990148,75.25614098414077,75.25614098414077,LDZOFBA003.WL,05,,,,,,,,,,,,,,,,,,,
310,0.48879550265294164,OFBA003C1AJ430010020000143,000143,,42.80464172363281,01,,0.0,"N1a,N1k,EK",101,101,109,106,,,1∶250000 库尔干幅(J43C001002)建造构造图,"LINESTRING (73.85749596632189 39.40942709182041, 73.8620072464966 39.40882324351791, 73.8681718187402 39.408595882265566, 73.87518057870034 39.40870854447428, 73.88136548524068 39.4091352704863, 73.88945929630246 39.40931016450687, 73.89470652243375 39.40970652534513, 73.90523399853458 39.41065357585289, 73.91210667925381 39.4110947195712, 73.92183248862844 39.41168889723455, 73.92859243309313 39.41213045023658, 73.9372050466768 39.412307166610525, 73.94313171998641 39.41259622215404, 73.94911016356353 39.41307972840287, 73.95544278669391 39.41352698155708, 73.96125741009679 39.41365760354484, 73.96753304631757 39.41351736466934, 73.97325732663668 39.4135681006946, 73.98102566703412 39.414106196967616, 73.98780331012972 39.4143197491934, 73.99396017488625 39.41496207099871, 73.99607322376093 39.415317038867066, 73.99697796824499 39.4154480637155, 73.99788581801245 39.41557866586888, 73.99879177017726 39.415708843048165, 73.99969582762608 39.41583859527573, 74.00060198450585 39.41596792475045, 74.00151024373538 39.41609682924333, 74.0024166081693 39.41622531102807, 74.00332307205082 39.416353365549504, 74.00422980042569 39.41648102123815, 74.00445750509346 39.41650470563321, 74.01013368029552 39.41694602914122, 74.01738755616074 39.41749110560175, 74.0225746100841 39.41826589656868, 74.02938073332352 39.41929532674546, 74.03359965812274 39.41989678156603, 74.037305493763 39.420658250989405, 74.04152548996056 39.421586703169204, 74.04677724756668 39.4230946173444, 74.05083301210858 39.42426669584473, 74.056261613211 39.42520529158386, 74.05709549267479 39.425374743586154, 74.06387928858315 39.42705689447372, 74.0690973178596 39.427993289985764, 74.07328323144986 39.428835223417835, 74.07778776967473 39.42967555801557, 74.07999062121961 39.43009536580509, 74.08302721981515 39.43117172396428, 74.08359835602353 39.43135731187525, 74.0853270524833 39.43191967015656, 74.09275681127463 39.43400579358205, 74.10055138591879 39.43619340147262, 74.10678338201195 39.4378803454144, 74.11291113151007 39.43964761318923, 74.12103612362685 39.441836762366655, 74.12531571950197 39.44374325382817, 74.12802601779524 39.445555781851496, 74.13087904319535 39.447558252712774, 74.13530555590465 39.45040940251949, 74.13893738143193 39.45254717202799, 74.14101362094515 39.453862617758396, 74.15109134506358 39.45865208731412, 74.1601295771044 39.46239925681503, 74.16606522877157 39.46465443334568, 74.1689768633953 39.465496741183486, 74.17344934350322 39.46667883186989, 74.17948610024945 39.46779257141981, 74.1863552232777 39.46899857316536, 74.19052877980288 39.469924692534484, 74.19439010267031 39.4706024234595, 74.1972084037995 39.471028620529566, 74.2026322820545 39.4723740870168, 74.20920367283802 39.47389009328796, 74.21680966271764 39.47591329817414, 74.22389847248937 39.47768556940434, 74.2256729116253 39.47794353872504, 74.22754997940535 39.47836661382074, 74.22847900173252 39.47910751851344, 74.23042181165494 39.47983052587188, 74.23159745943852 39.48026778949251, 74.23850557110346 39.48179000711657, 74.24720422703753 39.48324617966813, 74.25087407375743 39.48376169861533, 74.25359994819861 39.48410233870097, 74.25855479386743 39.485110575731255, 74.26109753684472 39.485454942948344, 74.26567516712574 39.48630217889991, 74.2701519634389 39.48722378631359, 74.27594951197601 39.48837966726422, 74.28066111775819 39.48937643981447, 74.29035177314216 39.49172781866259, 74.30076674080247 39.49391547570085, 74.30829636149743 39.495839769801165, 74.31835457753763 39.49869047674609, 74.32568970127113 39.500464719918014, 74.33285218194744 39.50202243911829)",42788.006926772156,42.788006926772155,76.47013099662094,76.47013099662094,LDZOFBA003.WL,01,,,,,,,,,,,,,,,,,,,
315,0.28722093334325205,OFBA003C1AJ430010020000144,000144,,25.147197723388672,05,,63.0,"EK,N1k",101,101,101,106,,,1∶250000 库尔干幅(J43C001002)建造构造图,"LINESTRING (73.81084481602389 39.44802800423868, 73.81525830331502 39.4474972659078, 73.8255034959344 39.44654486584199, 73.83280744145661 39.44570491141087, 73.8381413855426 39.44495122612221, 73.84132251956204 39.4445859077401, 73.84688018894768 39.444463881789645, 73.85524396856489 39.44393559035647, 73.8595924920316 39.44365479332965, 73.86940588920669 39.443033213444906, 73.8733794979329 39.442713371785466, 73.87899347659058 39.44201177949708, 73.88357337566082 39.441661844635796, 73.88872636200098 39.44171565590846, 73.89420936195717 39.44180853845057, 73.89964121554162 39.44226366095423, 73.90615166343176 39.44283841954873, 73.91156302745495 39.443437988353956, 73.91686431862679 39.444179994278414, 73.92480914307262 39.44560079000526, 73.93303821636894 39.44673464785895, 73.94335123290537 39.448255875741474, 73.95227748976296 39.449794498613564, 73.95628180680063 39.450815323453895, 73.96333911331568 39.452595574825416, 73.96960724967497 39.45374940277737, 73.97545419865796 39.454968248749886, 73.98328907910056 39.45693446532472, 73.9886495607285 39.45818782802404, 73.99383241703114 39.459076243027695, 74.0003984878347 39.46006243746335, 74.00236313305278 39.46040181224624, 74.01978312237922 39.46502585222152, 74.02661345766529 39.46689178047869, 74.03374853672844 39.46943774563621, 74.0427956493219 39.47285952840148, 74.05144892886155 39.476736344542765, 74.05480103958834 39.4780025138114, 74.0660654200479 39.481948093885926, 74.07255397630722 39.484473706926416, 74.07588539016547 39.48579819417476, 74.08200129563194 39.48859457011411, 74.08654139974556 39.49035294671546, 74.08885324929601 39.491170401413775, 74.09030865790388 39.49208394911198)",25137.3255377204,25.1373255377204,79.17015810885918,79.17015810885918,LDZOFBA003.WL,05,,,,,,,,,,,,,,,,,,,
319,0.10820714799181858,OFBA003C1AJ430010020000145,000145,,9.672572135925293,05,,73.0,"Qp1X,N1k,N1p",101,101,101,106,,,1∶250000 库尔干幅(J43C001002)建造构造图,"LINESTRING (74.73864905337471 39.46821845778626, 74.74031924045605 39.46859644911703, 74.74298075040019 39.46879989780841, 74.7445054198522 39.468896559050535, 74.74875323284581 39.46916588249139, 74.75034174853732 39.46902342406767, 74.7528211570868 39.46858741161414, 74.75504968544374 39.46780407231929, 74.75976568925367 39.46524868728476, 74.76243976707973 39.46377417707326, 74.7674668641808 39.46121293178659, 74.7726550944959 39.458698151720384, 74.77543943709068 39.45726752337795, 74.77999543979679 39.454899253255476, 74.78348907789055 39.453763390341784, 74.78787101834547 39.4527781231296, 74.79142707003234 39.45184115512916, 74.79434920498888 39.45100407751964, 74.79771835196966 39.44997013954543, 74.8008311056591 39.44874518743184, 74.80292764053844 39.44811054610945, 74.80477105013256 39.44772270740981, 74.80597656314846 39.44762942497404, 74.80705467139893 39.447634744636446, 74.80813193860351 39.447788909831985, 74.80990369219688 39.448144964586675, 74.81137794138131 39.44811022769894, 74.81286750057095 39.44769831835028, 74.81364518797238 39.44737606317639, 74.81435997101855 39.44709922964916, 74.81501794789442 39.44686772444951, 74.81561722385074 39.44663609161671, 74.816574679929 39.446405198992785, 74.81770796324936 39.4462212436248, 74.81908299976806 39.44622407196012, 74.82057441065534 39.44641343069275, 74.82265900308455 39.4471163142307, 74.82319397918006 39.44772288585942, 74.82349043990965 39.44809609319636, 74.82396550876098 39.44837651026062, 74.82467912436343 39.44870397916869, 74.82533505948459 39.44884502322785, 74.82617109893035 39.44898641922007, 74.82682553598822 39.44922060565666, 74.82736382802412 39.449407973921794, 74.82778122713614 39.44950195365472, 74.82849712601346 39.44959652104054, 74.82915307859871 39.44955123976159, 74.83052917731294 39.4489950215584, 74.83340144413181 39.44774304273231, 74.83489792790155 39.4471402532423, 74.837474511733 39.445794064332055, 74.84000302228623 39.44429980516804)",9668.69176288878,9.66869176288878,107.06527223095904,107.06527223095904,LDZOFBA003.WL,05,,,,,,,,,,,,,,,,,,,
322,0.05366315851376826,OFBA003C1AJ430010020000146,000146,,4.659941673278809,04,,0.0,"EK,Qsn",101,101,109,106,,,1∶250000 库尔干幅(J43C001002)建造构造图,"LINESTRING (73.59696586059933 39.45615942179414, 73.60009139716975 39.455306188473784, 73.60462596762173 39.45407042681651, 73.61260524419892 39.45241610015582, 73.62164936287171 39.450720466124, 73.6248950812876 39.45024717052079, 73.62910401941724 39.449633607078084, 73.63264519789067 39.44930631164381, 73.63505822062284 39.44908353275928, 73.64076025133444 39.44895282674744, 73.64708765879807 39.44874880362768, 73.64991085439338 39.44863727189701)",4658.281296741946,4.658281296741946,101.2597309134512,101.2597309134512,LDZOFBA003.WL,04,,,,,,,,,,,,,,,,,,,
323,0.010318015562545968,OFBA003C1AJ430010020000147,000147,,0.8886851072311401,01,,0.0,EK,101,101,109,106,,,1∶250000 库尔干幅(J43C001002)建造构造图,"LINESTRING (73.71057201339448 39.45588586335466, 73.71420301036682 39.45592332887351, 73.72088150001319 39.45558954942818)",888.3371616517303,0.8883371616517303,92.9395386304095,92.9395386304095,LDZOFBA003.WL,01,,,,,,,,,,,,,,,,,,,
324,0.005299998680252927,OFBA003C1AJ430010020000148,000148,,0.45631855726242065,04,,0.0,Qsn,101,101,109,106,,,1∶250000 库尔干幅(J43C001002)建造构造图,"LINESTRING (73.70527345480882 39.45579215505569, 73.70627439583672 39.45584138531898, 73.71057201339448 39.45588586335466)",456.1399819877241,0.45613998198772415,89.51427541358139,89.51427541358139,LDZOFBA003.WL,04,,,,,,,,,,,,,,,,,,,
325,0.030574318535265866,OFBA003C1AJ430010020000149,000149,,2.6571247577667236,01,,0.0,EK,101,101,109,106,,,1∶250000 库尔干幅(J43C001002)建造构造图,"LINESTRING (73.67514904992797 39.45090584218193, 73.67689515653821 39.45123392253444, 73.68683579769939 39.45351281998496, 73.69396906749871 39.454698791173875, 73.70004825618058 39.4555350170063, 73.70527345480882 39.45579215505569)",2656.2516907436852,2.656251690743685,79.0148724306815,79.0148724306815,LDZOFBA003.WL,01,,,,,,,,,,,,,,,,,,,
326,0.01703505229473111,OFBA003C1AJ430010020000150,000150,,1.4672454595565796,04,,0.0,Qsn,101,101,109,106,,,1∶250000 库尔干幅(J43C001002)建造构造图,"LINESTRING (73.72088150001319 39.45558954942818, 73.72776446765582 39.45524509554004, 73.73790516013783 39.455007690968074)",1466.4991782128404,1.4664991782128405,93.33204900709866,93.33204900709866,LDZOFBA003.WL,04,,,,,,,,,,,,,,,,,,,
327,0.006745314963868474,OFBA003C1AJ430010020000151,000151,,0.581183135509491,01,,0.0,EK,101,101,109,106,,,1∶250000 库尔干幅(J43C001002)建造构造图,"LINESTRING (73.73790516013783 39.455007690968074, 73.74373382419336 39.45474157572938, 73.74463821162297 39.454635567383015)",581.127496284412,0.5811274962844121,94.87784550475655,94.87784550475655,LDZOFBA003.WL,01,,,,,,,,,,,,,,,,,,,
328,0.009072700626670713,OFBA003C1AJ430010020000152,000152,,0.7858133912086487,04,,0.0,Qsn,101,101,109,106,,,1∶250000 库尔干幅(J43C001002)建造构造图,"LINESTRING (73.74463821162297 39.454635567383015, 73.75088702446253 39.45390290665448, 73.75362763942132 39.45343019984076)",785.4218874670609,0.7854218874670609,100.60791752241356,100.60791752241356,LDZOFBA003.WL,04,,,,,,,,,,,,,,,,,,,
329,0.05755868763024947,OFBA003C1AJ430010020000153,000153,,4.974389553070068,01,,0.0,"Qsn,EK",101,101,109,106,,,1∶250000 库尔干幅(J43C001002)建造构造图,"LINESTRING (73.81084481602389 39.44802800423868, 73.80898967944624 39.448250798327244, 73.80404257684268 39.44872838581548, 73.7963529357475 39.44864598882482, 73.79539965907557 39.44868892912949, 73.79291361792977 39.44880099328826, 73.78857368274788 39.44899654271694, 73.78189340300885 39.44955094756734, 73.77258324633287 39.450647553141806, 73.76845996616109 39.45108197659064, 73.76219510924791 39.45195237172807, 73.75362763942132 39.45343019984076)",4972.5286730593625,4.9725286730593625,277.7173541350001,97.71735413500011,LDZOFBA003.WL,01,,,,,,,,,,,,,,,,,,,
330,0.01680080038330299,OFBA003C1AJ430010020000154,000154,,1.4571607112884521,04,,0.0,Qsn,101,101,109,106,,,1∶250000 库尔干幅(J43C001002)建造构造图,"LINESTRING (73.65853900003839 39.448549348446434, 73.66286777945217 39.44877031104348, 73.67009946120365 39.4499559814206, 73.67514904992797 39.45090584218193)",1456.594967342183,1.456594967342183,80.4772060351448,80.4772060351448,LDZOFBA003.WL,04,,,,,,,,,,,,,,,,,,,
335,0.008636355281183285,OFBA003C1AJ430010020000155,000155,,0.7441659569740295,01,,0.0,"Qsn,EK",101,101,109,106,,,1∶250000 库尔干幅(J43C001002)建造构造图,"LINESTRING (73.64991085439338 39.44863727189701, 73.65574604935199 39.448406528592784, 73.65818481585777 39.448531151468416, 73.65853900003839 39.448549348446434)",743.7029921614921,0.7437029921614922,91.6082233243421,91.6082233243421,LDZOFBA003.WL,01,,,,,,,,,,,,,,,,,,,
340,0.054264907485966046,OFBA003C1AJ430010020000156,000156,,4.689230442047119,01,,0.0,"N1k,N1p,N1a",101,101,109,106,,,1∶250000 库尔干幅(J43C001002)建造构造图,"LINESTRING (74.32691570642963 39.44784097285597, 74.33019704304456 39.447695910755776, 74.33380202154699 39.447307993721815, 74.33674184058353 39.446576426661515, 74.34066475429313 39.445854556897174, 74.34858512341495 39.44514438831834, 74.3491533873164 39.445093331163044, 74.36401226981185 39.44407546766969, 74.36628775316859 39.44400221270741, 74.37084010441322 39.44436517360374, 74.38086513737446 39.44538192731003)",4687.397980309917,4.6873979803099175,93.77503436869672,93.77503436869672,LDZOFBA003.WL,01,,,,,,,,,,,,,,,,,,,
342,0.10072091980299591,OFBA003C1AJ430010020000157,000157,,8.705697059631348,01,,0.0,"N1k,N1p",101,101,109,106,,,1∶250000 库尔干幅(J43C001002)建造构造图,"LINESTRING (74.21959183934068 39.43761493349075, 74.22222211619861 39.437744030983666, 74.22418911697885 39.43823891198394, 74.22994314062717 39.439110511429874, 74.23309642449716 39.439608118552755, 74.23742689297067 39.44026319613629, 74.24159938377035 39.44079523222285, 74.24664038972645 39.44139704280816, 74.25057933843854 39.44162014978006, 74.25451899305126 39.44172062919882, 74.25856133319232 39.44155869046362, 74.26356196544512 39.4415213927075, 74.26633033516691 39.44178136857238, 74.26994409556792 39.44235356801951, 74.27340349370265 39.44273998650177, 74.2753254099466 39.442749130483456, 74.28355008359058 39.44278804368956, 74.29326279597575 39.44252523001146, 74.29655282315291 39.44241716615908, 74.30108784939048 39.44274553590371, 74.30754958330967 39.44309838430719, 74.31236136275429 39.44368887929437, 74.3146504606027 39.444075167082495, 74.31772195239046 39.44483581805869, 74.31969667120667 39.44528406448502)",8702.466772573887,8.702466772573887,84.82122595998392,84.82122595998392,LDZOFBA003.WL,01,,,,,,,,,,,,,,,,,,,
344,0.07826074304188252,OFBA003C1AJ430010020000158,000158,,6.749688148498535,01,,0.0,"Qp1X,N1k",101,101,109,106,,,1∶250000 库尔干幅(J43C001002)建造构造图,"LINESTRING (74.79618224547399 39.446093094186686, 74.80211373579371 39.44601352646857, 74.81000154110193 39.44588864885165, 74.81321132864969 39.445795138402204, 74.81706158437206 39.44536867311202, 74.82006996962689 39.445374867089214, 74.82384990568522 39.445437138320884, 74.82741888753371 39.44549887186255, 74.82930909430144 39.445393395998536, 74.83399938050769 39.44491150769733, 74.8386202571159 39.44437742877264, 74.84000302228623 39.44429980516804, 74.84232976721476 39.44416930284099, 74.84701772774353 39.44418098222104, 74.85233754831633 39.44419400121518, 74.8589863480504 39.44399243175784, 74.86325287983097 39.44383532755184, 74.86499159190329 39.44355842594474, 74.8659774513282 39.443401907226246, 74.87044746794035 39.44291476935868, 74.87421928621845 39.44220992955355)",6746.962064263505,6.7469620642635055,93.77681505243358,93.77681505243358,LDZOFBA003.WL,01,,,,,,,,,,,,,,,,,,,
345,0.02008058675067589,OFBA003C1AJ430010020000159,000159,,1.7299939393997192,01,,0.0,"N1a,N1p",101,101,109,106,,,1∶250000 库尔干幅(J43C001002)建造构造图,"LINESTRING (74.42472500677572 39.44395877780177, 74.43363138346639 39.44369003266096, 74.43836797710173 39.4439087582032, 74.44478383435775 39.444311975771996)",1729.2308384911207,1.7292308384911208,89.05816359433753,89.05816359433753,LDZOFBA003.WL,01,,,,,,,,,,,,,,,,,,,
348,0.009305489600247248,OFBA003C1AJ430010020000160,000160,,0.8041202425956726,01,,0.0,N1k,101,101,109,106,,,1∶250000 库尔干幅(J43C001002)建造构造图,"LINESTRING (74.20520750595004 39.43683045943144, 74.21445964984974 39.43782543177253)",803.8907666030387,0.8038907666030387,82.60626401958193,82.60626401958193,LDZOFBA003.WL,01,,,,,,,,,,,,,,,,,,,
349,0.062199674615327355,OFBA003C1AJ430010020000161,000161,,5.367391586303711,01,,74.0,Qp1X,101,101,109,106,,,1∶250000 库尔干幅(J43C001002)建造构造图,"LINESTRING (74.57673994072503 39.438190621666735, 74.58051921599721 39.43863936014461, 74.58470365815127 39.43860433305847, 74.58908721021959 39.4381393155352, 74.59265369705123 39.43783026959028, 74.597107449898 39.43752370499157, 74.60238545022557 39.43754187357533, 74.61012111816575 39.438115727510755, 74.61620750304364 39.438787623511445, 74.62516315762673 39.43962703784528, 74.6294014270837 39.440181748530534, 74.63118319129542 39.44024557962952, 74.63303282720791 39.44025619224192, 74.63871927274432 39.43991353336532)",5365.293809259383,5.365293809259383,88.1960290208725,88.1960290208725,LDZOFBA003.WL,01,,,,,,,,,,,,,,,,,,,
351,0.039696662997649505,OFBA003C1AJ430010020000162,000162,,3.4811177253723145,01,,0.0,→N↓1→k,101,101,109,106,,,1∶250000 库尔干幅(J43C001002)建造构造图,"LINESTRING (73.69240685035695 39.41922432616027, 73.69888536685475 39.41781112468451, 73.70629588998395 39.416127625367146, 73.71306104544864 39.41407773420351, 73.7203690711968 39.412260201184566, 73.72611771695416 39.4108518332586, 73.73099311814079 39.410005837603)",3479.585239058889,3.479585239058889,107.93668465298164,107.93668465298164,LDZOFBA003.WL,01,,,,,,,,,,,,,,,,,,,
352,0.004447380641213131,OFBA003C1AJ430010020000163,000163,,0.4119621813297272,01,,0.0,"N1p,EK",101,101,109,106,,,1∶250000 库尔干幅(J43C001002)建造构造图,"LINESTRING (74.16367313248224 39.42045125920305, 74.16755636566229 39.4226191371141)",411.8708127447393,0.4118708127447393,54.78410180661802,54.78410180661802,LDZOFBA003.WL,01,,,,,,,,,,,,,,,,,,,
353,0.03217791589817927,OFBA003C1AJ430010020000164,000164,,2.845886468887329,01,,0.0,"EK,N2a",101,101,109,106,,,1∶250000 库尔干幅(J43C001002)建造构造图,"LINESTRING (74.13288983561316 39.41234884315908, 74.13342199298349 39.41233917307353, 74.13817504058882 39.412756297444766, 74.1444010422713 39.41356586428046, 74.14849179272845 39.41448675646662, 74.1511132164301 39.41488771370597, 74.15418310788941 39.41602646827619, 74.15681122605322 39.41726852153672, 74.16208345097849 39.41984218205558, 74.16241226596927 39.419986955979205, 74.16367313248224 39.42045125920305)",2844.7734235718035,2.8447734235718034,71.79695516058602,71.79695516058602,LDZOFBA003.WL,01,,,,,,,,,,,,,,,,,,,
354,0.08975171128952852,OFBA003C1AJ430010020000165,000165,,8.277881622314453,01,,0.0,"EK,N2a,K1kz",101,101,109,106,,,1∶250000 库尔干幅(J43C001002)建造构造图,"LINESTRING (74.04647210357739 39.37886980974618, 74.05931954129946 39.38592902978193, 74.06443209074824 39.38877093813677, 74.06832149235545 39.391617226388966, 74.07278203114045 39.394914963089285, 74.07562928050916 39.397016423741235, 74.07762584462589 39.398442812691286, 74.08322748270609 39.40170236733368, 74.0864650212398 39.40371103867095, 74.08864437740674 39.405061407332255, 74.09338104916529 39.40834675752935, 74.09475560302938 39.40932037514475, 74.09517456496994 39.409616415465756, 74.09968997528998 39.41150282718897, 74.10798008465297 39.414672662374414, 74.11882760908881 39.41815312747147, 74.12394125973525 39.41975310913103, 74.12545777511448 39.420062562495396)",8274.485612975719,8.274485612975718,56.671384276302895,56.671384276302895,LDZOFBA003.WL,01,,,,,,,,,,,,,,,,,,,
355,0.03486827072005323,OFBA003C1AJ430010020000166,000166,,3.011890411376953,01,,0.0,"EK,N2a",101,101,109,106,,,1∶250000 库尔干幅(J43C001002)建造构造图,"LINESTRING (74.09475560302938 39.40932037514475, 74.10932181964525 39.41101165749741, 74.11997328762708 39.411983628374955, 74.1262101177931 39.41190338981825, 74.12947112451218 39.412160488243366)",3010.711744199078,3.010711744199078,84.54332172113885,84.54332172113885,LDZOFBA003.WL,01,,,,,,,,,,,,,,,,,,,
356,0.019754277758950802,OFBA003C1AJ430010020000167,000167,,1.7760456800460815,01,,0.0,"N1k,N1a",101,101,109,106,,,1∶250000 库尔干幅(J43C001002)建造构造图,"LINESTRING (74.90919389093378 39.41500541480786, 74.91926839553894 39.41108526211208, 74.92756101294383 39.40773463626757)",1775.274854484585,1.7752748544845849,117.08767675908506,117.08767675908506,LDZOFBA003.WL,01,,,,,,,,,,,,,,,,,,,
358,0.03351668536102835,OFBA003C1AJ430010020000168,000168,,2.9178223609924316,01,,0.0,N1k,101,101,109,106,,,1∶250000 库尔干幅(J43C001002)建造构造图,"LINESTRING (73.74332517645942 39.40740731940631, 73.75408010659882 39.40521427709769, 73.76427972201688 39.40320466797218, 73.77629683652881 39.40144866350009)",2916.764819930242,2.916764819930242,103.90049647644153,103.90049647644153,LDZOFBA003.WL,01,,,,,,,,,,,,,,,,,,,
360,0.10432731514224632,OFBA003C1AJ430010020000169,000169,F48,130.55575561523438,28,,0.0,碎裂岩、构造角砾岩、糜棱岩和糜棱岩化岩石、片理化岩石、石英脉、蛇绿岩团块和地层中内生的变砂岩团块,101,102,109,106,,,1∶250000 库尔干幅(J43C001002)建造构造图,"LINESTRING (74.35830737429004 39.3800983647279, 74.36165969681394 39.3825809086923, 74.36443982577632 39.38407169035236, 74.36707502542355 39.38470497435874, 74.36909375702685 39.38533084557349, 74.37236359478219 39.38535127978037, 74.37689734513629 39.38464663810698, 74.38314921355985 39.38395432038084, 74.39078576110201 39.3837588390109, 74.39962416167994 39.38443241990232, 74.40443711717204 39.385336352626034, 74.40635973664325 39.385924062801216, 74.40822341551758 39.38738851725353, 74.41224528018857 39.39201630002831, 74.41378553623886 39.394933985237174, 74.41593485719787 39.39955216951495, 74.4187096143271 39.40417344003417, 74.42148773930958 39.4083096792485, 74.423973538617 39.410019474318425, 74.42615779687311 39.4107577440739, 74.4286527142641 39.41149750886739, 74.43052737642775 39.41150671004813, 74.43146323990197 39.41175378393362, 74.43209803948646 39.41175295037867, 74.4368016569263 39.411598347703986, 74.44027397676956 39.41162207053018, 74.44373381896187 39.4112549165754, 74.44787160927162 39.41011852120401)",9597.458577237263,9.597458577237264,67.01497511955597,67.01497511955597,LDZOFBA003.WL,28,,,,,,,,,,,,,,,,,,,
361,0.17801226386464292,OFBA003C1AJ430010020000170,000170,,15.509527206420898,05,,0.0,"N2a,EK",101,101,101,106,,,1∶250000 库尔干幅(J43C001002)建造构造图,"LINESTRING (74.13148771357658 39.406517568941766, 74.13942650600578 39.40770769251832, 74.14196129328128 39.408516318946546, 74.1470111270892 39.41111420955035, 74.15005531409233 39.41177873694892, 74.15294236528331 39.4119276605183, 74.15715655391034 39.410990706545306, 74.1661531002729 39.408994877186394, 74.16985749434605 39.40830885024885, 74.17158485431622 39.40799539975268, 74.17363717177943 39.40787767385591, 74.17684388692801 39.40744316307641, 74.17939552388262 39.40700491464396, 74.18576543375683 39.40642611688734, 74.1897212404955 39.40658305394806, 74.19533912868238 39.40669137912868, 74.2006275846321 39.406473708991804, 74.20194994341621 39.40641925156763, 74.20463975927075 39.406084835408016, 74.2085292142136 39.405146483628464, 74.21266990760739 39.404203541113105, 74.21721772249342 39.40364384312459, 74.2213492988633 39.40346868623601, 74.22375035622359 39.40309223538929, 74.22577736222009 39.402617345956905, 74.22942574737401 39.40095609628111, 74.23099951902333 39.400317867666395, 74.2342297825138 39.399624575759844, 74.23971419281492 39.39934891199358, 74.24535968905492 39.39946143790005, 74.24726839118907 39.399606631019815, 74.2505519798568 39.39959240957484, 74.25338536388539 39.39934716455239, 74.25572337959095 39.39851623498806, 74.25834333143 39.39730116402701, 74.2623664625531 39.39622852465331, 74.26413119812517 39.396111606429066, 74.26621937615009 39.39593215966098, 74.26798757511253 39.39536160181978, 74.26951559003493 39.395048491008446, 74.27332966450278 39.39439416418815, 74.27885239659864 39.394028831025174, 74.28551315598007 39.39375278481164, 74.2891497123266 39.39416816850752, 74.29188113888866 39.3941246853843, 74.29424343681734 39.393981473808175, 74.296567297903 39.39348294609593, 74.30327766334747 39.39326138956912, 74.30627362284989 39.393156468799425)",15503.416523285112,15.503416523285113,96.1229159288255,96.1229159288255,LDZOFBA003.WL,05,,,,,,,,,,,,,,,,,,,
362,0.015320233656536047,OFBA003C1AJ430010020000171,000171,F48,130.55575561523438,28,,0.0,碎裂岩、构造角砾岩、糜棱岩和糜棱岩化岩石、片理化岩石、石英脉、蛇绿岩团块和地层中内生的变砂岩团块,101,102,109,106,,,1∶250000 库尔干幅(J43C001002)建造构造图,"LINESTRING (74.45325705820144 39.408093172381285, 74.45490982375266 39.40619698169593, 74.45606484369294 39.4049275256531, 74.45639939507478 39.40365103445761, 74.45641148634259 39.40224380422644, 74.45609788855711 39.40032204159652, 74.45577951931423 39.39942092593407, 74.45596127199128 39.39775035258019, 74.45729971318545 39.395828083551756, 74.45813726928074 39.39466159409737)",1622.6844459648573,1.6226844459648573,164.60299504697284,164.60299504697284,LDZOFBA003.WL,28,,,,,,,,,,,,,,,,,,,
363,0.039848915427226524,OFBA003C1AJ430010020000172,000172,,3.445913076400757,05,,65.0,"N2a,EK",101,101,101,106,,,1∶250000 库尔干幅(J43C001002)建造构造图,"LINESTRING (74.0864650212398 39.40371103867095, 74.09336331751926 39.40451903966886, 74.09785340478675 39.40475774598124, 74.1004048255235 39.40477457220558, 74.10409595304858 39.40486787902635, 74.10778913248367 39.40509880803333, 74.10893353799379 39.405381873198635, 74.11206024386193 39.40591792149467, 74.11575782634362 39.40635318916381, 74.11770159261144 39.406157697238505, 74.11999970233192 39.40624441840758, 74.1221212583172 39.4064677011599, 74.12486444393724 39.406281389610506, 74.12607538287891 39.40596169143241)",3444.571256414686,3.444571256414686,86.37842658247904,86.37842658247904,LDZOFBA003.WL,05,,,,,,,,,,,,,,,,,,,
365,0.16748616380312847,OFBA003C1AJ430010020000173,000173,,14.635799407958984,01,,0.0,EK,101,101,109,106,,,1∶250000 库尔干幅(J43C001002)建造构造图,"LINESTRING (74.29600768645017 39.38845582511801, 74.29506581710865 39.38872422269095, 74.29302278544795 39.38912690774702, 74.28733500451904 39.38933389021842, 74.28047304182046 39.38944781254804, 74.2791158811003 39.3895243705754, 74.27656896494526 39.38980018009881, 74.27136983711699 39.390183022226765, 74.26814357053497 39.39066367505955, 74.26481305146098 39.39147923445505, 74.26251929130704 39.39230216736319, 74.25865933341773 39.39370135138751, 74.25580521662981 39.3944388873293, 74.25332442767382 39.3948463979959, 74.25191980093715 39.39500736929978, 74.25041394336458 39.394915990330674, 74.24712910661786 39.39460593339014, 74.2447598604202 39.39434232686672, 74.24163572001231 39.39432669113618, 74.23883951373074 39.39430468694643, 74.23690108953481 39.394371703708345, 74.2346440321129 39.39443592230233, 74.23206811059023 39.3948387634817, 74.22863858666476 39.39549232903832, 74.22552574270526 39.39656498718667, 74.22327223076263 39.39747422374893, 74.22144570573445 39.398134641837444, 74.21978400670652 39.39875345349988, 74.21742568419853 39.39924299989436, 74.21474829606336 39.399479888315355, 74.21164215337842 39.39979809619322, 74.20906835022306 39.40036727406633, 74.20777808930639 39.40102708389217, 74.20541336799857 39.40201365769233, 74.20326740827907 39.40283346349235, 74.20197965657424 39.403157985839876, 74.20080181770875 39.40323252212142, 74.19951922698488 39.40313902433958, 74.19716992403225 39.4024520410535, 74.19546176722807 39.40176998880729, 74.1934319553504 39.40116901965414, 74.19257776084298 39.40091156837117, 74.1909235808389 39.40043886490795, 74.18857186056596 39.4000861071478, 74.18643622771512 39.400070030219005, 74.1807859330157 39.40028086015416, 74.1786551124191 39.400853535804984, 74.17545923598817 39.401589620881175, 74.17044977340458 39.40281803569841, 74.16533827113143 39.40396186112524, 74.16405709186894 39.40437343287962, 74.15972779989997 39.40522418725272, 74.15576961437881 39.40620057144186, 74.15277225111707 39.4069306868933, 74.15095397838033 39.40708490541832, 74.14871195549405 39.40706924747985, 74.14604621060677 39.40654996713476, 74.13845979851078 39.40490686245246, 74.13546070913071 39.404130867342545, 74.13229964187467 39.40367483491415)",14629.892647060231,14.629892647060231,277.3312115374015,97.33121153740149,LDZOFBA003.WL,01,,,,,,,,,,,,,,,,,,,
366,0.013126275192881847,OFBA003C1AJ430010020000174,000174,,1.141309142112732,01,,50.0,EK,101,101,109,106,,,1∶250000 库尔干幅(J43C001002)建造构造图,"LINESTRING (74.12775303599987 39.403103342688546, 74.12606932458523 39.40302724727692, 74.12413737248009 39.40282416913305, 74.12156510240644 39.40223927762613, 74.11979595645371 39.40184890961105, 74.11722125473015 39.40151545842206, 74.11481740357118 39.401029837000024)",1140.9516838134423,1.1409516838134424,258.8840342686141,78.88403426861407,LDZOFBA003.WL,01,,,,,,,,,,,,,,,,,,,
367,0.037615993677563235,OFBA003C1AJ430010020000175,000175,,3.3644609451293945,01,,0.0,"EK,N1k",101,101,109,106,,,1∶250000 库尔干幅(J43C001002)建造构造图,"LINESTRING (73.96335592238349 39.40131050940751, 73.96700562923951 39.40071531178071, 73.96893509510312 39.40023581307255, 73.97066188613266 39.39980620366118, 73.97491158527822 39.39952992254171, 73.98037641841928 39.399421030752805, 73.98543248011545 39.39946525253921, 73.98867969602206 39.39870894109, 73.99051343799864 39.39778336058081, 73.9925573936802 39.39623190254204, 73.9984650531655 39.39175007325398)",3363.308921955515,3.363308921955515,109.98606335233453,109.98606335233453,LDZOFBA003.WL,01,,,,,,,,,,,,,,,,,,,
369,0.33455966376800844,OFBA003C1AJ430010020000176,000176,,29.011398315429688,05,,25.0,"EK,N2a,N1k,P2q",101,101,101,106,,,1∶250000 库尔干幅(J43C001002)建造构造图,"LINESTRING (73.75192601726913 39.36723436037231, 73.75319386626724 39.36687776340896, 73.75689504610003 39.36583666386166, 73.75954935708543 39.365118540431794, 73.76380062025875 39.364353349122936, 73.76778786506034 39.364246397436936, 73.77245566422563 39.364447680388594, 73.77988834311573 39.36445162123091, 73.7889667440513 39.36502930008986, 73.79342520781238 39.36547946415947, 73.7968054031189 39.366117546729534, 73.80381571916327 39.36755948449748, 73.81052966964074 39.36915956515141, 73.8164913489464 39.37022014380973, 73.82322089840265 39.37102164353611, 73.82860072645371 39.371312263771514, 73.83876157181005 39.37182002151688, 73.84532772076923 39.37245417759888, 73.85493476712665 39.373451822325414, 73.8624414883775 39.3739561440501, 73.87483370426676 39.3751661964851, 73.8831972705734 39.37612213750383, 73.89083527152381 39.37743844244896, 73.89860081358992 39.37854657147496, 73.90742668151529 39.3792918228902, 73.91789066843673 39.38083250969678, 73.9250598360792 39.382182836279526, 73.93174977166147 39.383859606544945, 73.93635175196712 39.38460750903948, 73.9414938850805 39.38498775181572, 73.94419397791144 39.38527377235318, 73.94568342202535 39.38566135875215, 73.94726030213825 39.38618980975136, 73.95074901891235 39.386877102460886, 73.95528778328868 39.38748080214719, 73.9600135870599 39.38806087969271, 73.96621366959253 39.388583786472125, 73.97328107716714 39.389565923052864, 73.9797132952663 39.39003073104294, 73.98856734413349 39.390512396904555, 73.99391121711227 39.3909198764171, 73.9963819218207 39.3913420770813, 73.99719582922341 39.39155136591997, 73.9984650531655 39.39175007325398, 74.00110514483451 39.39216416236901, 74.00208457514353 39.39231227561275, 74.01256010744386 39.39474831133331, 74.01678834502118 39.39566160386488, 74.02425045229106 39.3968864759404, 74.03085863736904 39.39792820062676, 74.03659534182057 39.398865208379725, 74.0462064048256 39.39994123724284, 74.0509960136044 39.40057596982972, 74.05479820918724 39.400705779309604, 74.06049915038957 39.40104845120501, 74.06569576783714 39.40089207880808, 74.07012513533097 39.40101637073562, 74.07404951328138 39.40143947647484, 74.07696192968366 39.40175767929922, 74.08322748270609 39.40170236733368)",28999.96462342731,28.99996462342731,83.05093487646285,83.05093487646285,LDZOFBA003.WL,05,,,,,,,,,,,,,,,,,,,
370,0.0639980712531105,OFBA003C1AJ430010020000177,000177,,5.816792964935303,18,,0.0,"N2a,P2q,EK",101,101,104,106,,,1∶250000 库尔干幅(J43C001002)建造构造图,"LINESTRING (74.26940811526246 39.37659575137982, 74.28416596550214 39.38313325277496, 74.29600768645017 39.38845582511801, 74.30013670845399 39.39031003844918, 74.30627362284989 39.393156468799425, 74.30782768159827 39.393876605103735, 74.31913235707214 39.399097007831145, 74.32768311256132 39.40304535396351)",5814.3684232810365,5.814368423281037,60.12077233271992,60.12077233271992,LDZOFBA003.WL,18,,,,,,,,,,,,,,,,,,,
373,0.03337873389853022,OFBA003C1AJ430010020000178,000178,F48,130.55575561523438,05,,0.0,碎裂岩、构造角砾岩、糜棱岩和糜棱岩化岩石、片理化岩石、石英脉、蛇绿岩团块和地层中内生的变砂岩团块,101,102,109,106,,,1∶250000 库尔干幅(J43C001002)建造构造图,"LINESTRING (74.31913235707214 39.399097007831145, 74.32084762055689 39.39927449281963, 74.32473709098976 39.39931984652748, 74.32782532918982 39.39903976281409, 74.33226333310236 39.398036802060574, 74.33563367200647 39.39671517989377, 74.33940126367258 39.39477930931282, 74.34183594545046 39.391902019474884, 74.34347744951617 39.387971151304015, 74.34473186624714 39.383932785059244)",3165.7067267353405,3.1657067267353405,127.78269274269924,127.78269274269924,LDZOFBA003.WL,05,,,,,,,,,,,,,,,,,,,
375,0.01440776401045847,OFBA003C1AJ430010020000179,000179,F48,130.55575561523438,28,,0.0,碎裂岩、构造角砾岩、糜棱岩和糜棱岩化岩石、片理化岩石、石英脉、蛇绿岩团块和地层中内生的变砂岩团块,101,102,109,106,,,1∶250000 库尔干幅(J43C001002)建造构造图,"LINESTRING (74.45813726928074 39.39466159409737, 74.45892586509936 39.39460046628985, 74.46092340003591 39.393834971046886, 74.46230384879011 39.392287759550214, 74.46219554958243 39.39092777156605, 74.46196102707653 39.38976074464172, 74.46148522711131 39.38809443705818, 74.46149340497041 39.3875071472302, 74.46150277889876 39.3868219779395, 74.46187797961376 39.38633527544048, 74.46298949642687 39.38614789238559, 74.46410275252086 39.38615567958953, 74.46505742243362 39.3864137276725)",1425.7612144009238,1.4257612144009237,147.27597215412487,147.27597215412487,LDZOFBA003.WL,28,,,,,,,,,,,,,,,,,,,
377,0.2451690289070758,OFBA003C1AJ430010020000180,000180,,21.21673583984375,01,,0.0,"N1k,EK",101,101,109,106,,,1∶250000 库尔干幅(J43C001002)建造构造图,"LINESTRING (73.49999900075113 39.37706175031813, 73.51037364638155 39.37744412997573, 73.52005713925954 39.377592670053836, 73.52593172953854 39.377716703592995, 73.5329653017898 39.37776445843952, 73.54014844741012 39.37767579208546, 73.54684318838972 39.37780060200539, 73.55346895817479 39.37783955105818, 73.56013962849977 39.3776062411808, 73.56737705552675 39.377357233103844, 73.57444761783883 39.377093923543455, 73.58120118911519 39.37706925413081, 73.587220225531 39.376929932649325, 73.59615694711374 39.37686194812565, 73.60418313330999 39.376745313991314, 73.61220118069065 39.37659323426252, 73.61626922663838 39.37685334050788, 73.62123506273255 39.377441404786715, 73.62997719434539 39.37895184918861, 73.63891391410758 39.38103364922547, 73.6455619139916 39.38255883512738, 73.65184470261951 39.384499989252646, 73.657331570964 39.38667657298143, 73.66116566358413 39.387776559874446, 73.6657841860042 39.38828591829057, 73.6711714417607 39.388803609431335, 73.67556875515125 39.38885209896936, 73.68032382179817 39.388449153974804, 73.68897263233879 39.38765834559725, 73.69610383123988 39.38723602630185, 73.70080510474962 39.387178751458045, 73.70835749019705 39.387117879713315, 73.71395386373624 39.38689041253243, 73.72237155183286 39.38651355785928, 73.72928148976112 39.38659077284524, 73.73444550648178 39.386509741374134, 73.73922136590151 39.38666123975216, 73.74354974236886 39.38687645958628)",21208.60858291562,21.208608582915623,87.9019924676422,87.9019924676422,LDZOFBA003.WL,01,,,,,,,,,,,,,,,,,,,
378,0.2146152148333242,OFBA003C1AJ430010020000181,000181,F48,130.55575561523438,05,,58.0,碎裂岩、构造角砾岩、糜棱岩和糜棱岩化岩石、片理化岩石、石英脉、蛇绿岩团块和地层中内生的变砂岩团块,101,102,109,106,,,1∶250000 库尔干幅(J43C001002)建造构造图,"LINESTRING (74.07194730023856 39.38828728261067, 74.07962188911407 39.38977655076737, 74.08434936035468 39.390236389992616, 74.08822395163376 39.3905190701287, 74.09253550309198 39.39063685946733, 74.0954365734605 39.390825479401414, 74.09939185773732 39.390765824519995, 74.1034529186561 39.390291903962634, 74.10665728697941 39.38989562372837, 74.10948749701042 39.390040874537355, 74.11183355057726 39.39055950195541, 74.11524533130488 39.39158779232375, 74.11737983393665 39.39235601045155, 74.11887787760455 39.39245096113291, 74.12048727075515 39.392379501551645, 74.12199143700771 39.392056027987195, 74.12392692480307 39.39181993841794, 74.12661154154112 39.39209239491979, 74.12994197514541 39.392704632693345, 74.13208752354163 39.39330743255157, 74.13466748366675 39.39374621846385, 74.135204587781 39.39383413951186, 74.13816287928054 39.39373187631124, 74.14320340899478 39.393434807404404, 74.14960791195287 39.393645972186285, 74.15366186829074 39.39383859694653, 74.15708163061993 39.39335701815445, 74.16028948684071 39.39245520099498, 74.16317342655792 39.39213771360342, 74.16434875992566 39.39197722710384, 74.16939566696358 39.39271788154468, 74.175143290764 39.39334334519664, 74.17854708753293 39.39386926209157, 74.18355212983826 39.39423920539626, 74.18706547204151 39.39426403283743, 74.19263541754194 39.3935548295142, 74.20201662737311 39.39199321265421, 74.21187659145556 39.39064031083976, 74.21905504066463 39.389506978818694, 74.22205534465954 39.38885345080854, 74.22735715863345 39.38816988766352, 74.23324365503865 39.388116389682594, 74.23991665268962 39.388652226358644, 74.24400520532288 39.38917635866956, 74.24766719520363 39.38936247273369, 74.25122837217312 39.388960401445615, 74.25365413311798 39.38884643722734, 74.25846180926762 39.38820260298779, 74.26441753263649 39.386401562033434, 74.2695416554257 39.38476189749519, 74.27589506395164 39.383885053582645, 74.2791216651959 39.38357257347591, 74.28363632374405 39.383232263825164, 74.28416596550214 39.38313325277496)",18616.45565080189,18.61645565080189,92.31416951772117,92.31416951772117,LDZOFBA003.WL,05,,,,,,,,,,,,,,,,,,,
379,0.033101330974626426,OFBA003C1AJ430010020000182,000182,,2.9854044914245605,01,,0.0,"N2a,K1kz",101,101,109,106,,,1∶250000 库尔干幅(J43C001002)建造构造图,"LINESTRING (74.50817184907723 39.389714304768944, 74.51211196289624 39.38993394293957, 74.51718776574367 39.39011254834428, 74.52361704121006 39.39001697570435, 74.52637627125728 39.389747667798815, 74.52836123028152 39.389090670107095, 74.53006522910862 39.388267629798854, 74.53347721636241 39.38601510332972, 74.53625783637054 39.3837081026505, 74.53847396996014 39.381414825426745)",2984.249176220518,2.9842491762205183,109.74297306297913,109.74297306297913,LDZOFBA003.WL,01,,,,,,,,,,,,,,,,,,,
380,0.08897897876200143,OFBA003C1AJ430010020000183,000183,F48,130.55575561523438,05,,65.0,碎裂岩、构造角砾岩、糜棱岩和糜棱岩化岩石、片理化岩石、石英脉、蛇绿岩团块和地层中内生的变砂岩团块,101,102,109,106,,,1∶250000 库尔干幅(J43C001002)建造构造图,"LINESTRING (74.47293386567121 39.38913736763835, 74.47850732508462 39.39081370353954, 74.48117885166404 39.391508317050274, 74.48394677222055 39.39205324382326, 74.48681118095028 39.392222153671575, 74.49077333798907 39.39216857848781, 74.49491360912481 39.39181689598836, 74.49781942628208 39.39169475258257, 74.49887664626831 39.39168179046948, 74.49992578720817 39.391593089478455, 74.5009578384538 39.391429412732606, 74.50196791848121 39.391192165964824, 74.50545271270414 39.39040197356814, 74.50817184907723 39.389714304768944, 74.5096214685055 39.38934805244879, 74.51308293121812 39.38856200405445, 74.5141130875713 39.38787250883345, 74.51542465659772 39.38659700343906, 74.5159872873901 39.38531823637357, 74.51609189552215 39.38318331604405, 74.5153179730274 39.38117185699788, 74.51386757998836 39.378208879820306, 74.51182843486819 39.37547747050695, 74.51136474032813 39.37502546728415, 74.50912556649651 39.372844592525155, 74.50719145813638 39.37079875219635, 74.5061219837753 39.369667295036585, 74.50444741933717 39.3675679716312, 74.50297762633816 39.36525564698726, 74.50190528009426 39.3631600745221, 74.50150391475118 39.36213990666115, 74.50110355179137 39.36069125771439, 74.50117142197827 39.35951336051747, 74.50116940840704 39.35865640332592, 74.50130316387154 39.35769316731045, 74.50157269059501 39.35689145412327, 74.50197101134835 39.3559792007218, 74.50250653583748 39.35522602232812, 74.50432320560472 39.353292069255495, 74.50650375878644 39.35114859205336, 74.50857197059526 39.349589047031586)",8535.359537031349,8.535359537031349,145.3524290861998,145.3524290861998,LDZOFBA003.WL,05,,,,,,,,,,,,,,,,,,,
384,0.1197747639259982,OFBA003C1AJ430010020000184,000184,,10.523853302001953,01,,0.0,"N2a,K1kz,Qp1X",101,101,109,106,,,1∶250000 库尔干幅(J43C001002)建造构造图,"LINESTRING (73.94325322829881 39.35913359268395, 73.94840519660895 39.3617648178048, 73.95306584707195 39.36346568112023, 73.95907258323709 39.36517790988267, 73.96714122812142 39.36727329381361, 73.9705206340118 39.3681981644481, 73.97202080602541 39.368608933248446, 73.97988669564872 39.370522635210335, 73.98402893415044 39.37103317353851, 73.98785105880836 39.371205004603844, 73.99231546525394 39.37191386807032, 73.99671977190063 39.37295867588521, 73.99778172494267 39.373220128622236, 73.99862147393975 39.373405915865625, 73.99945057759608 39.37361375907886, 74.00026907398458 39.373843416007276, 74.00107700722639 39.37409462420737, 74.00187543638198 39.374367087612086, 74.00446520041464 39.37527226413935, 74.00802378045414 39.37654892260856, 74.01354485286261 39.37813209087749, 74.01829323803564 39.37992686640388, 74.02267305286433 39.3812037899115, 74.02677912877701 39.382118645238364, 74.03024318068454 39.38252131735457, 74.0365154123085 39.38339354684926, 74.04391184502394 39.38427645411262, 74.04860712548061 39.384908612022045, 74.05391821875482 39.38516076261196, 74.0558142009121 39.38531918247456, 74.05931954129946 39.38592902978193)",10519.892275884054,10.519892275884054,74.06866858969383,74.06866858969383,LDZOFBA003.WL,01,,,,,,,,,,,,,,,,,,,
387,0.022600663278127466,OFBA003C1AJ430010020000185,000185,,1.9715635776519775,01,,0.0,C1w,101,101,109,106,,,1∶250000 库尔干幅(J43C001002)建造构造图,"LINESTRING (74.43678765684604 39.3778842186841, 74.43878101859414 39.377799179635105, 74.44438733078606 39.37665810870636, 74.45108535004125 39.375035671284365, 74.45895436010066 39.373636039679965)",1970.9664441963714,1.9709664441963715,104.22091742888927,104.22091742888927,LDZOFBA003.WL,01,,,,,,,,,,,,,,,,,,,
388,0.020952434577497476,OFBA003C1AJ430010020000186,000186,,1.8197681903839111,01,,0.0,"N2a,K1kz",101,101,109,106,,,1∶250000 库尔干幅(J43C001002)建造构造图,"LINESTRING (74.54389303108758 39.377797027812996, 74.54494784991404 39.377374427332995, 74.54630336423536 39.377126335575376, 74.54742196887193 39.377022857439705, 74.54840211525935 39.37702802609998, 74.55049752547902 39.37718493525367, 74.55334107418155 39.37771036358616, 74.55618104087553 39.378162794821584, 74.55827975566716 39.3784654243147, 74.55986337073051 39.37865628464792, 74.56126576889413 39.37870044267345, 74.56341169768925 39.37863927367537, 74.56458473204805 39.37838438730517)",1819.1401084750755,1.8191401084750756,88.18809293634533,88.18809293634533,LDZOFBA003.WL,01,,,,,,,,,,,,,,,,,,,
389,0.1365925170625671,OFBA003C1AJ430010020000187,000187,F48,130.55575561523438,28,,0.0,碎裂岩、构造角砾岩、糜棱岩和糜棱岩化岩石、片理化岩石、石英脉、蛇绿岩团块和地层中内生的变砂岩团块,101,102,109,106,,,1∶250000 库尔干幅(J43C001002)建造构造图,"LINESTRING (74.53363302495117 39.366837552545064, 74.53567559235658 39.367521999389254, 74.53889532272699 39.36901652898763, 74.54271128224562 39.37150341009884, 74.54582157767236 39.37340400333331, 74.54677799943434 39.37373762909103, 74.5476186555382 39.37402367726072, 74.54869736173377 39.37431098613014, 74.5498365797822 39.37450473187518, 74.55109557964511 39.374746030520626, 74.55211576941815 39.37475138249279, 74.5527751320508 39.37470790800199, 74.55361750605454 39.37447763084366, 74.55427859522563 39.37429334250817, 74.55505873259595 39.37429741567781, 74.55619893675744 39.37430335729798, 74.55757725583953 39.374686015590704, 74.55901372546863 39.37506900261556, 74.56128969610391 39.37672427024396, 74.5640472026479 39.378241314291394, 74.56458473204805 39.37838438730517, 74.56494737256686 39.37848090880072, 74.56620592270663 39.37876909391219, 74.56746795826274 39.378823297831744, 74.56879195028509 39.378830450728, 74.57180293709311 39.37833039847102, 74.5772211560136 39.37704526650318, 74.58029513227164 39.37621679163648, 74.58487746502357 39.37464541895779, 74.58903415763275 39.37288444526324, 74.59458051254798 39.369845615667465, 74.59826848673389 39.36705248772458, 74.59934985386967 39.36623721178811, 74.60079114859838 39.3651018253516, 74.60241579702931 39.36375328991805, 74.60489465665451 39.36173055881184, 74.60747277053967 39.36006931637371, 74.60914567223396 39.35911673058576, 74.61059389759512 39.35848338318684, 74.61150446728317 39.3582025078095, 74.61245768487846 39.35809993697985, 74.61408979053898 39.35828549595015, 74.61811958671237 39.359515180841065, 74.62205831508041 39.36120754121773, 74.62527037389339 39.36289655784061, 74.62666587309731 39.36375179745725, 74.62858768652144 39.365230404771154, 74.62999704857187 39.36608501027742, 74.63163428596337 39.36662905657935, 74.63281951000072 39.36690318402949, 74.63389478734223 39.36695390488375, 74.63525106768749 39.366961684172935, 74.63790907165095 39.36697687518737, 74.64062353409845 39.36681412820716, 74.64215404931342 39.36651094336467, 74.64306069896075 39.366159671840165, 74.6440247140661 39.365496852356294, 74.64414511959176 39.365251569965636, 74.6448228322148 39.363897509138354, 74.6465287782058 39.361456791401466, 74.64823567126453 39.358525995606875, 74.64943863193311 39.354924073395544, 74.65003738483672 39.351580757290975)",12636.374958679497,12.636374958679497,99.84205739618697,99.84205739618697,LDZOFBA003.WL,28,,,,,,,,,,,,,,,,,,,
394,0.14297768732410895,OFBA003C1AJ430010020000188,000188,F48,130.55575561523438,28,,0.0,碎裂岩、构造角砾岩、糜棱岩和糜棱岩化岩石、片理化岩石、石英脉、蛇绿岩团块和地层中内生的变砂岩团块,101,102,109,106,,,1∶250000 库尔干幅(J43C001002)建造构造图,"LINESTRING (73.75319386626724 39.36687776340896, 73.75832797126546 39.364672080643466, 73.7651938813729 39.36229063868733, 73.77372103313795 39.360055497983176, 73.7980812746988 39.35656333345825, 73.80525144171963 39.3557328946468, 73.82090500095293 39.35511749909741, 73.83358170615288 39.35330751054906, 73.84041940289397 39.352471554567195, 73.8485871066137 39.35151920975837, 73.86375915906748 39.349730586413656, 73.86875871898317 39.34939173142207, 73.87474727399378 39.34944982315548, 73.87972933013984 39.350014668492854, 73.88602709897712 39.35162539569579, 73.89132783919639 39.35322627438424, 73.89378187200076 39.353985634943406)",12451.831636182664,12.451831636182664,97.4832490143113,97.4832490143113,LDZOFBA003.WL,28,,,,,,,,,,,,,,,,,,,
395,0.09882722818569105,OFBA003C1AJ430010020000189,000189,F48,130.55575561523438,28,,0.0,碎裂岩、构造角砾岩、糜棱岩和糜棱岩化岩石、片理化岩石、石英脉、蛇绿岩团块和地层中内生的变砂岩团块,101,102,109,106,,,1∶250000 库尔干幅(J43C001002)建造构造图,"LINESTRING (73.64185900190144 39.35398415449077, 73.64563938495321 39.35367085658746, 73.65150158875554 39.35218917970248, 73.65911685938751 39.35026439770952, 73.66586986219035 39.34927611142587, 73.67039558622729 39.34900844906801, 73.67521518407709 39.34888918970074, 73.67747193650949 39.34920530378631, 73.68170999989377 39.34994891466556, 73.68663980736568 39.3515132140925, 73.69175536338429 39.35319549989501, 73.69798150029354 39.35544144194418, 73.70337921395493 39.357474828832316, 73.70700190044832 39.358588468689994, 73.71055417610692 39.359439829023316, 73.7139036960738 39.36043041910995, 73.7178093329413 39.36176417275447, 73.72008080263288 39.36264935070683, 73.72222315115096 39.3633370627031, 73.72568475272656 39.364371998058445, 73.72991704709864 39.36516091191336, 73.73248187133886 39.36568667964232, 73.73497949015717 39.36612724967084, 73.73755334564797 39.36652288454503)",8687.721154052786,8.687721154052786,81.25047461926184,81.25047461926184,LDZOFBA003.WL,28,,,,,,,,,,,,,,,,,,,
396,0.02448095425504693,OFBA003C1AJ430010020000190,000190,,2.1796956062316895,01,,0.0,C1w,101,101,109,106,,,1∶250000 库尔干幅(J43C001002)建造构造图,"LINESTRING (74.46715358710236 39.37196307049284, 74.47919686755615 39.36850070632373, 74.4847474950517 39.36666559624809, 74.49034351185405 39.364228355304434)",2178.848213948031,2.178848213948031,113.58411108574205,113.58411108574205,LDZOFBA003.WL,01,,,,,,,,,,,,,,,,,,,
397,0.32506805225475344,OFBA003C1AJ430010020000191,000191,,28.46559715270996,05,,55.0,"P2q,C2P1t",101,101,101,106,,,1∶250000 库尔干幅(J43C001002)建造构造图,"LINESTRING (74.02819534609831 39.36904620188822, 74.03167770328247 39.36800733420993, 74.03573119705952 39.36662083307511, 74.03961964655359 39.364844040387844, 74.04119217990124 39.364340689126664, 74.04629886279812 39.36347257258552, 74.05026866747092 39.36278952732394, 74.05408944819577 39.36132945554013, 74.0576651748403 39.359737104155634, 74.05907700648928 39.35903522717038, 74.06098327306498 39.358273649603596, 74.06180754036798 39.35821638369328, 74.06205527143798 39.358218684637485, 74.06279946483872 39.35822558205534, 74.06354166968808 39.358362351626134, 74.06485746696853 39.35908890370306, 74.06707723143752 39.360408275425506, 74.06921596850248 39.361532031570185, 74.07045125887377 39.36199801002269, 74.07202409689512 39.362466484048326, 74.0737857945569 39.36254488096885, 74.07546793113741 39.36229792825378, 74.0785810906787 39.361282544948416, 74.08035134867157 39.36032185208484, 74.08439266536823 39.35892962913166, 74.08843418029979 39.35734832255125, 74.09011836311493 39.35665161701677, 74.0934030566682 39.35506301284518, 74.09783554035099 39.35289318589527, 74.10100140081221 39.351617416228876, 74.10325338871749 39.3507783174895, 74.10641792465923 39.35001003466078, 74.10925267811312 39.3490426778228, 74.11083409103838 39.348724114079886, 74.1144967651453 39.34802078578929, 74.1210856874248 39.34705792457105, 74.12567739562101 39.34688942652621, 74.12851702364247 39.34677557623565, 74.13411511052121 39.346217297283886, 74.13894158751735 39.34566279136649, 74.14667401916655 39.34472571283917, 74.14841987484662 39.344340847316026, 74.15257378533848 39.3436406996622, 74.1554048094878 39.343329742044276, 74.15966397645464 39.342570705884874, 74.1639475520237 39.341538234072566, 74.17246182230515 39.3388099967398, 74.179919583083 39.33626943855142, 74.18550264296171 39.334671850537795, 74.18633455090107 39.334378829298394, 74.18717603525378 39.3341028019197, 74.18802552892355 39.3338439578903, 74.18888544180649 39.3336024730425, 74.18975119552884 39.33337851429878, 74.19062518870557 39.33317223492687, 74.19150582885635 39.33298377251078, 74.19239151197885 39.332813260067844, 74.1932856314001 39.332660812600366, 74.19418158062149 39.332526531619195, 74.20032353912599 39.33156684375812, 74.2093213051592 39.330409890276535, 74.21024729952391 39.33033434901707, 74.21106910505338 39.33029835743817, 74.21220388067182 39.3302230514051, 74.21354385036759 39.330188501427855, 74.21446968575252 39.33015224744812, 74.21519350615252 39.3300350075524, 74.21658756984483 39.32988043680798, 74.21746388354535 39.32984394727508, 74.21839118564812 39.32984772571493, 74.21952350359498 39.32993246578722, 74.22081037429326 39.330017822007726, 74.22564570550817 39.33051812386975, 74.226883120323 39.330523073333474, 74.23048781832793 39.33057750265808, 74.23527591310877 39.33030067324792, 74.23629162807087 39.330263413025804, 74.23812002844464 39.33018837710928, 74.241650016638 39.33003884303289, 74.24415972398499 39.32984694678232, 74.2471337484308 39.32961649284184, 74.24964644933142 39.32938473272711, 74.26136387060633 39.328357996771345, 74.26332994732246 39.32805341476281, 74.26637994634673 39.32763692821484, 74.2723803886866 39.32708150816772, 74.27346527808237 39.32705053167309, 74.27444874358623 39.32713774707224, 74.28039528223408 39.32726450811202, 74.28257959857253 39.32720484602954, 74.28648545217645 39.3271221051353, 74.28882953118544 39.32694543318916, 74.29018388093579 39.3268389266317, 74.29263110163974 39.326583788287856, 74.30628340839503 39.325061578362444, 74.30876156796153 39.32487693078573, 74.3094233287898 39.32488086092812, 74.31339766554743 39.3245189004469, 74.32315961343006 39.32457609548945, 74.33027399080427 39.324360290547325, 74.3382098345496 39.32517666220244, 74.34510703348353 39.326621357980365)",28454.61790951863,28.454617909518632,100.2983255025284,100.2983255025284,LDZOFBA003.WL,05,,,,,,,,,,,,,,,,,,,
400,0.0767407622280508,OFBA003C1AJ430010020000192,000192,F48,130.55575561523438,28,,0.0,碎裂岩、构造角砾岩、糜棱岩和糜棱岩化岩石、片理化岩石、石英脉、蛇绿岩团块和地层中内生的变砂岩团块,101,102,109,106,,,1∶250000 库尔干幅(J43C001002)建造构造图,"LINESTRING (73.93021584894052 39.359545543660026, 73.93256117352306 39.359782130055066, 73.93667977538298 39.359545564264444, 73.94325322829881 39.35913359268395, 73.94377450825598 39.35910104219684, 73.95068939503518 39.35945227581118, 73.95764262838433 39.36030180106432, 73.96297755352164 39.361371106118796, 73.96774731297651 39.36232803518912, 73.97320874475002 39.36310505675679, 73.97903333343697 39.36406653998085, 73.98249921272179 39.36511999414792, 73.98417976565064 39.36557306482611, 73.98586789621821 39.365587141308396, 73.98732433842905 39.365452925601346, 73.99008379334427 39.3654290769227, 73.99134947262344 39.3655494354571, 73.99250416631548 39.36591607469661, 73.9939418169189 39.36614771483253, 73.99587407166156 39.366383404429676, 73.99809275625337 39.36651574159099, 73.99902527572793 39.366552640050585, 73.99995868262927 39.366603752137536, 74.00088961811578 39.36666905678604, 74.00181772624178 39.36674853296642, 74.00274364544757 39.366842146101945, 74.00581790959336 39.36715632088245, 74.0061758997623 39.36719172637168)",6655.409232942984,6.655409232942984,83.26585977930955,83.26585977930955,LDZOFBA003.WL,28,,,,,,,,,,,,,,,,,,,
402,0.04129810270027294,OFBA003C1AJ430010020000193,000193,,3.717939615249634,01,,78.0,"N2a,K2Y,K1kz",101,101,109,106,,,1∶250000 库尔干幅(J43C001002)建造构造图,"LINESTRING (74.64414511959176 39.365251569965636, 74.6463195161537 39.36491849213103, 74.64924882391563 39.36415001715874, 74.65404177812034 39.36236329061142, 74.66019378772414 39.36029013393331, 74.66200141395626 39.35976020062481, 74.66566508315987 39.35868780170698, 74.67045576328088 39.356541370206635, 74.67630958106913 39.35342344025722, 74.67779453664417 39.352650274347354, 74.6785420985661 39.352260768265616, 74.68049361957475 39.35124339278339, 74.6824472848152 39.350317751168866)",3716.5796460863203,3.7165796460863203,116.88104317064531,116.88104317064531,LDZOFBA003.WL,01,,,,,,,,,,,,,,,,,,,
403,0.13739256719702064,OFBA003C1AJ430010020000194,000194,F48,130.55575561523438,28,,0.0,碎裂岩、构造角砾岩、糜棱岩和糜棱岩化岩石、片理化岩石、石英脉、蛇绿岩团块和地层中内生的变砂岩团块,101,102,109,106,,,1∶250000 库尔干幅(J43C001002)建造构造图,"LINESTRING (73.5052257881726 39.35220399164389, 73.51169103678424 39.350412821769325, 73.51920928311256 39.34806133797823, 73.52413962512448 39.34686077377149, 73.52797524717158 39.34634095467606, 73.5326958385007 39.34590166016922, 73.53697390713144 39.34535374099971, 73.54078714507145 39.344487116110066, 73.54990575173424 39.34262607469045, 73.5557108884579 39.34159015419345, 73.55824809526776 39.34125530085519, 73.5606635633092 39.340936459641426, 73.56456709900556 39.3407528343414, 73.56615722646693 39.34077247811005, 73.56778881116847 39.34105688413587, 73.56949521378235 39.341639595242334, 73.57136393500758 39.342719845371505, 73.5743895528181 39.344673323275366, 73.58104850731378 39.34941276369777, 73.58494639896324 39.35154118108469, 73.58885923984745 39.35350312260814, 73.59220300219448 39.354599389800164, 73.59664195664023 39.35554373157425, 73.60116725445033 39.35612806432491, 73.6019104816678 39.356158846012285, 73.60570410114416 39.35631631319034, 73.61488526240599 39.3564541497665, 73.62075451179119 39.35642098314588, 73.62616514172069 39.355858686238044, 73.63224900822323 39.35513865756027, 73.63737604008224 39.354210983262895)",12113.319827436922,12.113319827436923,89.78538663853901,89.78538663853901,LDZOFBA003.WL,28,,,,,,,,,,,,,,,,,,,
407,0.012509700376534897,OFBA003C1AJ430010020000195,000195,,1.0869998931884766,01,,0.0,"N1p,K2Y",101,101,109,106,,,1∶250000 库尔干幅(J43C001002)建造构造图,"LINESTRING (74.68814930784842 39.3608640523746, 74.70050383214448 39.35889978840843)",1086.490145865657,1.086490145865657,101.76846658861868,101.76846658861868,LDZOFBA003.WL,01,,,,,,,,,,,,,,,,,,,
408,0.026187482433322598,OFBA003C1AJ430010020000196,000196,,2.2591910362243652,01,,0.0,"N2a,K2Y",101,101,109,106,,,1∶250000 库尔干幅(J43C001002)建造构造图,"LINESTRING (74.66200141395626 39.35976020062481, 74.66906722280709 39.3599051748868, 74.67473742661137 39.36045503123419, 74.68247351322054 39.360876801583366, 74.68814930784842 39.3608640523746)",2258.39349991799,2.25839349991799,87.093302268641,87.093302268641,LDZOFBA003.WL,01,,,,,,,,,,,,,,,,,,,
410,0.06722922451148257,OFBA003C1AJ430010020000197,000197,,5.914142608642578,01,,0.0,"N1p,K1kz,K2Y",101,101,109,106,,,1∶250000 库尔干幅(J43C001002)建造构造图,"LINESTRING (74.71207355358493 39.35977187548923, 74.7173843449191 39.3590984229657, 74.72581357159362 39.35765051729428, 74.73028775180414 39.35632635654917, 74.73129577937512 39.356118046226115, 74.74560240504054 39.35315775602267, 74.75747462748726 39.35024693835074, 74.76762819567152 39.34693109389604, 74.77713151973747 39.34347262418674)",5911.8440441486855,5.911844044148686,108.04649195825921,108.04649195825921,LDZOFBA003.WL,01,,,,,,,,,,,,,,,,,,,
411,0.013160302942817935,OFBA003C1AJ430010020000198,000198,,1.3001749515533447,18,,0.0,"C2P1t,P2q",101,101,104,106,,,1∶250000 库尔干幅(J43C001002)建造构造图,"LINESTRING (74.05544529690823 39.34496329000959, 74.05755782026561 39.34697713995072, 74.05917521634618 39.34851888612837, 74.06244758592726 39.351636018193446, 74.06497239582482 39.35404227427861)",1299.7750054224916,1.2997750054224917,39.766651537623915,39.766651537623915,LDZOFBA003.WL,18,,,,,,,,,,,,,,,,,,,
412,0.021519091678603455,OFBA003C1AJ430010020000199,000199,,1.914292335510254,01,,0.0,"C2P1t,P2q",101,101,109,106,,,1∶250000 库尔干幅(J43C001002)建造构造图,"LINESTRING (73.9671516452946 39.34529285618705, 73.97367986997088 39.347347817979006, 73.97969542167205 39.34922886938936, 73.98309743955667 39.35056774186268, 73.98555015963379 39.351353655135185, 73.9875810807772 39.35203046172418)",1913.705397212413,1.913705397212413,67.6341170492703,67.6341170492703,LDZOFBA003.WL,01,,,,,,,,,,,,,,,,,,,
416,0.16059963770848243,OFBA003C1AJ430010020000200,000200,,14.447304725646973,01,,0.0,"N1p,K2Y,N2a",101,101,109,106,,,1∶250000 库尔干幅(J43C001002)建造构造图,"LINESTRING (74.84118333793464 39.338294443605626, 74.84248721079688 39.33990573216748, 74.84387586665804 39.34133835783236, 74.84420629748918 39.34167948585565, 74.84649781499594 39.34358400176272, 74.84887159545258 39.34532817671579, 74.85087522420824 39.34671747847506, 74.85556931782705 39.349911235395616, 74.85971690333359 39.352056075397535, 74.86299906598023 39.35382330585909, 74.86428574124311 39.354515086963715, 74.8666478069354 39.35540631813836, 74.870655575849 39.35638569234447, 74.87378927144982 39.35687686738456, 74.87769830605507 39.35712553708555, 74.88201770239925 39.357131164729495, 74.88797476815418 39.35653512882237, 74.8917681107136 39.35597532117273, 74.8943818568905 39.35529099500676, 74.89930109438832 39.35385511172838, 74.90283710182385 39.35286053524946, 74.9086899295626 39.35115274599901, 74.91276139569975 39.34972053379023, 74.91492637094132 39.34896462449351, 74.91755387786624 39.348329914830124, 74.92131411953193 39.3478976030725, 74.92572989566953 39.347455361453164, 74.92989121085829 39.346852284777825, 74.93343322490735 39.34609226597697, 74.93856690395396 39.3448923868312, 74.94180010961128 39.343890715823484, 74.94718748178886 39.34232756097902, 74.95437569522866 39.3401623562751, 74.95777355573726 39.33908049713449, 74.96080350598676 39.338282585010724, 74.96362905934112 39.33756453967198, 74.96599168263634 39.33704638150164, 74.96758392764349 39.33651301127935, 74.96881512173665 39.33569220382463, 74.96982915143543 39.33489355039014, 74.97031125211012 39.33432247649017, 74.97084256598838 39.33377943666787, 74.97142138030527 39.333267196988984, 74.97204575069212 39.33278836583152, 74.97271348669005 39.332345380388944, 74.97342119234841 39.33194049318733, 74.97416426911958 39.33157576534821, 74.98977869566436 39.32356150527039)",14441.679865697208,14.441679865697207,97.32897256736442,97.32897256736442,LDZOFBA003.WL,01,,,,,,,,,,,,,,,,,,,
420,0.014559904270290532,OFBA003C1AJ430010020000201,000201,,1.2553702592849731,01,,0.0,K1kz,101,101,109,106,,,1∶250000 库尔干幅(J43C001002)建造构造图,"LINESTRING (74.6785420985661 39.352260768265616, 74.68260521884312 39.35228068685687, 74.68808728326462 39.3523073201946, 74.69309595449006 39.352063421806506)",1254.8787824446858,1.2548787824446859,91.19980959920254,91.19980959920254,LDZOFBA003.WL,01,,,,,,,,,,,,,,,,,,,
422,0.038297474566696826,OFBA003C1AJ430010020000202,000202,,3.3041136264801025,01,,0.0,"K2Y,C1w",101,101,109,106,,,1∶250000 库尔干幅(J43C001002)建造构造图,"LINESTRING (74.64419984144448 39.35159966926408, 74.65003738483672 39.351580757290975, 74.65326718552143 39.351570169615066, 74.6551413170563 39.35156398488924, 74.66269584537294 39.35163828177757, 74.6692931301633 39.35139646321796, 74.6736437276977 39.35102046816444, 74.67839745556378 39.35064638309688, 74.67919711792597 39.3505686538938, 74.68010859479524 39.35047982920541, 74.68100120357317 39.35039283488435, 74.6824472848152 39.350317751168866)",3302.734293300018,3.302734293300018,92.68537194167601,92.68537194167601,LDZOFBA003.WL,01,,,,,,,,,,,,,,,,,,,
424,0.035375722504079325,OFBA003C1AJ430010020000203,000203,F48,130.55575561523438,28,,0.0,碎裂岩、构造角砾岩、糜棱岩和糜棱岩化岩石、片理化岩石、石英脉、蛇绿岩团块和地层中内生的变砂岩团块,101,102,109,106,,,1∶250000 库尔干幅(J43C001002)建造构造图,"LINESTRING (74.63251328785987 39.331003653589825, 74.63196536393052 39.33542591030802, 74.63208955661796 39.33806212739588, 74.63309499582603 39.339907266691306, 74.63362490139102 39.3405731975464, 74.63510356120324 39.34243134569372, 74.63719320936451 39.34397534588814, 74.63882346671284 39.34453616779901, 74.64215754587802 39.345350313200235, 74.64603352531118 39.34604418342413, 74.64826319698162 39.34640416859983, 74.65029959261345 39.3469207015407, 74.6523382047601 39.34780521077199, 74.6529457710613 39.348162843346145, 74.65344459568234 39.34845432531356, 74.65385199557788 39.34900854640044, 74.6539682164207 39.34942346048485, 74.65390963534755 39.349883727521444, 74.65379273136898 39.35043586151036, 74.65326718552143 39.351570169615066)",3450.3809206107626,3.4503809206107627,38.30776312253501,38.30776312253501,LDZOFBA003.WL,28,,,,,,,,,,,,,,,,,,,
426,0.01746695805864413,OFBA003C1AJ430010020000204,000204,,1.5172086954116821,01,,68.0,K1kz,101,101,109,106,,,1∶250000 库尔干幅(J43C001002)建造构造图,"LINESTRING (74.7009813097696 39.35120073955753, 74.70771311193185 39.35018212162992, 74.71824136888259 39.34852080024447)",1516.6995078250168,1.5166995078250167,101.4931575360828,101.4931575360828,LDZOFBA003.WL,01,,,,,,,,,,,,,,,,,,,
427,0.03771003495145965,OFBA003C1AJ430010020000205,000205,,3.341600179672241,01,,50.0,P2q,101,101,109,106,,,1∶250000 库尔干幅(J43C001002)建造构造图,"LINESTRING (74.05755782026561 39.34697713995072, 74.06133748345766 39.34591976789274, 74.06579771474429 39.344882112654616, 74.06844139309548 39.34418970628123, 74.07154728339884 39.34323203688586, 74.07528064303014 39.34155788002302, 74.08189586987002 39.33927432994726, 74.09360701629157 39.336102554264684)",3340.3703520692934,3.3403703520692933,111.8165802900755,111.8165802900755,LDZOFBA003.WL,01,,,,,,,,,,,,,,,,,,,
429,0.08319909201855774,OFBA003C1AJ430010020000206,000206,,7.258838653564453,01,,0.0,P2q,101,101,109,106,,,1∶250000 库尔干幅(J43C001002)建造构造图,"LINESTRING (73.55824809526776 39.34125530085519, 73.5599756194256 39.34017607223687, 73.5617912068748 39.33936226175875, 73.56447398672336 39.33874176509305, 73.56885723147931 39.338214797460324, 73.57240812257325 39.338256984448165, 73.57553705176747 39.33865682307001, 73.58178165782188 39.34014687358954, 73.58917301196847 39.3421634906312, 73.59432533296389 39.34317321073866, 73.60270597289886 39.344404596654265, 73.60945746008035 39.34513900257302, 73.6157129264697 39.34539576361162, 73.6200860632407 39.34511992332058, 73.62501145786 39.3445590753157, 73.6299653514903 39.343813373206885, 73.63462732566433 39.342954479974864, 73.63877785464322 39.34216279059904, 73.63988179333468 39.34192326668958)",7256.034981737435,7.256034981737435,90.28448272781796,90.28448272781796,LDZOFBA003.WL,01,,,,,,,,,,,,,,,,,,,
430,0.06376647502899367,OFBA003C1AJ430010020000207,000207,,5.6830220222473145,01,,0.0,P2q,101,101,109,106,,,1∶250000 库尔干幅(J43C001002)建造构造图,"LINESTRING (73.90420148090747 39.32438140031503, 73.90735736690341 39.325439650004455, 73.91237503507988 39.327012688906144, 73.91529574279923 39.328026278142076, 73.91802403935417 39.32879967966819, 73.92433541041633 39.330534058040314, 73.92936148489645 39.33186751282213, 73.93072517755881 39.33226893223204, 73.93321403580904 39.33332022004747, 73.93876147312413 39.33507427940905, 73.94513087792474 39.33747358556595, 73.95225124118527 39.33974797480863, 73.95809121467578 39.34201273899164, 73.96194890457002 39.343642673007196, 73.96455786872124 39.344745646617696)",5680.868550753418,5.680868550753418,67.19192494191034,67.19192494191034,LDZOFBA003.WL,01,,,,,,,,,,,,,,,,,,,
431,0.038498431910006924,OFBA003C1AJ430010020000208,000208,,3.338689088821411,01,,0.0,P2q,101,101,109,106,,,1∶250000 库尔干幅(J43C001002)建造构造图,"LINESTRING (73.64561345788236 39.34142150008723, 73.6486610014362 39.34103769436495, 73.65174760127817 39.340907284218936, 73.65618075735091 39.340957918020514, 73.66063671169093 39.3404467389366, 73.66622759711447 39.339915926455205, 73.66990122733341 39.339232475521925, 73.67476074275363 39.33819931526158, 73.67932100950074 39.337458456329486, 73.68181342195166 39.33728736427008, 73.68376963508248 39.33698343018652)",3337.467640845978,3.3374676408459782,99.3653986007616,99.3653986007616,LDZOFBA003.WL,01,,,,,,,,,,,,,,,,,,,
433,0.029302244957547074,OFBA003C1AJ430010020000209,000209,,2.6741397380828857,01,,0.0,"K1kz,K2Y",101,101,109,106,,,1∶250000 库尔干幅(J43C001002)建造构造图,"LINESTRING (74.68936556288273 39.34581435147769, 74.69560731054052 39.34315825439313, 74.70320519672192 39.339580895795834, 74.70505933681015 39.33879289924257, 74.70889673174439 39.33716361137253, 74.71584181382067 39.33332081850323)",2673.1039739264843,2.673103973926484,121.47481195261078,121.47481195261078,LDZOFBA003.WL,01,,,,,,,,,,,,,,,,,,,
434,0.23412262286361418,OFBA003C1AJ430010020000210,000210,F48,130.55575561523438,28,,50.0,碎裂岩、构造角砾岩、糜棱岩和糜棱岩化岩石、片理化岩石、石英脉、蛇绿岩团块和地层中内生的变砂岩团块,101,102,109,106,,,1∶250000 库尔干幅(J43C001002)建造构造图,"LINESTRING (74.6534231705702 39.328176875205315, 74.65997375809437 39.327674395743514, 74.66207509029995 39.327432427453466, 74.66304568043142 39.327227545041175, 74.66385561235087 39.327021989653, 74.66461103863725 39.32669088044914, 74.66520513269798 39.32635949894289, 74.66579905820403 39.32611169265195, 74.66644749609465 39.325947619926914, 74.66742170543775 39.32578500048352, 74.66828331870796 39.3257471333082, 74.67033653586905 39.325631074658205, 74.67163118310263 39.32572035506154, 74.6723857760451 39.325890710654065, 74.67346170818915 39.32614599795744, 74.67717749228005 39.327248404714204, 74.6841636241667 39.32903159741793, 74.68533803271704 39.3294522979965, 74.68629907062166 39.32970558583801, 74.68817265795187 39.33004528359443, 74.69095380643242 39.330471345111015, 74.69191793172116 39.33064124934321, 74.69261499109511 39.33072691596376, 74.6935255926273 39.330729952427816, 74.69459963211247 39.330608511669816, 74.69556846787455 39.33040336890808, 74.69659253024683 39.32999005162587, 74.69777953163542 39.3294105808682, 74.69826377990225 39.32912048864598, 74.69896903751362 39.32870636592815, 74.70032351690374 39.327878018351406, 74.70092158276415 39.32738020259203, 74.70157392216862 39.32692425003011, 74.70206692602704 39.326301021160894, 74.70228888202305 39.32576012919398, 74.70245807194915 39.32513570093737, 74.70257198090522 39.324469404235444, 74.70267138878002 39.32096944623793, 74.70268129149586 39.320094407409286, 74.70247749092249 39.319260238653236, 74.70227882296065 39.31843235403462, 74.70220125512425 39.31801894717257, 74.70213054181842 39.31712887768815, 74.70221940528779 39.31633474574666, 74.70230562752924 39.31557241374612, 74.70243318193663 39.31490573766913, 74.70255778311832 39.314397892135354, 74.70264053171988 39.31411227268237, 74.70288705989545 39.313541312445324, 74.70337820633078 39.31271705634676, 74.70370556590706 39.31217814020929, 74.70399126715354 39.31182968467594, 74.7040728706527 39.311734662432215, 74.7041937961659 39.31167154662448, 74.70443727200214 39.311608847430364, 74.70460052513444 39.31157763760729, 74.70556995910174 39.31173980320102, 74.70975972145376 39.31334366460958, 74.71181168843941 39.31411385136555, 74.71366345280582 39.31491504755413, 74.7141832858931 39.3152347281363, 74.71494880653896 39.31561883838252, 74.71819952706417 39.317696168561675, 74.72104911439331 39.31937935093051, 74.72313150627745 39.32044637643657, 74.72369156943456 39.32076005461202, 74.72433186988576 39.32101145164245, 74.7251337906989 39.32138815931646, 74.72589616866618 39.32170229977674, 74.72653548566082 39.32195368468482, 74.72806063487891 39.32255071111633, 74.7286998373645 39.322989487133064, 74.72933904785084 39.323428257382844, 74.72989745267647 39.323804372636715, 74.7304554475164 39.32430541904683, 74.73169708041203 39.32535189182112, 74.73261009693013 39.32612199206418, 74.73379116461297 39.32792842351347, 74.73402574540133 39.32843544973245, 74.73452501827072 39.330364982143834, 74.73471547892885 39.33109254322512, 74.73483521777787 39.331830341449745, 74.73473581377998 39.332505707680326, 74.73477210681976 39.33318497686593, 74.73494421822711 39.33385156488348, 74.73524795075244 39.33448919484378, 74.73600153278288 39.33539191180846, 74.7389620017832 39.336640950071356, 74.74478505049632 39.33855299875758, 74.75007814123514 39.33930008827569, 74.75598120468472 39.34016558814018, 74.75963186231753 39.34035479604423, 74.7641338073503 39.34060633810262, 74.7678636056068 39.34110107332239, 74.77260316255705 39.34222618736773, 74.77713151973747 39.34347262418674, 74.77985378409792 39.34422094430333, 74.78610914417276 39.34596606087762, 74.79049176198319 39.34702855758027, 74.79585946808785 39.347728090313325, 74.80036532094262 39.348484015657014, 74.80518433118552 39.348996868994064, 74.81039857110828 39.34847725507308, 74.81421356696012 39.34752355647586, 74.81943532502815 39.34584068799327, 74.82348932642806 39.34421281998601, 74.82582954817781 39.34306470555097, 74.82731360897328 39.341912395921085, 74.82817874919427 39.34075705651944, 74.82864781292338 39.34008803318263, 74.82927321663374 39.33972488753351, 74.8303635819349 39.339425017621814, 74.83199948014362 39.33906673253501, 74.83744247831548 39.338601259582404, 74.83995724523325 39.338394909346654, 74.84118333793464 39.338294443605626, 74.84241706012739 39.33819333888487, 74.84464152389641 39.338234423210125, 74.84768317766901 39.33829048110638, 74.85100420451418 39.338029687803974, 74.8563030790165 39.33750259131281, 74.85678318904337 39.33740426537571, 74.8573765995656 39.33745381050193)",21264.262794560243,21.264262794560242,86.80302375761428,86.80302375761428,LDZOFBA003.WL,28,,,,,,,,,,,,,,,,,,,
436,0.06337599240083769,OFBA003C1AJ430010020000211,000211,,5.508090972900391,01,,0.0,P2q,101,101,109,106,,,1∶250000 库尔干幅(J43C001002)建造构造图,"LINESTRING (73.70179189677528 39.33530039205581, 73.70849930571134 39.33493176516491, 73.71416388164573 39.33469390362055, 73.71723569616715 39.33445817094025, 73.71831993994314 39.33420422307259, 73.7190479768259 39.33379457850669, 73.71980169246085 39.33341636970997, 73.7205848401771 39.33307072205126, 73.72138909112512 39.332758665470166, 73.72221305761994 39.332481125734205, 73.72305527851061 39.3322389310396, 73.72393137986793 39.332078778663686, 73.72582971200566 39.3318719141753, 73.72805774104825 39.33186668287323, 73.72999078621869 39.331981615783995, 73.7328711349884 39.33203105775686, 73.7358194359048 39.33205644176349, 73.74197784539393 39.33218287829391, 73.74403996314817 39.33229869765771, 73.7456118272163 39.33228754195637, 73.74767302578242 39.33218369181237, 73.74935513568703 39.33198311842351, 73.75152586009756 39.331469226419095, 73.7605254240426 39.33010457226833, 73.76437701408004 39.32914448844327)",5505.871042513155,5.505871042513155,98.02143532529672,98.02143532529672,LDZOFBA003.WL,01,,,,,,,,,,,,,,,,,,,
443,0.03247343206598095,OFBA003C1AJ430010020000212,000212,,2.862125873565674,01,,0.0,"K1kz,J3kz,P2q,γπT3",101,101,109,106,,,1∶250000 库尔干幅(J43C001002)建造构造图,"LINESTRING (74.8573765995656 39.33745381050193, 74.86413759879763 39.33561017225787, 74.8655137924429 39.335239666175084, 74.86897815959878 39.334084539635654, 74.87123928933083 39.33333019967422, 74.87725544584457 39.33184500450493, 74.8887191976523 39.32901418420768)",2861.0086724229627,2.8610086724229626,109.20361788222424,109.20361788222424,LDZOFBA003.WL,01,,,,,,,,,,,,,,,,,,,
445,0.11411293248500667,OFBA003C1AJ430010020000213,000213,,9.905503273010254,01,,0.0,P2q,101,101,109,106,,,1∶250000 库尔干幅(J43C001002)建造构造图,"LINESTRING (73.76786348793816 39.32895172020566, 73.77345065226281 39.3292450107201, 73.77661009600632 39.32925881848888, 73.7792864468364 39.329242077993534, 73.78641291438261 39.32918060655438, 73.7895047853914 39.32936571148011, 73.79984904909603 39.331181772947616, 73.80176930400442 39.33132492855494, 73.80310421403378 39.33141273175775, 73.80450522375219 39.331378348640776, 73.80603588064803 39.33132074799545, 73.80828510056955 39.33119693933432, 73.8147052602068 39.33065263973925, 73.81738776146815 39.33059177694771, 73.8202311166176 39.33053219232841, 73.8232025862192 39.33035188739409, 73.83072773999989 39.32993880433957, 73.83337398298902 39.32980287354173, 73.83576794361075 39.32934536976011, 73.8468858769917 39.3270106016912, 73.85481903558059 39.325242017992046, 73.85864902000003 39.32397141932185, 73.86071169346374 39.32324007432933, 73.86244720199318 39.32277371714986, 73.86428570757954 39.32245691941756, 73.86626072591854 39.32233949945403, 73.86832998333807 39.32232143899878, 73.86978358939058 39.32222072150159, 73.87337546089523 39.32190659007022, 73.87615311049807 39.321741464337556, 73.87886930878467 39.32155095262733, 73.88041979658233 39.32151933880109, 73.88080745369824 39.32159036497969)",9901.713596853811,9.901713596853812,95.54199354367005,95.54199354367005,LDZOFBA003.WL,01,,,,,,,,,,,,,,,,,,,
447,0.05313550397819843,OFBA003C1AJ430010020000214,000214,F48,130.55575561523438,28,,0.0,碎裂岩、构造角砾岩、糜棱岩和糜棱岩化岩石、片理化岩石、石英脉、蛇绿岩团块和地层中内生的变砂岩团块,101,102,109,106,,,1∶250000 库尔干幅(J43C001002)建造构造图,"LINESTRING (74.86897815959878 39.334084539635654, 74.8709579324914 39.334398382746016, 74.87378508345068 39.33463440106221, 74.87675535912037 39.33471819498, 74.87901339843923 39.335067043347195, 74.88217070757557 39.33549432645375, 74.8850359627322 39.33603577281436, 74.8878499859888 39.336234747172114, 74.89048160879885 39.3362043324862, 74.89264370644662 39.33598185669455, 74.8961235523017 39.33545809817313, 74.89804500353733 39.33496565095355, 74.89816715630812 39.33492609923275, 74.89899858037336 39.33463163753112, 74.89982306432775 39.3343322405007, 74.90064856161548 39.334027926177725, 74.90146902278723 39.33371871034538, 74.9022853983903 39.33340461329142, 74.90309964187774 39.33308565305548, 74.90390970380608 39.33276184767578, 74.90471953763131 39.33243321744586, 74.90552309681262 39.33209978266025, 74.90632333191584 39.33176156136039, 74.90712119640942 39.331418571591094, 74.9076252589817 39.33121862819379, 74.9081532090757 39.33104374260484, 74.9087554032397 39.330868913629814, 74.90927903660209 39.33074572998833, 74.91016175318835 39.330556688656735, 74.91247539257857 39.329966193596434, 74.91333006173846 39.3297328530883, 74.91451153754862 39.329499965156, 74.91503556995463 39.32937263214834, 74.9156149541831 39.32915968630905, 74.91624751179685 39.32890400265057, 74.91698997446976 39.32867001771693, 74.91913910062732 39.32790353154004, 74.92058584323257 39.327448462394145)",4662.590046658167,4.662590046658167,99.46802644021156,99.46802644021156,LDZOFBA003.WL,28,,,,,,,,,,,,,,,,,,,
448,0.06470064384330733,OFBA003C1AJ430010020000215,000215,F50,96.42643737792969,41,,0.0,切割布伦阔勒岩群、志留系、泥盆系、二叠系地层，碎裂岩、构造角砾岩、糜棱岩和糜棱岩化岩石、片理化岩石、石英脉、蛇绿岩团块和地层中内生的变砂岩团块,101,103,109,106,,,1∶250000 库尔干幅(J43C001002)建造构造图,"LINESTRING (73.62327920457986 39.317107896771006, 73.62710107411985 39.3177750263172, 73.63324368543586 39.31912174174862, 73.63836970217953 39.32079433381185, 73.64413976685336 39.32239769993562, 73.64742902997645 39.32325369366757, 73.65117962725257 39.32380342938698, 73.65700770088365 39.324742707220985, 73.65997757138189 39.32502732264135, 73.66647503137862 39.325743839635415, 73.66974632473548 39.3259741987928, 73.67342504084407 39.32618357277563, 73.67621218822113 39.32632692870018, 73.67818308876703 39.326375995810864, 73.68260553946915 39.326163221586505, 73.6869817383053 39.32588991534327)",5633.201464499582,5.633201464499582,80.78773558000051,80.78773558000051,LDZOFBA003.WL,41,,,,,,,,,,,,,,,,,,,
449,0.5061435286019381,OFBA003C1AJ430010020000216,000216,F50,96.42643737792969,41,,0.0,切割布伦阔勒岩群、志留系、泥盆系、二叠系地层，碎裂岩、构造角砾岩、糜棱岩和糜棱岩化岩石、片理化岩石、石英脉、蛇绿岩团块和地层中内生的变砂岩团块,101,103,109,106,,,1∶250000 库尔干幅(J43C001002)建造构造图,"LINESTRING (73.68990973663996 39.325382954499204, 73.69523844432557 39.325207353894434, 73.70029505656026 39.32489002297827, 73.70239382157138 39.32473763148795, 73.70475794852489 39.324358312914235, 73.70933799035984 39.32362677682639, 73.71113368213935 39.32358359963086, 73.71366963314831 39.323601558239325, 73.71668574312298 39.32367921104304, 73.72077344315771 39.32413288707697, 73.72546673049781 39.325073102803835, 73.72847584418521 39.325945469369074, 73.73548526106946 39.32784675446029, 73.73688110681506 39.32811445739021, 73.73835575565347 39.32832597979857, 73.73972216873385 39.32833767069011, 73.7415433346065 39.32812598814407, 73.74417127123425 39.3274665716504, 73.74645755225097 39.32677578781582, 73.75330520974623 39.324696180228784, 73.75755316426414 39.323014416491255, 73.75928168811723 39.322408978553675, 73.76082268908637 39.32194073297728, 73.76247124018052 39.321672860082046, 73.76576482172268 39.321336288501485, 73.76800652142843 39.32133058844253, 73.77013367345675 39.321409100870724, 73.77218067516723 39.32177456601755, 73.77682146770657 39.323026763071354, 73.77849126840881 39.32353102071965, 73.78008745799671 39.32386356826123, 73.78176667063346 39.32394081585173, 73.783293716506 39.32401623461476, 73.78456355020248 39.3238622230078, 73.78576197832597 39.323508373179116, 73.79126953460367 39.32173257103268, 73.7932112026361 39.321445285512326, 73.79542986578065 39.32132830236995, 73.79825598775551 39.32124453487925, 73.80108364547527 39.32118912579468, 73.80386929834458 39.32119182300355, 73.80903265021968 39.321320500742566, 73.81516447657997 39.32200054793457, 73.81748313432418 39.32208919228172, 73.82001996098482 39.32218009474868, 73.82984952504862 39.32205906965342, 73.83187362939914 39.3217763158078, 73.83401147127195 39.32135362524394, 73.83798770106834 39.320503918485265, 73.84601942190847 39.31914848977708, 73.85588156658719 39.31718673186655, 73.8637010092791 39.315167543832715, 73.87304092236725 39.312724037409104, 73.8759430361821 39.311818451343534, 73.87854898440634 39.31093870000972, 73.88900802693098 39.30652828796637, 73.8936991572366 39.30523615423816, 73.89602769266398 39.30464832401557, 73.89797366732344 39.304290342492806, 73.90063171399966 39.30367938300824, 73.90711987196796 39.301301839795784, 73.92127145510293 39.2970908863564, 73.9306791037794 39.29492771961626, 73.94513975479285 39.29285056287252, 73.96025122883307 39.290403558141975, 73.96215746126055 39.29019285541206, 73.96694397436944 39.28969529610361, 73.9698598143445 39.28952532799363, 73.97248186497364 39.28946781577571, 73.9758510908468 39.28947659284649, 73.97933640037559 39.28951566684873, 73.98183812266019 39.28957351391272, 73.98422356709787 39.28965932358958, 73.98638785985331 39.28977164200352, 73.98996354686487 39.29036634689467, 73.99502300748875 39.29153130534294, 73.99661937437513 39.29192801120464, 73.99992471108433 39.292594175751724, 74.00499449912212 39.29329938836201, 74.00986010446815 39.2936885249707, 74.0139838757989 39.2939944044435, 74.016803935856 39.29401576008082, 74.01871716663089 39.29399100166193, 74.0203799984594 39.29392510140227, 74.02269624706148 39.29386409632369, 74.02863765666072 39.293243238312876, 74.03282014027582 39.292570691579655, 74.03488349087938 39.29219494843285, 74.04037401671516 39.29149328806008, 74.04243978559273 39.291196059891845, 74.04476113444139 39.29086236299259, 74.04849600122984 39.29026580790048, 74.04945553949634 39.28992088315958, 74.05026138690658 39.28953548246482, 74.05166892263495 39.28895900339715, 74.05413196033072 39.28795992200815, 74.0559898949757 39.28719107893298, 74.06413362079326 39.28396427261811, 74.06881112751748 39.28168915519921, 74.07193072663704 39.27998942835952, 74.07455555970233 39.27832107376874, 74.07531575995988 39.27781562446826, 74.0759219303432 39.27750568062738, 74.07642823419155 39.27723427809383, 74.07693103811886 39.277002216161335, 74.0775372118122 39.27677094498298, 74.07834510008945 39.27646257840041, 74.07884742196016 39.276348529981384, 74.07929955465546 39.276234080277305, 74.0798545665863 39.27615976493855, 74.08040706858557 39.27604610403836, 74.08095958712147 39.27601112408511, 74.08176451547891 39.2759387798698, 74.08241591453198 39.27594392517497, 74.08376793771482 39.27611196252521, 74.08732134112776 39.2770054600814, 74.09552333778886 39.279469515353334, 74.09930329854578 39.28024366046586, 74.1005452617584 39.28048845817965, 74.10268734149946 39.28074016209964, 74.10920536363945 39.281574192560484, 74.11149503867149 39.28190526794841, 74.1178749699002 39.2821897200528, 74.11957223451304 39.282360692517685, 74.1242288056729 39.28243999220593, 74.13214157162334 39.28222418475324, 74.13855381905492 39.28203602511399, 74.14231071277194 39.281906577622536, 74.15179931160677 39.281268755669004, 74.15918504611473 39.28053635796127, 74.16772617308932 39.279344411673804, 74.17244970353754 39.27844388910772, 74.17347848768517 39.27822502427116, 74.17918339585226 39.27701095160584, 74.18437583267907 39.275636146025974)",44279.25488953583,44.27925488953583,98.05136464417498,98.05136464417498,LDZOFBA003.WL,41,,,,,,,,,,,,,,,,,,,
451,0.012881903108226825,OFBA003C1AJ430010020000217,000217,,1.1131768226623535,01,,0.0,"C2P1t,C1w",101,101,109,106,,,1∶250000 库尔干幅(J43C001002)建造构造图,"LINESTRING (74.35500143138601 39.32707339827321, 74.36746783222081 39.328037822097066, 74.3678414850379 39.32797900889001)",1112.7398601803761,1.1127398601803762,85.21576101174695,85.21576101174695,LDZOFBA003.WL,01,,,,,,,,,,,,,,,,,,,
452,0.04825371108111617,OFBA003C1AJ430010020000218,000218,,4.182085990905762,04,,0.0,"Qsn,C2P1t,P2q,C1w",101,101,109,106,,,1∶250000 库尔干幅(J43C001002)建造构造图,"LINESTRING (74.3678414850379 39.32797900889001, 74.36819952675701 39.32792234184685, 74.37311169676494 39.32714694033431, 74.37394118852063 39.32689183380548, 74.37490950121925 39.326671416841315, 74.37670131891392 39.32640371879758, 74.37834414435024 39.326239899214585, 74.37979451633215 39.32609525080582, 74.38474520706123 39.32595782522023, 74.38701791724576 39.32598304308236, 74.38876772339482 39.325995149265275, 74.39170306072154 39.3263691945765, 74.39278118520873 39.326612461105334, 74.39404737703846 39.326680117063866, 74.39893518532367 39.32684329284099, 74.40084510908504 39.32674920390659, 74.40260525108118 39.326653220628636, 74.40526575748018 39.326292793723276, 74.41011318552081 39.32563620275883, 74.4142073998585 39.32508110405444, 74.41543863456837 39.32478903857364, 74.4157210300478 39.32472151908862)",4180.278135020864,4.180278135020864,95.39171872240672,95.39171872240672,LDZOFBA003.WL,04,,,,,,,,,,,,,,,,,,,
454,0.026297840631571073,OFBA003C1AJ430010020000219,000219,,2.315119981765747,01,,0.0,"P2q,Qp3pal",101,101,109,106,,,1∶250000 库尔干幅(J43C001002)建造构造图,"LINESTRING (73.87680976849356 39.31716724432114, 73.88224517554892 39.31902620167319, 73.89163901392722 39.321358860734605, 73.89363900872209 39.32185482871755, 73.8960543091959 39.32245433077861, 73.90001782158473 39.32321416834884, 73.90225217783515 39.32371295904502)",2314.2172866579117,2.314217286657912,72.37741931502508,72.37741931502508,LDZOFBA003.WL,01,,,,,,,,,,,,,,,,,,,
457,0.045965885462747026,OFBA003C1AJ430010020000220,000220,,4.066262245178223,01,,0.0,"Qsn,P2q",101,101,109,106,,,1∶250000 库尔干幅(J43C001002)建造构造图,"LINESTRING (74.42244352030774 39.31346291111428, 74.4189016952936 39.314816897885486, 74.41434508227684 39.315783106024504, 74.40997124372755 39.31675006136854, 74.40696101410047 39.317442368120176, 74.4039585715243 39.318132334020426, 74.39720997913763 39.320216960993726, 74.38626463108146 39.32369206161546, 74.37834414435024 39.326239899214585)",4064.5115264968754,4.064511526496875,290.8359492195083,110.83594921950828,LDZOFBA003.WL,01,,,,,,,,,,,,,,,,,,,
463,0.008760193629542336,OFBA003C1AJ430010020000221,000221,,0.7690255045890808,01,,0.0,"P2q,C1w",101,101,109,106,,,1∶250000 库尔干幅(J43C001002)建造构造图,"LINESTRING (74.4157210300478 39.32472151908862, 74.41627896287277 39.324589531957976, 74.41925322442233 39.32386609352569, 74.42423286342171 39.32265041944127)",768.8894452840789,0.7688894452840789,107.76204430939667,107.76204430939667,LDZOFBA003.WL,01,,,,,,,,,,,,,,,,,,,
464,0.10231975878378405,OFBA003C1AJ430010020000222,000222,F50,96.42643737792969,41,,0.0,切割布伦阔勒岩群、志留系、泥盆系、二叠系地层，碎裂岩、构造角砾岩、糜棱岩和糜棱岩化岩石、片理化岩石、石英脉、蛇绿岩团块和地层中内生的变砂岩团块,101,103,109,106,,,1∶250000 库尔干幅(J43C001002)建造构造图,"LINESTRING (73.51718539016643 39.30600208032736, 73.51918018564207 39.30624308036353, 73.52140966651591 39.30651881915298, 73.52375154465602 39.30662691252204, 73.53023764738485 39.30703038507345, 73.53203782716264 39.30704816275205, 73.53495743995573 39.307161715543096, 73.53704683827439 39.3073801393685, 73.53967645290766 39.307886136476405, 73.54841555850916 39.31033750911618, 73.5505757617563 39.310995326181754, 73.56083198488348 39.3135585092581, 73.562917358204 39.31410324756161, 73.56514122565765 39.314619289334416, 73.56725918122393 39.31499594171445, 73.57297766181581 39.315511160198675, 73.57574977181403 39.315615621621234, 73.57812587366706 39.31563387877386, 73.58129501205167 39.31557505037569, 73.584105774177 39.31520868961622, 73.5864869277736 39.31514395718121, 73.5892643703498 39.3151102290853, 73.59276528035336 39.3150870896817, 73.59630378306218 39.315093165725614, 73.59969851792195 39.315125411993705, 73.6026916948966 39.31526440269801, 73.61322901185733 39.31601956130518, 73.61571912929148 39.31637356881768, 73.61745386029179 39.31655588657408, 73.6183659131562 39.316618354296054)",8885.884025741554,8.885884025741554,83.21532604468037,83.21532604468037,LDZOFBA003.WL,41,,,,,,,,,,,,,,,,,,,
465,0.017801917060554878,OFBA003C1AJ430010020000223,000223,,1.5368987321853638,01,,0.0,"P2q,C1w",101,101,109,106,,,1∶250000 库尔干幅(J43C001002)建造构造图,"LINESTRING (74.43203065511354 39.32210574023571, 74.44518353364163 39.32133802636998, 74.44833561181437 39.32118202410981, 74.4498037473152 39.32109493637801)",1536.2114319557402,1.5362114319557403,94.54209559057244,94.54209559057244,LDZOFBA003.WL,01,,,,,,,,,,,,,,,,,,,
466,0.016814498684743266,OFBA003C1AJ430010020000224,000224,,1.5046197175979614,04,,0.0,Qsn,101,101,109,106,,,1∶250000 库尔干幅(J43C001002)建造构造图,"LINESTRING (74.4498037473152 39.32109493637801, 74.45136178369968 39.32100261668413, 74.45293178884891 39.320692654865525, 74.45409158281174 39.320437916151036, 74.45592586636816 39.319924101153205, 74.45701140741733 39.31952143333688, 74.4655932525804 39.31567780484753)",1504.0302421126003,1.5040302421126002,114.17410136641489,114.17410136641489,LDZOFBA003.WL,04,,,,,,,,,,,,,,,,,,,
467,0.05676724446384785,OFBA003C1AJ430010020000225,000225,F48,130.55575561523438,28,,0.0,碎裂岩、构造角砾岩、糜棱岩和糜棱岩化岩石、片理化岩石、石英脉、蛇绿岩团块和地层中内生的变砂岩团块,101,102,109,106,,,1∶250000 库尔干幅(J43C001002)建造构造图,"LINESTRING (74.93210173388675 39.320529090250275, 74.93564545097347 39.317633516689945, 74.93692171212528 39.31638077703687, 74.93733404496797 39.315995362216, 74.93770336611396 39.31557763800275, 74.93815592067406 39.315095710850706, 74.94128165063653 39.312269558602566, 74.94407772305527 39.309989991863056, 74.94580562929941 39.30857725647945, 74.94909416914423 39.30626658854602, 74.9503674784422 39.305335752815964, 74.95176387461571 39.30443740896239, 74.95262704028617 39.303827602735446, 74.95340922404996 39.30312097344072, 74.95398723719435 39.302510950604386, 74.95456986390309 39.301899705766594, 74.955733254927 39.30055364624461, 74.95955589577781 39.29632486548275, 74.96329326537636 39.292127722865544, 74.96462405522503 39.290782370263656, 74.96612582604749 39.28876106358462, 74.96720717526661 39.287510481023766, 74.96762521001632 39.28696509762472, 74.96891944219915 39.28484621374185, 74.96946141642577 39.284333590783156, 74.9700851531376 39.28382134459124, 74.97259389598355 39.28120187185697)",5619.283401507111,5.619283401507111,141.37149853110793,141.37149853110793,LDZOFBA003.WL,28,,,,,,,,,,,,,,,,,,,
469,0.023385977656851395,OFBA003C1AJ430010020000226,000226,,2.1134872436523438,01,,0.0,"P2q,C1w",101,101,109,106,,,1∶250000 库尔干幅(J43C001002)建造构造图,"LINESTRING (74.4871073431704 39.30734639542449, 74.48266572246304 39.30783330339364, 74.4807035425739 39.308289900601594, 74.47987157348724 39.308549075106846, 74.479079038009 39.30886774509011, 74.47797915156151 39.30945011356673, 74.47702732557136 39.310092952521494, 74.47634363404006 39.31056052409605, 74.47551095956067 39.310908432973164, 74.47494425094894 39.311111799575166, 74.47369957786249 39.31145923259953, 74.4724143726321 39.31195367734653, 74.4700255570726 39.31317894117213, 74.46700357611294 39.31504597481061, 74.4655932525804 39.31567780484753)",2112.6563977092533,2.1126563977092534,296.82812473826664,116.82812473826664,LDZOFBA003.WL,01,,,,,,,,,,,,,,,,,,,
470,0.0590877864683312,OFBA003C1AJ430010020000227,000227,,5.35950231552124,01,,0.0,P2q,101,101,109,106,,,1∶250000 库尔干幅(J43C001002)建造构造图,"LINESTRING (74.48540151090192 39.288844162748234, 74.48003025852846 39.28910806903399, 74.47547713487012 39.29007669293556, 74.47292724768755 39.290630349038544, 74.46635979179031 39.29342629711231, 74.45777531667132 39.298049320885426, 74.4519295957863 39.30141298634603, 74.43714428883268 39.30840707551764, 74.43135525396526 39.311267666195505)",5357.458683402747,5.357458683402747,298.4450990596008,118.4450990596008,LDZOFBA003.WL,01,,,,,,,,,,,,,,,,,,,
471,0.08365882639833909,OFBA003C1AJ430010020000228,000228,,7.428942680358887,01,,0.0,"P2q,C1w",101,101,109,106,,,1∶250000 库尔干幅(J43C001002)建造构造图,"LINESTRING (74.57935777681227 39.29212030896884, 74.57834902081805 39.29258849841981, 74.57800557546325 39.292731769351015, 74.5775276683004 39.29291577290469, 74.57720979297936 39.29299693263797, 74.57692042614701 39.29305749178007, 74.5763896803797 39.29315816316732, 74.57562149444458 39.29334045475499, 74.57482775889804 39.29356409269845, 74.57418945374948 39.29380962450235, 74.57371208003138 39.29407782413689, 74.57301794838205 39.2944074604618, 74.5725918906278 39.29463430350757, 74.57221983333037 39.29488217312133, 74.56966146938777 39.296617467598175, 74.56643744027055 39.29866162549819, 74.56561100525805 39.29907379320938, 74.5615690514015 39.30118350318125, 74.56077137419952 39.301515162775836, 74.56000167794642 39.30180562141439, 74.55923118964645 39.302074864780586, 74.5549631276635 39.30374854554062, 74.55344183497354 39.3041800924005, 74.55197388245608 39.30448616471466, 74.5508262083086 39.304752118915474, 74.5495717458204 39.30493361721912, 74.54869095710774 39.30511723342564, 74.54564816390273 39.30539327533283, 74.54497987486319 39.30538945100969, 74.5386898675095 39.305161615489226, 74.53794403325564 39.30515674603553, 74.53733138267292 39.3051527411815, 74.53693188254692 39.30517106971581, 74.5364792186239 39.30523092621316, 74.53602506923757 39.305395787355536, 74.53538945734238 39.30560239756258, 74.53173986159031 39.306730564593614, 74.53052730555015 39.307095899690474, 74.52972957107967 39.307361833495385, 74.52910458818207 39.3074937880543, 74.52862006469805 39.30758146323131, 74.5271375323406 39.30766470872462, 74.52616703927973 39.307660399828976, 74.52568329426606 39.307658243485555, 74.52522716895137 39.30770112004072, 74.52457144490124 39.30774310555338, 74.5242293253665 39.30776403415486, 74.5239717461094 39.307785343074, 74.52345748594523 39.30778304961044, 74.52183149840945 39.30761780695223, 74.52005991736733 39.30733915881696, 74.51980387479354 39.30724805982725, 74.5192611723857 39.306931129251296, 74.5189470001276 39.3067948629899, 74.5186613834729 39.306658749974986, 74.51737509608715 39.30597893981332, 74.51518603620043 39.30497106136397, 74.5126939891751 39.30428508220408, 74.51239729980708 39.30419535205052, 74.51202112010529 39.30415090681239, 74.51084083765859 39.30399627500248, 74.5101133861245 39.30399122510675, 74.50955114647445 39.30398729353599, 74.50912125991314 39.30400521397754, 74.50863764228117 39.30404367409616, 74.50804657205254 39.304144130895104, 74.50764157456238 39.304224981479436, 74.50705149453825 39.304304518790865, 74.5041756769068 39.30468179851824, 74.50339751531378 39.30478091256664, 74.50275123306344 39.30481773754152, 74.50118148205668 39.30480596941916, 74.49977937977887 39.30469414757316)",7426.0587335217715,7.426058733521772,281.7864683713785,101.78646837137848,LDZOFBA003.WL,01,,,,,,,,,,,,,,,,,,,
472,0.012835565469929314,OFBA003C1AJ430010020000229,000229,,1.1166706085205078,01,,0.0,ChSt.,101,101,109,106,,,1∶250000 库尔干幅(J43C001002)建造构造图,"LINESTRING (73.51425594821424 39.28862915400025, 73.51225768005732 39.28902898348609, 73.50822968714826 39.289856455432265, 73.50628471451257 39.29014929065939, 73.50469181612588 39.29030679459958, 73.50280614165241 39.2904368498684, 73.50158305889084 39.290545131036)",1116.2361133478198,1.1162361133478198,281.9547961195845,101.9547961195845,LDZOFBA003.WL,01,,,,,,,,,,,,,,,,,,,
473,0.036378908736361716,OFBA003C1AJ430010020000230,000230,,3.8901329040527344,01,,0.0,"K1kz,J3kz,P2q,γπT3",101,101,109,106,,,1∶250000 库尔干幅(J43C001002)建造构造图,"LINESTRING (74.98021539304555 39.29851684611787, 74.97765575845438 39.29262363701864, 74.97634153174499 39.29001287259178, 74.97615413231445 39.28963958677699, 74.97596557979914 39.28911733383089, 74.97431347091566 39.28478967311793, 74.97420558913069 39.28456472591924, 74.97375487004524 39.28362281755947, 74.97291213978463 39.28186551429313, 74.97259389598355 39.28120187185697, 74.9714100948157 39.27873314098184, 74.97027973484275 39.27637776962667, 74.96914609544531 39.274179470771884, 74.96473134273567 39.265628596761644)",3888.6593786995722,3.8886593786995722,200.11473275291866,20.114732752918655,LDZOFBA003.WL,01,,,,,,,,,,,,,,,,,,,
474,0.06685588327978834,OFBA003C1AJ430010020000231,000231,,5.9113850593566895,04,,0.0,"ChSt.,Qsn",101,101,109,106,,,1∶250000 库尔干幅(J43C001002)建造构造图,"LINESTRING (73.51425594821424 39.28862915400025, 73.51477363209608 39.28852441115601, 73.51922319023451 39.287624429427495, 73.52449958707483 39.28624031363233, 73.52661518528896 39.285521500581325, 73.5300651234093 39.2842504031934, 73.53574502589571 39.28174045545026, 73.53719158463967 39.281275905225215, 73.54008383385121 39.28047697815966, 73.55017652931978 39.27822284079072, 73.55904950942752 39.27560995112765, 73.57212575926687 39.272256252167814, 73.57412764803259 39.27166709406398, 73.5760712630412 39.27107741672187, 73.5785085782667 39.270597856743926)",5909.24777224155,5.9092477722415495,110.77426554468178,110.77426554468178,LDZOFBA003.WL,04,,,,,,,,,,,,,,,,,,,
476,0.10155415266857114,OFBA003C1AJ430010020000232,000232,,11.056203842163086,01,,0.0,"K1kz,P2q,C1w,γπT3",101,101,109,106,,,1∶250000 库尔干幅(J43C001002)建造构造图,"LINESTRING (74.99978905151939 39.29617918428123, 74.99948172082033 39.29557463201337, 74.99883150671137 39.29457639756967, 74.99834578324301 39.29404429709217, 74.99730926050944 39.292880804964035, 74.99667534996543 39.29201090344086, 74.99504965097222 39.289149300041764, 74.9922619808149 39.28517583955396, 74.99192057579671 39.28459499401375, 74.99146589942103 39.283692895017786, 74.99074112733956 39.28217047229362, 74.98893769938032 39.276423264622146, 74.98730857514154 39.271767755186794, 74.98685812095277 39.26940515414036, 74.98667545100211 39.26864176386999, 74.98653942206687 39.26780971592859, 74.98581551568395 39.263375346124896, 74.98502949582604 39.258081099167256, 74.98493578380183 39.25731964802958, 74.98502778707933 39.256558661705455, 74.98520894824583 39.25568916357275, 74.98620972740792 39.25018300226477, 74.98890856809689 39.23877900193747, 74.98985864442373 39.23366433390655, 74.99086901288585 39.228218873923176, 74.9914412511569 39.225768885770805, 74.99270551885371 39.22037341014051, 74.9930190467836 39.21833812039954, 74.99328982133692 39.21666624474665, 74.99378825132871 39.21506645427658, 74.99514921325166 39.21027665239953, 74.99551613653298 39.20941568453565, 74.99601952412326 39.20830352531656, 74.99637805822901 39.20686294043625, 74.99852097395697 39.1997846335146)",11051.927585987361,11.051927585987361,180.58657278955255,0.5865727895525481,LDZOFBA003.WL,01,,,,,,,,,,,,,,,,,,,
477,0.03171743876466526,OFBA003C1AJ430010020000233,000233,,2.758852481842041,01,,0.0,P2q,101,101,109,106,,,1∶250000 库尔干幅(J43C001002)建造构造图,"LINESTRING (74.49324507909186 39.28907354295595, 74.50334927038678 39.29111510113098, 74.5059471498282 39.291288190681584, 74.50803832117818 39.291256525247896, 74.508716444214 39.29119278571135, 74.50992511578906 39.29113273120895, 74.51116345530207 39.291004411470084, 74.51239972781082 39.290898895453545, 74.51418755178481 39.290726078917814, 74.5166128270944 39.290263923083266, 74.5178198359972 39.29008929891138, 74.51920160695705 39.28987041908779, 74.52213988851068 39.2893883603753, 74.52455871583389 39.28886034349864)",2757.8563423290902,2.7578563423290903,90.81297522959741,90.81297522959741,LDZOFBA003.WL,01,,,,,,,,,,,,,,,,,,,
478,0.011861804066291958,OFBA003C1AJ430010020000234,000234,,1.045278549194336,01,,0.0,P2q,101,101,109,106,,,1∶250000 库尔干幅(J43C001002)建造构造图,"LINESTRING (74.52814571842977 39.28652814481174, 74.53030962354406 39.2860142924398, 74.5312321051896 39.28574939686822, 74.53203543306361 39.285573816208476, 74.53266917500342 39.28544228014489, 74.53382079323175 39.285088651135666, 74.53422145073789 39.28500085137541, 74.53456760456878 39.28491274831908, 74.53491382897191 39.28477967208921, 74.53554670051001 39.28455818501193, 74.53571727564123 39.28451413051053, 74.53961169225596 39.28352211672498)",1044.7751075774272,1.0447751075774272,108.93726715330702,108.93726715330702,LDZOFBA003.WL,01,,,,,,,,,,,,,,,,,,,
479,0.03360458855204429,OFBA003C1AJ430010020000235,000235,,3.010310411453247,01,,45.0,"P2q,C1w",101,101,109,106,,,1∶250000 库尔干幅(J43C001002)建造构造图,"LINESTRING (74.62427977291964 39.275153501340256, 74.62259146053745 39.27531035505147, 74.62218102781385 39.275379576775414, 74.62163996168512 39.275503796127275, 74.62100423466393 39.27579783140365, 74.62023943711999 39.276140762876196, 74.61834543139004 39.27667528776711, 74.61654821122198 39.2772060292559, 74.61295228066372 39.27816009919282, 74.61060038000765 39.27890356685845, 74.60824583215081 39.279754315768294, 74.60630734551145 39.28082107639169, 74.60478312993808 39.28188921350288, 74.60325747356019 39.28285000123307, 74.60200982610083 39.283489726287904, 74.60104199151498 39.284023057915576, 74.60034788964234 39.28428702812084, 74.59941249017224 39.28460659146351, 74.59874727796634 39.28476831149192, 74.59645519398606 39.285170589833285, 74.59529147370833 39.285385421356146, 74.59279597783919 39.285940394466934)",3008.9673098120056,3.0089673098120056,294.0379646158248,114.03796461582482,LDZOFBA003.WL,01,,,,,,,,,,,,,,,,,,,
480,0.018627049200111385,OFBA003C1AJ430010020000236,000236,,1.6140414476394653,01,,0.0,"K1kz,P2q",101,101,109,106,,,1∶250000 库尔干幅(J43C001002)建造构造图,"LINESTRING (74.97375487004524 39.28362281755947, 74.97716505342768 39.28374786929056, 74.97948648691012 39.28363621371533, 74.98007851772608 39.28363746942986, 74.98081855337878 39.28363903934316, 74.9816079249738 39.283640706931926, 74.98574779789288 39.28407695017733, 74.9922619808149 39.28517583955396)",1613.2386946595238,1.6132386946595239,83.84786851726552,83.84786851726552,LDZOFBA003.WL,01,,,,,,,,,,,,,,,,,,,
484,0.028668801069483725,OFBA003C1AJ430010020000237,000237,,2.487031936645508,01,,78.0,P2q,101,101,109,106,,,1∶250000 库尔干幅(J43C001002)建造构造图,"LINESTRING (74.54794633117014 39.28218815737659, 74.55578518266132 39.281555187137855, 74.56422382955554 39.280569992439275, 74.56844749043495 39.279681630138946, 74.57637745072437 39.278684547283056)",2486.056389594031,2.486056389594031,99.28713497454888,99.28713497454888,LDZOFBA003.WL,01,,,,,,,,,,,,,,,,,,,
485,0.5306824458775397,OFBA003C1AJ430010020000238,000238,,46.21815872192383,04,,0.0,"P2q,Qsn,D2kz",101,102,109,106,,,1∶250000 库尔干幅(J43C001002)建造构造图,"LINESTRING (74.17347848768517 39.27822502427116, 74.17924788665395 39.27957424067983, 74.18342711139545 39.28055056675478, 74.19037319099037 39.281199708410625, 74.20397150874679 39.28153375316028, 74.23179339964538 39.281600607825624, 74.2681119915101 39.28231514716793, 74.29006126706025 39.282210880128865, 74.32330557084181 39.28287193621456, 74.33551781656637 39.28157554438061, 74.34926519182646 39.280411940657544, 74.37230773046453 39.27569748592949, 74.39135679986286 39.27095762808618, 74.42253445652872 39.26664785491965, 74.43579353372391 39.266092243293855, 74.44712542952283 39.26676728110104, 74.46738812260477 39.26934436264428, 74.4849335013335 39.272030066669174, 74.4898731696764 39.27245182806187, 74.49259569199481 39.27268437179984, 74.50281154945965 39.273597369510455, 74.50938084863051 39.27310920528023, 74.51602870425386 39.27261481899861, 74.51703100851871 39.27254009748485, 74.52182985428448 39.27156687496423, 74.53248494858109 39.268604532163614, 74.5374029247604 39.26723668732413, 74.54822741595156 39.26422457470453, 74.55334563739507 39.263251287209144, 74.56202659661919 39.262024775181196, 74.56788774415747 39.261195994074356, 74.57444406435724 39.259978848156024, 74.57788516562431 39.25929650657075, 74.58243542980235 39.25839411422845, 74.58843757810062 39.25710503085069, 74.59314703869295 39.256092944738356, 74.59938531761635 39.25448153032278, 74.60365347725465 39.25349798210449, 74.61265348731042 39.25142319851861, 74.62021669020909 39.249979796082776, 74.6283474525798 39.24842725721074, 74.63886437258816 39.24641814489537, 74.65773302983601 39.24274341243754, 74.65922835397252 39.242452466292875, 74.66576595237727 39.24094871730938, 74.67018584735327 39.23993221358756, 74.6788201132946 39.236853096952345, 74.68382992843671 39.23483326064755, 74.68585634149733 39.23401729756808, 74.6944902742292 39.23068874978504, 74.69530107158047 39.23047157241569, 74.69654759981877 39.230138346865786)",46200.06229597021,46.200062295970206,97.1010947115923,97.1010947115923,LDZOFBA003.WL,04,,,,,,,,,,,,,,,,,,,
487,0.12368450296934738,OFBA003C1AJ430010020000239,000239,,10.729015350341797,31,,0.0,"ChSt.,Pt1K.",101,101,109,106,,,1∶250000 库尔干幅(J43C001002)建造构造图,"LINESTRING (74.05698448953055 39.26484213616358, 74.05411887404144 39.265133644065585, 74.04820172545502 39.26536082052401, 74.0468412223815 39.26538903214241, 74.04573113632404 39.265458635284, 74.04452141821633 39.26560608078055, 74.03693273066605 39.26648781320741, 74.03542345580813 39.26667205534151, 74.03422172491503 39.26670141788345, 74.0333194496321 39.26669392870907, 74.03026314192212 39.26658981579414, 74.027259183012 39.26625000976191, 74.02611341905593 39.266004932278214, 74.02531441713964 39.26592058710325, 74.02346529455635 39.265750102771165, 74.02141526118297 39.26573552094397, 74.0205631300133 39.265768803835286, 74.01950822858261 39.26587854552452, 74.01799750117135 39.26594468347724, 74.01341770197006 39.266260771741905, 74.01190664981134 39.26644504416295, 74.01044632405217 39.26659032052615, 74.00948983014152 39.26666103241798, 74.0085318921672 39.266771142404345, 74.00747580274297 39.26684098340363, 74.00656759580438 39.26691209989145, 74.00566500674957 39.26704591122579, 74.00476978215647 39.26708728916846, 74.00387915552078 39.267135875398544, 74.00298722807025 39.267191661788274, 74.00209609224869 39.267254646892845, 74.00120384638927 39.26732482256553, 74.00031658596204 39.26740217838639, 73.9994274063744 39.26748670844116, 73.99853940020272 39.26757840229068, 73.99765366868216 39.26767725182481, 73.99676930149593 39.267783246585196, 73.99588839997892 39.26789637171315, 73.98497052485389 39.27019326775815, 73.97057999551308 39.27259069577575, 73.95975520199572 39.27392884453077, 73.9483930188238 39.27505515901843, 73.93427004222924 39.27705666428032)",10724.823269160408,10.724823269160408,277.93314119291415,97.93314119291415,LDZOFBA003.WL,31,,,,,,,,,,,,,,,,,,,
489,0.01957723908176261,OFBA003C1AJ430010020000240,000240,,1.9540716409683228,01,,0.0,P2q,101,101,109,106,,,1∶250000 库尔干幅(J43C001002)建造构造图,"LINESTRING (74.97291213978463 39.28186551429313, 74.98653942206687 39.26780971592859)",1953.2030885572024,1.9532030885572023,143.01303480519394,143.01303480519394,LDZOFBA003.WL,01,,,,,,,,,,,,,,,,,,,
492,0.1992306038358895,OFBA003C1AJ430010020000241,000241,,18.656021118164062,01,,46.0,"P2q,C1w",101,101,109,106,,,1∶250000 库尔干幅(J43C001002)建造构造图,"LINESTRING (74.63569388618235 39.27968368553261, 74.63747385583102 39.28049762127811, 74.63848516683288 39.28102613307885, 74.64000383710922 39.28168754230204, 74.64168886857222 39.28267780152488, 74.64295175647347 39.28360107164994, 74.64429785075161 39.28459025391564, 74.64505342508177 39.28538061139059, 74.64555915636151 39.28603885041966, 74.64597771152935 39.286434155258576, 74.64648312880381 39.28715806013346, 74.64689536923922 39.287978942878034, 74.64713186016847 39.28875963774563, 74.64740191409108 39.28937920113888, 74.64760752449028 39.28975650707916, 74.64791701071228 39.29008052996742, 74.6483966556215 39.2906204065505, 74.64884184188213 39.29099882906751, 74.64922070724818 39.29126940231037, 74.64969975766193 39.29159421713434, 74.65080295257654 39.29208318837979, 74.65124989162197 39.29219278290493, 74.65193909245079 39.292195960588664, 74.65259536047476 39.292199572634416, 74.6535970106658 39.292071171784485, 74.65552832324708 39.29197521590034, 74.65628712406304 39.2919259917391, 74.65728759514816 39.2918244380944, 74.65801125840714 39.29172123065885, 74.65884000679908 39.29167239950755, 74.65977033005927 39.291758588390415, 74.661111682019 39.29195475162449, 74.66163013673415 39.2920653500592, 74.66266122066232 39.29225965433172, 74.67567945699007 39.29550522725646, 74.67759781143054 39.296211113512015, 74.6794957115331 39.29685603209347, 74.68109359634606 39.29719966397169, 74.68317100867945 39.297512744995494, 74.68377543992997 39.2975829057604, 74.68420710624846 39.29758468356944, 74.68485780383989 39.29765501685457, 74.68541927333033 39.29765731932578, 74.686415563624 39.29762755390375, 74.68693306974849 39.2975620021281, 74.68806121751518 39.297295903628125, 74.6884513705851 39.29712831042585, 74.68970828286463 39.29636395718965, 74.69005721790812 39.295987103995074, 74.69085145635708 39.29534451126829, 74.69185371992113 39.29456820334234, 74.69309568594797 39.293819765667, 74.69355371701847 39.29355844020756, 74.69457577235254 39.29321046256357, 74.69492306601371 39.293144204373284, 74.69531260643316 39.29307811687674, 74.69574324999772 39.293046025492686, 74.69639399261136 39.293048621911346, 74.69695365149586 39.29318616690443, 74.699377451038 39.293636534888364, 74.69998562329313 39.29363966180046, 74.70050762399963 39.29370998861839, 74.70137544463837 39.293714444959605, 74.70211594011545 39.29371823044907, 74.70267938541033 39.293788769031046, 74.7056761053855 39.294209955658715, 74.70645747781664 39.294349230488805, 74.70676047757783 39.29448557138108, 74.70710652830385 39.29462175858363, 74.70732104934685 39.294825005702414, 74.70757950190676 39.29509590235887, 74.70792394703565 39.29563710353576, 74.70981537136414 39.29824242755033, 74.7102026507777 39.298716265487805, 74.71063173415875 39.299122745476865, 74.71110597589778 39.299563121116364, 74.7114969998381 39.29976694387515, 74.7119279605974 39.30003841363301, 74.71253396966692 39.30037796832569, 74.71322374831027 39.30071821775222, 74.71409154761024 39.30099319944359, 74.71530311506376 39.30130334024074, 74.71569304690142 39.30137266153863, 74.71621408839351 39.30144241358493, 74.71699493948358 39.301411003747646, 74.71742883222296 39.30137843410516, 74.71794766202048 39.30131214371431, 74.71881583889274 39.30117897945995, 74.71933905639236 39.30104466435322, 74.72033731049153 39.30074187203225, 74.72124999192086 39.3002718879563, 74.72325063023727 39.299163500851, 74.72381554081434 39.29879366818748, 74.72424756948895 39.29859226210027, 74.72494534413913 39.29805399675547, 74.72546675305654 39.29771779836545, 74.72590202086731 39.29731387526522, 74.72638160221275 39.29674130182955, 74.72677383080492 39.29613475605904, 74.7276925524884 39.294685726415175, 74.7283023391322 39.29404597012392, 74.72961070051312 39.292395391579014, 74.73013349102723 39.29182290922126, 74.73082977301581 39.29118335327824, 74.73248134076972 39.2898373674307, 74.73313331313494 39.289197691164794, 74.73352741895914 39.28875987894718, 74.73387583699486 39.28838946270952, 74.73483171797248 39.28741300527163, 74.73552730082568 39.28687467498549, 74.73757069188537 39.28559706973031, 74.73813380924506 39.28532842294764, 74.7396529303799 39.28463492708368, 74.74389756446284 39.282819223767746, 74.74481609904261 39.282454791627806, 74.74751193111958 39.28136188480503, 74.74839659139748 39.2810107287751, 74.74931310090582 39.28060532580539, 74.75029923361359 39.28006428238502, 74.75090972051837 39.27973969550587, 74.75131820711309 39.27946899199885, 74.75440740030719 39.277791754117125, 74.75688884098082 39.27638474611018, 74.75804316496802 39.275898289212094, 74.75906154113679 39.27546585948054, 74.76177981035428 39.27400491398976, 74.76232323309888 39.27370728629601, 74.7629695444411 39.273355545821666, 74.7639549221201 39.272950160386344, 74.77110363215537 39.26968373282337, 74.77375785800108 39.26849859351258, 74.77605102538712 39.26719937974566, 74.77692239654112 39.26671218424394, 74.77768736879722 39.266251901285905, 74.77879990929665 39.26552058164497, 74.78001544435173 39.26465429737278, 74.78182180034082 39.263118029777964, 74.78741808931704 39.2581291132545, 74.78835752756801 39.25718439612314, 74.7892640072924 39.2561854995434, 74.79307763897576 39.252409464032176, 74.7937992888442 39.2515195553959, 74.79473158951193 39.25030582398165, 74.79583883074866 39.249067569061715, 74.79903494786585 39.24498810241791, 74.7995198420207 39.244292058449794, 74.80014825261021 39.24327433645437, 74.80077464504083 39.242256613116915, 74.80132907793678 39.241453449297424, 74.80247937776615 39.23968253069348)",18648.788985822746,18.648788985822748,107.32302855715412,107.32302855715412,LDZOFBA003.WL,01,,,,,,,,,,,,,,,,,,,
493,0.03588111541538448,OFBA003C1AJ430010020000242,000242,,3.1075189113616943,01,,0.0,P2q,101,101,109,106,,,1∶250000 库尔干幅(J43C001002)建造构造图,"LINESTRING (74.58650113479239 39.27819604985762, 74.59738694383655 39.27643292632378, 74.6061180693993 39.275615041023904, 74.61684520978847 39.27508568840514, 74.62218102781385 39.275379576775414)",3106.30275837484,3.1063027583748397,96.04974467140983,96.04974467140983,LDZOFBA003.WL,01,,,,,,,,,,,,,,,,,,,
495,0.09373817858349988,OFBA003C1AJ430010020000243,000243,F50,96.42643737792969,04,,0.0,切割布伦阔勒岩群、志留系、泥盆系、二叠系地层，碎裂岩、构造角砾岩、糜棱岩和糜棱岩化岩石、片理化岩石、石英脉、蛇绿岩团块和地层中内生的变砂岩团块,101,103,109,106,,,1∶250000 库尔干幅(J43C001002)建造构造图,"LINESTRING (74.18437583267907 39.275636146025974, 74.19634581030718 39.27322307934563, 74.20794461738977 39.270800554913095, 74.2174600692189 39.268789691222175, 74.2278899853373 39.26682123673185, 74.2342957363448 39.26580261011429, 74.24474354534941 39.26369158761915, 74.25114391516948 39.26217428864125, 74.25689475349748 39.261554416517264, 74.2594836960222 39.26118133313428, 74.26334562185038 39.26056484995449, 74.26561774814145 39.26020166967002, 74.26730378510209 39.25999954153641, 74.26840585175363 39.25986732959621, 74.27149598398445 39.25949572091441, 74.27653143523128 39.25879762954199)",8175.092007286857,8.175092007286857,103.71485332352003,103.71485332352003,LDZOFBA003.WL,04,,,,,,,,,,,,,,,,,,,
496,0.009146220756473238,OFBA003C1AJ430010020000244,000244,,0.8019131422042847,04,,0.0,"ChSt.,Qsn",101,101,109,106,,,1∶250000 库尔干幅(J43C001002)建造构造图,"LINESTRING (73.58277501893345 39.26970021186847, 73.58769527430435 39.26846722397352, 73.59044371264294 39.26792854865088, 73.59169311101674 39.26768404272637)",801.7666641395328,0.8017666641395329,107.11105603948047,107.11105603948047,LDZOFBA003.WL,04,,,,,,,,,,,,,,,,,,,
497,0.061721573593711616,OFBA003C1AJ430010020000245,000245,,5.407295227050781,01,,0.0,ChSt.,101,101,109,106,,,1∶250000 库尔干幅(J43C001002)建造构造图,"LINESTRING (73.70952964227031 39.25914450229886, 73.72593148112178 39.26016579766971, 73.73734395990053 39.26199782887107, 73.75811216298686 39.26797896113744, 73.7629435413148 39.26946275621836, 73.76579602065114 39.27020009011944, 73.76980344360096 39.27114245943019)",5405.089604926099,5.405089604926099,76.43459812835776,76.43459812835776,LDZOFBA003.WL,01,,,,,,,,,,,,,,,,,,,
499,0.007480392697166426,OFBA003C1AJ430010020000246,000246,,0.6537705063819885,01,,0.0,ChSt.,101,101,109,106,,,1∶250000 库尔干幅(J43C001002)建造构造图,"LINESTRING (73.59169311101674 39.26768404272637, 73.59466336826264 39.26691345386203, 73.59698151692159 39.26660779080846, 73.59902743952749 39.26627018383274)",653.517862124051,0.653517862124051,104.81711224596661,104.81711224596661,LDZOFBA003.WL,01,,,,,,,,,,,,,,,,,,,
500,0.05232500021093956,OFBA003C1AJ430010020000247,000247,,4.550608158111572,01,,0.0,"P2q,C1w,γπT3",101,101,109,106,,,1∶250000 库尔干幅(J43C001002)建造构造图,"LINESTRING (74.96914609544531 39.274179470771884, 74.96801120879438 39.274465556490696, 74.96263110985947 39.27582450517347, 74.96169171202526 39.275996516389334, 74.96150394486735 39.2760544403662, 74.96101509762934 39.27611094891975, 74.9602294696661 39.27615677452533, 74.9596666321428 39.27613397742696, 74.95254989347363 39.27542575293256, 74.95038503255618 39.275206150855595, 74.94029474475361 39.27418242061328, 74.93825116938119 39.27397509754389, 74.93665558375729 39.27385385689207, 74.93620920244014 39.27376456661749, 74.93550504445206 39.27361583233638, 74.93472370499858 39.2734374906861, 74.93193986498272 39.272960311501954, 74.928041307061 39.27212923227965, 74.92733384960772 39.272039895035434, 74.92629381153186 39.271891192102935, 74.92328152255821 39.27138631585219, 74.92209145492451 39.27123716023939, 74.91745592719634 39.27057111605837)",4548.823668343939,4.548823668343939,264.903882175972,84.903882175972,LDZOFBA003.WL,01,,,,,,,,,,,,,,,,,,,
504,0.009518083423781565,OFBA003C1AJ430010020000248,000248,,0.8225406408309937,04,,0.0,Qsn,101,101,109,106,,,1∶250000 库尔干幅(J43C001002)建造构造图,"LINESTRING (73.608528369455 39.26610677989587, 73.60664394935418 39.26599436538043, 73.60465115286091 39.265975562911514, 73.60320262126648 39.2660533248351, 73.59979595754879 39.26614302901071, 73.59902743952749 39.26627018383274)",822.2219455357113,0.8222219455357113,272.15128088994686,92.15128088994686,LDZOFBA003.WL,04,,,,,,,,,,,,,,,,,,,
505,0.07659080782135905,OFBA003C1AJ430010020000249,000249,,6.688357353210449,01,,0.0,ChSt.,101,101,109,106,,,1∶250000 库尔干幅(J43C001002)建造构造图,"LINESTRING (73.608528369455 39.26610677989587, 73.60906923953806 39.26613907305991, 73.61106141140021 39.266188888755146, 73.61493452666933 39.266435886962284, 73.61718905117618 39.266461933898455, 73.62062302144393 39.26673906684716, 73.62756933940369 39.26683528651399, 73.63691313772529 39.26719795248884, 73.64072101555018 39.26717323106709, 73.64818393246527 39.26742748562666, 73.65001880371155 39.26723192454315, 73.65157770631845 39.267064172315365, 73.6529034682386 39.266863666964674, 73.65434925122963 39.26651190379478, 73.65614955277331 39.26601115467159, 73.66076288075254 39.26465379607985, 73.66287531345463 39.26394269784648, 73.66549488036425 39.26326488313419, 73.6690536315661 39.26225795511917, 73.67116894554063 39.261635235384766, 73.675311335277 39.2606636313848, 73.68079734776406 39.259003831037084, 73.6822545342195 39.25843487187668, 73.68370597875372 39.257776285237384)",6685.572955790071,6.685572955790072,98.96936086225848,98.96936086225848,LDZOFBA003.WL,01,,,,,,,,,,,,,,,,,,,
516,0.47999776419312,OFBA003C1AJ430010020000250,000250,,42.19500732421875,31,,0.0,"ChSt.,Qp3pal,Qp3gl,Qhpl",101,101,109,106,,,1∶250000 库尔干幅(J43C001002)建造构造图,"LINESTRING (74.54718065750848 39.16653466754236, 74.52823941271392 39.17135906627404, 74.52716704965533 39.17163237204179, 74.51907479879479 39.17408620691498, 74.51221127618845 39.176129212509686, 74.50572745411192 39.17751401376854, 74.50235791519609 39.178547327903075, 74.50150386446272 39.17877732092702, 74.50056518875796 39.179074961196946, 74.49964726034516 39.179411206740085, 74.49875169162219 39.17978509876795, 74.49788502937575 39.18019557243995, 74.49720973287747 39.18055572930815, 74.49297752263281 39.182291298409226, 74.48598723025673 39.18515847861705, 74.46775298046825 39.19492585570774, 74.45529239695303 39.200624537587665, 74.45024990400924 39.20292955266509, 74.44529064270198 39.204443674905484, 74.43764077809304 39.20711952176373, 74.43144133453053 39.20977733696749, 74.42180325284639 39.213274447662634, 74.41270677194615 39.215958202728984, 74.4119795279879 39.21597541001259, 74.39583056443985 39.216356887287546, 74.39330561165134 39.216245093652084, 74.3918457425496 39.21623405166056, 74.38977962496696 39.21599341279777, 74.38017922782711 39.21479853404399, 74.36599974245365 39.21562210392577, 74.34663168540666 39.217992021164335, 74.34245112429834 39.21784345090084, 74.33981760757213 39.21796023257629, 74.33746557856017 39.21806456044797, 74.32760011552962 39.219134376666965, 74.30856914725742 39.222263098700594, 74.30702705921472 39.22251614311884, 74.29313754870134 39.22403399590502, 74.27671914378631 39.226343164661806, 74.26066415492575 39.22979758950819, 74.25802950956285 39.23004029993369, 74.256124884561 39.230216038394765, 74.2550354702984 39.23031634588702, 74.24934801080555 39.231072712753345, 74.24400994364652 39.23178208867033, 74.2203270088988 39.234253848402076, 74.20966703896859 39.23551441447373, 74.19572145180416 39.23716142222297, 74.17618593389601 39.239882398001846, 74.16138979616994 39.242206164974135, 74.13806402753306 39.247329962378025, 74.12541102612298 39.250721800034995, 74.11409922055583 39.25256265095976, 74.10297104781782 39.25336394901695, 74.09405179325164 39.25559904808307, 74.08102341743769 39.260938243612095)",42178.57696493725,42.17857696493725,285.0253703945524,105.0253703945524,LDZOFBA003.WL,31,,,,,,,,,,,,,,,,,,,
520,0.015946293385749044,OFBA003C1AJ430010020000251,000251,F50,96.42643737792969,41,,0.0,切割布伦阔勒岩群、志留系、泥盆系、二叠系地层，碎裂岩、构造角砾岩、糜棱岩和糜棱岩化岩石、片理化岩石、石英脉、蛇绿岩团块和地层中内生的变砂岩团块,101,103,109,106,,,1∶250000 库尔干幅(J43C001002)建造构造图,"LINESTRING (74.27653143523128 39.25879762954199, 74.29178521958411 39.25647834162149, 74.29180916629238 39.25647606885105, 74.29230011098555 39.25642956694555)",1385.8340149137107,1.3858340149137107,101.38584071350178,101.38584071350178,LDZOFBA003.WL,41,,,,,,,,,,,,,,,,,,,
522,0.02218291297946357,OFBA003C1AJ430010020000252,000252,F50,96.42643737792969,04,,0.0,切割布伦阔勒岩群、志留系、泥盆系、二叠系地层，碎裂岩、构造角砾岩、糜棱岩和糜棱岩化岩石、片理化岩石、石英脉、蛇绿岩团块和地层中内生的变砂岩团块,101,103,109,106,,,1∶250000 库尔干幅(J43C001002)建造构造图,"LINESTRING (74.29230011098555 39.25642956694555, 74.30757953120025 39.25497823080949, 74.31433329607528 39.253929401122505)",1922.4641841194384,1.9224641841194383,98.74468431199234,98.74468431199234,LDZOFBA003.WL,04,,,,,,,,,,,,,,,,,,,
524,0.0066439100404526155,OFBA003C1AJ430010020000253,000253,F50,96.42643737792969,41,,0.0,切割布伦阔勒岩群、志留系、泥盆系、二叠系地层，碎裂岩、构造角砾岩、糜棱岩和糜棱岩化岩石、片理化岩石、石英脉、蛇绿岩团块和地层中内生的变砂岩团块,101,103,109,106,,,1∶250000 库尔干幅(J43C001002)建造构造图,"LINESTRING (74.31433329607528 39.253929401122505, 74.31508330615279 39.25381291701327, 74.32087316600091 39.25275950898811)",579.0876544365124,0.5790876544365123,103.389094851967,103.389094851967,LDZOFBA003.WL,41,,,,,,,,,,,,,,,,,,,
525,0.04269127435805144,OFBA003C1AJ430010020000254,000254,,4.101451873779297,01,,0.0,ChSt.,101,101,109,106,,,1∶250000 库尔干幅(J43C001002)建造构造图,"LINESTRING (73.74582532584292 39.24899498216613, 73.74829850013619 39.243937001040656, 73.74931581341589 39.24250215046327, 73.75071122538677 39.24121915977668, 73.7556445571707 39.23803460841401, 73.76404548273574 39.23254869255217, 73.77087322465542 39.22819991650263, 73.77484770821792 39.225797611204406, 73.7781258411984 39.22419233579854, 73.77916707145738 39.22380215726317)",4099.851162539638,4.099851162539638,134.95779484191513,134.95779484191513,LDZOFBA003.WL,01,,,,,,,,,,,,,,,,,,,
526,0.1444518348539741,OFBA003C1AJ430010020000255,000255,F50,96.42643737792969,04,,0.0,切割布伦阔勒岩群、志留系、泥盆系、二叠系地层，碎裂岩、构造角砾岩、糜棱岩和糜棱岩化岩石、片理化岩石、石英脉、蛇绿岩团块和地层中内生的变砂岩团块,101,103,109,106,,,1∶250000 库尔干幅(J43C001002)建造构造图,"LINESTRING (74.32087316600091 39.25275950898811, 74.32312155417077 39.252438474277454, 74.32503932814244 39.25211266558488, 74.32717764750545 39.25174862831956, 74.3280489703939 39.251614170334044, 74.33213772852605 39.250981359393585, 74.34467616734008 39.249224649751355, 74.35014122237807 39.24878484210223, 74.36148042414506 39.24760491641147, 74.3643130157175 39.2473926481336, 74.36483933714845 39.24735321292286, 74.36828771831308 39.24715519487632, 74.37112554903982 39.24699210180896, 74.3746353229687 39.24678771646764, 74.37817499666777 39.24674109094853, 74.38318984101943 39.24683055235433, 74.38910154028424 39.24685036633215, 74.39049312577012 39.2467858705659, 74.39203641298917 39.246644507414366, 74.39422515561104 39.24631369372274, 74.3968599578933 39.2458697653571, 74.404769813111 39.244837096217395, 74.4122793091593 39.244021555462275, 74.41598268838254 39.24330517943231, 74.41802138075344 39.24279972052051, 74.4212576491571 39.24215749478252, 74.42537365484773 39.24130007058008, 74.42873639664431 39.2403900442645, 74.43210853212781 39.23976302905541, 74.4457277529284 39.23671643077395, 74.44933204531031 39.23584401061073, 74.45757907824348 39.233845960289905, 74.46343629214418 39.2323048833096)",12570.61916672622,12.57061916672622,100.83872940352124,100.83872940352124,LDZOFBA003.WL,04,,,,,,,,,,,,,,,,,,,
537,0.12213332513758819,OFBA003C1AJ430010020000256,000256,,11.205543518066406,07,,0.0,"ChSt.,P2q,Qsn,D2kz",101,101,109,106,,,1∶250000 库尔干幅(J43C001002)建造构造图,"LINESTRING (74.75127301893973 39.22527444767592, 74.74940397103106 39.22643143604464, 74.7404980546251 39.23317893846252, 74.73831385671394 39.235006785962, 74.7345029834866 39.236548922403905, 74.72924183879739 39.23724169773716, 74.72840797233128 39.23721152129484, 74.72507365928472 39.23709094185429, 74.71999759948675 39.23679687955968, 74.71582917420714 39.23622285690656, 74.71075969102165 39.235082524902566, 74.70988442919695 39.234813086304385, 74.70152501179284 39.23223961518018, 74.69772319605632 39.23082000724659, 74.69654759981877 39.230138346865786, 74.693565281166 39.228412476050366, 74.6910384033019 39.226150116481826, 74.68833129849476 39.22346428334029, 74.68818863473824 39.22286103229768, 74.6877975240511 39.22120717461698, 74.68798501754081 39.21979787915796, 74.68907921180171 39.21782709614722, 74.69072129239004 39.215575789686, 74.69363004250519 39.21375074108263, 74.69417496045175 39.21347021474094, 74.6968656362295 39.212306888391836, 74.70325314038797 39.20954627476736, 74.71006916217144 39.20697450100794, 74.71131783619036 39.20658739003807, 74.71257000797743 39.20629101919986, 74.72053735173967 39.20463578567196, 74.72485694011199 39.203926803579186, 74.72629317041464 39.203568732098596, 74.72772938622477 39.2032106405626, 74.7307200495533 39.20212930440252, 74.7314767079565 39.20173474985764)",11201.069163936761,11.201069163936761,213.3570150165579,33.35701501655791,LDZOFBA003.WL,07,,,,,,,,,,,,,,,,,,,
544,0.010133862700020858,OFBA003C1AJ430010020000257,000257,F50,96.42643737792969,41,,0.0,切割布伦阔勒岩群、志留系、泥盆系、二叠系地层，碎裂岩、构造角砾岩、糜棱岩和糜棱岩化岩石、片理化岩石、石英脉、蛇绿岩团块和地层中内生的变砂岩团块,101,103,109,106,,,1∶250000 库尔干幅(J43C001002)建造构造图,"LINESTRING (74.46343629214418 39.2323048833096, 74.47295067724757 39.229790633546926, 74.47323094679696 39.229705623990824)",893.3000338650377,0.8933000338650376,109.17671801538228,109.17671801538228,LDZOFBA003.WL,41,,,,,,,,,,,,,,,,,,,
550,0.015059155492389923,OFBA003C1AJ430010020000258,000258,F50,96.42643737792969,41,,0.0,切割布伦阔勒岩群、志留系、泥盆系、二叠系地层，碎裂岩、构造角砾岩、糜棱岩和糜棱岩化岩石、片理化岩石、石英脉、蛇绿岩团块和地层中内生的变砂岩团块,101,103,109,106,,,1∶250000 库尔干幅(J43C001002)建造构造图,"LINESTRING (74.47750062544728 39.22841046147365, 74.48757333108962 39.22535419901603, 74.49188523076164 39.223955796885576)",1336.5513906851345,1.3365513906851345,112.03626456117233,112.03626456117233,LDZOFBA003.WL,41,,,,,,,,,,,,,,,,,,,
554,0.02277641092125448,OFBA003C1AJ430010020000259,000259,,2.279191493988037,01,,0.0,ChSt.,101,101,109,106,,,1∶250000 库尔干幅(J43C001002)建造构造图,"LINESTRING (73.69394918371547 39.21513529755022, 73.69649301207235 39.212031052010374, 73.70088435476599 39.20692568626901, 73.70479421360832 39.20302064036469, 73.70809145683569 39.20015643123352, 73.70962134057999 39.19866675217412)",2278.3328010902464,2.2783328010902464,144.305192187232,144.305192187232,LDZOFBA003.WL,01,,,,,,,,,,,,,,,,,,,
555,0.0600100157878561,OFBA003C1AJ430010020000260,000260,,5.598857402801514,05,,70.0,ChSt.,101,101,101,106,,,1∶250000 库尔干幅(J43C001002)建造构造图,"LINESTRING (73.79639948071832 39.21573679414326, 73.80508761978886 39.21036286193174, 73.81376718479387 39.205017677703125, 73.81951728149048 39.20156126647267, 73.8244953209918 39.199200097057044, 73.82946938108617 39.19704884610777, 73.83491287055973 39.19442833850079, 73.84049114728086 39.19123038192635, 73.84376117446732 39.1892192221976, 73.84561301379533 39.18787363411331, 73.84811785348106 39.18562900792655)",5596.795320431939,5.596795320431939,127.54803084479626,127.54803084479626,LDZOFBA003.WL,05,,,,,,,,,,,,,,,,,,,
556,0.046265919971245455,OFBA003C1AJ430010020000261,000261,,4.19474458694458,07,,0.0,"ChSt.,P2q",101,101,109,106,,,1∶250000 库尔干幅(J43C001002)建造构造图,"LINESTRING (74.80517962700375 39.20160100457319, 74.79568569736074 39.206502740203724, 74.79078496476541 39.209172658321265, 74.78588471489421 39.21156040646773, 74.77789939486478 39.21450602490914, 74.76973708660138 39.21716877596985, 74.76271371244862 39.21966104831879)",4193.112946787718,4.193112946787718,298.8004016768235,118.80040167682353,LDZOFBA003.WL,07,,,,,,,,,,,,,,,,,,,
558,0.00917126410227957,OFBA003C1AJ430010020000262,000262,F50,96.42643737792969,41,,0.0,切割布伦阔勒岩群、志留系、泥盆系、二叠系地层，碎裂岩、构造角砾岩、糜棱岩和糜棱岩化岩石、片理化岩石、石英脉、蛇绿岩团块和地层中内生的变砂岩团块,101,103,109,106,,,1∶250000 库尔干幅(J43C001002)建造构造图,"LINESTRING (74.50805133678955 39.21865032905582, 74.50967989485935 39.21809554891425, 74.51663051530134 39.215411641652054)",823.3977894445413,0.8233977894445413,116.19535739960882,116.19535739960882,LDZOFBA003.WL,41,,,,,,,,,,,,,,,,,,,
561,0.05611331589026846,OFBA003C1AJ430010020000263,000263,,5.9145121574401855,01,,0.0,ChSt.,101,101,109,106,,,1∶250000 库尔干幅(J43C001002)建造构造图,"LINESTRING (74.00781602483035 39.21006446545901, 74.0091802951876 39.205865567246974, 74.01109545051541 39.2007264022017, 74.01300782206918 39.19611293205037, 74.01540296944077 39.19055893741084, 74.01889989920343 39.183477932620754, 74.02220965046548 39.17663552874982, 74.02440308374052 39.17306455304436, 74.02531339110392 39.17226307744808, 74.02905369267377 39.168336622005135, 74.0323711798127 39.1642631415055, 74.03482857515098 39.16164172838206)",5912.214291566345,5.912214291566345,157.15085786959796,157.15085786959796,LDZOFBA003.WL,01,,,,,,,,,,,,,,,,,,,
562,0.008234823990114359,OFBA003C1AJ430010020000264,000264,F50,96.42643737792969,41,,0.0,切割布伦阔勒岩群、志留系、泥盆系、二叠系地层，碎裂岩、构造角砾岩、糜棱岩和糜棱岩化岩石、片理化岩石、石英脉、蛇绿岩团块和地层中内生的变砂岩团块,101,103,109,106,,,1∶250000 库尔干幅(J43C001002)建造构造图,"LINESTRING (74.52778903564823 39.212140893516775, 74.53569134560608 39.20982446879792)",729.0952671699869,0.7290952671699868,110.94231557038115,110.94231557038115,LDZOFBA003.WL,41,,,,,,,,,,,,,,,,,,,
564,0.11964131300692112,OFBA003C1AJ430010020000265,000265,,10.591279029846191,05,,85.0,"Pt1K.,ChSt.",101,101,101,106,,,1∶250000 库尔干幅(J43C001002)建造构造图,"LINESTRING (74.02862328561694 39.20721571224959, 74.03727700266133 39.20354928362593, 74.04342943107208 39.200867967544134, 74.04862760850425 39.19849038074382, 74.05341151054971 39.19649628235968, 74.05904151896289 39.19442764422051, 74.06808335516232 39.19144641734503, 74.07290757036802 39.18987962883623, 74.07421488497609 39.189537327966846, 74.07536941838751 39.18927274923319, 74.0762268114023 39.188964449504, 74.07698067633643 39.18881283445586, 74.07763317479507 39.18866041998075, 74.07848710791662 39.188548986475794, 74.0792396754374 39.18843675130806, 74.08039668648883 39.18832768504096, 74.0872252049227 39.18782983206037, 74.08883109848932 39.18768482218442, 74.09078908599375 39.187424345197265, 74.09365313219627 39.18705268062421, 74.09832737039623 39.186191611193394, 74.10022569701687 39.18584566669625, 74.10167733377992 39.18545878333309, 74.10362901974143 39.184682732434105, 74.1075807837886 39.1834117104599, 74.1097295224527 39.18263947147551, 74.11193156742014 39.18190700362793, 74.11707947108368 39.18036874090571, 74.11827880647606 39.1800229116434, 74.11912571245374 39.179832160336616, 74.1199766110566 39.17964140276413, 74.12082981488946 39.17952954970162, 74.12168947231588 39.179457157029624, 74.1223953079832 39.17942304995048, 74.12325351339057 39.17939007992825, 74.12416362179015 39.17931804861466, 74.12613453778363 39.179056808432655, 74.13218975776957 39.17839731898702, 74.1364223490107 39.177923851941756, 74.14070362647738 39.17764744266407, 74.14352109035116 39.177607817672126)",10586.957514550286,10.586957514550285,108.89982958286741,108.89982958286741,LDZOFBA003.WL,05,,,,,,,,,,,,,,,,,,,
565,0.00547688122946606,OFBA003C1AJ430010020000266,000266,F50,96.42643737792969,41,,0.0,切割布伦阔勒岩群、志留系、泥盆系、二叠系地层，碎裂岩、构造角砾岩、糜棱岩和糜棱岩化岩石、片理化岩石、石英脉、蛇绿岩团块和地层中内生的变砂岩团块,101,103,109,106,,,1∶250000 库尔干幅(J43C001002)建造构造图,"LINESTRING (74.5417831500134 39.20803777084878, 74.54376189324117 39.207457715148635, 74.54703878691224 39.206496826741095)",484.9391213019152,0.4849391213019152,110.93751408970158,110.93751408970158,LDZOFBA003.WL,41,,,,,,,,,,,,,,,,,,,
566,0.014743177276717851,OFBA003C1AJ430010020000267,000267,F50,96.42643737792969,04,,0.0,切割布伦阔勒岩群、志留系、泥盆系、二叠系地层，碎裂岩、构造角砾岩、糜棱岩和糜棱岩化岩石、片理化岩石、石英脉、蛇绿岩团块和地层中内生的变砂岩团块,101,103,109,106,,,1∶250000 库尔干幅(J43C001002)建造构造图,"LINESTRING (74.54707300480926 39.20681563876998, 74.55552956872975 39.20465878966134, 74.5612154605959 39.20269369025777)",1305.625484077323,1.3056254840773232,110.81843111804491,110.81843111804491,LDZOFBA003.WL,04,,,,,,,,,,,,,,,,,,,
567,0.009073236623719757,OFBA003C1AJ430010020000268,000268,F50,96.42643737792969,41,,0.0,切割布伦阔勒岩群、志留系、泥盆系、二叠系地层，碎裂岩、构造角砾岩、糜棱岩和糜棱岩化岩石、片理化岩石、石英脉、蛇绿岩团块和地层中内生的变砂岩团块,101,103,109,106,,,1∶250000 库尔干幅(J43C001002)建造构造图,"LINESTRING (74.56088393079922 39.20243385491677, 74.5639583327656 39.201532074805215, 74.5695898395163 39.19987831693693)",803.4728566046847,0.8034728566046847,110.94472236552942,110.94472236552942,LDZOFBA003.WL,41,,,,,,,,,,,,,,,,,,,
568,0.020345124002867816,OFBA003C1AJ430010020000269,000269,,1.9794210195541382,04,,0.0,"ChSt.,Qsn,D2kz",101,102,109,106,,,1∶250000 库尔干幅(J43C001002)建造构造图,"LINESTRING (74.7314767079565 39.20173474985764, 74.7348164245515 39.19999367856424, 74.73646409288821 39.19887873471045, 74.73708145928077 39.19836058570655, 74.73867914518576 39.19716540465972, 74.73965705720785 39.19636832227617, 74.74125545560106 39.19501304095981, 74.74542569867799 39.19090022596889, 74.74633773940639 39.18972282605562, 74.74655801562817 39.18939821472172, 74.74694352789233 39.18882340131889)",1978.5908952102575,1.9785908952102575,137.1761638307841,137.1761638307841,LDZOFBA003.WL,04,,,,,,,,,,,,,,,,,,,
570,0.007496977260412054,OFBA003C1AJ430010020000270,000270,F50,96.42643737792969,41,,0.0,切割布伦阔勒岩群、志留系、泥盆系、二叠系地层，碎裂岩、构造角砾岩、糜棱岩和糜棱岩化岩石、片理化岩石、石英脉、蛇绿岩团块和地层中内生的变砂岩团块,101,103,109,106,,,1∶250000 库尔干幅(J43C001002)建造构造图,"LINESTRING (74.57236731289227 39.19902863886317, 74.57853170954776 39.19692330381387, 74.57946967539782 39.19662926220808)",668.6625330598395,0.6686625330598395,113.73695462768173,113.73695462768173,LDZOFBA003.WL,41,,,,,,,,,,,,,,,,,,,
571,0.02075014517371683,OFBA003C1AJ430010020000271,000271,F50,96.42643737792969,04,,0.0,切割布伦阔勒岩群、志留系、泥盆系、二叠系地层，碎裂岩、构造角砾岩、糜棱岩和糜棱岩化岩石、片理化岩石、石英脉、蛇绿岩团块和地层中内生的变砂岩团块,101,103,109,106,,,1∶250000 库尔干幅(J43C001002)建造构造图,"LINESTRING (74.57961771959307 39.19706691042943, 74.58951997321986 39.19493897713483, 74.59206438011034 39.1944537093079, 74.59572530540748 39.192736752085025, 74.59905268438597 39.190538393323415)",1859.4522607347776,1.8594522607347777,113.6086887802349,113.6086887802349,LDZOFBA003.WL,04,,,,,,,,,,,,,,,,,,,
572,0.23350586003099974,OFBA003C1AJ430010020000272,000272,,21.874011993408203,07,,0.0,"ChSt.,Qsn,C1w,γοC2,δοC2",101,101,109,106,,,1∶250000 库尔干幅(J43C001002)建造构造图,"LINESTRING (75.00000099999441 39.1081323435185, 74.99645894427498 39.10798253219256, 74.99416918321742 39.10748956709424, 74.99212334944306 39.10681217584426, 74.98840374952731 39.1049735517704, 74.9850564835112 39.10308602971277, 74.98128935231335 39.1003603194098, 74.97999336485859 39.09967889619879, 74.97882442664257 39.09909495307792, 74.97356581093166 39.09695109612193, 74.97238723760846 39.096463344678625, 74.97059034413402 39.09578043324854, 74.9694693688973 39.09568264450161, 74.96891234165138 39.095584997913186, 74.96847682863687 39.09558487647274, 74.96810444964949 39.09548727857619, 74.96474740000333 39.09499881584331, 74.96368927505404 39.095047230437224, 74.95649929143886 39.096264700160965, 74.95518740816787 39.096703090408944, 74.95300036300084 39.09791980621642, 74.95231524809407 39.098308330251804, 74.95188029492151 39.09869733574796, 74.95137983323495 39.09942734389173, 74.95112795546264 39.100060372065805, 74.95106436689692 39.10088869354051, 74.95118470319652 39.1017661135861, 74.95142730084014 39.10283870163818, 74.95210272876052 39.104724993486215, 74.95259538522193 39.10559590512434, 74.95296316108717 39.1064182438593, 74.95333191618506 39.10748223222992, 74.9535731701738 39.10864264379242, 74.95369318002014 39.10960947667746, 74.95369208402701 39.110334435854305, 74.9536251240059 39.11101095544474, 74.95343787323132 39.11173555200559, 74.95324785652939 39.11217016596873, 74.95306104300747 39.11255644810476, 74.95200049363972 39.1141009776293, 74.95168734941714 39.11453534631232, 74.9511889962855 39.115211005412824, 74.9507523136809 39.115741790978916, 74.95019088379686 39.116417324841336, 74.94925646825715 39.11723711454063, 74.94820457142418 39.11805841628439, 74.94659693271925 39.119024506005246, 74.94196083000398 39.1221803258444, 74.94167509210182 39.12242305758293, 74.94115773897619 39.12286493419858, 74.94016922012459 39.12364726006839, 74.93887157555746 39.12452715733074, 74.93794461401934 39.12511367770424, 74.93695384980391 39.12574908318402, 74.9361493384788 39.12623671354223, 74.93540759507813 39.126626531923954, 74.93466584638405 39.1270163455417, 74.93237361873037 39.12779433697158, 74.93144713367141 39.12813484395914, 74.9305186374983 39.128377518693696, 74.93002118141433 39.12852227517533, 74.92921707989584 39.128812595109935, 74.92674079931666 39.12973219450439, 74.9186216734791 39.133056506440994, 74.91831920485623 39.13318077281756, 74.91542931538481 39.13443221100211, 74.90953181756942 39.13698613650816, 74.90810832435753 39.13776748068842, 74.90518454903011 39.13923169803449, 74.90296902168026 39.1402891206895, 74.90243745312324 39.140543522622956, 74.89749758685731 39.142728636697356, 74.89694591362218 39.142972152308154, 74.88822533343978 39.146411813266596, 74.88673397764794 39.14694283720499, 74.88505812439072 39.14757061124711, 74.8797051021059 39.14998155674543, 74.87941163773155 39.15010126639416, 74.87568122371844 39.152052303203746, 74.87097952944465 39.154512708051776, 74.86917070963474 39.155798195411926, 74.86625704763483 39.15786871093979, 74.86571295751288 39.15818106545092, 74.86452593168934 39.15881614512192, 74.86321554172301 39.15925458953627, 74.8623427497129 39.15964520003545, 74.8611559552061 39.16013320286756, 74.85997328798555 39.16062102499989, 74.85935029421842 39.16091395467573, 74.85860181229792 39.1612065251125, 74.84894522819782 39.16500968635834, 74.84757628065681 39.165640873687835, 74.84622136838449 39.1663380970889, 74.84333793746397 39.167825005177775, 74.84252712535141 39.16845797878952, 74.8416516963995 39.169237627009096, 74.84027925741074 39.170406780798174, 74.83947074556242 39.17089274720909, 74.83890760462347 39.17123294962538, 74.83578416158576 39.172789461627254, 74.8348464781399 39.17317847322585, 74.83403419396306 39.17351884073948, 74.83321990196865 39.173859202554176, 74.83259713871536 39.17405318232043, 74.82828509005168 39.17526379662515, 74.82634690309537 39.175796015306844, 74.82509685587986 39.176036733027416, 74.82428417256712 39.17622990176592, 74.82303132190226 39.176666392604645, 74.82096578680493 39.17803024876082, 74.82008922368004 39.178565826779725, 74.81933992196726 39.17915025300679, 74.81877778930271 39.17958840245801, 74.81796921044081 39.180270197014956, 74.8172810859868 39.18109921408488, 74.81678195610247 39.18183110039152, 74.81634521617953 39.182465382830344, 74.81584702027074 39.18324618124876, 74.81540984077122 39.18432072722484, 74.81248102184507 39.19348842220082)",21865.521178003153,21.865521178003153,300.369609888214,120.36960988821397,LDZOFBA003.WL,07,,,,,,,,,,,,,,,,,,,
573,0.009494346835547552,OFBA003C1AJ430010020000273,000273,F50,96.42643737792969,41,,0.0,切割布伦阔勒岩群、志留系、泥盆系、二叠系地层，碎裂岩、构造角砾岩、糜棱岩和糜棱岩化岩石、片理化岩石、石英脉、蛇绿岩团块和地层中内生的变砂岩团块,101,103,109,106,,,1∶250000 库尔干幅(J43C001002)建造构造图,"LINESTRING (74.60810389134984 39.18767229540557, 74.60334594271995 39.189146809177196, 74.59905268438597 39.190538393323415)",843.9625173501718,0.8439625173501718,292.39210801186266,112.39210801186266,LDZOFBA003.WL,41,,,,,,,,,,,,,,,,,,,
575,0.14753712860453805,OFBA003C1AJ430010020000274,000274,,13.967437744140625,07,,0.0,"ChSt.,Qsn,D2kz",101,101,109,106,,,1∶250000 库尔干幅(J43C001002)建造构造图,"LINESTRING (74.74694352789233 39.18882340131889, 74.75380892838612 39.1786130080415, 74.75396896920714 39.17822586988668, 74.75491007113219 39.17471632989297, 74.75557370846981 39.172237558303934, 74.75716968639608 39.168716370314996, 74.76126388964143 39.16308558757789, 74.76492100220553 39.16025346833785, 74.76693988624555 39.1586914178208, 74.77689487420977 39.15331187557569, 74.78220746197667 39.15087445235019, 74.78352526451175 39.150238461569195, 74.78558758678044 39.14950121646085, 74.78668850518362 39.149132886179196, 74.78771751704228 39.148657597289855, 74.78895673579206 39.14810323468467, 74.78971176647912 39.147733347302186, 74.79125700150416 39.146833745113334, 74.79177310998473 39.14651603125459, 74.79225312505999 39.14619773960181, 74.79273104072827 39.14579946268928, 74.79355295329015 39.145055758812724, 74.79666724237978 39.14210652525186, 74.7973950656207 39.141334463556774, 74.80040425250475 39.138565066134454, 74.80397684719946 39.135256093546666, 74.8047715501354 39.13463765331145, 74.80532599881656 39.13418045638051, 74.8103774710027 39.13040467782515, 74.81126524176604 39.12987123469284, 74.81222336876691 39.129338117791356, 74.81352231708057 39.12872599605979, 74.81471768841955 39.12808646968876, 74.81787857104317 39.12691816257623, 74.81863340460765 39.126706577422404, 74.81914775200605 39.12660142640315, 74.81983688171972 39.12647018535082, 74.82000766543345 39.126444097348, 74.82052470836103 39.126386765608856, 74.82730512218804 39.12563324892673, 74.8277378109561 39.12565273925421, 74.83243363436797 39.12586313910722, 74.83377539253813 39.125866836004356, 74.83498249156695 39.12584318786923, 74.83608430256974 39.12581924471855, 74.83704833444662 39.12582186861008, 74.838147108403 39.125770591820704, 74.84268744189248 39.1252303228869, 74.84374537970044 39.125149548783334, 74.84610227829822 39.12448880172058, 74.84746802538521 39.12409214104843, 74.85166848838205 39.1224467755223, 74.85296620206783 39.121915755627526, 74.85535689893928 39.12082606973942, 74.85918291286696 39.118706506243115, 74.86157304175974 39.11724585760359, 74.86194797166871 39.117032800750216, 74.86334954055445 39.11655406992231, 74.86574945681303 39.11601217232338)",13961.947173727098,13.961947173727097,128.32917456365468,128.32917456365468,LDZOFBA003.WL,07,,,,,,,,,,,,,,,,,,,
576,0.0056082670805542335,OFBA003C1AJ430010020000275,000275,F50,96.42643737792969,41,,0.0,切割布伦阔勒岩群、志留系、泥盆系、二叠系地层，碎裂岩、构造角砾岩、糜棱岩和糜棱岩化岩石、片理化岩石、石英脉、蛇绿岩团块和地层中内生的变砂岩团块,101,103,109,106,,,1∶250000 库尔干幅(J43C001002)建造构造图,"LINESTRING (74.61549704470607 39.1850368289318, 74.61856954040913 39.18389732613183, 74.6207396476214 39.18304558437196)",503.883380139171,0.503883380139171,116.2554191592848,116.2554191592848,LDZOFBA003.WL,41,,,,,,,,,,,,,,,,,,,
578,0.012381348336528857,OFBA003C1AJ430010020000276,000276,F50,96.42643737792969,41,,0.0,切割布伦阔勒岩群、志留系、泥盆系、二叠系地层，碎裂岩、构造角砾岩、糜棱岩和糜棱岩化岩石、片理化岩石、石英脉、蛇绿岩团块和地层中内生的变砂岩团块,101,103,109,106,,,1∶250000 库尔干幅(J43C001002)建造构造图,"LINESTRING (74.6355165139552 39.17643901725813, 74.6294050830392 39.17917148491445, 74.62421331362802 39.18149227845879)",1125.9322369008814,1.1259322369008815,300.1069135507507,120.10691355075068,LDZOFBA003.WL,41,,,,,,,,,,,,,,,,,,,
579,0.04288106847151931,OFBA003C1AJ430010020000277,000277,,3.864888906478882,01,,0.0,ChSt.,101,101,109,106,,,1∶250000 库尔干幅(J43C001002)建造构造图,"LINESTRING (73.86527764153168 39.17613156189253, 73.867752296675 39.17549650450148, 73.8753735443244 39.17283927372187, 73.88174740444771 39.17012152330395, 73.88842277062211 39.16815155800533, 73.89452705351458 39.16571514628511, 73.89984998045651 39.16313904271594, 73.90515248004053 39.16059807658435)",3863.4588871766505,3.8634588871766504,117.28918455904166,117.28918455904166,LDZOFBA003.WL,01,,,,,,,,,,,,,,,,,,,
580,0.032009099017238085,OFBA003C1AJ430010020000278,000278,,3.2990171909332275,01,,0.0,"ChSt.,δοP",101,101,109,106,,,1∶250000 库尔干幅(J43C001002)建造构造图,"LINESTRING (73.72691514062845 39.170108464303944, 73.73025375770716 39.16481317731984, 73.73661170232076 39.15532419022813, 73.7371652006653 39.15448858921403, 73.74063791854836 39.14923439506507, 73.74386063516444 39.14601099616682, 73.74571742629597 39.14438426358835)",3297.815516470717,3.297815516470717,151.15548344532843,151.15548344532843,LDZOFBA003.WL,01,,,,,,,,,,,,,,,,,,,
582,0.009733387660559978,OFBA003C1AJ430010020000279,000279,F50,96.42643737792969,04,,0.0,切割布伦阔勒岩群、志留系、泥盆系、二叠系地层，碎裂岩、构造角砾岩、糜棱岩和糜棱岩化岩石、片理化岩石、石英脉、蛇绿岩团块和地层中内生的变砂岩团块,101,103,109,106,,,1∶250000 库尔干幅(J43C001002)建造构造图,"LINESTRING (74.65067378310164 39.16795069886683, 74.64595193397595 39.17104456519445, 74.64253168643374 39.17328409319242)",919.2729585302488,0.9192729585302488,310.30420789428416,130.30420789428416,LDZOFBA003.WL,04,,,,,,,,,,,,,,,,,,,
584,0.060831962288439206,OFBA003C1AJ430010020000280,000280,,5.365896701812744,04,,0.0,"ChSt.,D2kz",101,101,109,106,,,1∶250000 库尔干幅(J43C001002)建造构造图,"LINESTRING (74.71382921483196 39.16686963523277, 74.70637672216785 39.16505953397689, 74.70555215478387 39.164815140914286, 74.70441878028548 39.16440842194622, 74.70167999801622 39.16353004213717, 74.69947123201256 39.162820748857825, 74.69474907522604 39.16179500186544, 74.67688787946189 39.15750905372614, 74.66025781372164 39.15303633148933, 74.65497176986518 39.15158737628003)",5363.712199880598,5.363712199880598,251.75528201360032,71.75528201360032,LDZOFBA003.WL,04,,,,,,,,,,,,,,,,,,,
586,0.006832993032648319,OFBA003C1AJ430010020000281,000281,F50,96.42643737792969,41,,0.0,切割布伦阔勒岩群、志留系、泥盆系、二叠系地层，碎裂岩、构造角砾岩、糜棱岩和糜棱岩化岩石、片理化岩石、石英脉、蛇绿岩团块和地层中内生的变砂岩团块,101,103,109,106,,,1∶250000 库尔干幅(J43C001002)建造构造图,"LINESTRING (74.65531800634068 39.164932688508735, 74.65792709816014 39.1631186778281, 74.65902959022972 39.162176766308065, 74.66067807542767 39.16071205475659)",659.7625795942415,0.6597625795942416,135.54258336695295,135.54258336695295,LDZOFBA003.WL,41,,,,,,,,,,,,,,,,,,,
591,0.025300194957316818,OFBA003C1AJ430010020000282,000282,,2.222837209701538,01,,0.0,"ChSt.,D2kz",101,101,109,106,,,1∶250000 库尔干幅(J43C001002)建造构造图,"LINESTRING (74.6303206172408 39.14594492318215, 74.64713022922483 39.14942661694286, 74.65497176986518 39.15158737628003)",2221.88597942814,2.2218859794281403,73.8444229972055,73.8444229972055,LDZOFBA003.WL,01,,,,,,,,,,,,,,,,,,,
593,0.07018183423490978,OFBA003C1AJ430010020000283,000283,,6.611504554748535,01,,0.0,"D2kz,D3q,Qsn",101,101,109,106,,,1∶250000 库尔干幅(J43C001002)建造构造图,"LINESTRING (74.61057754951162 39.14179546128294, 74.61684281743088 39.13744460343444, 74.6187650476445 39.13624622475528, 74.61968353238927 39.13572837650824, 74.62056198652158 39.13527557029246, 74.62185778423094 39.13469410228697, 74.62340102956468 39.13421154080674, 74.62519576715209 39.133632187892125, 74.62699133870315 39.132889736311455, 74.63285895220193 39.13017175887557, 74.63443187464107 39.12952440937197, 74.63700148604431 39.128456143545556, 74.63828851442629 39.12787306760204, 74.64605706931708 39.123502057011166, 74.652109853262 39.12017830055218, 74.65280060913359 39.1197988840216, 74.65383924272012 39.11899072558966, 74.6548770023796 39.1181501120028, 74.6611158464184 39.11219763531257, 74.66432274986637 39.10948653063103, 74.66516044663433 39.10874519217522, 74.66570495020967 39.10826170194804, 74.66948855888872 39.10485859260489)",6608.915413408303,6.608915413408303,129.05901875765628,129.05901875765628,LDZOFBA003.WL,01,,,,,,,,,,,,,,,,,,,
595,0.11055808219979235,OFBA003C1AJ430010020000284,000284,,10.221748352050781,04,,0.0,"Qsn,D2kz,D3q",101,101,109,106,,,1∶250000 库尔干幅(J43C001002)建造构造图,"LINESTRING (74.65785993442769 39.13632438729672, 74.67548189529133 39.129444593729815, 74.70205694334508 39.119131131976296, 74.70904709310729 39.11395293251043, 74.71446172244502 39.11076946134997, 74.72215643507619 39.10681915385559, 74.72669956622754 39.1034190849455, 74.72779510148622 39.10228423847206, 74.73533729445374 39.09632533384971, 74.73779677225872 39.094840307622, 74.74217463175144 39.09180463255883, 74.7482135776965 39.08856275519291, 74.74921572436736 39.088124973794905, 74.7509092859694 39.08738468329332, 74.75516532823652 39.085525634551495)",10217.90663222521,10.21790663222521,124.01104886511794,124.01104886511794,LDZOFBA003.WL,04,,,,,,,,,,,,,,,,,,,
597,0.040520407462571566,OFBA003C1AJ430010020000285,000285,,4.494569301605225,31,,0.0,"Qp3pal,D2kz",101,101,109,106,,,1∶250000 库尔干幅(J43C001002)建造构造图,"LINESTRING (74.59191453966625 39.09303898226599, 74.59128915278326 39.098764906576164, 74.59123868764198 39.10158332090329, 74.59147976945634 39.10437417335398, 74.59220133105185 39.11365847422996, 74.59243548124455 39.116225531746586, 74.5928158129552 39.12532697881393, 74.59297399511394 39.13346635950086)",4492.814707967778,4.492814707967779,1.4267029382871774,1.4267029382871774,LDZOFBA003.WL,31,,,,,,,,,,,,,,,,,,,
598,0.06305452550223603,OFBA003C1AJ430010020000286,000286,,5.710240840911865,07,,0.0,"ChSt.,C1w",101,101,109,106,,,1∶250000 库尔干幅(J43C001002)建造构造图,"LINESTRING (74.99999999999442 39.113465808772915, 74.99573788147251 39.11365685703549, 74.99421116701402 39.11399558280751, 74.9921917695728 39.11441866976976, 74.99110108005556 39.11471567207307, 74.98941308710782 39.11496820919807, 74.98777569872796 39.11517802112924, 74.98575985325891 39.115386775576034, 74.98139701670416 39.115938004791424, 74.97604245481317 39.11738980189342, 74.97505394814924 39.11789916874381, 74.97406342725375 39.11840852491105, 74.97312927683281 39.11938716009461, 74.97252676009217 39.12006805827744, 74.97214188704808 39.12066420118159, 74.9718114653515 39.12143553925214, 74.97165061447103 39.122337882124526, 74.97164991421643 39.122982709156105, 74.97176291349827 39.123584824856216, 74.97220335795919 39.12423075486346, 74.97302750239031 39.12509259015545, 74.97346861888616 39.12556656158856, 74.97445703484786 39.12621385629475, 74.97577710848893 39.12699092481783, 74.9772553754483 39.12772568636117, 74.97872761504696 39.12828911810823, 74.98009272935901 39.128766219507455, 74.98161722449464 39.12920082040027, 74.98227323206329 39.12928881136715, 74.98358115509518 39.12942179447855, 74.98488918083798 39.129597752974014, 74.98592368895302 39.12972987699524, 74.99066735898293 39.130603561622124, 74.99213962740215 39.13095155828818, 74.9932301349079 39.13116949982127, 74.99437515231666 39.13138757790627, 74.99622546251454 39.13203637623159, 75.00000099999441 39.133304497869865)",5708.039101020449,5.708039101020449,0.002249316217146391,0.002249316217146391,LDZOFBA003.WL,07,,,,,,,,,,,,,,,,,,,
605,0.048818628536886316,OFBA003C1AJ430010020000287,000287,,4.2251200675964355,01,,0.0,ChSt.,101,101,109,106,,,1∶250000 库尔干幅(J43C001002)建造构造图,"LINESTRING (74.07003428144333 39.11031135354988, 74.07940582007659 39.111074662294726, 74.08474403396436 39.11122493161989, 74.09549534572712 39.1111728294211, 74.10323097156628 39.11127903674561, 74.11881349133687 39.11168985586458)",4223.294660094745,4.223294660094745,88.49386063302212,88.49386063302212,LDZOFBA003.WL,01,,,,,,,,,,,,,,,,,,,
606,0.0398446986906701,OFBA003C1AJ430010020000288,000288,,3.7539918422698975,07,,0.0,"ChSt.,D2kz",101,101,109,106,,,1∶250000 库尔干幅(J43C001002)建造构造图,"LINESTRING (74.87911911619878 39.114231865374016, 74.88156591351873 39.114161809548605, 74.88258912917136 39.114085944737674, 74.88334221280957 39.11403562444477, 74.88375188853776 39.11401059222902, 74.88426301903186 39.11395935642436, 74.8849126912747 39.11385375161764, 74.88532139566024 39.113774381172334, 74.88593693052982 39.11366861997973, 74.88672224519993 39.11348324517042, 74.8871651615227 39.11335071717989, 74.88774572753037 39.113138542705826, 74.8882931561167 39.11292633262574, 74.88907770364663 39.11258138697261, 74.88993167043625 39.112130132002285, 74.89058172313648 39.11175845506173, 74.89123088876529 39.111306995859614, 74.89198312059727 39.110403559544544, 74.89253023657297 39.10971266440391, 74.8930430925437 39.10889090325686, 74.89352319360196 39.1080970296687, 74.89424490988111 39.106667589968225, 74.89475758529507 39.10568822305958, 74.89537547342927 39.10439101556365, 74.89565103438541 39.10383509996838, 74.89602917207556 39.10322648262344, 74.89681590167591 39.10224444745122, 74.8972293980453 39.101818883049035, 74.89760584601973 39.10136652842117, 74.8981875049313 39.100834786964555, 74.89866907449128 39.100462794488124, 74.8993880018189 39.10001152292024, 74.90034549087606 39.099427605660686, 74.90284170463366 39.09815166698087, 74.90366121690197 39.09775095961337, 74.90465150498603 39.09724334853464, 74.90591345025092 39.09681623043113, 74.90707376024494 39.096522815692595, 74.9078577120842 39.09631003493638, 74.90945341445399 39.09607309667932, 74.91156869723915 39.09580693501637)",3752.561854679613,3.7525618546796133,126.14888087423053,126.14888087423053,LDZOFBA003.WL,07,,,,,,,,,,,,,,,,,,,
607,0.007778243776403479,OFBA003C1AJ430010020000289,000289,,0.7207833528518677,01,,0.0,ChSt.,101,101,109,106,,,1∶250000 库尔干幅(J43C001002)建造构造图,"LINESTRING (74.1663292037901 39.10600988687129, 74.17316549427102 39.10229960269004)",720.43035686934,0.72043035686934,125.38367300096309,125.38367300096309,LDZOFBA003.WL,01,,,,,,,,,,,,,,,,,,,
608,0.04144498690304918,OFBA003C1AJ430010020000290,000290,,4.263648986816406,04,,0.0,"D2kz,D3q,Qsn",101,101,109,106,,,1∶250000 库尔干幅(J43C001002)建造构造图,"LINESTRING (74.67301928399655 39.10132464055524, 74.677923148074 39.09619083079131, 74.67866968584025 39.095231904846244, 74.68253645875865 39.0902658318828, 74.68991484224743 39.07916582960434, 74.69627853813304 39.07007419277345, 74.69779383377843 39.06819997941341)",4261.88147781702,4.2618814778170195,149.96035216823276,149.96035216823276,LDZOFBA003.WL,04,,,,,,,,,,,,,,,,,,,
609,0.011818829898233935,OFBA003C1AJ430010020000291,000291,,1.0417648553848267,01,,0.0,ChSt.,101,101,109,106,,,1∶250000 库尔干幅(J43C001002)建造构造图,"LINESTRING (74.19882178207632 39.09791997315585, 74.2102880166119 39.095054627498065)",1041.3572037024987,1.0413572037024987,108.28227022744838,108.28227022744838,LDZOFBA003.WL,01,,,,,,,,,,,,,,,,,,,
611,0.011588631987242267,OFBA003C1AJ430010020000292,000292,,1.0379434823989868,01,,0.0,ChSt.,101,101,109,106,,,1∶250000 库尔干幅(J43C001002)建造构造图,"LINESTRING (74.20180122064505 39.09198952779668, 74.21273122320027 39.088138367519726)",1037.4584763257014,1.0374584763257015,114.82901297095682,114.82901297095682,LDZOFBA003.WL,01,,,,,,,,,,,,,,,,,,,
612,0.043118408842610395,OFBA003C1AJ430010020000293,000293,,3.948275327682495,07,,26.0,"ChSt.,D2kz",101,101,109,106,,,1∶250000 库尔干幅(J43C001002)建造构造图,"LINESTRING (74.91567783094843 39.092517549731255, 74.91632128495908 39.090978723256086, 74.91666340664449 39.09009676539492, 74.91700521352867 39.08956258784076, 74.91744925633705 39.08894841437363, 74.91796165031857 39.088494930060094, 74.91857607304046 39.08801494951182, 74.91888178128195 39.08777495913528, 74.92038131458101 39.0865749064712, 74.92092705676528 39.08628200998977, 74.92327378771103 39.085405105450654, 74.92395502948035 39.08521954695999, 74.92463497425365 39.08511424305149, 74.92531472189916 39.0850624416335, 74.92623130915318 39.08501122832689, 74.93037681485791 39.08523551562579, 74.93170531648978 39.0852917557489, 74.93262545322223 39.08534707894064, 74.9334756054582 39.08534875494431, 74.93429376592958 39.08532360611638, 74.93477306341435 39.08529778622521, 74.93541998062256 39.08521879111363, 74.93586447180495 39.085112644236254, 74.93620389399372 39.08495278916528, 74.9366500239994 39.08457827125238, 74.93692151084021 39.08422983062804, 74.93716184833994 39.08390816590102, 74.93767539714196 39.08291593131921, 74.9379502389657 39.08240642359007, 74.93829206264762 39.08197757927197, 74.93866566232816 39.08168301702502, 74.93921373986156 39.08136193898521, 74.93972354733188 39.081121324656344, 74.94040771035434 39.08090787621537, 74.94129443443586 39.080667970665026, 74.94183913465356 39.08050794266565, 74.9425901588326 39.080428832418264, 74.94337308498223 39.08043031239921, 74.94408790267428 39.08040481312716, 74.94725917809699 39.08065231971771, 74.95344151137402 39.080148426575)",3946.6781697102956,3.9466781697102955,112.83703941209882,112.83703941209882,LDZOFBA003.WL,07,,,,,,,,,,,,,,,,,,,
613,0.11071333936359237,OFBA003C1AJ430010020000294,000294,,10.511380195617676,01,,0.0,ChSt.,101,101,109,106,,,1∶250000 库尔干幅(J43C001002)建造构造图,"LINESTRING (74.28349836012897 39.08685335771252, 74.29368901933056 39.083486276201974, 74.30197306829199 39.08152248487565, 74.30794564094724 39.08010702642911, 74.31082533940895 39.07906276842806, 74.31185415741423 39.078613336116526, 74.31253782540688 39.07823727533132, 74.31606293987697 39.076510649560106, 74.31738348657254 39.07583447239456, 74.31846159306833 39.07519433032871, 74.32002555729794 39.07402446988327, 74.32494266386718 39.07105413019872, 74.32836386359222 39.067420186721954, 74.33080563024939 39.0649998971347, 74.33966586055047 39.05840035518952, 74.34848296151607 39.0518317739238, 74.35451274258202 39.04690445592689, 74.35519701379155 39.04636867014657, 74.35573902382471 39.045793537498575, 74.35628462323255 39.044910087228935, 74.35938317582095 39.041419870220246, 74.36027188688888 39.04034557202338, 74.36106413042953 39.0390394973932, 74.36175598101774 39.03792558245303, 74.3624025916719 39.03669577886436, 74.36343963659911 39.035202312632265, 74.36614254338109 39.03241383917683, 74.3677104319101 39.03119418302739, 74.36839348634393 39.030737492948944, 74.36927562665672 39.03020525457831, 74.3738036412661 39.02761547358631)",10507.169448326778,10.507169448326778,130.49846599477098,130.49846599477098,LDZOFBA003.WL,01,,,,,,,,,,,,,,,,,,,
615,0.05847088130452954,OFBA003C1AJ430010020000295,000295,,5.0819315910339355,01,,0.0,ChSt.,101,101,109,106,,,1∶250000 库尔干幅(J43C001002)建造构造图,"LINESTRING (74.24390171006092 39.08397411921374, 74.26268761645846 39.08123734081041, 74.27383349640375 39.07996590179058, 74.2763997500259 39.07953617867592, 74.27771359187437 39.07949351195068, 74.27852765234482 39.07949752544497, 74.27952762218632 39.0795032889635, 74.28609205302043 39.07996247738608, 74.29312906272312 39.080662170102784, 74.30197306829199 39.08152248487565)",5079.860247987825,5.079860247987825,93.55893650485426,93.55893650485426,LDZOFBA003.WL,01,,,,,,,,,,,,,,,,,,,
616,0.009544706924450145,OFBA003C1AJ430010020000296,000296,,0.9023491740226746,01,,0.0,ChSt.,101,101,109,106,,,1∶250000 库尔干幅(J43C001002)建造构造图,"LINESTRING (74.2189596490915 39.08340234499202, 74.2220056629173 39.080951708408, 74.22249609154085 39.08068888151504, 74.22693074508891 39.07821331059984)",901.9960834353756,0.9019960834353755,130.35931925246442,130.35931925246442,LDZOFBA003.WL,01,,,,,,,,,,,,,,,,,,,
618,0.02193805820189194,OFBA003C1AJ430010020000297,000297,,2.423581838607788,31,,0.0,"Qp3pal,D2kz",101,101,109,106,,,1∶250000 库尔干幅(J43C001002)建造构造图,"LINESTRING (74.59842037882332 39.05865153925872, 74.59765656259987 39.060668680505174, 74.59641509721071 39.06772455029402, 74.59637741493776 39.06847221897984, 74.59629838949483 39.069252177991096, 74.5958172040503 39.07393193079067, 74.59575701320745 39.07986303889283, 74.595771937281 39.08031127209128)",2422.6512538313727,2.422651253831373,354.8090904179893,174.8090904179893,LDZOFBA003.WL,31,,,,,,,,,,,,,,,,,,,
619,0.04192759060950534,OFBA003C1AJ430010020000298,000298,,3.949958324432373,04,,0.0,"Qsn,D2kz,D3q",101,101,109,106,,,1∶250000 库尔干幅(J43C001002)建造构造图,"LINESTRING (74.76642162410849 39.080363029537715, 74.77502545618653 39.076160564104235, 74.7804695140955 39.07323802695721, 74.78536154045402 39.06975101684816, 74.79793487285575 39.060802156683756, 74.79934749711566 39.05979580568238, 74.80136789151089 39.05835670672761, 74.80178575436473 39.058050524104566)",3948.41674088771,3.94841674088771,129.1217775997493,129.1217775997493,LDZOFBA003.WL,04,,,,,,,,,,,,,,,,,,,
620,0.18870904840526062,OFBA003C1AJ430010020000299,000299,,17.243005752563477,01,,0.0,ChSt.,101,101,109,106,,,1∶250000 库尔干幅(J43C001002)建造构造图,"LINESTRING (74.23283927272816 39.074330627258256, 74.24444074683213 39.06673351891594, 74.25374957065327 39.059953989590035, 74.26408142763744 39.050523870632574, 74.27073454736379 39.04564214135962, 74.2727149735218 39.04455128203964, 74.28047717989654 39.04091460950138, 74.2860896942626 39.03820272625375, 74.28971492413534 39.03630701036503, 74.29254976608931 39.035020123909426, 74.29621577835019 39.03350803236349, 74.29773345631874 39.032711685836965, 74.29837363623888 39.03225524569145, 74.2988635064072 39.03183627616571, 74.30209576017172 39.030052890331085, 74.30518189695944 39.02830879032543, 74.30882925197182 39.026460194271614, 74.31198418670152 39.02533455927099, 74.3155237071698 39.02444034957507, 74.31726897797485 39.02403123668477, 74.32080963807917 39.02279322930693, 74.32299619804327 39.02196858749776, 74.32868535132499 39.019607992724694, 74.33494394738136 39.0169849405083, 74.34009384523638 39.01500927042332, 74.34631329448416 39.013276124645614, 74.34806155883665 39.012987174342584, 74.35014932077996 39.0126631408714, 74.35593570481403 39.01164371058816, 74.35969111988571 39.01102177467079, 74.36184372922504 39.01031267556448, 74.36717163377361 39.00852039274266, 74.3747379643171 39.006367687267904, 74.37736377118556 39.00554864025307, 74.38030147136129 39.00491792496103, 74.38184172175963 39.00465994755199, 74.383429997331 39.00440220582875, 74.38680953537053 39.00354667260352, 74.39164077337752 39.00224410366523, 74.39444264488816 39.0014999161926, 74.39588902474983 39.00124203189972, 74.40332751232553 39.00050338348745)",17236.08653976717,17.236086539767168,119.47067530916455,119.47067530916455,LDZOFBA003.WL,01,,,,,,,,,,,,,,,,,,,
621,0.009307061719004377,OFBA003C1AJ430010020000300,000300,,0.881479799747467,07,,25.0,"ChSt.,D2kz",101,101,109,106,,,1∶250000 库尔干幅(J43C001002)建造构造图,"LINESTRING (74.95998984085459 39.07619501667367, 74.96050720208801 39.07496326727372, 74.96074814727719 39.0745612547004, 74.96122979049612 39.073998574360694, 74.96150398150546 39.07370385740461, 74.9618145885194 39.07335554077419, 74.96208972567872 39.07311445744493, 74.96243363588657 39.0728198033571, 74.96277740924174 39.07265923134836, 74.96315354398993 39.072498689450136, 74.96353165166832 39.07236496384497, 74.96398048067316 39.07223130104317, 74.96476992111485 39.07209795476635, 74.96738343776842 39.07199837393513)",881.1122725102949,0.8811122725102949,126.08425464913888,126.08425464913888,LDZOFBA003.WL,07,,,,,,,,,,,,,,,,,,,
622,0.03176824052929368,OFBA003C1AJ430010020000301,000301,,2.840463876724243,01,,0.0,→ChSt.,101,101,109,106,,,1∶250000 库尔干幅(J43C001002)建造构造图,"LINESTRING (74.26476177059034 39.07344271758717, 74.28453313644499 39.06707383522806, 74.29482946406888 39.06321296245527)",2839.2724820485364,2.8392724820485364,114.03218054553336,114.03218054553336,LDZOFBA003.WL,01,,,,,,,,,,,,,,,,,,,
623,0.029656370566167004,OFBA003C1AJ430010020000302,000302,,2.927642822265625,07,,0.0,"D2kz,Qp3pal",101,101,109,106,,,1∶250000 库尔干幅(J43C001002)建造构造图,"LINESTRING (74.97865510689807 39.06686585466113, 74.98035513469354 39.06613118966141, 74.98079512193914 39.06583715024204, 74.98113355924649 39.06556982700867, 74.98133559415483 39.06532921994031, 74.98170984491026 39.06495494991785, 74.98201438258634 39.06455392950549, 74.98265730295958 39.063778630006745, 74.9835370657721 39.06270924316675, 74.98404460825661 39.0620943446699, 74.98468737145475 39.06099817740315, 74.98576791608745 39.05926035050798, 74.9862753624013 39.05851175026096, 74.98688537761836 39.05784337552885, 74.99061704898878 39.054264166733084, 74.9936368379881 39.051379948177924, 74.9943133702982 39.05076572457743, 74.99485729978062 39.05017814656453, 74.99563850410885 39.04953724831131, 74.99624700178299 39.049110027099104, 74.99689114381351 39.048654236180866, 74.9988506172019 39.04751961238677, 74.99952744271172 39.04716844303849, 74.99999999999442 39.046886186485395)",2926.5942982981246,2.9265942982981246,140.21405630867858,140.21405630867858,LDZOFBA003.WL,07,,,,,,,,,,,,,,,,,,,
625,0.08053169994746984,OFBA003C1AJ430010020000303,000303,,7.208539009094238,01,,0.0,"ChSt.,ψ1D",101,101,109,106,,,1∶250000 库尔干幅(J43C001002)建造构造图,"LINESTRING (74.33966586055047 39.05840035518952, 74.34607750766115 39.05804154154451, 74.35035578396892 39.05730722491623, 74.35186421509073 39.05705024334514, 74.35303161902725 39.05682898030327, 74.35531964088216 39.05626869036476, 74.36209742190947 39.05416685226959, 74.36448773563362 39.05341592952169, 74.37356348346424 39.050442557661675, 74.38358742785834 39.04674304690884, 74.38605111289651 39.04579080088049, 74.39030311919855 39.044114403635454, 74.39759122812687 39.04116081593541, 74.39900700982201 39.040705270629964, 74.40030544073079 39.0403767292722, 74.40119096105349 39.04000127040204, 74.40394137856619 39.03887569113862, 74.41570862164542 39.03329785481988)",7205.7938428448815,7.205793842844882,113.33631469626675,113.33631469626675,LDZOFBA003.WL,01,,,,,,,,,,,,,,,,,,,
629,0.03385008999743919,OFBA003C1AJ430010020000304,000304,,3.3434174060821533,01,,0.0,"D2kz,D3q",101,101,109,106,,,1∶250000 库尔干幅(J43C001002)建造构造图,"LINESTRING (74.80178575436473 39.058050524104566, 74.80515066905974 39.05553574678776, 74.80625103763383 39.05440725061874, 74.80660758987263 39.05398063458151, 74.80984603474428 39.05109869448126, 74.81049320983087 39.05059788777825, 74.81110730121266 39.05004652487841, 74.81459443386261 39.04618950376738, 74.81495343314405 39.04583579928542, 74.81537551445697 39.04543163076352, 74.81560526363684 39.04517884987468, 74.81589970129393 39.04482483089842, 74.81613032559055 39.044495885013276, 74.81622974550044 39.04426786549774, 74.8163288680074 39.04406523536316, 74.81671936195339 39.04368629235567, 74.81707812890598 39.04343413000531, 74.81749928896372 39.04310611521693, 74.82066559092576 39.04004927614703, 74.82102420199894 39.03972093967167, 74.82141377368099 39.03941814231016, 74.82180592289635 39.039064571326875, 74.82222991019569 39.03866037721205, 74.82255308510234 39.03843343001119, 74.82278149457143 39.038206021905765, 74.82333794294165 39.037675502075714, 74.82636996044609 39.03495258243632)",3342.1289229817753,3.342128922981775,140.42553259781226,140.42553259781226,LDZOFBA003.WL,01,,,,,,,,,,,,,,,,,,,
630,0.030612067227300532,OFBA003C1AJ430010020000305,000305,,2.9784486293792725,01,,69.0,"D3q,D2kz",101,101,109,106,,,1∶250000 库尔干幅(J43C001002)建造构造图,"LINESTRING (74.73727992245017 39.0296160757038, 74.73382462247893 39.033324352877024, 74.73147703692665 39.03567139268076, 74.73062324748525 39.0364758876192, 74.72942917643562 39.03751846234318, 74.7281531037754 39.03859490651803, 74.72619632814695 39.04037810492172, 74.72479093369856 39.04142047719827, 74.72304300565332 39.04249575046105, 74.72223319081037 39.0431008296245, 74.71380722639334 39.04908698312397)",2977.2479730785503,2.9772479730785504,316.93961683466335,136.93961683466335,LDZOFBA003.WL,01,,,,,,,,,,,,,,,,,,,
631,0.0816576752383987,OFBA003C1AJ430010020000306,000306,,7.121031761169434,01,,0.0,ChSt.,101,101,109,106,,,1∶250000 库尔干幅(J43C001002)建造构造图,"LINESTRING (73.8751757879503 39.04380018393063, 73.8968452328765 39.04494641828011, 73.90730797339182 39.0456280930823, 73.91877810825741 39.04596568209206, 73.92489385079615 39.04560598969089, 73.92994305479098 39.04460122353928, 73.94518611337996 39.0407579831406, 73.95590355814076 39.0382661936022)",7118.241335228842,7.118241335228842,95.70668170106396,95.70668170106396,LDZOFBA003.WL,01,,,,,,,,,,,,,,,,,,,
632,0.030529113436547236,OFBA003C1AJ430010020000307,000307,,3.1914267539978027,31,,0.0,"Pt1K.,D2kz",101,101,109,106,,,1∶250000 库尔干幅(J43C001002)建造构造图,"LINESTRING (74.62047170907101 39.01928778512226, 74.61801364358341 39.025283006680304, 74.61510500639528 39.031277023647526, 74.6133409021577 39.0342745443307, 74.6119792331753 39.036530014180116, 74.61126134005147 39.03764581215457, 74.61058060965398 39.038507073100426, 74.60989706850175 39.03953480140772, 74.60740747411221 39.04258066952634, 74.6069032464789 39.04304515032043, 74.60617735950335 39.043577669723334, 74.60456198601989 39.044912894770974)",3190.1101761409423,3.190110176140942,334.4056971958115,154.4056971958115,LDZOFBA003.WL,31,,,,,,,,,,,,,,,,,,,
634,0.01958804672181199,OFBA003C1AJ430010020000308,000308,,1.8766909837722778,04,,0.0,Qsn,101,101,109,106,,,1∶250000 库尔干幅(J43C001002)建造构造图,"LINESTRING (74.82636996044609 39.03495258243632, 74.82693755819685 39.03453869800596, 74.83097707407947 39.03095257586247, 74.83625556592557 39.02698409295989, 74.84215187317373 39.02343891473572)",1876.0253152053965,1.8760253152053965,133.19074347812395,133.19074347812395,LDZOFBA003.WL,04,,,,,,,,,,,,,,,,,,,
635,0.1614249624541183,OFBA003C1AJ430010020000309,000309,,14.170504570007324,05,,67.0,"D2kz,D3q",101,101,101,106,,,1∶250000 库尔干幅(J43C001002)建造构造图,"LINESTRING (74.84215187317373 39.02343891473572, 74.84844028826392 39.02004971649723, 74.85459564029962 39.01739432151787, 74.85991905803603 39.01534153765045, 74.86075390581651 39.0149403795267, 74.8611067822128 39.01473961164042, 74.86142729887047 39.01461433270834, 74.86164942100464 39.014488488241476, 74.86193946350767 39.01436272125414, 74.86241750713873 39.01416151205077, 74.8630896521061 39.01393604163194, 74.86501718157915 39.013197433009395, 74.86678200630018 39.01253024631403, 74.86912148878653 39.01170687956368, 74.87204134971178 39.010658485369575, 74.87261943118408 39.01050977127126, 74.873068307616 39.01038562943507, 74.87373944906545 39.01023754794834, 74.87765128932124 39.00909389599577, 74.8816336458486 39.008039170256225, 74.88237169058941 39.00788912755921, 74.8872430054929 39.00731568173244, 74.88830260194814 39.00721538177237, 74.88919774474063 39.007165860078956, 74.89031924604726 39.00709118176914, 74.89307721046654 39.006687341353214, 74.89413593717823 39.006561456620105, 74.89670102613891 39.00615698021065, 74.8981765296554 39.006030806452486, 74.89862554392664 39.00600570374783, 74.89952366820458 39.005929997268105, 74.90013310308845 39.00587953308781, 74.90397954220096 39.005729812736405, 74.90961370486978 39.00522678182664, 74.91579354845 39.00490714533692, 74.91783335561071 39.0046306998541, 74.91840710885955 39.004529861722496, 74.91930159367134 39.00437865729823, 74.9204478430655 39.00425343802775, 74.92115001533159 39.0041528308507, 74.92194692049155 39.00400142219242, 74.9224230967616 39.003900378714555, 74.92731703401246 39.003729756807566, 74.92796772958962 39.00370701130121, 74.92860501256185 39.00365722397953, 74.92933778594642 39.003633106380995, 74.93016512457162 39.00360916076933, 74.93096532472734 39.0036107707503, 74.93160528129525 39.00361222915389, 74.93237350659238 39.003588480904334, 74.93330489166105 39.003590583206496, 74.93493924845367 39.00361975158405, 74.93558004642163 39.003672171027205, 74.93628494169027 39.003724730063325, 74.93705377955565 39.00382841265627, 74.94029496923696 39.00427532767261, 74.94106512019798 39.00443161133518, 74.94231741746667 39.00459054781988, 74.94302456509493 39.0045944397801, 74.94347414451889 39.00464759155736, 74.94398843311019 39.00465041801409, 74.94450187485553 39.00475459068257, 74.94507717990356 39.004909787630815, 74.94674724674249 39.005324337984796, 74.94726154038062 39.00532715001698, 74.94774169142627 39.00532978550528, 74.94841870410946 39.00533347049091, 74.94909392550977 39.00531181557018, 74.95365770440847 39.00528593409766, 74.95807841623038 39.00535564020926, 74.95891178634129 39.00527829352314, 74.95926431214937 39.00525238971633, 74.95968130492776 39.00517570434361, 74.96019479656704 39.00504818684334, 74.96089907418764 39.00484434073946, 74.96138153128716 39.00471687031688, 74.96228056487125 39.004563379792636, 74.96304986719993 39.004486108911465, 74.96763137395388 39.004301147964334, 74.97314792438141 39.004094851043334, 74.97638794655292 39.003713125912476, 74.97722100622298 39.003662576145, 74.97823709727368 39.0035873071362, 74.97947756759045 39.003563053785165, 74.9823734655584 39.003616520805735, 74.98774902766405 39.00346878880169, 74.98848087261223 39.003393183827775, 74.99045293729205 39.00334402504901, 74.99146901266955 39.003268640572294, 74.99220261513636 39.00324383081298, 74.99299770454503 39.003244477999864, 74.99382459812333 39.00324514622734, 74.99544929054385 39.003346198275004, 74.99681952475851 39.003447045387915, 74.99999999999442 39.00337092732754)",14164.894332888787,14.164894332888787,99.30524414186,99.30524414186,LDZOFBA003.WL,05,,,,,,,,,,,,,,,,,,,
636,0.014114670901624113,OFBA003C1AJ430010020000310,000310,,1.3651485443115234,01,,0.0,D3q,101,101,109,106,,,1∶250000 库尔干幅(J43C001002)建造构造图,"LINESTRING (74.77432542352756 39.00914547646752, 74.77344110358646 39.00968513116733, 74.77229090921597 39.01078854134308, 74.77088367095611 39.01199257008036, 74.76925714671296 39.01342625968851, 74.76726756718337 39.01499383344988, 74.76326559173366 39.01787576747711)",1364.6679484318163,1.3646679484318163,315.4817802845174,135.4817802845174,LDZOFBA003.WL,01,,,,,,,,,,,,,,,,,,,
637,0.018069297046591656,OFBA003C1AJ430010020000311,000311,,1.6893872022628784,04,,0.0,Qsn,101,101,109,106,,,1∶250000 库尔干幅(J43C001002)建造构造图,"LINESTRING (74.77432542352756 39.00914547646752, 74.77527885809332 39.0085648945353, 74.78207736869142 39.00442017502353, 74.78816423780012 39.000876674779654, 74.78990328068234 39.00000001975259)",1688.6488387039312,1.6886488387039313,127.09561683644016,127.09561683644016,LDZOFBA003.WL,04,,,,,,,,,,,,,,,,,,,
1,0.13997445936131955,REBA001C1AJ430010020000001,000001,,,,,,,,,,,,,,"LINESTRING (74.26203950449448 40.000000018514655, 74.26165038653768 39.99965407648727, 74.25555715061789 39.99436160730464, 74.25168442625991 39.989477170672615, 74.24880884104341 39.98696315239541, 74.24561219676977 39.9826082533137, 74.24426072628482 39.98128607296138, 74.24291120654006 39.97970122021374, 74.24089244901874 39.97706125881647, 74.23790779294991 39.97329801037455, 74.23668886544861 39.97147846402551, 74.23540501799546 39.96961704064653, 74.2340794536851 39.967716768468534, 74.23271756385708 39.965782020796766, 74.23133727756257 39.96381460803002, 74.2299550483942 39.96181962890361, 74.22772525952365 39.95851124892524, 74.2264219480562 39.95649962055267, 74.22514988735789 39.954487273852905, 74.22391008461705 39.952491341230505, 74.22269717506089 39.95052955892017, 74.22151364684444 39.948619489566084, 74.22035593134807 39.94677838198942, 74.21836382439169 39.94373236642258, 74.21660720702711 39.94122694623057, 74.2149156460485 39.93890381310123, 74.2132998217241 39.93663184589084, 74.210631534847 39.93232916664368, 74.2097270603129 39.93056409252637, 74.20885902689982 39.928688887757545, 74.20803033811289 39.926722511653416, 74.20726549975578 39.92467664140357, 74.20657358119442 39.92256870657753, 74.20596901949783 39.9204146646775, 74.20528664351359 39.91738731724372, 74.204914298489 39.91515856677315, 74.20464526537735 39.91293093845199, 74.20447778256285 39.91071321620462, 74.2043992510778 39.90851223362891, 74.20441085837474 39.90633518774345, 74.20449947602751 39.90419147530205, 74.20471920831248 39.901508550283424, 74.20501140604819 39.89912844606749, 74.20538590953092 39.89683001033227, 74.20582782634341 39.89462684438296, 74.20633155646614 39.89253248811426, 74.20688105726182 39.89056164270758, 74.20760955941125 39.88832772359149, 74.20865355086327 39.88567217332089, 74.20974911228481 39.8833237787467, 74.21152867696013 39.8800166867373)",14693.796415608593,14.693796415608592,198.44504066370803,18.445040663708028,LYGREBA001.WL,01,60.560001373291016,003,04,02,04,01,,波状纹理清晰，两侧色调、纹理区别明显,无,,,,,,,,,,
2,0.25295604843968905,REBA001C1AJ430010020000002,000002,,,,,,,,,,,,,,"LINESTRING (74.17190986395234 40.00000000706256, 74.16895371998731 39.996029211973614, 74.16802705263085 39.994750770907864, 74.16601455570449 39.99171555909285, 74.1646736525278 39.98947319263952, 74.16299854199055 39.98696569135458, 74.16233765318479 39.984421605526904, 74.16245335711633 39.98202399250583, 74.16278370121465 39.97869207820043, 74.16294992083384 39.97687537299953, 74.16309352215589 39.974934876733776, 74.16318799628323 39.97292357705771, 74.16320397436517 39.9708942178485, 74.16296713372995 39.967368189073646, 74.16244395241658 39.96477473258791, 74.161536157481 39.96222537928426, 74.1601612664109 39.95948931809973, 74.1581781775936 39.956241641539364, 74.15719622236423 39.95475442121875, 74.15611782228781 39.953169040866236, 74.15495680930395 39.95149999884469, 74.15372502622338 39.94976051129882, 74.15243529820476 39.9479650808459, 74.15107661176471 39.94613583884112, 74.14968393115383 39.94427831277739, 74.14827164258303 39.94240688010436, 74.1458608901561 39.93922301623652, 74.14427743953222 39.937144353938656, 74.14270810083426 39.93508651540698, 74.14113448903686 39.933040115178954, 74.13954707747018 39.9309960179799, 74.13794036484155 39.92894379807754, 74.13629532321647 39.92687474624141, 74.13460900689755 39.92477959473711, 74.13179228032988 39.92135437549596, 74.13034539654198 39.91962964950881, 74.12886457115147 39.91787906988242, 74.12735393847379 39.91610952313116, 74.1258312010207 39.914326916375394, 74.12429829597347 39.91253636508407, 74.12276506015539 39.91074482065836, 74.12124577022432 39.908958070830984, 74.119747496097 39.90718141494782, 74.11827556503833 39.905422231521335, 74.11550903270341 39.902035756092346, 74.11374792190432 39.89980792932723, 74.11208541721486 39.897647179189484, 74.11051362709615 39.89556039822366, 74.10902595619672 39.89355313696662, 74.10762124491535 39.89163106965325, 74.10629559624827 39.889801084534966, 74.10503742021658 39.88806873360726, 74.10360064595328 39.88610712157561, 74.10166180862143 39.88354137518986, 74.09981930363838 39.88122855888431, 74.09798813875858 39.8790820013933, 74.09468154797094 39.87560110615958, 74.0930336059011 39.87400770477772, 74.09129491793622 39.87237447191484, 74.08950703149904 39.870702561873664, 74.08770830105777 39.868991368538026, 74.08302058042055 39.86355970377044, 74.07975575186114 39.85913398252527, 74.07462780987568 39.8518369481317, 74.07364346861435 39.85014975019702, 74.07263125854332 39.84838500523791, 74.07159159795957 39.84655325773087, 74.07053787117388 39.844667188088245, 74.06946820251513 39.84273825559935, 74.06838971664301 39.84077706721004, 74.06623736764709 39.836805660346535, 74.06516950826924 39.83481915549803, 74.06410100647138 39.83281758857222, 74.0629091881611 39.83057373963581, 74.0617270231006 39.82834847719325, 74.0605383831884 39.826127468332906, 74.0593210971687 39.82389479561607, 74.05806299278751 39.821634547687246, 74.05674174290357 39.81933190023446, 74.05534782208453 39.816971547634786, 74.05275767435094 39.812797385661334, 74.05164608466599 39.81108010676448, 74.05048351699644 39.80932177206156, 74.04729512840036 39.80278992547978, 74.04630342396474 39.80068032939714, 74.04267836945465 39.79198201858218, 74.04147152237601 39.78883734560462)",26312.56488350451,26.31256488350451,206.01840972890713,26.01840972890713,LYGREBA001.WL,01,43.75,003,04,04,04,01,,线状纹理明显,无,,,,,,,,,,
3,0.23549410111208277,REBA001C1AJ430010020000003,000003,,,,,,,,,,,,,,"LINESTRING (74.12468932959038 40.000000032869046, 74.12398253016667 39.9979678634392, 74.1234073586648 39.99575182958875, 74.12283186240452 39.99354140318982, 74.12225801250077 39.99133871904562, 74.12168197058477 39.98914767652508, 74.12110705160073 39.98697108244137, 74.12053301734431 39.9848105801791, 74.11995874931365 39.98267013023717, 74.11922146819727 39.979966700411, 74.11857752076148 39.97763814445776, 74.11792674182605 39.975336046650824, 74.11725481221379 39.97305674683071, 74.11655460414062 39.97079336068975, 74.11581739446922 39.9685412557531, 74.11503110054673 39.96629512771498, 74.11419173089435 39.964049126296196, 74.11299101475154 39.96110556148772, 74.11206130397322 39.95906693697731, 74.11106516024498 39.95701819309433, 74.11000394229663 39.954959999939845, 74.10887746238369 39.95289058710172, 74.10768180619853 39.950809404275525, 74.10642155602848 39.948716329584556, 74.10509171719303 39.946611357148406, 74.10369602702909 39.94449326578192, 74.10194548146856 39.94195968228119, 74.10060336131211 39.940090565822416, 74.09921272559086 39.93821070586039, 74.09778267069962 39.936319125127625, 74.09631735307178 39.93441515281734, 74.09331176754877 39.930568261094564, 74.09024423353719 39.92666551201199, 74.08631436611596 39.92158868140168, 74.0848583966199 39.91966134808933, 74.0834138034143 39.91772894042119, 74.0819854378234 39.91580170051974, 74.08057345470243 39.91388852687331, 74.07917511989906 39.91200063647207, 74.07779893698809 39.910147602955306, 74.07643968827004 39.90833893161537, 74.07509963960378 39.90658584381026, 74.0737833666449 39.90489735853428, 74.07248928595648 39.90328359770364, 74.07118621839759 39.90171736467857, 74.06899152875756 39.89923232407293, 74.06688710131361 39.89701352398155, 74.06487512579078 39.895026044317646, 74.06296736059616 39.89323611994543, 74.06117027408227 39.89161005135851, 74.0591534680376 39.889812527706965, 74.05681103765117 39.88767653808342, 74.05460917896735 39.88555396998727, 74.05237358275396 39.88324598273304, 74.04992633402718 39.8805402444856, 74.04866940146832 39.87909167297878, 74.04734755913307 39.87752236614523, 74.04597566957345 39.875837570757795, 74.04456583782795 39.87404460774258, 74.04313497075329 39.87215030911879, 74.04169747361179 39.8701610860474, 74.04026773548449 39.868084197958794, 74.0381174177097 39.86472903989918, 74.03698397498485 39.86282246753099, 74.03458990610318 39.8588978818023, 74.03090699459226 39.85413896246999, 74.027241130394 39.84806669820031, 74.02224934779932 39.8396190178637, 74.01991357717523 39.83618447722459, 74.01825748927277 39.83275566286775, 74.01561518585272 39.826954335599275, 74.01396803568448 39.823000167888715, 74.01264668782923 39.82009946317555, 74.01005509554095 39.81062096057309, 74.00797566637358 39.79993883005389)",24644.815123773595,24.644815123773594,204.79478514653104,24.79478514653104,LYGREBA001.WL,01,41.52000045776367,003,04,02,04,01,,波状纹理清晰,无,,,,,,,,,,
4,0.11245264426825441,REBA001C1AJ430010020000004,000004,,,,,,,,,,,,,,"LINESTRING (74.48610423390976 40.00000003328526, 74.47321347754087 39.99602065434508, 74.46997333089442 39.99568365798426, 74.46671956611408 39.995353137288255, 74.46395322179231 39.99503980919074, 74.46118544905477 39.99468679892098, 74.45836500128102 39.994283234058884, 74.45551987504473 39.993826577528374, 74.45268328416317 39.993313922578096, 74.44729704799549 39.992169839221, 74.44443998439482 39.99148818044193, 74.44158814821284 39.99077126070186, 74.43872801908532 39.99002923743649, 74.43575727616398 39.98924425248513, 74.43295739010846 39.98848878828868, 74.43010944441458 39.987700730062095, 74.42719530081449 39.98687066674388, 74.42419994527756 39.985991083990015, 74.42141562422282 39.98514951002442, 74.41878779022628 39.98434271857859, 74.41611104915376 39.98351905775018, 74.41339430348964 39.98269044629225, 74.41064502746015 39.98186867972423, 74.40787776190552 39.98106501220465, 74.40490363373208 39.9802382489108, 74.40215271812177 39.9795108917889, 74.39947351397748 39.97884276210842, 74.39690936192933 39.97824625186437, 74.39450386782613 39.97773582974507, 74.39229313786319 39.97732553448924, 74.38561824760698 39.97668177663137, 74.38283109613376 39.976809393579515, 74.37667573039002 39.97788202543035)",9774.270633735348,9.774270633735348,255.64261255502382,75.64261255502382,LYGREBA001.WL,01,41.2400016784668,007,04,02,04,01,,波状纹理,无,,,,,,,,,,
5,0.15586600827258468,REBA001C1AJ430010020000005,000005,,,,,,,,,,,,,,"LINESTRING (74.10562864905924 40.000000001701956, 74.10319730673709 39.99372935338138, 74.10164349667538 39.992310684030365, 74.09976542051044 39.990801775474274, 74.0975533265838 39.98917682132251, 74.09236788793409 39.985643939512926, 74.0905268787642 39.9844262594367, 74.0885731186491 39.983135938269236, 74.08652576394799 39.98176400599459, 74.0843894332776 39.98030406203864, 74.08218112810431 39.97874823898532, 74.07990713266 39.97708861138251, 74.07757922538376 39.975317675794216, 74.07437171477679 39.97274946177991, 74.07263139477455 39.97129853498445, 74.07088421462879 39.969788756978346, 74.06914102161352 39.968227076985876, 74.06740994086935 39.96662038746419, 74.06570109590093 39.964975581166385, 74.06402661140511 39.96329955144395, 74.06238932183048 39.961599250256576, 74.0608064333183 39.95988102281653, 74.05927997790589 39.95815231145759, 74.05782486907455 39.95641952449038, 74.0555594110962 39.95351978865587, 74.05396144417175 39.951277842561744, 74.05251375926865 39.94906581221282, 74.05120145838043 39.94688972812569, 74.0500074457167 39.94475385809645, 74.04892053827439 39.94266429378764, 74.04792315777028 39.9406248705312, 74.04700689899872 39.93864204913098, 74.04543424203872 39.93506005827132, 74.04434916729574 39.93251651951907, 74.0433526376027 39.93008298031229, 74.04244620283347 39.92772732812626, 74.04164130705371 39.925414271864355, 74.0409448688961 39.92311108751059, 74.04024933611659 39.92024820375974, 74.03986505392102 39.91815743825318, 74.03956341981136 39.91604575227618, 74.03932457882627 39.913940747470185, 74.03913301449315 39.91187155120849, 74.03897356965136 39.909866684137086, 74.03882986704143 39.90795545810866, 74.03866987272546 39.905969429218324, 74.03834312903547 39.90293877272391, 74.03794973455648 39.90033599010353, 74.03712920307035 39.89652860579234, 74.03654612230297 39.89429845907475, 74.03601536522937 39.89210613382421, 74.03559743802327 39.88876121694666, 74.03581164252996 39.88650405432367, 74.0364751213322 39.884288975491714, 74.0379157416394 39.88153093121915, 74.03917910541186 39.87973689386105, 74.04064762863595 39.87792875398836, 74.0422539793744 39.87610951646831, 74.04437837344138 39.873795283155395)",16105.355024220537,16.105355024220536,201.07940051591655,21.079400515916547,LYGREBA001.WL,01,29.8700008392334,005,04,02,04,01,,波状纹理清晰,无,,,,,,,,,,
6,0.1508345413390775,REBA001C1AJ430010020000006,000006,,,,,,,,,,,,,,"LINESTRING (74.35680199154282 40.00000002316913, 74.35653246319065 39.99983920172857, 74.35610301755823 39.99929856576957, 74.35418087816281 39.997265518951714, 74.35249422527667 39.99541933904494, 74.35082180976542 39.99358882945053, 74.34916929899805 39.99177873680905, 74.34753963304946 39.98999502329346, 74.34594206314495 39.9882414590777, 74.3443754510267 39.986524554201466, 74.3428491771551 39.98484912175126, 74.34136332956575 39.983220022140316, 74.3392033171934 39.98084612121707, 74.33707515597894 39.978504961947415, 74.33507786762307 39.976303761285514, 74.3331950451249 39.97423102297297, 74.33141783338506 39.972276414418126, 74.32973310825388 39.97042838484893, 74.32813139297883 39.968675988348004, 74.32622547433901 39.966604041390276, 74.32424093671828 39.96446084543565, 74.32226143034154 39.9623404011427, 74.32018983467387 39.96013403443557, 74.31793206872482 39.957730925222876, 74.31447724407214 39.954051634740104, 74.31319828724938 39.95268384865929, 74.31184302031116 39.95124005272207, 74.31042363939238 39.949729559256134, 74.308941133771 39.94816119266584, 74.30740633154426 39.9465448784794, 74.30581978056982 39.9448905978384, 74.30419174701345 39.94320711532035, 74.30252385218915 39.94150386903184, 74.30082792307218 39.93979078065959, 74.29910335399974 39.938077652902, 74.29736134438426 39.9363729455547, 74.29523319537016 39.934334425574, 74.29325349589146 39.93248317125305, 74.29127367979373 39.93067120294569, 74.28930084506752 39.928902528509134, 74.28734147302575 39.9271784141493, 74.28540367386613 39.925501593284125, 74.28349805842521 39.92387437285508, 74.28162866862408 39.92229917279524, 74.27980169063578 39.92077818471819, 74.2780293644012 39.91931432074532, 74.27486162430301 39.916718863351754, 74.27222964118876 39.91457538523332, 74.2697906694182 39.91258960847086, 74.2675233616137 39.91073866212103, 74.26538597965643 39.90900414467173, 74.26337733089228 39.90735747879457, 74.26068780405653 39.90509715458857, 74.25854804600678 39.90323615232374, 74.25650765151214 39.9014084366696, 74.25454371383007 39.899605508156135, 74.25263316141012 39.897820819179664, 74.24923636930488 39.89461909363081)",14898.952726605445,14.898952726605446,218.60168389245428,38.601683892454275,LYGREBA001.WL,01,47.4900016784668,007,04,02,04,01,,波状纹理清晰,无,,,,,,,,,,
7,0.0014791881340362881,REBA001C1AJ430010020000007,000007,,,,,,,,,,,,,,"LINESTRING (73.97443711322627 39.99857485031518, 73.97483315788502 40.000000033168064)",161.7730358885877,0.1617730358885877,12.722915172291568,12.722915172291568,LYGREBA001.WL,02,12.470000267028809,003,03,02,04,02,,波状纹理清晰,无,,,,,,,,,,
8,0.10920044684486437,REBA001C1AJ430010020000008,000008,,,,,,,,,,,,,,"LINESTRING (74.33285563812355 40.000000010441966, 74.331511612103 39.999159170392154, 74.32404103379214 39.994650336279136, 74.32156913096013 39.99294582515646, 74.31792231097536 39.99110784823027, 74.31443543681328 39.98914703653039, 74.3124472437603 39.98798570844407, 74.31040505753407 39.986778361034744, 74.30834366944127 39.985554681224045, 74.30629159879336 39.98434228542279, 74.30427992305185 39.983169946280015, 74.30233793458862 39.982065655101394, 74.29750328914116 39.97951029799903, 74.29477518524449 39.97823007343377, 74.29221674593074 39.97716448501856, 74.28977791020029 39.97628596016729, 74.28513154839426 39.97494342257383, 74.2824739868834 39.974255835597, 74.2801530955248 39.97358184531109, 74.27669573176546 39.97198355061414, 74.27387365495825 39.9696639342607, 74.2711733787273 39.96676910746895, 74.26957359157689 39.96488309700418, 74.26783941516803 39.962750999957166, 74.26596545073691 39.960378545625986, 74.26386107125246 39.957650538095336, 74.26252712944428 39.95589339269742, 74.26117970297663 39.95409742189959, 74.25984133694193 39.952284723635735, 74.25852263495327 39.950477711276775, 74.25724300397277 39.948697447914206, 74.25602547020519 39.94696646440667, 74.25389723321418 39.94385380132304, 74.25243301930652 39.94163912598713, 74.2510578304784 39.93950733574172, 74.24858944752361 39.93560561978593)",10464.426091988164,10.464426091988164,225.6521601263537,45.65216012635369,LYGREBA001.WL,01,32.06999969482422,007,04,02,04,01,,波状纹理清晰,无,,,,,,,,,,
9,0.026058274491160157,REBA001C1AJ430010020000009,000009,,,,,,,,,,,,,,"LINESTRING (74.21736581878085 39.9876362373193, 74.24030422363056 40.000000025266665)",2391.3406322246187,2.391340632224619,55.473704799273555,55.473704799273555,LYGREBA001.WL,02,7.340000152587891,003,03,03,04,02,,弧形纹理明显，两侧色调、纹理区别明显,无,,,,,,,,,,
10,0.31637275137298143,REBA001C1AJ430010020000010,000010,,,,,,,,,,,,,,"LINESTRING (74.22562198645609 40.000000031618164, 74.21466138634861 39.98358615869898, 74.21353303103275 39.981695174834826, 74.21243489117005 39.97984114993852, 74.21136862980353 39.97802756058136, 74.21033877623175 39.97625812201763, 74.20786356467681 39.97192576710907, 74.20655586159066 39.96957125348921, 74.20530841757376 39.96728250264743, 74.20411509117429 39.96504678135714, 74.20297339172461 39.96285068901184, 74.20187227533752 39.96067966399468, 74.2008037329535 39.958522009625824, 74.19976123500587 39.956362739787494, 74.1987213413355 39.954155365277586, 74.197744150037 39.952031321335426, 74.1967653262382 39.94987794769533, 74.19578195016483 39.94768799862033, 74.19478397910179 39.94545404580107, 74.19376573268563 39.94316719515116, 74.1927160044892 39.94082111170875, 74.19162897283178 39.9384079995033, 74.19049646195546 39.93591939230003, 74.18929600163116 39.93338614764652, 74.18837793638714 39.93147540505139, 74.18744125679068 39.92954363926138, 74.18649129235042 39.92759907898587, 74.18553305322548 39.92565213907802, 74.18456999453727 39.92371208687839, 74.1836075726745 39.92178817872202, 74.18265366285796 39.91988980137527, 74.18170984960615 39.91802725229846, 74.18078108767742 39.91620936683078, 74.17987203478238 39.91444589474319, 74.17898785286499 39.912746158602204, 74.17726514494375 39.90948896751549, 74.17590063567509 39.906952014023894, 74.17459237997319 39.90456879768592, 74.17332796933954 39.90230867011287, 74.17209555267961 39.90014342048965, 74.17087786097088 39.898043428584266, 74.16966912659517 39.89597993867022, 74.1683039879128 39.89368739760165, 74.16705788529008 39.891631890199626, 74.16579615128603 39.88960344392306, 74.16451538598147 39.887610654787274, 74.16321638274687 39.88566388288099, 74.16189173731107 39.883771730026844, 74.16054411804208 39.88194351547052, 74.1572762593954 39.8779131372389, 74.15542038570176 39.8757929715884, 74.15340502039497 39.87355758762456, 74.15118835794766 39.87113122774789, 74.14872996875225 39.86843880656806, 74.14721925342442 39.866775033162426, 74.1458429790136 39.86524894040528, 74.14438959115186 39.86363813731001, 74.14285720185973 39.86194079006079, 74.14124741339265 39.860155497486595, 74.13955327611015 39.85827969507255, 74.13777095207726 39.856313135976876, 74.13589828677833 39.854252772999864, 74.13393188852842 39.85209719760951, 74.13186828798159 39.849845554843476, 74.12970333606661 39.84749479025202, 74.12743720099212 39.84504465804797, 74.12518180836095 39.8426193490492, 74.12374170924072 39.84107948302269, 74.12227968879944 39.83951461519942, 74.12079152134012 39.83793053279177, 74.11928544494693 39.83633101238391, 74.11776725936873 39.83471971315657, 74.11623761172025 39.833101384699155, 74.11470286019261 39.83148084139239, 74.11316488882285 39.82986119644609, 74.11162905272695 39.828247257531395, 74.11009899726824 39.826643783676026, 74.10857751881603 39.82505443019404, 74.10707268681169 39.82348407481181, 74.10558522114553 39.82193692054294, 74.1041179181287 39.820416627694954, 74.10267921131019 39.81892746234522, 74.10127266123102 39.81747473086472, 74.09989706039109 39.81606208907977, 74.09856255255491 39.814693865899585, 74.09726922206202 39.81337365974493, 74.09250425269788 39.80856022803723, 74.09003524736049 39.806098696634315, 74.08779204934939 39.803875464876384, 74.0857537853492 39.801869449929065, 74.0839118298367 39.80005878265829, 74.0822496181667 39.79842231666889, 74.08074924813201 39.79693823713956, 74.07940316913955 39.795585396741345, 74.0751574295921 39.79112482243385, 74.07318266168977 39.78901773012126, 74.07125318525533 39.78707006736531, 74.06887216145522 39.784864047882344, 74.0670093117178 39.78316526064429, 74.0651729508306 39.78140245025401, 74.06343954140631 39.77954968168008, 74.06119190226106 39.776638776790826, 74.0598343684522 39.774550392703304, 74.0585070685479 39.77230268461036, 74.05716185758514 39.76987441725813, 74.05578259427496 39.76730166883962, 74.0547687389187 39.765352345966264, 74.05375321716897 39.76333639578082, 74.05275571162792 39.761268879968426, 74.05178518824766 39.759163947281344, 74.05086103890125 39.75703672260479, 74.04972509104213 39.75421675310102, 74.04890910183136 39.75203836977941, 74.04813387275344 39.749854517817106, 74.04738819891674 39.74766598285727, 74.04603776502464 39.74357920986522)",32614.6523968675,32.6146523968675,208.90696155625707,28.906961556257073,LYGREBA001.WL,01,35.88999938964844,003,04,02,04,01,,波状纹理清晰,无,,,,,,,,,,
11,0.00015644151464141014,REBA001C1AJ430010020000011,000011,,,,,,,,,,,,,,"LINESTRING (74.05895430136584 39.99985537487157, 74.05901387037011 40.000000031296366)",16.843168897094856,0.016843168897094855,18.17801401141701,18.17801401141701,LYGREBA001.WL,05,26.270000457763672,010,05,03,04,05,,弧形纹理明显,无,,,,,,,,,,
12,0.18575586899781443,REBA001C1AJ430010020000012,000012,,,,,,,,,,,,,,"LINESTRING (74.03862460042124 40.00000000605169, 74.03839768455207 39.999744009376194, 74.0378878951481 39.999382597794245, 74.0347459524987 39.99819852144351, 74.03207357777227 39.99718728337077, 74.02938819405655 39.9961665231514, 74.02608795438594 39.994901999997836, 74.0235003524619 39.993893293203016, 74.0209453711981 39.99285712292742, 74.01849127683298 39.99178701355734, 74.01522523587167 39.99017838526133, 74.01265534136793 39.98859850592277, 74.0103850121658 39.986782660868094, 74.0074825137686 39.98358400647106, 74.00631378400287 39.98197797848791, 74.0051535403452 39.98022619524374, 74.00402011584829 39.97837305015955, 74.00291967340262 39.976464027119974, 74.00093741623232 39.97278550428042, 73.99973778379226 39.97042795922441, 73.99864914385398 39.96822088645125, 73.99765752261203 39.966187873444234, 73.99629118764312 39.96343373435558, 73.99482443336093 39.96073422530328, 73.99297730983392 39.95787870493965, 73.99147367208761 39.95587232785669, 73.989923237027 39.95375263092055, 73.98858846936763 39.94995570998781, 73.98883774090115 39.948028133488215, 73.99003018773139 39.94532053168065, 73.99156450704969 39.94345343082207, 73.99360132228057 39.94132883457543, 73.99644094474692 39.93739131512944, 73.99936325152639 39.93407428916559, 74.00279301006994 39.933057233518376, 74.00697982623443 39.93539711395559, 74.00833606359294 39.936810873774455, 74.00985787898885 39.93864017789998, 74.01325643901995 39.94327773350745, 74.01434169278171 39.944857622567774, 74.01548933039965 39.94655349084619, 74.01669493016895 39.94834192642741, 74.01794870435064 39.95020012102528, 74.01924399313435 39.95210630818778, 74.02057399885992 39.954037683113405, 74.02268426995371 39.957020443982266, 74.02418561436852 39.95907046546704, 74.02570700115476 39.96108774720949, 74.02724998055723 39.9630784445421, 74.02881383029451 39.9650474985102, 74.03039546764721 39.96700044990678, 74.03359006499471 39.97083974102752, 74.0351936223313 39.97272839515719, 74.03682909275054 39.9746219816132, 74.03851415939594 39.97652398569551, 74.04025691695509 39.97843885906144, 74.04207154602254 39.98037051078893, 74.04397494423773 39.98232290594093, 74.04627939549087 39.98462098238251, 74.04795980414409 39.98624311087844, 74.0497056905786 39.98788304745003, 74.0515074453972 39.989538464776466, 74.0533591047171 39.991206373008275, 74.05525197118116 39.99288499839159, 74.05717792133893 39.99457244369348, 74.05799478967099 39.9965945330614, 74.05895430136584 39.99985537487157)",18599.569046095497,18.599569046095496,91.14145883594965,91.14145883594965,LYGREBA001.WL,05,26.270000457763672,010,05,03,04,05,,弧形纹理明显,无,,,,,,,,,,
13,0.14769545756093214,REBA001C1AJ430010020000013,000013,,,,,,,,,,,,,,"LINESTRING (74.54897757756385 40.00000001997689, 74.52269472428827 39.99407982547868, 74.52020105810236 39.99312124344944, 74.51775703050048 39.99217925263486, 74.51536563352713 39.99125553415468, 74.51303535531211 39.99035220378102, 74.5070434302237 39.98801984685018, 74.50419727693783 39.98691322903934, 74.5014519477266 39.98585353813338, 74.49879820860161 39.984840750729596, 74.49622889175033 39.98387642660374, 74.49373645576974 39.98296272925717, 74.49131152441271 39.98210072936298, 74.48775334135608 39.98089148799323, 74.4848752829615 39.97996370986402, 74.48216188270068 39.97913220515405, 74.47964526460734 39.97840048295544, 74.47735383742311 39.97777199349294, 74.47531409395727 39.97724964119999, 74.47026584320884 39.97623818759114, 74.46723761568973 39.97606701320127, 74.46396822824211 39.97639732295013, 74.45982005044306 39.97725330306237, 74.45718796005805 39.977863876664955, 74.45480988398369 39.978414196352766, 74.45231379293593 39.978972148898684, 74.4497976265255 39.97949817786983, 74.4473478090689 39.97995529552544, 74.4422730432659 39.98061785250243, 74.43885700366731 39.98081564442003, 74.43511553973399 39.980852602096725, 74.4301999819648 39.98074725571225, 74.4275374089331 39.980660149908, 74.42484771912702 39.98056732944482, 74.4221878595821 39.98048142727048, 74.41962091440479 39.98041524817865, 74.41569928040873 39.98037007844221, 74.41250192639947 39.98038404219572, 74.40543121087177 39.98038547023372)",12845.318995804715,12.845318995804716,260.2627072798399,80.2627072798399,LYGREBA001.WL,01,36.619998931884766,002,04,02,04,01,,波状纹理清晰，两侧色调、纹理区别明显,无,,,,,,,,,,
14,0.10648326092248558,REBA001C1AJ430010020000014,000014,,,,,,,,,,,,,,"LINESTRING (74.09629521059266 39.98831954040906, 74.09635934466786 39.98337846666343, 74.09539581004744 39.978905502988475, 74.0940557379241 39.97679366521185, 74.09138948015732 39.97396964880886, 74.08841780395714 39.97035344967235, 74.08720329181428 39.968959931938095, 74.08586277567947 39.96745129677208, 74.0844372997336 39.965833822900855, 74.0829553444785 39.96412135112756, 74.08143921501447 39.962325100737125, 74.07991962494937 39.960457264244106, 74.07842220654489 39.9585305911416, 74.07686071290694 39.95640418809825, 74.0754977758607 39.954416002317714, 74.07421239141868 39.95239465826448, 74.07299962092917 39.95034089230495, 74.07186517148787 39.948254766930745, 74.07080511761744 39.9461357368823, 74.06982388243631 39.94398392542152, 74.06892188782253 39.941799460024725, 74.06796500078498 39.93919936671828, 74.06727794626842 39.93708042373253, 74.06666391123044 39.934951626307324, 74.06611988000867 39.932832969854324, 74.06565170809533 39.930743413926145, 74.06526088935877 39.92870252385174, 74.06494428175237 39.926729263422295, 74.0647039448739 39.92484307278182, 74.06447564722164 39.9219249592345, 74.06282525686518 39.91324088124958, 74.06252711519868 39.91008637242295, 74.0618976514491 39.90614116174638, 74.06128101227128 39.90140800789139, 74.06101167273074 39.89615232053688, 74.06107383235259 39.89152583879745)",11408.390048434952,11.408390048434953,196.2390151067105,16.239015106710497,LYGREBA001.WL,01,11.579999923706055,005,04,02,04,01,,波状纹理清晰,无,,,,,,,,,,
15,0.10563225860039739,REBA001C1AJ430010020000015,000015,,,,,,,,,,,,,,"LINESTRING (74.38816975864012 40.000000015019666, 74.38762079413384 39.99887854694965, 74.38235390553405 39.99017206659615, 74.38142434167001 39.98825515257062, 74.3797452872591 39.98474783060577, 74.37847365379702 39.98201991263698, 74.37735530460208 39.97951397588155, 74.37636971545878 39.977148213126874, 74.37491536643424 39.97319479230252, 74.37425946356697 39.97111067541848, 74.37367512963871 39.96895847885431, 74.37317514098315 39.96673309591795, 74.37278339962089 39.96443046234283, 74.37245354888952 39.961101331592616, 74.37238893819521 39.95902392926221, 74.37241800637804 39.956899968776305, 74.37252930671215 39.95474404758006, 74.37271358625333 39.95257252310819, 74.37295976610625 39.950399388797216, 74.37341429782448 39.94723348337107, 74.37380770899283 39.944904423854176, 74.37425825994872 39.94260436475912, 74.37477338093333 39.94031871207476, 74.37536921545977 39.93803292352466, 74.37673734360216 39.93369710643922, 74.37749171604808 39.931673822464276, 74.3783373558837 39.92962884272386, 74.379291157982 39.92757195191991, 74.38035825135236 39.92551128708698, 74.38154937389928 39.92345773291303, 74.3841328748459 39.91969765899486, 74.38558951507407 39.91788519988224, 74.38715762889278 39.916097116083336, 74.38882332469939 39.91432906243472, 74.39056576992556 39.912577420142505, 74.39236914094995 39.910838576844, 74.39421581835055 39.9091094006232, 74.39779765658243 39.90581758889467)",11240.888108569872,11.240888108569873,175.89139149988856,175.89139149988856,LYGREBA001.WL,02,13.59000015258789,001,03,03,04,02,,弧形纹理明显，破碎带明显,无,,,,,,,,,,
16,0.24662559596584505,REBA001C1AJ430010020000016,000016,,,,,,,,,,,,,,"LINESTRING (74.84512478491048 40.00000001428763, 74.84518132569308 39.99683536403483, 74.84662183738067 39.99505871768141, 74.84835304335502 39.99310258854957, 74.85200582320643 39.990138824032876, 74.85365126298896 39.98885253055472, 74.85690712574724 39.9858901656331, 74.85855664631761 39.98404031832678, 74.86083145639192 39.98096052181929, 74.86309727871759 39.9769735179442, 74.86455238344676 39.97287715165384, 74.86478534359054 39.97082080536832, 74.86492124886495 39.96817101009931, 74.86511519986986 39.963544311218016, 74.86498807349574 39.961836976945186, 74.86479504810973 39.95996158974574, 74.86444938560174 39.95656694785115, 74.86432353392708 39.95154845225614, 74.864275245479 39.949819721550384, 74.8642139921869 39.947871761814135, 74.86416742447325 39.94450961745568, 74.8642657782009 39.94195235210199, 74.864619293504 39.938934601646615, 74.86565950606402 39.93580012334268, 74.86884136637586 39.9320275775455, 74.8704217888215 39.930798816042255, 74.8723833740351 39.92941657101062, 74.87468959799827 39.92787462708146, 74.87779674756756 39.92586018793892, 74.87970904381736 39.924631154515716, 74.88168054669357 39.92336844395971, 74.88364645518001 39.92211470070474, 74.88554290489317 39.92091097538786, 74.88730296145816 39.91979975393598, 74.88933953235107 39.91852815161148, 74.89443550083047 39.915419079653404, 74.8962217264915 39.914207622791636, 74.89883953085452 39.91225797752595, 74.90249974115764 39.908770522015864, 74.90375778564763 39.90737521569636, 74.90512939082882 39.9058150340903, 74.90746991441048 39.90305727388319, 74.91078048337657 39.898967646851965, 74.91229052589944 39.897326193168496, 74.91491348084082 39.89475181928053, 74.9168486844338 39.89300700353943, 74.92160335220588 39.8890759782694, 74.92305960578508 39.88791622874272, 74.92465307991064 39.88665778802681, 74.92633459875039 39.88533794823338, 74.92805512654935 39.8839929132355, 74.92976821114587 39.88266003728227, 74.93142584431114 39.88137552662889, 74.93361706053386 39.87968712694646, 74.93700395579377 39.877121988080255, 74.94289782907897 39.87293257815857, 74.94446155536309 39.87186189399068, 74.9461962768933 39.87067966020753, 74.94808348238466 39.86939409956516, 74.9501136594046 39.86801342834724, 74.95226836405101 39.86654531886375, 74.95452951887428 39.864998979000454, 74.95889529230038 39.86199278581106, 74.96086526569574 39.86062567060426, 74.96285436450195 39.85923837546988, 74.97068903994386 39.85477389533522, 74.97443748624147 39.85241064719939, 74.97682602290425 39.85083505719086, 74.97989444438188 39.8482088046623, 74.98554168756804 39.84314619326943, 74.98534796408632 39.842955967143496, 74.98943726517352 39.839278852663114, 74.99693513147744 39.83008537099585, 75.00000099999441 39.826323791776936)",24521.266792187434,24.521266792187433,145.57226972264772,145.57226972264772,LYGREBA001.WL,01,48.66999816894531,006,04,04,04,01,,线状纹理明显，水系沿断裂发育,无,,,,,,,,,,
17,0.04290517017797702,REBA001C1AJ430010020000017,000017,,,,,,,,,,,,,,"LINESTRING (74.33917307778738 39.98081174026548, 74.35250402574113 39.98272999217862, 74.37056744447042 39.98650705989695, 74.38141329291375 39.988236251668745)",3702.043734276068,3.7020437342760677,77.54029415365149,77.54029415365149,LYGREBA001.WL,02,3.759999990463257,002,03,01,04,02,,线状纹理明显,无,,,,,,,,,,
18,0.03833581052571457,REBA001C1AJ430010020000018,000018,,,,,,,,,,,,,,"LINESTRING (74.2811614861455 39.97387469047518, 74.3092168066249 40.00000002992679)",3761.2742897219173,3.7612742897219174,40.011253640189466,40.011253640189466,LYGREBA001.WL,01,69.5199966430664,007,04,04,04,01,,线状纹理,无,,,,,,,,,,
19,0.15358988845689336,REBA001C1AJ430010020000019,000019,,,,,,,,,,,,,,"LINESTRING (74.27771315376378 40.00000000150406, 74.27226014580457 39.99289315210649, 74.27046522913386 39.99105589198034, 74.2686373916293 39.98922322520321, 74.26612112210158 39.98676460687155, 74.26429937252074 39.98503714118305, 74.2624514393061 39.98331846401294, 74.26058528891856 39.98161282677063, 74.25871905135871 39.97992252330655, 74.2568624012265 39.978251865494784, 74.25502596073491 39.97660358117132, 74.25193360500148 39.973808666861274, 74.24986052862768 39.97190027725345, 74.24786008886073 39.97002698249855, 74.24592375536083 39.96817752400757, 74.24404565270396 39.966339969647656, 74.24221562502372 39.96450244702297, 74.23979211938816 39.9619908438891, 74.23808947896119 39.96016808869287, 74.23642649108429 39.95831886868305, 74.23480762857582 39.95644073706074, 74.23324760930483 39.95453374111282, 74.2302723003552 39.94967300777453, 74.2289306137606 39.947562682312714, 74.22793521853414 39.944929304668655, 74.22727136008979 39.94334882006402, 74.2266055314716 39.941768331044656, 74.22361120354228 39.93491873385507, 74.2226211586618 39.932022655561575, 74.22094675743767 39.92916432986015, 74.21350528448559 39.91838949709023, 74.20322326649094 39.908225946572855, 74.19017738377208 39.902475292389546, 74.17090236172176 39.89808229747961)",15127.837609039123,15.127837609039123,219.3878340109719,39.387834010971886,LYGREBA001.WL,01,69.5199966430664,007,04,04,04,01,,线状纹理,无,,,,,,,,,,
20,0.3826115070457134,REBA001C1AJ430010020000020,000020,,,,,,,,,,,,,,"LINESTRING (74.74797094313912 40.000000030872535, 74.74696930182547 39.99968344162335, 74.74507545747969 39.9988808961385, 74.7424894844845 39.99778644063491, 74.73992799893546 39.99670385619592, 74.73740319933381 39.99563910487084, 74.73492821065219 39.994598704802925, 74.73251137668944 39.99358752761088, 74.7301691012152 39.9926120314796, 74.72791421939537 39.9916787978973, 74.72575328265312 39.99079318550086, 74.7237041946167 39.98996122610877, 74.72117193113718 39.98894985820397, 74.71681583538786 39.987274355757854, 74.71317147135906 39.98596373641503, 74.70998707584685 39.984913486662975, 74.70613119763415 39.98376388881383, 74.70347787123458 39.983031553999815, 74.68531194236233 39.98109244478687, 74.66709301689484 39.98081751050825, 74.66346554787494 39.98108981918873, 74.66065633062368 39.98127963327947, 74.65773244218677 39.981451848857745, 74.63612649892937 39.983049627541945, 74.6299765807554 39.983555477303646, 74.61425935794087 39.984554866514976, 74.5937706807373 39.9844847514867, 74.572613408979 39.98178178962514, 74.55077729643061 39.978546983255214, 74.5399957846177 39.977127527826504, 74.53713389454124 39.97697649540574, 74.53429948329979 39.97682286159361, 74.53149365383337 39.97666347650741, 74.52873102318111 39.97649349867596, 74.52529973633715 39.97625446786609, 74.52206619963702 39.97599092304914, 74.51891783240659 39.97569061595179, 74.51585359635409 39.97534901682824, 74.5128623133307 39.974961818280484, 74.50993786873899 39.97452503656196, 74.50707373008672 39.9740337030398, 74.50278186674781 39.97316432289587, 74.4999114609139 39.97248695806403, 74.49709522619335 39.971756603878276, 74.49433544070817 39.97099256689027, 74.49164018034007 39.97021366729394, 74.48900992236516 39.969439705203285, 74.48645573328963 39.968689500278394, 74.4835213454856 39.9678541832193, 74.48030553805523 39.96700756066875, 74.47718084500275 39.96627630203671, 74.47407294523853 39.96565474117455, 74.47091525225329 39.96513725124428, 74.46663514845218 39.96461255610689, 74.46403817399658 39.964381218646906, 74.46135734971054 39.9641930630749, 74.45863111184796 39.964041392361736, 74.45589132654648 39.963919627379596, 74.45317050527937 39.96382052993286, 74.45050380548109 39.96373746774341, 74.44763480860144 39.96365437049711, 74.44415162293777 39.96354695527634, 74.44085096193649 39.963413033678655, 74.43764579552689 39.9632254946087, 74.43132335579158 39.96258970997595, 74.42869770567656 39.96220352723404, 74.42599646838354 39.96173777221524, 74.4232255590744 39.96119594802229, 74.4204017992693 39.960583383386776, 74.4175309556794 39.95990468349361, 74.41362483121235 39.9588979695862, 74.41094556648042 39.958156306666154, 74.40824661693723 39.9573621001259, 74.40551775522886 39.95651072082326, 74.40276418363283 39.955596384351225, 74.39997502682714 39.95461385363018, 74.39437261052562 39.952452318983504, 74.39196907473028 39.9514486286961, 74.3895430976452 39.95039289340698, 74.38709389988978 39.949293148406284, 74.38462799935719 39.94815523757667, 74.38214769080528 39.946986646488696, 74.37965554673593 39.94579480567447, 74.37715743731701 39.944586225102114, 74.37415649295598 39.943125063272305)",33165.946107281256,33.16594610728126,259.0960904224131,79.09609042241311,LYGREBA001.WL,01,43.040000915527344,002,04,02,04,01,,波状纹理,无,,,,,,,,,,
21,0.014524598012226966,REBA001C1AJ430010020000021,000021,,,,,,,,,,,,,,"LINESTRING (73.91727154134784 39.92462703487649, 73.90790734470725 39.91352407271798)",1469.547429573049,1.4695474295730488,213.69786459384906,33.69786459384906,LYGREBA001.WL,02,1.4900000095367432,003,03,01,04,02,,线状纹理明显,无,,,,,,,,,,
22,0.2457890624701708,REBA001C1AJ430010020000022,000022,,,,,,,,,,,,,,"LINESTRING (74.53491560577112 39.976856239824926, 74.53102983578793 39.973071526842794, 74.52926345081892 39.971306223364046, 74.52755942522265 39.96955040641869, 74.52576145764287 39.96761118642176, 74.5240830278495 39.96563638489863, 74.52166120804378 39.962289537426344, 74.5205255247696 39.96039245423799, 74.51948590569259 39.95839192951286, 74.5185542069983 39.956317648065514, 74.51747203701476 39.95336071069664, 74.5168405702397 39.95111106721843, 74.51635748678997 39.94883641292433, 74.51600303404737 39.94651111321738, 74.5157263279822 39.943703044665526, 74.51560083721432 39.94160291632679, 74.51553384917673 39.939469345765026, 74.51552701670802 39.93734670955923, 74.5156897772016 39.9333738715792, 74.51595288741758 39.93077036766581, 74.51635792834674 39.928268375842165, 74.51728703372099 39.924301006922946, 74.51780953932432 39.92242934721085, 74.51839942480524 39.92045906336177, 74.51903302281364 39.91842923185306, 74.51969195541002 39.91637887413759, 74.5206705733224 39.91343618327614, 74.52147255746394 39.91105818900575, 74.52225050300488 39.90873374244679, 74.52300122489268 39.906403356232246, 74.52405330693205 39.90288329651317, 74.52459396886248 39.900886420500484, 74.52511379749154 39.898836225440014, 74.5256082892841 39.896770645644764, 74.52607122969358 39.894727555587906, 74.52678046662385 39.891392227760775, 74.52729553648722 39.8887466359778, 74.52771797712893 39.88628737165094, 74.52829246196839 39.88194522167019, 74.52848524507775 39.87979511718599, 74.52862468763895 39.87760791696941, 74.52870997495693 39.875406474539716, 74.52874516666598 39.872552958740535, 74.52870331044747 39.87023949996852, 74.52859554120225 39.86804419691227, 74.52814588859142 39.86433530230199, 74.52609341885773 39.85965362545618, 74.52450314775736 39.85784165587142, 74.5211928702253 39.85526281507867, 74.5193867047118 39.854160083587956, 74.5172755958468 39.85302147458674, 74.51490378982878 39.851895211179716, 74.51018551898078 39.85007967303375, 74.50756792136274 39.84930233878321, 74.50484135045511 39.848632506165316, 74.49625635246156 39.84632627452878, 74.48893739346606 39.84484947834789, 74.48416992189091 39.844302985802514, 74.46918331427962 39.84318456034672, 74.45827853643499 39.843134082959615, 74.44959745600832 39.84191110102353, 74.4451798796919 39.84005126750515, 74.43975487640411 39.83687296937072, 74.43128756718554 39.83052734914882, 74.42925616716877 39.82894126673527, 74.42736173694396 39.8274510249932, 74.42574551495261 39.82566116315453, 74.42410708962367 39.82383574125227, 74.42245581107396 39.821982974244385, 74.4207968783078 39.82011216834721, 74.41869782703588 39.81736154258116)",24484.982957903976,24.484982957903977,209.6386721949646,29.638672194964613,LYGREBA001.WL,01,24.84000015258789,003,04,02,04,01,,波状纹理清晰，两侧色调、纹理区别明显,无,,,,,,,,,,
23,0.0703415706858825,REBA001C1AJ430010020000023,000023,,,,,,,,,,,,,,"LINESTRING (74.33475211585075 39.952531330225966, 74.33893534755326 39.95091270889024, 74.3412963971466 39.947200456971956, 74.3417114447871 39.94553724401086, 74.34212843736472 39.9435764351444, 74.34257379855221 39.94139441057138, 74.34308134205567 39.939064796618524, 74.34359868948566 39.93697021272163, 74.34420119877268 39.93487391285665, 74.34490377268753 39.93282591548858, 74.34625216486174 39.92982116213409, 74.3476654530646 39.92757473209337, 74.34941197863486 39.92546298583811, 74.35268159087964 39.92228709240538, 74.35424792804396 39.920905944562314, 74.355954127533 39.919457091864544, 74.35777149071811 39.91797192927654, 74.35966841785216 39.91648002825427, 74.36161378381506 39.915013945290575, 74.36375441196597 39.91348598645279, 74.36614564040683 39.91188197390482, 74.36847377407982 39.910410589900735, 74.3706815099816 39.909068304435756, 74.3744977665987 39.90679661947865, 74.37751971408528 39.90491088793458, 74.3800130250248 39.90323687567832)",6999.744905747471,6.999744905747471,145.15616837371104,145.15616837371104,LYGREBA001.WL,01,7.099999904632568,006,04,02,04,01,,波状纹理清晰，两侧色调、纹理区别明显,无,,,,,,,,,,
24,0.42592448954187123,REBA001C1AJ430010020000024,000024,,,,,,,,,,,,,,"LINESTRING (74.9754994294435 39.8517102301994, 74.9677999193457 39.85124696484813, 74.96488862117327 39.85107103872937, 74.962008791346 39.85089692213685, 74.95917163464628 39.8507250106555, 74.95638734824256 39.85055657518746, 74.95366785106488 39.85039080797232, 74.95102347878364 39.85022914435817, 74.9484652948573 39.85007182326443, 74.94600292496304 39.849920227049935, 74.94338533658639 39.84975768730014, 74.93943771740672 39.849508857324594, 74.935855162288 39.84926778245367, 74.9326178570199 39.84902162526831, 74.92969519929466 39.84875803790823, 74.92707181408393 39.848463015675584, 74.92440749805904 39.84807287980393, 74.92073703890723 39.84727854709832, 74.91762598623029 39.84624416818015, 74.91387389380135 39.84442511791603, 74.9118123303043 39.84319160410089, 74.909725234382 39.841834236483294, 74.90764370338361 39.84040664242729, 74.90445704629262 39.838167761950835, 74.90204526385777 39.83651736305157, 74.89949769202701 39.83495780853348, 74.89399103366743 39.83240365091615, 74.89187338654914 39.83165092660385, 74.88955363398793 39.8309101509731, 74.88706488544018 39.83017701156369, 74.88443375098484 39.82944890158909, 74.88169397680227 39.82872211846751, 74.87612739651182 39.82729249871149, 74.87337867662023 39.82659086813161, 74.87060241059537 39.82589088836339, 74.86778930650755 39.82520078098473, 74.8649337799438 39.824528823828416, 74.86202596698625 39.823884226990735, 74.85905628706833 39.82327526670498, 74.85501556212917 39.822537705242894, 74.85231124682433 39.82210698764792, 74.84955444036342 39.82171582366288, 74.84674792563142 39.82136196762403, 74.84390582943179 39.82104384005205, 74.84103121759759 39.8207591383231, 74.83813185647382 39.82050688628473, 74.83521310197798 39.820284734100476, 74.83083540975873 39.82000564745147, 74.82788525989828 39.81985057326978, 74.82493724834855 39.81972063474117, 74.8219945173133 39.81961599972397, 74.8190573442787 39.819535740524124, 74.81613301253967 39.81947893031652, 74.81321973122185 39.81944518634903, 74.81032141964032 39.81943418841057, 74.8061837973422 39.8194566136267, 74.80316306158512 39.81950113906122, 74.80017901968479 39.819572025580904, 74.79725399269817 39.81967112699155, 74.79440201367322 39.81980034790547, 74.79163825756966 39.819962644475126, 74.78898068419525 39.82016047279496, 74.78414954720797 39.820657095085046, 74.78056557967582 39.82118743636966, 74.77727565989092 39.821829775666565, 74.77416737032227 39.822587505605, 74.76831537663837 39.82437328364951, 74.76592978754675 39.82519374439565, 74.76352922031025 39.82605228513587, 74.76117720598323 39.82691693674448, 74.7589432739865 39.827755735726, 74.75688590552804 39.82853600424249, 74.75184368519675 39.83051055292815, 74.7491816216306 39.83148213141038, 74.74425962985039 39.8350205931954, 74.74203536284953 39.83659097928913, 74.74025746765862 39.83803287702784, 74.73468498763594 39.84239759535635, 74.73335519088798 39.84341209932055, 74.73190374603753 39.84451495411558, 74.73035954111509 39.84568958877856, 74.72874162831386 39.84691580105585, 74.72708525960887 39.84817642295014, 74.72541369764237 39.84945301582351, 74.72375199861008 39.850726653860264, 74.72213114503566 39.85197895452575, 74.72057305420554 39.85319209510037, 74.71911108019052 39.85434709263265, 74.71746817094453 39.85566869182546, 74.71348939864535 39.8591082854244, 74.71019316213692 39.86269237809215, 74.70857965500734 39.86480367260132, 74.69975309629564 39.87402011752724, 74.69806552965326 39.87545598168822, 74.69624210233866 39.87695326051077, 74.69383490235796 39.87884718979809, 74.69141341479381 39.88065891426859, 74.68799660416072 39.8833176510574, 74.68638362916438 39.88468460104628, 74.68469897957495 39.88617565066408, 74.68302725739392 39.88770505968786, 74.68113327651287 39.88950719194847, 74.6789576189317 39.8916853439276, 74.67340570846385 39.89962897660953, 74.66997310249117 39.904347490187135, 74.66722538671735 39.908017152805215, 74.6615264872383 39.923406683898186, 74.66060969771067 39.928009329479075, 74.6602976391291 39.931886973619406, 74.6595388838056 39.933995954247266, 74.65908176214928 39.937874654727814, 74.65867926898625 39.93973158381471, 74.65849505688008 39.94363950684373, 74.65836921954387 39.948183066079714, 74.6584213630269 39.950202963222424, 74.6585916208484 39.95371971585868, 74.65919539619156 39.955962442941, 74.66059662313485 39.95918949690107, 74.6611715331533 39.96042330596045, 74.66172527085463 39.96180589272491, 74.66253358509385 39.96368619181491, 74.66414339070973 39.966894240716904, 74.66521549500979 39.96872843578272, 74.66637768764618 39.97055715783719, 74.66755399384783 39.97228765366555, 74.66927691680552 39.97462779267213, 74.67521968308945 39.98094048572719)",40013.564379565076,40.013564379565075,299.31294356017986,119.31294356017986,LYGREBA001.WL,02,40.56999969482422,004,03,03,04,02,,弧形纹理,无,,,,,,,,,,
25,0.11179629007335193,REBA001C1AJ430010020000025,000025,,,,,,,,,,,,,,"LINESTRING (74.21050348522738 39.91542222117208, 74.22089509276675 39.91786064077828, 74.22485151216205 39.9191114075735, 74.22728476486645 39.92025035184677, 74.23150503619617 39.92301759320253, 74.23329731278089 39.924471578775325, 74.23511126288517 39.92605412751799, 74.23842761908601 39.9291219963347, 74.24043954936414 39.9310075335048, 74.24235235574837 39.932676463740215, 74.24453892137116 39.93422242134617, 74.2473583910791 39.93540785001374, 74.2499986888807 39.93583130984919, 74.25333947775019 39.93493054558421, 74.25326159849072 39.93113415130832, 74.25233156313321 39.92955799828395, 74.25108680738427 39.92780141267809, 74.2486196892511 39.92455510078779, 74.2471478821766 39.92254355514974, 74.24577775046954 39.92053259129367, 74.24389538713366 39.91741488499397, 74.2427695956166 39.915276720879106, 74.2418444912393 39.913220950204014, 74.24095702883679 39.91081876930058, 74.24050485445606 39.906536648455, 74.24293556625288 39.90438740805706, 74.24931737450987 39.90493819074831, 74.25130398301454 39.905527192682776, 74.25349748097233 39.906249976337755, 74.25578528617794 39.90705371056195, 74.2580656771523 39.90788539127991, 74.26089114666826 39.90894341322923, 74.26450177879079 39.91031314833941, 74.26926979214704 39.91216439473692)",10635.698376141336,10.635698376141336,94.60542724190138,94.60542724190138,LYGREBA001.WL,01,10.800000190734863,008,04,04,04,01,,线状纹理明显，两侧色调、纹理区别明显,无,,,,,,,,,,
26,0.11455168615021652,REBA001C1AJ430010020000026,000026,,,,,,,,,,,,,,"LINESTRING (73.89094305528022 39.86365294691456, 73.89082830697942 39.86021497855143, 73.89074129347391 39.857962191034275, 73.89064278020973 39.85570193975845, 73.89051615733555 39.85343274203942, 73.89035615432368 39.851150071928934, 73.89015525466232 39.848851054142955, 73.88966578872984 39.84471659260912, 73.88934398690232 39.84257570265974, 73.88896749754485 39.84042020337704, 73.8885394122717 39.83825741554295, 73.88805764048634 39.83609288074861, 73.88753006924985 39.83393343049278, 73.88694944073491 39.831785709930934, 73.8863216425519 39.82965654592794, 73.88524123611688 39.82637185910053, 73.88441240434173 39.82409825893958, 73.88352636637987 39.82184703797922, 73.88258757083557 39.819596742834364, 73.88159738587042 39.8173264714289, 73.88055759356969 39.8150162937181, 73.87947343806371 39.812644270130384, 73.87747447267004 39.80829728621427, 73.8766286603182 39.806446142414046, 73.87575847077574 39.80453563698505, 73.87485792330601 39.80256533304349, 73.87392558416322 39.80053595039377, 73.87295363909956 39.79844595925501, 73.87193881933628 39.79629497962726, 73.87087740987951 39.79408379793397, 73.8697618000004 39.791811363744245, 73.86859515145159 39.78947742541571, 73.86608943696066 39.78466038134591, 73.8651067471438 39.78283368471344, 73.86408863392207 39.78097673455555, 73.86303949721524 39.77909094184169, 73.8619605235001 39.777178074461574, 73.86085479252422 39.775241734573015, 73.85972306908482 39.77328272217841, 73.85857137947349 39.771303898565264, 73.85740075273507 39.76930728769167, 73.85621100504707 39.76729526819962, 73.85500702913721 39.76526967172993, 73.85379105894248 39.76323300686395, 73.85256599536852 39.761187104084065, 73.85068530932392 39.75806130783101)",12326.448475944506,12.326448475944506,197.10810433529448,17.108104335294485,LYGREBA001.WL,02,12.520000457763672,005,03,03,04,02,,弧形纹理明显,无,,,,,,,,,,
27,0.1389763388566897,REBA001C1AJ430010020000027,000027,,,,,,,,,,,,,,"LINESTRING (73.89831140979723 39.86433213374484, 73.89816142224498 39.86105072253377, 73.89806449853937 39.85882802973618, 73.89797915352862 39.85665040720092, 73.89791813691639 39.854540670215236, 73.89787579017396 39.85194407389673, 73.89790546162794 39.849369066359145, 73.89805523508532 39.84699915441752, 73.89881151010654 39.843149912154196, 73.89970376319145 39.84095033162911, 73.90089784444729 39.83890154603148, 73.90285962628215 39.83637717677043, 73.90456148999586 39.83455992041708, 73.90632218671348 39.83273158674052, 73.90846193947243 39.83018001449667, 73.90965341287594 39.828335759784665, 73.91067315942645 39.826238004136506, 73.91151472086193 39.823818278661385, 73.91216930745894 39.82092200885215, 73.91243701473914 39.81912673560764, 73.91264100588904 39.817183790664416, 73.91279350784852 39.815096112416484, 73.91289601822926 39.81286371486876, 73.91295678993018 39.81048825384091, 73.91298166679907 39.80797041333849, 73.91298098784988 39.80499617781535, 73.91296542942321 39.80306121940784, 73.91293939098829 39.801079801716334, 73.912901635595 39.799070143470594, 73.91285157953197 39.79705394813357, 73.91278919852809 39.79504992214251, 73.91271335555031 39.79307860684074, 73.91262328541889 39.791159931132015, 73.91251850894865 39.78931376201623, 73.9123968958281 39.78756064348802, 73.9122198083887 39.78551772615731, 73.91176567724257 39.78188142604903, 73.91245768522498 39.77822514656033, 73.9118388581872 39.7742791634163, 73.91118911917759 39.77217165523454, 73.91054556186103 39.769801501786986, 73.90990818879953 39.767168705128285, 73.90929373986002 39.76296006548644, 73.90899483371912 39.760330463384435, 73.90877793827515 39.75866832000994, 73.90894347195815 39.75379511903137, 73.90900198170239 39.752038872418716, 73.90906149483503 39.75016902149064, 73.90913116805007 39.748225923769894, 73.90921115925568 39.74624993443597, 73.90930591280642 39.74428134891929, 73.90941993413564 39.74236119432323, 73.90960167772526 39.74003797141686, 73.90993109664316 39.73711008359001, 73.91032977995627 39.73452772499297, 73.91077708409037 39.73217717935401, 73.91118074558237 39.73026472281566)",15218.313247563403,15.218313247563403,176.46636447276515,176.46636447276515,LYGREBA001.WL,01,15.460000038146973,001,04,02,04,01,,波状纹理清晰,无,,,,,,,,,,
28,0.13981843637857727,REBA001C1AJ430010020000028,000028,,,,,,,,,,,,,,"LINESTRING (74.38861964189131 39.91454433675135, 74.39228328289445 39.91762489157821, 74.39429321627789 39.91932066463587, 74.39631104348099 39.92103100771049, 74.39913177629359 39.9234337498752, 74.4010577525798 39.92508476459883, 74.40300269973979 39.9267493554003, 74.40496565690437 39.92841611572548, 74.40695328014667 39.93007637927322, 74.41047510823827 39.93292443015669, 74.41257788327778 39.9345480033871, 74.41468174017736 39.93611277019205, 74.41675423204589 39.93759560133547, 74.41876512195488 39.938972985509125, 74.42182158227189 39.9409203043293, 74.42490935728473 39.94265170725877, 74.42766267912775 39.943946539895, 74.43030585898609 39.94497219227765, 74.43319026251459 39.945892398529736, 74.43797362279753 39.94702513728053, 74.440739128893 39.947492042220155, 74.44374020400322 39.94782422822366, 74.44710522632282 39.94796944171407, 74.44972604196295 39.9479227694444, 74.45252240640434 39.94773344157406, 74.45547521925229 39.9473848027205, 74.4590836737293 39.94675756693357, 74.46166440285852 39.94617876735461, 74.46431947574484 39.945491820061335, 74.46705195221386 39.944712992958934, 74.46986790278105 39.94385768009309, 74.47333709782694 39.942761563433955, 74.47587147237792 39.94194789502266, 74.47846360801024 39.941114956693376, 74.48110156270663 39.94027191743875, 74.483780250022 39.93942819096341, 74.48648908771644 39.93859361739243, 74.48962467414299 39.93765957250296, 74.49238012219418 39.93687309094734, 74.49511582695631 39.9361243409661, 74.49780100838389 39.93542191311517, 74.50040167484212 39.93477262894583, 74.50289161530567 39.93418496413953, 74.50550344872433 39.93360958911123, 74.50912313392935 39.93290014684344, 74.51235381121491 39.9323588942269, 74.5158432384875 39.93185541110906)",12588.451031030607,12.588451031030607,80.32945534483436,80.32945534483436,LYGREBA001.WL,02,12.770000457763672,002,03,03,04,02,,弧形纹理明显,无,,,,,,,,,,
29,0.5026549705747002,REBA001C1AJ430010020000029,000029,,,,,,,,,,,,,,"LINESTRING (74.51648219097704 39.92773780519313, 74.51057432856672 39.92480215006099, 74.50782572834031 39.923815142112915, 74.50498352438942 39.92286743179876, 74.50147141963937 39.92181919957085, 74.4988857471799 39.92114049470656, 74.49616180226978 39.92050020963118, 74.49326728422851 39.91989094201673, 74.49017396857685 39.919304731307186, 74.48685163224033 39.918733621887675, 74.48214867245679 39.91800195810441, 74.47974657491122 39.91765414283524, 74.47725355514204 39.91730731183357, 74.47469853923283 39.91696278286744, 74.47209986908122 39.91662199299827, 74.46948167298204 39.91628675282775, 74.46686829846881 39.91595850659525, 74.46428145071593 39.9156380898096, 74.46174945589684 39.91532908593782, 74.45929145962134 39.91503117667624, 74.45647397925715 39.914691462497316, 74.45257749717709 39.914221820521924, 74.44899197941587 39.91378609943783, 74.44562518789377 39.91337031079738, 74.44237710734663 39.91295879999874, 74.43691509654352 39.912233166261494, 74.4342773442754 39.91186667019988, 74.43160046957804 39.911484508576955, 74.42892321041262 39.911092892112364, 74.4262877969155 39.91069760571318, 74.4237426717662 39.91030493006137, 74.4213231963134 39.909921696698724, 74.4185788156414 39.909470349580765, 74.41433732279965 39.90872738145707, 74.41042826599211 39.90800581953822, 74.40480502025952 39.90699169856548, 74.40270516421738 39.90663040270283, 74.40042133786311 39.90624688542718, 74.39799482788631 39.90584896394741, 74.39544794036493 39.905441914577054, 74.39282303349856 39.90503301098536, 74.39014576359612 39.90462820189712, 74.38745177208706 39.904234710091565, 74.38362015031085 39.90370138099199, 74.38040701053488 39.903284294874936, 74.37727519554593 39.902909221920396, 74.3742087677074 39.90257650797327, 74.37118835026017 39.90228766231342, 74.36820207191055 39.90204375821429, 74.36276186763517 39.90171658173334, 74.35983838198781 39.90160860144426, 74.35689921791246 39.90155373025392, 74.35393920279743 39.90156106088022, 74.35095947161088 39.90163748627949, 74.34795229041113 39.90179094164852, 74.34198923706337 39.9023425293946, 74.33927432161678 39.90270662149319, 74.336541957916 39.90313718235071, 74.33381303098403 39.90362387288217, 74.33110364776034 39.90415599030539, 74.32843098308962 39.90472314029411, 74.32580549089323 39.90531614848597, 74.32089185336778 39.906507589100535, 74.31769645756403 39.90732903725748, 74.31468356206078 39.9081226610488, 74.31186173514483 39.9088703685653, 74.30923341620377 39.909553025115656, 74.30484360410675 39.91059164701459, 74.30112276109425 39.91124937140482, 74.2978211059066 39.91157083422514, 74.29417151659507 39.91161204882082, 74.29139900909944 39.91146613923355, 74.28857706701777 39.91118157106116, 74.28390540819943 39.91039572902448, 74.2810126689585 39.90967805298224, 74.27813193021557 39.908752781267616, 74.27387394138663 39.90700647028729, 74.2716754530428 39.905966092198575, 74.26930726268355 39.904776170041046, 74.266703128331 39.90342885784859, 74.26380385733403 39.901919166977706, 74.26022187066074 39.90007093475383, 74.25823721089708 39.89906192595163, 74.25614924798444 39.89801182764126, 74.2539779886367 39.89693272516237, 74.25175177090136 39.8958382364403, 74.24948702882352 39.89474015601738, 74.24721639746252 39.893651186990155, 74.24495530163001 39.89258312404425, 74.2427277845109 39.89154965278721, 74.24008706237318 39.89034958455175, 74.23689885131645 39.88894770425714, 74.23388177438885 39.88767755026281, 74.23100217098826 39.88652144375201, 74.22821718480692 39.88546121546005, 74.22301469748881 39.883627553027225, 74.2202533440041 39.88272607297179, 74.21747138449771 39.881851180736334, 74.21466502718074 39.880985815446216, 74.21183148733633 39.88011290995607, 74.20661178551404 39.87845989482639, 74.20401308415205 39.87759162380584, 74.20135046790895 39.87665568852938, 74.19859150461713 39.87562571919791, 74.1957148106755 39.874478207478276, 74.19268154085536 39.873186650516516, 74.18749168244489 39.87078425006077, 74.18548336272303 39.86979335049696, 74.18340999764376 39.868740901700775, 74.18128441136037 39.867635114876975, 74.17911795042971 39.86648250488188, 74.17692159594635 39.86529019228914, 74.17470881741328 39.86406572713956, 74.17248738048465 39.86281574142735, 74.1702719685292 39.86154827682101, 74.16807526218591 39.86027051792935, 74.16590188743253 39.858988921322904, 74.16276374122879 39.85710023994985, 74.16015765636968 39.85549949814999, 74.15763138744825 39.85391785532122, 74.15518199419509 39.85235019855739, 74.15279588383784 39.850792943119195, 74.15046577736115 39.84924030574171, 74.14818301732198 39.84768839406596, 74.14593581962745 39.84613184567128, 74.14372102556808 39.844567198483304, 74.14147096920074 39.84294729728863, 74.13933944478093 39.84138813842145, 74.13722053970737 39.83980595794657, 74.13510950678989 39.8381978311184, 74.13300507621796 39.8365575397687, 74.1309076663529 39.83488106345385, 74.12881377183255 39.83316382978849, 74.1267253962161 39.83140084253941, 74.12463931933286 39.82958747101137, 74.12205101588243 39.82725916618142, 74.12030398204577 39.82563503010886, 74.11855937303645 39.823975698561064, 74.1168239953246 39.822289825117636, 74.11510168164534 39.820583930851534, 74.11339902895041 39.81886618508551, 74.11171663058381 39.817144754677045, 74.11005907831837 39.815427808724024, 74.10843561906562 39.81372284662125, 74.10684542670964 39.81203705979148, 74.1052965844049 39.81037904359915, 74.10376265073968 39.80872624830348, 74.1017633187127 39.80655619590998, 74.09985836183844 39.80446547244083, 74.09804089728478 39.80245011688796, 74.09631061465092 39.80050605362903, 74.094665837442 39.7986298075546, 74.09310409836729 39.79681839895205, 74.09024381793407 39.793400281872486, 74.08845296084654 39.79117145483312, 74.08679345850946 39.789030568969935, 74.08525354909854 39.78696599091682, 74.084561999543 39.78595029320247, 74.08298909463585 39.782588686887614, 74.08226152815442 39.77975910312523, 74.0811467608736 39.77397129328866, 74.08077451271048 39.769962455527626, 74.08073396829901 39.76661294830297, 74.08052148261203 39.76339341605763, 74.08066185527818 39.759414120386836)",45802.72962321802,45.80272962321802,243.8368072796663,63.83680727966629,LYGREBA001.WL,01,46.4900016784668,007,04,02,04,01,,波状纹理清晰,无,,,,,,,,,,
30,0.14002118392240595,REBA001C1AJ430010020000030,000030,,,,,,,,,,,,,,"LINESTRING (73.98309937039784 39.864120829481536, 73.97773665844254 39.86524907712799, 73.97428186017976 39.86410274354193, 73.97167590568908 39.8633931272469, 73.97007346304304 39.86299239510556, 73.96681045362757 39.862024848264355, 73.96461767433397 39.86126662510968, 73.96085160015406 39.85925448138858, 73.95912085035123 39.857608999724384, 73.95704795153239 39.853121127077266, 73.9565271456057 39.85114394910211, 73.9559422028923 39.84890013740956, 73.95520769441345 39.84634142707589, 73.95429739530483 39.84352842367205, 73.953585498555 39.84149686045219, 73.95282916958153 39.83944865832708, 73.95204934046394 39.83743912728567, 73.9504299438438 39.83366805587712, 73.94936368020706 39.83164001185985, 73.94710392833021 39.8258684270004, 73.94785713402379 39.820729463798294, 73.95292684156027 39.81724467309316, 73.95501943139637 39.81589475350099, 73.96007303516245 39.81427690235196, 73.96531344881954 39.8161958851656, 73.96787780184575 39.818446773445224, 73.96949686460363 39.82009524043431, 73.97115127406619 39.821932988070934, 73.97279383461797 39.823905582631276, 73.97450067007708 39.82613404873034, 73.97588321131282 39.82810959614897, 73.97720152077306 39.8301708183178, 73.97845780893813 39.83232691969514, 73.9796438964824 39.83458484774866, 73.98074738925425 39.83692532397901, 73.98161759425294 39.8389919227063, 73.98242309152874 39.841136224098896, 73.98315725911401 39.84335718660242, 73.98381651468452 39.84565535372567, 73.984391441267 39.8480301736823, 73.98492621784135 39.85071477915954, 73.98527945040554 39.85281007712634, 73.98559978679856 39.85489235753792, 73.9858973962634 39.85693267907744, 73.98618389011318 39.85890094248005, 73.98647351471566 39.86076765874876, 73.98309937039784 39.864120829481536)",14179.172093736395,14.179172093736396,0.0,0.0,LYGREBA001.WL,05,14.399999618530273,010,05,03,04,05,,弧形纹理明显,无,,,,,,,,,,
31,0.06778168506395861,REBA001C1AJ430010020000031,000031,,,,,,,,,,,,,,"LINESTRING (74.86444300485844 39.95631243690534, 74.86233483600182 39.95439038790702, 74.8590138981206 39.95099850722966, 74.85762732461897 39.94928953280123, 74.8563458345772 39.94756032757857, 74.85389386397802 39.94405049131501, 74.8533630802696 39.942549636892934, 74.85280720623561 39.939509630090924, 74.85280554514851 39.93662925944875, 74.85399947004585 39.93332191760244, 74.85500713902358 39.93169248700252, 74.8570217710646 39.92901147030461, 74.85869119920648 39.92758963153981, 74.86015652073829 39.926751788217395, 74.86202308898856 39.925707533136524, 74.86501104821521 39.92413492915217, 74.87129307483193 39.92174715863301, 74.87357233898403 39.921105630918056, 74.87598526211482 39.92046144714427, 74.87913217733218 39.91965965293376, 74.88440076451933 39.918564580041156, 74.88706090664635 39.9182739162841, 74.8899704399991 39.91814333877631)",6523.502557403186,6.523502557403186,152.83799094844144,152.83799094844144,LYGREBA001.WL,02,6.610000133514404,006,03,03,04,02,,弧形纹理明显,无,,,,,,,,,,
32,0.08833271979585695,REBA001C1AJ430010020000032,000032,,,,,,,,,,,,,,"LINESTRING (73.88658524181258 39.830553937610404, 73.88720746759961 39.82708153610854, 73.88754999651816 39.82484942823782, 73.88783180172076 39.8214416649627, 73.88780326425147 39.81921615990161, 73.8876419319194 39.81682332459288, 73.8872112525399 39.8121334586738, 73.88705740200864 39.81033408096892, 73.88690347822944 39.80840804690851, 73.88674792173325 39.80638363671225, 73.88659504211796 39.8042880962101, 73.88643944063026 39.80214860975665, 73.88615989538668 39.79829411886569, 73.88598707605735 39.79594871005115, 73.88580660371116 39.79366698181592, 73.88560855967204 39.79147323744291, 73.88538532646777 39.789391719824245, 73.88512907043359 39.78744618576829, 73.88478712225827 39.78544221651153, 73.88404160271271 39.78247831255081, 73.88305109338773 39.77990455968036, 73.88156263220813 39.77703340399917, 73.88051780063311 39.77526049218298, 73.87936541116305 39.77339464515964, 73.87814119750153 39.771472755694404, 73.87588319872958 39.76797467395073, 73.87451743055723 39.765826753710435, 73.87326528704793 39.763733302369474, 73.8721864668382 39.76168438625691, 73.87119063591543 39.75923787493928, 73.87063040535898 39.75694732996723, 73.8704070400782 39.75470466964013, 73.87057991739356 39.75116971894781, 73.8715514279489 39.74611364482935)",9636.901592044815,9.636901592044815,188.5382288441174,8.538228844117413,LYGREBA001.WL,01,9.789999961853027,005,04,02,04,01,,波状纹理清晰,无,,,,,,,,,,
33,0.026573775060865463,REBA001C1AJ430010020000033,000033,,,,,,,,,,,,,,"LINESTRING (74.98289149004468 39.934216560332466, 74.99999999999442 39.91388273609094)",2689.063453868749,2.6890634538687492,147.06994442881813,147.06994442881813,LYGREBA001.WL,02,31.110000610351562,004,03,03,04,02,,弧形纹理明显,无,,,,,,,,,,
34,0.03664921941192613,REBA001C1AJ430010020000034,000034,,,,,,,,,,,,,,"LINESTRING (73.95147757235291 39.796691556914844, 73.95080958352726 39.79193179789015, 73.95042938341668 39.78645227045987, 73.95036081665161 39.784634293729084, 73.95031098779005 39.78270425613771, 73.950281709052 39.780691113480934, 73.95027502325867 39.77862217107691, 73.95029632208988 39.77652541294362, 73.95034128502604 39.77442875260681, 73.9504231579693 39.772129242094074, 73.95055725181516 39.76967571529645, 73.95072349224122 39.76729532312378, 73.95092171105759 39.76497299746017, 73.95113902487019 39.76269361543535, 73.95145223239028 39.7601538419923)",4063.0600107426817,4.0630600107426815,180.7015827478078,0.7015827478078052,LYGREBA001.WL,02,4.130000114440918,001,03,01,04,02,,线状纹理明显,无,,,,,,,,,,
35,0.03848294197555316,REBA001C1AJ430010020000035,000035,,,,,,,,,,,,,,"LINESTRING (73.91180537334654 39.78219927787382, 73.91012373759561 39.77844689677034, 73.9091750773142 39.77631603011389, 73.9082402193062 39.77419468972129, 73.90732215802397 39.77208702795078, 73.9064256292513 39.76999512429052, 73.90555334390022 39.7679231910882, 73.90471195356366 39.76587385869647, 73.90390395589165 39.76385085387819, 73.90253133162778 39.76023021797196, 73.9016715721662 39.75780422378539, 73.90087683557891 39.75543953918207, 73.90013714455878 39.75314316026813, 73.89945199582642 39.75092007403699, 73.8988070024273 39.74877630215463, 73.89807310583019 39.746297146499344)",4158.29789817689,4.15829789817689,197.14632130088845,17.146321300888445,LYGREBA001.WL,02,4.21999979019165,005,03,01,04,02,,线状纹理明显，两侧色调、纹理区别明显,无,,,,,,,,,,
36,0.06426405366398245,REBA001C1AJ430010020000036,000036,,,,,,,,,,,,,,"LINESTRING (73.9108095290681 39.730009409340326, 73.91382702683711 39.73208606504184, 73.91578408497858 39.73345550862936, 73.9178062179315 39.734908533222296, 73.92166370098033 39.73782202821627, 73.92382415531965 39.739561940738284, 73.9259539911181 39.741310968246516, 73.9281616011908 39.74307860183417, 73.93141522326282 39.74549864390764, 73.93336690252335 39.74682901449378, 73.93542916778728 39.748178597199676, 73.93755542930039 39.74954640023821, 73.93969585292619 39.75092936123138, 73.94180149873138 39.75232582081993, 73.94386513679636 39.753763566488395, 73.94615917410638 39.7554911756967, 73.94826419740605 39.757215610732445, 73.95018932383087 39.758922940750246, 73.95346509954683 39.76211870422898, 73.95540553348324 39.76419319531062, 73.95716668411352 39.76618690143022, 73.96056827357269 39.770234530881325)",6201.239649909054,6.201239649909054,44.35749418157195,44.35749418157195,LYGREBA001.WL,02,6.300000190734863,003,03,01,04,02,,线状纹理明显,无,,,,,,,,,,
37,0.10622057441203059,REBA001C1AJ430010020000037,000037,,,,,,,,,,,,,,"LINESTRING (74.07727318826193 39.7416428616254, 74.07497755566762 39.73885422873608, 74.07232562310182 39.733448068009125, 74.06861217833897 39.72507811155975, 74.06600401560057 39.71665127542248, 74.0647001672157 39.71243783407393, 74.05952196946721 39.692957358004236, 74.05624320246694 39.68399945850238, 74.05099026357989 39.67029699315653, 74.04837897261646 39.66239504588983, 74.04512993979108 39.65133557104045, 74.04464401792225 39.64136888682681)",11530.968239347054,11.530968239347054,194.711070356487,14.711070356487,LYGREBA001.WL,02,11.710000038146973,005,03,01,04,02,,线状纹理明显，两侧色调、纹理区别明显,无,,,,,,,,,,
38,0.1713825023052123,REBA001C1AJ430010020000038,000038,,,,,,,,,,,,,,"LINESTRING (73.9540658058908 39.60797487690998, 73.95852051603748 39.60969346393868, 73.96111482256686 39.610694172317835, 73.96495936236965 39.61226627597787, 73.96762384012003 39.613492294128584, 73.9702134533986 39.614806223830314, 73.97317572480331 39.61643129052295, 73.97533929889057 39.61767286952126, 73.9774357630409 39.61890763092478, 73.98211983730477 39.62169868452613, 73.98406023977167 39.62316401219005, 73.98554934744712 39.6241403551793, 73.9874046198258 39.625348223029825, 73.99062765856807 39.627503628856445, 73.99306342049454 39.62923057487712, 73.99695703115908 39.63205180061828, 73.99905336791899 39.633507573096765, 74.0013306350524 39.635092186862295, 74.0042691630044 39.63724079058697, 74.00605736349026 39.63862454748862, 74.00786971704744 39.640074486352766, 74.00962729054756 39.641510760638596, 74.01240584630948 39.64381595438896, 74.01653063730633 39.64745782783151, 74.01905399433846 39.65075060759155, 74.02147443903262 39.653896696282075, 74.02246337097813 39.65600652228055, 74.02345336284391 39.65811634310811, 74.02438529159758 39.66442861756237, 74.02530160606521 39.67179149825584, 74.0265718283964 39.67810660141322, 74.0281970034064 39.683373922863446, 74.02950915281457 39.68679979989622, 74.03248954883581 39.69260373595002, 74.03439342840552 39.6962315097068, 74.03587797927463 39.699527404123394, 74.03743960230456 39.7018934220782, 74.03881076909012 39.703441078738265, 74.04120930339052 39.70627822738752, 74.0432397220867 39.70919771905202, 74.04428817855342 39.71144386130177, 74.04521190175606 39.713395469262586, 74.04634992552062 39.71721373652356, 74.04706917880354 39.72056885518365, 74.04862995204559 39.72458758082707, 74.0524633431755 39.73603547760184)",17384.19140495668,17.38419140495668,31.337413432574337,31.337413432574337,LYGREBA001.WL,02,17.65999984741211,003,03,03,04,02,,弧形纹理明显，两侧色调、纹理区别明显,无,,,,,,,,,,
39,0.5842230442941985,REBA001C1AJ430010020000039,000039,,,,,,,,,,,,,,"LINESTRING (74.46324316911219 39.77951663613653, 74.47238115145225 39.78173122851226, 74.48937910611346 39.785484948465594, 74.50569959628724 39.78870793220087, 74.52558361030728 39.7924817326521, 74.53056922736114 39.792390911954826, 74.53317716521263 39.79283514726864, 74.54924744925451 39.79518993285808, 74.57648231657167 39.79739414990048, 74.58261599228368 39.796891036464565, 74.59028196240666 39.796261689841906, 74.59965524031159 39.79484969215181, 74.60256041324925 39.793414920457565, 74.60580852610136 39.79119319173338, 74.61384753250938 39.78478446950107, 74.61998749351889 39.78270328666761, 74.62646148331548 39.78193628276975, 74.63157431036494 39.78116459340456, 74.6350470680486 39.78051776055482, 74.63710917707031 39.780069337150536, 74.63940744332885 39.77954042669824, 74.67116411984763 39.77447954609826, 74.67587596776443 39.77341642797197, 74.67894605597587 39.772374228424475, 74.68235913118315 39.77054483083178, 74.68474509743959 39.76950060782701, 74.68718156202267 39.76759966995905, 74.68938148200394 39.7661141988821, 74.6924879825273 39.76358603016984, 74.69408102246308 39.76207893089431, 74.69567212304347 39.76041803300137, 74.69798182655754 39.757601700832645, 74.69939065992696 39.75547003804891, 74.70070291326783 39.7532423964587, 74.70219767345704 39.75075256041332, 74.70329715760553 39.74906323369881, 74.70446825905023 39.74734198546753, 74.70561944442923 39.745689213671845, 74.70834174019953 39.74194846767901, 74.70962510463258 39.739800677759916, 74.71071283678386 39.73832955522957, 74.71350398062404 39.73483983756038, 74.71491532612949 39.733170972810385, 74.71641186318047 39.731452477342856, 74.71917365174146 39.72843450931174, 74.72113963668743 39.72643763542655, 74.72413336791604 39.72371018063783, 74.73170367290219 39.71913425859149, 74.73370375739019 39.717499187197035, 74.73572547359568 39.715861769766704, 74.73777792956822 39.71422170795447, 74.7398689596694 39.71257748059839, 74.74200724375768 39.710927803617615, 74.74425731712726 39.70923509137825, 74.7462517856859 39.70777013638594, 74.74829387076632 39.706303401366306, 74.75037806986457 39.704838330622955, 74.75249959462428 39.703378422924565, 74.75465074484059 39.701927504659956, 74.75682744161584 39.70048912904234, 74.76116250087425 39.69770957550815, 74.7634659416732 39.696276273283786, 74.7657892099274 39.69486060279478, 74.76814487452238 39.693455553447265, 74.77053970098194 39.69205373647114, 74.77298504121656 39.69064765342769, 74.7754941657833 39.689230345576796, 74.77986538450982 39.68680871490428, 74.78202637581923 39.685630564116884, 74.78422945723128 39.68443923863932, 74.78646878331466 39.6832426674722, 74.78872188362453 39.682046914774794, 74.79098491826832 39.68085991677995, 74.79323884319479 39.67968784959926, 74.79546975575064 39.678537935837774, 74.79767196941727 39.67741701004855, 74.80116439756678 39.675665625349765, 74.80407578180362 39.6742365581541, 74.80688142568091 39.67289890689761, 74.80961510427827 39.67164632281294, 74.81230565107612 39.67047403526711, 74.81498190911171 39.6693751420825, 74.81974393255486 39.667608919328096, 74.8223279189326 39.66675261613457, 74.82498107235332 39.665942069214694, 74.82768574901048 39.665169615227356, 74.83044525958424 39.66443178950871, 74.83325199232915 39.66372330829872, 74.83610689784041 39.66304004457412, 74.83994686111103 39.662166058494236, 74.8426858517267 39.661567875340005, 74.84544465772461 39.66098783225271, 74.84821174288744 39.660431679192435, 74.85097471210368 39.659906201917366, 74.85372061019312 39.6594170358399, 74.85643732096692 39.65897004507366, 74.86139021668153 39.65827110222301, 74.86459928751623 39.6579135741694, 74.86772851274672 39.65764342519332, 74.87079320305104 39.65745481230988, 74.87381538119405 39.65734194122972, 74.87681235784491 39.65729896701468, 74.8806773222084 39.65733712055998, 74.88359012288029 39.6574288851237, 74.88653531434791 39.6575759716183, 74.8895350305221 39.65777829537409, 74.89261504068543 39.65803763847094, 74.89578968820751 39.658355665380505, 74.90073847231841 39.65893942484304, 74.90331292293268 39.65927991111011, 74.90596571901476 39.659654367506754, 74.90869738067865 39.66006196093999, 74.91150392551741 39.66050355723433, 74.91438122444166 39.66097898890481, 74.91732765387874 39.66148851608058, 74.92033744619324 39.66203136590658, 74.92588756267392 39.66308890898157, 74.92853976067646 39.66361839413915, 74.93121956023361 39.66416898310321, 74.9339230076961 39.664737758202094, 74.93663193982131 39.66532218189771, 74.93934454459712 39.66592037598838, 74.94204450797771 39.66652876408862, 74.94472750599078 39.66714629942382, 74.94737767053213 39.6677691270564, 74.94999118249689 39.668395374013436, 74.95386135448702 39.66934711866264, 74.95704843592108 39.67015273872244, 74.96013158142117 39.67094699860406, 74.96312275770464 39.67172387048923, 74.96602899660654 39.67247804052027, 74.96885990428083 39.673204081766286, 74.97162480158214 39.67389662790119, 74.97432489151717 39.674551891780865, 74.97725916534088 39.675231535549855, 74.9803097152702 39.67588264839095, 74.98331296743663 39.67647357963379, 74.986279366686 39.67701449531482, 74.98921580631108 39.67751528639569, 74.99213402863913 39.67798606153416, 74.99768991386091 39.67879571583963, 75.00000099999441 39.67894446770808)",52358.66936096649,52.35866936096649,103.81149167133154,103.81149167133154,LYGREBA001.WL,01,68.11000061035156,008,04,02,04,01,,波状纹理清晰,无,,,,,,,,,,
40,0.0772736329893983,REBA001C1AJ430010020000040,000040,,,,,,,,,,,,,,"LINESTRING (73.93860597018185 39.64876480235263, 73.94056477826369 39.64986556491315, 73.94233945295525 39.650895832052704, 73.94574914259229 39.65303798740196, 73.94917349046145 39.655405386561036, 73.9513150326208 39.65682875520172, 73.95519580058541 39.65953125195961, 73.95715359513963 39.66111723761491, 73.95900551466792 39.662762541937525, 73.96074538848902 39.66439194584767, 73.96277776031859 39.66635641295868, 73.96528065827425 39.66905950264929, 73.96668803805758 39.67079085791544, 73.96805191217918 39.67254951082154, 73.96944532128965 39.67432634921038, 73.97360776081797 39.67923162753655, 73.97465051316075 39.680533519126634, 73.9758172717107 39.68201722592572, 73.97705977832729 39.68362485719854, 73.97833728589336 39.68529681128208, 73.97959730896768 39.686974707824874, 73.98120954621848 39.689165059952145, 73.98305041865353 39.691761857312514, 73.98454732068167 39.69398721207705, 73.98627530751071 39.69675370764298, 73.98765776715096 39.69917290558751, 73.99047767233347 39.70449441800594)",7724.836157814506,7.724836157814506,36.38631504441781,36.38631504441781,LYGREBA001.WL,02,7.849999904632568,003,03,03,04,02,,弧形纹理明显,无,,,,,,,,,,
41,0.45418405579094856,REBA001C1AJ430010020000041,000041,,,,,,,,,,,,,,"LINESTRING (74.07288802339401 39.60014241891534, 74.07817782771545 39.60427557006501, 74.08104590761029 39.6059224892373, 74.08575954768932 39.60781881145539, 74.0879872718254 39.60857932270449, 74.0904653231424 39.609407463823096, 74.09315160271638 39.61030997787666, 74.09733541897376 39.61177305576293, 74.09980934240727 39.61268740719317, 74.10233711162158 39.61365667535413, 74.10490187689187 39.61467116387794, 74.1074855601451 39.615720699958615, 74.11111199795752 39.61723314293786, 74.1137228919623 39.618350664996974, 74.11633967730165 39.6195150537171, 74.11899384173621 39.62076116306855, 74.1217083836734 39.622123421427936, 74.1254697974181 39.62418327143728, 74.12748912349588 39.625376113564194, 74.1295498273338 39.62664898961835, 74.13163564927046 39.62798996074164, 74.13372514220954 39.62938531451774, 74.13580569695971 39.630822444453564, 74.1378599145158 39.63228836873353, 74.1413101726829 39.63485943487424, 74.14353952158815 39.63660401952405, 74.14569590522153 39.63835048403725, 74.14780545912828 39.64011130902006, 74.14989549163434 39.64189873780992, 74.15199322413513 39.64372470308007, 74.15536825210968 39.646693602816576, 74.1571290134697 39.64824568867993, 74.15892802940189 39.649827652941006, 74.16075149416159 39.65142341168684, 74.16259126093836 39.65302034993145, 74.16443136104041 39.65460348526509, 74.16626188468443 39.65615856276505, 74.16806948684652 39.65767120489041, 74.17041377618712 39.659586886912564, 74.17283710339433 39.66150338348, 74.17518391300278 39.66328415358592, 74.17746739747497 39.66494582864581, 74.17970746874465 39.66650509479101, 74.18382283975536 39.669182763664814, 74.1862223945912 39.670638659453985, 74.18866562469125 39.672037299635214, 74.19118949997257 39.67338353132367, 74.19381585541463 39.67468201541151, 74.19790789889248 39.676503421961925, 74.20030562044468 39.67747021931453, 74.20282144415269 39.67843070292471, 74.20545559369617 39.679400763857686, 74.20820915635306 39.68039697701543, 74.21108548506771 39.68143626938935, 74.21663963941674 39.68349131322741, 74.2189697039551 39.68438531077056, 74.22136330079823 39.68532277020421, 74.22380779461558 39.68629979349183, 74.22630326023962 39.68731254457025, 74.22884169195419 39.68835773700778, 74.2314179459503 39.68943104236908, 74.23402715490705 39.690530217620235, 74.2366592500285 39.69165038542676, 74.24037783057328 39.69324798675622, 74.24290364406873 39.69434236082775, 74.24543505965057 39.695445389020975, 74.24796733762176 39.6965550016127, 74.25049182899622 39.697667308685425, 74.2530050775276 39.69878018386616, 74.25549770167085 39.6998909580798, 74.25797132069972 39.700996953817786, 74.2604152634866 39.70209555972253, 74.26503140274538 39.70418477319318, 74.26780741265692 39.705449472741584, 74.2705194431975 39.70668872817247, 74.27317118391035 39.70789760110237, 74.27575388195532 39.70907317648781, 74.27827764837953 39.71021064044361, 74.2807340187669 39.7113070141395, 74.28312510402607 39.71235748108457, 74.28616962358394 39.713661265974125, 74.28915785120688 39.71489527491304, 74.29202995967125 39.71603864830083, 74.29479379713675 39.717096629842835, 74.29744946993395 39.718076542310584, 74.29999883366926 39.71898362487984, 74.34407181670038 39.73904663924694, 74.3569441101732 39.74542319268517, 74.36779589484668 39.74968583652682, 74.37525764760014 39.752353148514764, 74.38678774447853 39.7571430395095, 74.39629539059092 39.75981978859278, 74.40717190263396 39.761977386702036, 74.42554730642084 39.762595276918404, 74.43849757343065 39.76108260410092, 74.44941129752793 39.7585080953692, 74.4657732752633 39.755432425222004, 74.47122727899104 39.75440668658893, 74.47598546628221 39.75547903068652, 74.48611975807786 39.75672897376095)",41065.845493352586,41.06584549335258,64.33704841434115,64.33704841434115,LYGREBA001.WL,01,41.68000030517578,007,04,02,04,01,,波状纹理清晰，两侧色调、纹理区别明显,无,,,,,,,,,,
42,0.023971102253997935,REBA001C1AJ430010020000042,000042,,,,,,,,,,,,,,"LINESTRING (74.0598580693586 39.694221942292614, 74.06288984001237 39.692606940247884, 74.06617331615259 39.69153546590217, 74.06865396406708 39.69099311672348, 74.07136850667274 39.6905466450302, 74.07431327598687 39.69019298828238, 74.07732448534473 39.6899551276839, 74.08312429268541 39.689701399120715)",2093.772542443309,2.093772542443309,104.7099790438085,104.7099790438085,LYGREBA001.WL,02,2.130000114440918,008,03,01,04,02,,线状纹理明显，两侧色调、纹理区别明显,无,,,,,,,,,,
43,0.29198384048834003,REBA001C1AJ430010020000043,000043,,,,,,,,,,,,,,"LINESTRING (74.31849321163719 39.69068131082376, 74.34975824035062 39.691396938083585, 74.35271120999086 39.69146400529812, 74.35566089249193 39.691532773243694, 74.35860115627706 39.69160306250026, 74.36153371476928 39.69167579548756, 74.36445335484585 39.69175134249539, 74.36735808432749 39.69183056633043, 74.37150546417874 39.69195151250857, 74.37453952864742 39.69204741506974, 74.37754162962537 39.69215056473587, 74.3805029269738 39.692262453797966, 74.38341465696695 39.69238402115623, 74.38626769194677 39.69251681491263, 74.38905347479103 39.69266226648512, 74.39425526148393 39.692987593769836, 74.39760095389013 39.69324177590632, 74.40081407406423 39.693513887777435, 74.40392506312254 39.69379203343223, 74.40697320255474 39.694064549925244, 74.4099821487342 39.69432001880526, 74.41302368682771 39.69454813041462, 74.41591169887018 39.694727528470686, 74.41881778998348 39.69487090952265, 74.42172869265049 39.6949796416169, 74.4246311359645 39.695055095764396, 74.42751985502817 39.69509864249278, 74.43120650337552 39.69511022120638, 74.43426193323582 39.69508372277435, 74.43728748232824 39.69503158408738, 74.44028590764532 39.69496127501177, 74.44327259975071 39.69488086764614, 74.4486426909559 39.6947334842304, 74.45155756290357 39.69466319126741, 74.45446196490913 39.694592431059625, 74.45732729418296 39.69451068759304, 74.460131076496 39.69440761838081, 74.4653420760409 39.69410184303384, 74.46867117670293 39.69377373537204, 74.47189498217686 39.693306433951584, 74.47516112059286 39.69265714556765, 74.48013545469792 39.69134684664142, 74.48233009655587 39.69066856154459, 74.48463726755503 39.68989815953461, 74.48704971060948 39.68903574131881, 74.48955337962506 39.68808189374493, 74.49213587829924 39.687035676662475, 74.4947811599206 39.68589767875428, 74.4995844503166 39.68365985474565, 74.50180326041959 39.6825492703499, 74.50403211945999 39.681391185091606, 74.506261235586 39.68019922981707, 74.50847762575435 39.67898526697434, 74.51067578614551 39.67776286708097, 74.51284450840377 39.67654467969823, 74.51496909940693 39.675342510229676, 74.51704678518048 39.67416999574728, 74.5203579528497 39.672320034052866, 74.52333270344293 39.67070202548462, 74.52618347643633 39.669187661239796, 74.5289878474535 39.66772216411799, 74.53181874567484 39.66625100763095, 74.53474332524638 39.66471760059398, 74.53816589427369 39.66288842976886, 74.54010134046578 39.66183348487332, 74.54211632969604 39.66072316298909, 74.544197614434 39.659565108262505, 74.54633583047561 39.658364664251046, 74.54852773011754 39.657129473995454, 74.55076129658637 39.65586554032959, 74.55302894224076 39.654579852658586, 74.55531793910453 39.6532783534821, 74.55762712092748 39.6519681458845, 74.56084142141333 39.65014590380754, 74.56322860796504 39.64879764483386, 74.5655950265027 39.647462878922234, 74.56793476933078 39.64614665900138, 74.57022878792537 39.64485514045652, 74.57246680450216 39.64359398281794, 74.57463506503039 39.64236928482205, 74.57672144731866 39.64118561271725, 74.57871204428639 39.640050162607544, 74.58059467100037 39.63896805158443, 74.58245345688543 39.63788746722053, 74.58586783275135 39.63586312057886, 74.5887711317738 39.634084841869495, 74.59130969480408 39.63248432199284, 74.59461109676425 39.63034915992106)",25872.429359905982,25.872429359905983,106.13236973157373,106.13236973157373,LYGREBA001.WL,02,26.25,008,03,03,04,02,,弧形纹理明显,无,,,,,,,,,,
44,0.6867261626660688,REBA001C1AJ430010020000044,000044,,,,,,,,,,,,,,"LINESTRING (73.90288217347342 39.55748549073758, 73.90573386781338 39.55781750941076, 73.90801500819859 39.55811956440201, 73.91039573649505 39.558454354647495, 73.91287133050687 39.55882063683225, 73.91543494102001 39.55921614530175, 73.91807539433559 39.559640794139135, 73.92079105327898 39.56009280208039, 73.92357197905437 39.56057044377563, 73.92640945835639 39.56107248398649, 73.92929575997708 39.561597688353466, 73.93222758834142 39.56214494495368, 73.93519358956627 39.56271240942556, 73.9386875119573 39.563398746797894, 73.94142836437675 39.563950166533, 73.94418174034661 39.56451555630909, 73.94695118888069 39.56509607160705, 73.94973366601398 39.56569097802043, 73.95252746455758 39.56630021403842, 73.95533516538993 39.56692365482034, 73.95815168963988 39.56756184645772, 73.96097562055056 39.568214666804096, 73.96380954251902 39.568881987262195, 73.96665203533101 39.56956368781535, 73.96949773525996 39.570260376327326, 73.97235267040928 39.57097076952216, 73.97636919685745 39.57199463525987, 73.97912691860823 39.57271193315768, 73.98188170061567 39.573442022658604, 73.98464149177875 39.57418331975991, 73.98740174636184 39.574934666218894, 73.99016104385319 39.57569593826954, 73.99292283532463 39.57646597746398, 73.99568135968921 39.57724313685868, 73.99844091045524 39.578027358502936, 74.0011973883485 39.57881632314953, 74.00394970980923 39.57961057956499, 74.00670169637122 39.58040835993976, 74.00945113912037 39.58120917627299, 74.01471886336853 39.58275130903855, 74.01751630043343 39.5835722584731, 74.02030796434411 39.584393741145654, 74.02309543287366 39.58521478472528, 74.02587549884684 39.58603575290043, 74.02865128783615 39.58685683154661, 74.03142346405157 39.58767734929359, 74.0341906532424 39.58849791552982, 74.03695185797052 39.58931853091694, 74.03970744892916 39.59013858647429, 74.04245597392928 39.59095924080956, 74.0452018845132 39.591779336042066, 74.04794188703019 39.592598934760076, 74.05234679073945 39.59391962931949, 74.05513395013959 39.594758266914425, 74.05792083622175 39.59559701620505, 74.06069723909984 39.59643623903884, 74.06347266091345 39.59727551432149, 74.06623930574708 39.59811532609327, 74.06900189152478 39.59895573814446, 74.07175933167707 39.59979729917529, 74.07451200265878 39.60063939881194, 74.07725581789097 39.601482585810814, 74.07999741237735 39.60232747040111, 74.0827338661962 39.60317350615143, 74.0854633892419 39.60402117791798, 74.0890071828574 39.605127706882264, 74.09177752582053 39.60599631490541, 74.09453715285434 39.60686704751342, 74.09729174263985 39.60774209696738, 74.10003788321563 39.608621344679065, 74.10277562087468 39.60950637369761, 74.10550125066584 39.610397127576384, 74.10821953543912 39.61129524801662, 74.11092334154375 39.6122005555459, 74.11361306676486 39.61311530615308, 74.11629329392372 39.61403937900946, 74.11895552008794 39.61497319964617, 74.12160314541659 39.61591902897378, 74.12438302685517 39.61692979263327, 74.12709389520026 39.61793696934816, 74.12978812182169 39.618956274033465, 74.13245833224651 39.619984172450614, 74.1351052622308 39.62101945010327, 74.13772546488543 39.62205912079863, 74.14031967228789 39.623101969875975, 74.14288522929593 39.62414452671575, 74.14542115460911 39.62518551223151, 74.14792433950102 39.62622261366165, 74.15039341679525 39.62725230073274, 74.15282595713673 39.62827445294986, 74.15659942892181 39.6298671227437, 74.15946727940721 39.63108344495987, 74.16229142594169 39.632283020195665, 74.1650836862855 39.63346980317626, 74.16786129467387 39.634647872795476, 74.17063446965562 39.6358234362765, 74.17342053015554 39.63700001877834, 74.17623185248416 39.63818273059685, 74.17908889588305 39.6393761272857, 74.18200090555233 39.64058427953249, 74.18564677079394 39.642084575977144, 74.18796819016256 39.64303193504741, 74.19033524892222 39.643992554068646, 74.19274305836248 39.644965460593156, 74.19518580064285 39.64594913229677, 74.197659657382 39.64694204716177, 74.20016144927945 39.64794329318794, 74.20268577868337 39.64895232661526, 74.20522398231587 39.64996652767521, 74.20777443310884 39.65098614589483, 74.21032996574836 39.65200898808743, 74.21288776328753 39.65303353938031, 74.2154435581716 39.654059436311144, 74.21935341463214 39.65563599457173, 74.2220690232757 39.656736406384944, 74.22476499086356 39.657832693858104, 74.2274334775454 39.65892461713099, 74.2300759466285 39.66000974216711, 74.23268776351075 39.66108832134131, 74.23526802546104 39.66215852774065, 74.23780962151694 39.6632189087975, 74.24031370433264 39.66426922502318, 74.24277337206955 39.66530765467844, 74.24518943388158 39.66633329071385, 74.24755790811065 39.667344858801634, 74.25120359204487 39.66891419254854, 74.25417573942265 39.67020764485693, 74.25705247030213 39.671467087923176, 74.25982525837576 39.672687964783314, 74.26249784813882 39.67386692716694, 74.26506743301803 39.67499947554644, 74.26753511588524 39.676081656046755, 74.26990243328787 39.677109636264255, 74.27216114780035 39.67807879230767, 74.27518926619796 39.67934673174606, 74.27863169732147 39.680722529417075, 74.2818275384433 39.681921263283556, 74.28486173419265 39.68297171325948, 74.28780730905564 39.6839020987013, 74.29196154328247 39.685065752536744, 74.29463527647364 39.685735511600065, 74.29738372479119 39.68637466298414, 74.30019930666586 39.6869913100286, 74.30308296264319 39.68759271226602, 74.30602610644715 39.688186977666646, 74.30944507057193 39.68886552342281, 74.31219350903807 39.689410073565675, 74.31497726156154 39.689965586901366, 74.31777892866626 39.69053324004197, 74.3205897310522 39.6911160979975, 74.32340124401506 39.6917166238105, 74.32848280463192 39.69286098687948, 74.33137133511687 39.6935556131598, 74.33421301390376 39.69427050455454, 74.33699343999109 39.69500057079104, 74.33969328695034 39.69574018634816, 74.34230244725669 39.69648420306603, 74.34597991790137 39.69758512600164, 74.34913174664062 39.69858472518082, 74.35209143930803 39.69957645126773, 74.35490122692262 39.70057130434537, 74.35956946137038 39.702339244628625, 74.36220963284842 39.70339239829979, 74.36486976855159 39.704457694006265, 74.36759180327117 39.705515217374945, 74.38813761266913 39.71154198162656, 74.40620537040043 39.71573967259127, 74.42182711745741 39.71897085906685, 74.43337743958733 39.72112936655071, 74.44356985711725 39.72275485117017, 74.44850387355477 39.72290975689244, 74.45122357069879 39.72292267037062, 74.45753711634657 39.72134119503239, 74.46316157998713 39.719038243297355, 74.4652169217281 39.71747160586385, 74.46726814579823 39.71616760883392, 74.46893907190973 39.71516537042645, 74.47178878304207 39.713912892762956, 74.47501924676801 39.71249367996939, 74.47951165539008 39.710500102709055, 74.48141512244611 39.70964314950548, 74.48341484618386 39.70873896200124, 74.48550515351742 39.70779120622568, 74.4876811005116 39.706802328256735, 74.48994751189827 39.7057755550234, 74.4922942921294 39.704714430445584, 74.49472013522396 39.70362201102544, 74.49722315440854 39.70250146833301, 74.4997972592211 39.70135634274847, 74.50244534682365 39.70018932003144, 74.50516269605303 39.69900333375725, 74.50794162966494 39.69780204805899, 74.51142303689879 39.69631953902022, 74.5137429524806 39.69534351044817, 74.51609800202732 39.69436254677901, 74.51848397324567 39.69337702064557, 74.52090465193542 39.69238730015567, 74.52335182851643 39.69139376082273, 74.52582186999713 39.690396658836036, 74.52831977240996 39.68939599202837, 74.53083819161199 39.68839195507574, 74.53337326233249 39.687385591191095, 74.53592985375384 39.68637672262619, 74.53849732786851 39.68536560616098, 74.54107790114196 39.68435272938798, 74.54366993791298 39.683338354313086, 74.54627065207349 39.68232296860208, 74.54887548865592 39.68130628298161, 74.55406930843107 39.679281450770404)",60868.18004393553,60.86818004393553,76.89656439358,76.89656439358,LYGREBA001.WL,01,61.790000915527344,002,04,02,04,01,,波状纹理，两侧色调、纹理区别明显,无,,,,,,,,,,
45,0.8793217080011513,REBA001C1AJ430010020000045,000045,,,,,,,,,,,,,,"LINESTRING (73.93932424402479 39.563526699936055, 73.95727143026403 39.572298821914096, 73.9660267157605 39.57710550619842, 73.97411197435399 39.581380237417875, 73.98556169210752 39.58778536652277, 73.9929484838197 39.59362880168238, 73.9989923237218 39.598409451687566, 74.00299740503806 39.603172312742686, 74.00702755024999 39.60635910628471, 74.01643365556423 39.61379442428337, 74.02182369875908 39.61699221823415, 74.02653587254495 39.620184071650414, 74.0325530457977 39.6270642583949, 74.03559463928262 39.63133086950792, 74.03710066687508 39.632873685680536, 74.03863401385378 39.63450157990362, 74.0401877195034 39.6362091223347, 74.0417645575442 39.637988814089844, 74.04335306345699 39.63983480373435, 74.04495380342156 39.64173995627958, 74.04656302160343 39.64369848086874, 74.04964021173325 39.64756225404818, 74.05107325059188 39.649413494529846, 74.05250395833089 39.6512883015327, 74.0539343140705 39.65318295920232, 74.05536287284521 39.65509363042334, 74.05679137684605 39.65701824444657, 74.05822282785272 39.65895179845217, 74.05965612301041 39.66089112953791, 74.06109137274986 39.66283355261938, 74.06253457440101 39.66477407087948, 74.0639811836314 39.666710673827446, 74.06558881576561 39.66883752819728, 74.0671172353772 39.670828792427976, 74.06865525921967 39.672807056556586, 74.07020825303137 39.67477086204603, 74.07177472300762 39.67671978037795, 74.0733551693971 39.67865338451391, 74.07495751408426 39.680571370195025, 74.07658033866015 39.68247276119663, 74.07822314675684 39.68435713051851, 74.07989185808776 39.68622417324317, 74.08278569355302 39.689348576159404, 74.08454956244584 39.69118649867741, 74.08633789649421 39.69300324807251, 74.08814510967892 39.69479650556438, 74.08996479941722 39.69656572529359, 74.0917878807987 39.69830816056041, 74.09361345025081 39.700022834998485, 74.09542913148931 39.7017079203646, 74.09723480480626 39.70336195579389, 74.0990197290607 39.70498371915885, 74.10176667767146 39.70745696572183, 74.10393153670941 39.70939558415071, 74.1060686352454 39.71129162109902, 74.10820136856124 39.71316177621895, 74.11035564245032 39.71502317547806, 74.11255920482108 39.71689318340692, 74.11483768078683 39.71878898119798, 74.11721828442309 39.72072677523176, 74.12057384195349 39.723390497035744, 74.12232542761295 39.7247501928276, 74.12413378433178 39.72613636027423, 74.12598749918857 39.72754016529953, 74.12787123556616 39.728952222657625, 74.12977742220711 39.730364791427114, 74.13168800965369 39.731768427585756, 74.13359149949031 39.73315484622901, 74.13547925850553 39.734514724163816, 74.13733328317754 39.73584020684454, 74.13914601655347 39.73712142517115, 74.14089916345068 39.73835058346834, 74.14380816970714 39.74035479649527, 74.14729512242083 39.742697086793406, 74.1503813934281 39.744709711095275, 74.15316916132852 39.74648358981336, 74.15576048717985 39.74811073063267, 74.15931767860609 39.75036027668016, 74.16143916518067 39.751737943735954, 74.16360827373602 39.75318624697188, 74.16583475731244 39.754722671086334, 74.16813146390156 39.75636329503748, 74.17050724057957 39.75812504989713, 74.17410304912512 39.760914738219256, 74.17584584314491 39.76231932849819, 74.17763528278641 39.763787430212595, 74.17947591912038 39.76531020321621, 74.18136909237526 39.76687831744424, 74.18331000832646 39.76848226564619, 74.18529928573666 39.77011265431475, 74.18734411373246 39.771761252314924, 74.18943918889163 39.77341812295108, 74.19293540156728 39.77609228309492, 74.19501120481624 39.77761515924419, 74.19712962243077 39.779124000333866, 74.19929191242265 39.780615879967634, 74.20149736176954 39.78209073580711, 74.20374143836382 39.78354612909331, 74.20602629810442 39.78498096059221, 74.20834788017471 39.78639449679836, 74.21070599493973 39.78778497202503, 74.21309874443122 39.78915055246149, 74.21634821401744 39.790934960054095, 74.21877267821414 39.79221590875862, 74.22122677809745 39.7934715380766, 74.22370785416365 39.794703372961166, 74.22621759836841 39.79591360320522, 74.22875363552012 39.79710369627103, 74.2313118060959 39.79827474448946, 74.23389666419806 39.799428761451544, 74.23650197241676 39.80056739369783, 74.23912707235485 39.801692162509895, 74.2431716244675 39.803384457799105, 74.24576040469637 39.80444530294828, 74.24836940397005 39.80549740214655, 74.25100626828358 39.806540506473716, 74.25367161409893 39.807575640516944, 74.25637679767581 39.8086026158782, 74.25912123196947 39.809621966600304, 74.26191155889892 39.81063344140687, 74.26475360996436 39.81163855358675, 74.2676533226807 39.81263613223183, 74.27325709216117 39.81449104874397, 74.27576756981641 39.81529025888683, 74.27831361182692 39.816084230517376, 74.28088911238973 39.81687108734244, 74.28348324944805 39.81764889197926, 74.28608883236974 39.81841632086634, 74.28869175343858 39.81917149550804, 74.29128774390975 39.81991364136154, 74.29386413662688 39.8206397296499, 74.29641137737251 39.82134904466558, 74.29892563598938 39.82203965322401, 74.30138901532095 39.822710178299204, 74.3038018226651 39.82335886563834, 74.30693237973891 39.824191510485775, 74.31050054089316 39.82512782918192, 74.31389400374114 39.82599945807221, 74.31713833393326 39.82680910156795, 74.32025767318574 39.82755934935636, 74.32327632304575 39.82825168466674, 74.32621956733459 39.8288888685128, 74.32911128148068 39.82947225584882, 74.33289297932022 39.83016396553428, 74.33581139826751 39.83064002722049, 74.33873738879227 39.83106437123689, 74.34166703721678 39.831435170083466, 74.34460162329871 39.831752365609, 74.34753910115045 39.83201309227144, 74.3504797491528 39.832217296423174, 74.35341943939568 39.8323626574397, 74.35685172656838 39.83245706493608, 74.35979746920387 39.832471740633736, 74.36273798049199 39.832424668894575, 74.36566145851644 39.832318063422164, 74.3685672685748 39.8321509022624, 74.37144938743107 39.831924905924325, 74.37429553181498 39.83164058213063, 74.37710391153628 39.831298012543186, 74.38027273396618 39.83083419613444, 74.38325809060345 39.83031852004893, 74.38618376888367 39.82973525572512, 74.38906115948404 39.829087072802444, 74.39189122791346 39.82837566623143, 74.3946812276447 39.82760266725399, 74.39743755338816 39.82677074620761, 74.40119197105949 39.82553057372787, 74.40380377417897 39.82459692281347, 74.40638164485215 39.82360728220923, 74.40891514519336 39.82255571273402, 74.41139284161305 39.82143713875296, 74.41379728017048 39.82024776029912, 74.4161192543128 39.8189808586053, 74.4196976815051 39.81673398837676, 74.42177724073512 39.815213980451716, 74.42375119561352 39.81361891286256, 74.42562884231872 39.81196923923846, 74.42742319137814 39.81028460134694, 74.4291550475012 39.80858502011144, 74.43083164735992 39.8068893518865, 74.43324950880974 39.80442829274471, 74.43518360348949 39.802502533243945, 74.43714145622113 39.80061842975529, 74.43916723285467 39.798740542470235, 74.44130708126063 39.7968342886333, 74.4436080892508 39.79486349639145, 74.44671708091097 39.792306556919655, 74.44836593210803 39.79098929292577, 74.45009515483832 39.789629145149306, 74.45188749084538 39.78823421136205, 74.45373044981093 39.78681336758438, 74.4556032122754 39.785373555367826, 74.45749993278206 39.78392425945849, 74.45939508345317 39.78247236371028, 74.46128190088322 39.78102680790843, 74.46314342379267 39.779595636882526, 74.46569133635367 39.77761564809113, 74.4680490228313 39.775758575072054, 74.4702829639307 39.77397105790777, 74.47237749629662 39.772260630382235, 74.47432981319665 39.77063379488651, 74.47613182588044 39.769097103489, 74.47776902470684 39.76765699946614, 74.48004804451968 39.76555785351767, 74.4826914832186 39.76283110822361, 74.48443899302208 39.76055940614296, 74.48557325405186 39.75840141535971, 74.48628231406694 39.75623760877367, 74.48726872233642 39.75128266628397, 74.48765550289025 39.7493651874525, 74.48812874506602 39.74731033393975, 74.48870141613443 39.74514114600925, 74.48982154396504 39.74162746508089, 74.49058301227909 39.739609679269925, 74.4914311571481 39.73756975477692, 74.49235329891307 39.73552622081361, 74.49333119506969 39.733495584532584, 74.49464176443341 39.73093237952918, 74.49580928977713 39.72877426366938, 74.49700562788739 39.72668217142682, 74.49823339709722 39.7246571178929, 74.50045564872354 39.72129766103264, 74.50193636578366 39.719273906451065, 74.50352395053487 39.71731282192402, 74.50527652082535 39.715395606242794, 74.50791513988041 39.71291287662983, 74.50971770699024 39.71143381728052, 74.51171977874021 39.70992667627701, 74.51394534499336 39.70836343904125, 74.51641810780151 39.70671487062492, 74.52066500687934 39.70400218398108, 74.52251096295944 39.70284730980267, 74.52443728158097 39.70164753169883, 74.52642153646167 39.700413923605545, 74.52843636379428 39.69915614894746, 74.53045384227208 39.69788484881808, 74.53245146830334 39.69661078735385, 74.53440540334567 39.69534406249179, 74.53628735800045 39.69409593042383, 74.53858556167164 39.69251667391938, 74.54131526260042 39.69052894035028, 74.54371151883964 39.68865736309577, 74.54582976347885 39.68689236439046, 74.54772447183603 39.68522595048005, 74.55009637684626 39.68303752946203, 74.55220305286696 39.68104951150573, 74.55431890892496 39.679044845739874, 74.55662843621778 39.67686733681544, 74.55933183270103 39.67434968015489, 74.56074909322662 39.6730467044252, 74.56227032306892 39.671665453197285, 74.56386976889443 39.67023142322845, 74.56553395598353 39.66876918975832, 74.5672441193338 39.66730465974861, 74.5689771677077 39.665862671951054, 74.57071523389894 39.66446641596462, 74.5735958119988 39.66228892767313, 74.57636316576485 39.660398120987104, 74.57903543721642 39.65878143771227, 74.58166137318669 39.6573886240464, 74.58429391992571 39.65617205065167, 74.58736158669105 39.65493751448541, 74.58990555499302 39.65402319939001, 74.59254424366895 39.653135949549316, 74.59527726404558 39.65224600374899, 74.59811102508358 39.65132183730165, 74.60302407044159 39.64963722882373, 74.60538535662158 39.648765564297705, 74.6077946743616 39.647836152166526, 74.61023985779812 39.64685910413322, 74.61270653750843 39.64584490640804, 74.61518162806887 39.64480312346783, 74.61765354977675 39.643743751079384, 74.62109926720036 39.64224276831833, 74.6237398365218 39.641079766838956, 74.62631945883646 39.639934054200744, 74.62882137834478 39.63881474367483, 74.6312273205701 39.63773264576565, 74.6335243222458 39.636696383864255, 74.637221351781 39.63502107413351, 74.64046184876442 39.63355164543711, 74.64333797191183 39.632247069690294, 74.6478273959672 39.63021069639313)",83193.24494497785,83.19324494497785,83.51378070554642,83.51378070554642,LYGREBA001.WL,02,84.44000244140625,002,03,03,04,02,,弧形纹理明显，水系沿断裂发育,无,,,,,,,,,,
46,1.0182163575161782,REBA001C1AJ430010020000046,000046,,,,,,,,,,,,,,"LINESTRING (73.88605649169908 39.525278632486106, 73.89102702754055 39.52591313704982, 73.89392721633136 39.52629345880188, 73.89689333605453 39.526691618499115, 73.89985231485853 39.52709833682392, 73.90280204387577 39.527515442783766, 73.90574436345486 39.527944034787794, 73.90868132231209 39.528384848112374, 73.91161559623482 39.52883922978918, 73.91454639696944 39.52930766353453, 73.91747703619335 39.529792109053865, 73.92040722490216 39.53029262772916, 73.92333905992328 39.53081153478463, 73.92627704286811 39.531348405973745, 73.92921798784737 39.531905622683254, 73.93353582518931 39.532760322074054, 73.93630188066341 39.53333110189023, 73.93907927035846 39.53392077461844, 73.94186149043111 39.53452891475319, 73.94465583956388 39.53515546400628, 73.94745726569062 39.535798833669176, 73.95026747952775 39.53645908869221, 73.95308764959742 39.537135129361204, 73.95592076974597 39.53782695433059, 73.95876421843278 39.53853310658213, 73.96161749337934 39.539254007696734, 73.96448354968072 39.539988073857124, 73.96736188647046 39.540734876911884, 73.97025379588112 39.54149435982758, 73.97429158704125 39.54256778993809, 73.97698123327378 39.543291148877266, 73.97968287867104 39.544023168532, 73.9823942848237 39.54476549070762, 73.98511495600522 39.54551854490838, 73.98784397548194 39.54628177971054, 73.99058176145722 39.54705616857583, 73.99332824055898 39.54784225848834, 73.99608070270898 39.54863998605285, 73.99883735868772 39.54944984149039, 74.00160171437255 39.55027224609086, 74.0043679813706 39.55110768590315, 74.00714179221966 39.55195677283421, 74.00991601788682 39.55281932278868, 74.01269258270815 39.55369588068191, 74.01726110743591 39.55516983698409, 74.01993307963146 39.55604917816196, 74.02259761364002 39.55693972721803, 74.02525392512555 39.55783782270114, 74.02790162871432 39.55874206321407, 74.0305306032019 39.55964811839023, 74.03313761464891 39.56055349078412, 74.03572193292672 39.56145610286831, 74.03827777160453 39.5623523013606, 74.04080319204441 39.563239523224524, 74.043289406389 39.56411411560546, 74.0457356034654 39.56497455345773, 74.04813599455426 39.56581718219685, 74.05048900673057 39.56663883012285, 74.0527901132563 39.56743706432075, 74.05503123388426 39.568209143409575, 74.05781123006149 39.56915361631745, 74.06144268593981 39.57036069054913, 74.06491165483158 39.57148336834671, 74.06826739088773 39.5725375223022, 74.07154764980763 39.573538595685434, 74.07479545980166 39.57450409497031, 74.07805566917298 39.575448901366784, 74.0813714745655 39.576389416777594, 74.08478749381096 39.5773421563349, 74.0894925912925 39.57863841237674, 74.09176566304451 39.57926092308561, 74.09410509448941 39.57989984632127, 74.09649510553321 39.58055322394783, 74.09892878687627 39.581218071706154, 74.10139519929243 39.581893528953316, 74.10388693268992 39.58257703524054, 74.1063926249073 39.583266764261786, 74.10890170745738 39.58396124888259, 74.11140726752761 39.58465750394901, 74.1138986471736 39.58535462107968, 74.11636348819407 39.586050768708574, 74.11879766781658 39.58674333126953, 74.12118610297928 39.58743042618248, 74.1235209381606 39.58811065384926, 74.12663725722537 39.589033818054936, 74.13020913832035 39.59011912918469, 74.13361317494227 39.59118645659729, 74.13688931379824 39.59225012499984, 74.14008116872554 39.59332463600858, 74.14323061470023 39.594424849657706, 74.14637785522311 39.59556428492514, 74.14956548566057 39.59675870609361, 74.15283622077428 39.59802119235551, 74.15711952667472 39.59972546356318, 74.15924155761479 39.60058659740365, 74.16142327838395 39.60148203313243, 74.16365532793104 39.602409084987585, 74.16593332219719 39.603367209884006, 74.16825310089875 39.60435335583872, 74.17060793895163 39.60536630757379, 74.17299744333774 39.60640466438123, 74.17540782896953 39.60746562503936, 74.1778419920413 39.60854772546157, 74.18029070204943 39.609649325981025, 74.18274542975018 39.61076884595944, 74.18520723482051 39.61190372454839, 74.18766980158354 39.61305287430276, 74.19012197160912 39.61421410288468, 74.1939072402935 39.61603705532521, 74.19648062260588 39.61729866281947, 74.1990250044039 39.618564746131476, 74.20154549554854 39.61983347447074, 74.2040350830062 39.621100714720335, 74.20649402876064 39.622363539322066, 74.20891594981983 39.623618421792614, 74.21130610621456 39.62486243906091, 74.2136561202931 39.62609206099462, 74.21596353093565 39.62730430867283, 74.21823196586415 39.62849564833663, 74.22045296291216 39.629663101194396, 74.22262548675522 39.63080380782565, 74.22475181314101 39.631913565676854, 74.2280352126028 39.633613244101774, 74.23113829598138 39.635195963648066, 74.23411936209332 39.63669165280984, 74.23699178027677 39.638110419968044, 74.23977450337307 39.639461398739186, 74.24247835700594 39.640753532790185, 74.24511879698179 39.64199638176613, 74.24770962922462 39.64320016356735, 74.2502706905084 39.64437382349491, 74.25351299116417 39.645843223352266, 74.25609340095077 39.647002519393226, 74.25867142930989 39.64815377303921, 74.26124921118131 39.64929802451306, 74.26381782550955 39.65043558271542, 74.26638053539553 39.65156852310618, 74.26893284190868 39.6526972732047, 74.2714741720529 39.653822812870786, 74.27399944592622 39.654946550551585, 74.27678926907666 39.65619207110878, 74.27940157481483 39.65736796072045, 74.28199178498834 39.65853675636819, 74.28455171885788 39.659691283686946, 74.28707716809492 39.66082563749591, 74.28956130982294 39.66193202800305, 74.29200109550744 39.663003461050764, 74.29438781184652 39.66403446136653, 74.29827344078379 39.665654582640634, 74.30133155784074 39.66686316853187, 74.30430566921413 39.66796699368528, 74.30723954963561 39.66897695439322, 74.31017807719516 39.6699021153137, 74.31315322883255 39.67075057096749, 74.31714994946901 39.67175418660324, 74.31975374334004 39.67233192196983, 74.32243519346952 39.67287232088631, 74.32518955859469 39.6733741731846, 74.32800479861147 39.67383719128903, 74.33086795514372 39.67426053485759, 74.33377685813429 39.6746428802018, 74.33894566821738 39.675211509490964, 74.34184502147095 39.67547237706607, 74.34473185488962 39.675698509633285, 74.34758545494886 39.67589886363752, 74.3503758506679 39.67607904936437, 74.35308218937823 39.676246989437885, 74.3556756972073 39.67641006152734, 74.3603141685896 39.67673945966909, 74.36433709948923 39.6771225513818, 74.36787120596492 39.67755216382722, 74.3711277138821 39.678014394349, 74.3745152324306 39.67852039960357, 74.37720362918775 39.67890908461536, 74.38003465105979 39.67928924251069, 74.38302564209376 39.67965337188176, 74.38620146810173 39.67999225392317, 74.38969165770004 39.680306808978145, 74.39228329742325 39.68050023399736, 74.39496887545324 39.68066603570202, 74.39772510928431 39.680797750443205, 74.40053048184967 39.68089056795844, 74.40335528692192 39.68093790805541, 74.40884982155855 39.6808789165195, 74.4119351526992 39.680741058840745, 74.4149808341047 39.68051760090492, 74.41800941145213 39.68020066872507, 74.42104784690643 39.67978336575119, 74.4241193373027 39.67925715044474, 74.42788665375281 39.67847194599218, 74.43040159806569 39.67786511624575, 74.43295771543319 39.677185204338365, 74.43555255930124 39.676435950631095, 74.43816877057415 39.67562141057992, 74.44079727011012 39.67474471873527, 74.44343491283496 39.6738095615847, 74.4484913374653 39.6718559316328, 74.45102526554913 39.670798351080805, 74.4535338921363 39.669702638222525, 74.45601570315391 39.66857763046289, 74.45848103875703 39.6674315454794, 74.4609192994034 39.66627049662198, 74.46332942058241 39.66510217143745, 74.46571568851219 39.66393491917381, 74.46835315385808 39.662636398592994, 74.47093747729313 39.661365724427206, 74.47350349341022 39.66011949521659, 74.47606534923024 39.658899430921004, 74.47863902343576 39.65770875708174, 74.4812424290577 39.656550842069784, 74.48389090820703 39.65542829580489, 74.48741512090017 39.65403199152789, 74.48992160583293 39.653108550801, 74.49249683369692 39.65220949522971, 74.4951408712018 39.65132499908857, 74.49785500325349 39.65044572699441, 74.50064322406789 39.64956240513199, 74.50350595830842 39.64866459836703, 74.50644512568961 39.64774357778898, 74.50998780162466 39.646622704637565, 74.51242983678289 39.6458367879257, 74.51490909839058 39.64503056474316, 74.51741309663556 39.64421006001288, 74.51992859849001 39.64338378564629, 74.5224394793415 39.64255716390186, 74.5249348690412 39.6417381014675, 74.52740163532398 39.64093329445046, 74.52982392994322 39.640149382248005, 74.53219325256221 39.63939366820547, 74.53531360494182 39.63842009428489, 74.53869718591274 39.63740374540421, 74.5419198403434 39.63648656534851, 74.54502160265314 39.6356600337543, 74.54804800566016 39.634916061849786, 74.55104485632083 39.634245628417496, 74.5560232851449 39.63328081194598, 74.55871991290844 39.63283247710474, 74.56148199769258 39.63242248661586, 74.56432053545512 39.63204996837627, 74.56723171590822 39.63171580974602, 74.57022575190459 39.631419635465726, 74.57330027865197 39.63116117514539, 74.578713125184 39.63081011002503, 74.58141271929588 39.63068001831968, 74.58417905600497 39.63057265504643, 74.58701983774334 39.63048633908758, 74.589946254065 39.63041896017972, 74.5929610787607 39.63036828252125, 74.5960765078214 39.630332189995976, 74.59929509275396 39.63030796174166, 74.60263124805599 39.63029396628285, 74.60761192529107 39.63028701127203, 74.61015788407374 39.630287643638624, 74.6127550959794 39.63028967802939, 74.61539396991574 39.63029383750488, 74.61806065291786 39.63029836056037, 74.62074040646307 39.63030292810325, 74.62342087060064 39.630307489337724, 74.62608795607926 39.63031106337742, 74.62873551068982 39.63031322426476, 74.6313412387035 39.63031337140019, 74.63389991167001 39.630311626858344, 74.63639552001214 39.63030646917702, 74.63881540815076 39.63029790859827, 74.64204980446647 39.63027917696729, 74.64618341520118 39.63023785217076, 74.64998132686682 39.63017506416564, 74.65350943374321 39.630086880570694, 74.65682499265472 39.62996875634172, 74.65998989229558 39.6298167417587, 74.6659756022237 39.62940608611665, 74.66879652393015 39.62915491926185, 74.67163124357853 39.62886952044139, 74.6744777675574 39.62855376717335, 74.67732539133318 39.62821147906371, 74.68016383936175 39.62784745764946, 74.68299283513515 39.62746563775157, 74.68735723635012 39.62684447605083, 74.69035759440946 39.62640150470106, 74.69332354630129 39.625960766317846, 74.69626515209626 39.62553178410704, 74.6991889031063 39.62512507328296, 74.70209915384567 39.624750099850694, 74.70775513723588 39.62415089091717, 74.71067879178003 39.62392745240758, 74.71362687506515 39.62376375870496, 74.7166185980856 39.623660077649525, 74.71966862900737 39.62361425393366, 74.72279346611808 39.62362648868194, 74.72916157899374 39.6238100531091, 74.73180687911638 39.623939488183204, 74.73451407590306 39.624092752604945, 74.73726955031223 39.62426217655885, 74.74007038658817 39.62443927286631, 74.74289803221211 39.6246158224773, 74.74574385481404 39.624783290236984, 74.7485979382329 39.62493406338169, 74.75425301549953 39.625151175155956, 74.75730552567941 39.62520722013396, 74.76033936652688 39.625220082853744, 74.76336746412686 39.62519610298699, 74.76639523643804 39.62514118220601, 74.76943704412591 39.62506050542127, 74.77250045048093 39.62496101987252, 74.77559724079424 39.6248480157507, 74.77964501910007 39.62469240858402, 74.78240550157662 39.62458646132049, 74.78519812764458 39.62447935681513, 74.78800168700928 39.62436995946276, 74.79080532210888 39.62425653453468, 74.79359381804265 39.6241379533404, 74.79635195702718 39.62401308607165, 74.79906759710803 39.62388026299065, 74.80172680828797 39.62373829680209, 74.80584006190874 39.62348762698016, 74.80931956344382 39.62323815638601, 74.81262534393477 39.62296379792782, 74.81578328036812 39.622666532456996, 74.81881932122435 39.622347795498285, 74.8217580690588 39.62200835805841, 74.82656731257487 39.621392067608596, 74.82955047280808 39.620977878415154, 74.83252176003876 39.62054777529512, 74.83551395085361 39.62010466245588, 74.83854990914662 39.61965177712413, 74.84165999141301 39.61919190437775, 74.84573581994017 39.618607221284606, 74.8483491692872 39.61824647872326, 74.85103478395992 39.617885356397004, 74.85378199975074 39.6175251471155, 74.85657964837768 39.6171645682523, 74.85942162937226 39.616803930051866, 74.86229372103843 39.61644337257071, 74.86518795313626 39.61608337808618, 74.86805472369466 39.61572731964061)",89376.44308550394,89.37644308550394,83.60985394171682,83.60985394171682,LYGREBA001.WL,01,90.70999908447266,002,04,02,04,01,,波状纹理清晰，两侧色调、纹理区别明显,无,,,,,,,,,,
47,0.34141059021122083,REBA001C1AJ430010020000047,000047,,,,,,,,,,,,,,"LINESTRING (74.59134352943248 39.5102686110253, 74.59662414585611 39.508310579195324, 74.59931342871576 39.507370386976255, 74.602068288035 39.506477870266785, 74.60606129005015 39.50533938478863, 74.60871907389354 39.5046935924721, 74.6115185224479 39.504095397142514, 74.6145159686582 39.50352605569631, 74.61776670397553 39.50296483123708, 74.62132483745084 39.50239247538823, 74.62553346008856 39.501746427750696, 74.62779789929863 39.501405176773815, 74.6301613175279 39.50105304082306, 74.63260545221907 39.50069241655068, 74.63511169705643 39.50032717975499, 74.6376563060458 39.49996016195173, 74.64022123684339 39.49959426123319, 74.6427893092551 39.49923346796831, 74.64533906133975 39.49888056873592, 74.64785138931003 39.498539009823446, 74.65030554901796 39.498211634301356, 74.65362624129953 39.497782033410296, 74.65741868653527 39.49731128467863, 74.66094978831754 39.496886037389466, 74.66427384653338 39.49648643953841, 74.6674357359861 39.49609251833847, 74.6704813371759 39.49568429055201, 74.67536539203485 39.49492993728224, 74.67813134601602 39.49443102128153, 74.68093190414439 39.493868569139536, 74.6838008481127 39.49323745010911, 74.68675729347288 39.49253318529043, 74.68983387215796 39.491749588086165, 74.69305698467338 39.49088211852046, 74.69696784765783 39.48977451550072, 74.69924986350544 39.489106331933336, 74.70159797407246 39.48840157947527, 74.70400596702827 39.4876625160088, 74.70645796617787 39.48689207089937, 74.70894276228809 39.486092508981585, 74.7114453417259 39.48526571534674, 74.7139577107041 39.484414451382925, 74.71646578775984 39.483541153234306, 74.71896160367363 39.48264542261339, 74.72143589160235 39.48173095066973, 74.72436995336376 39.48060390181318, 74.72719311674363 39.47947327942044, 74.72994062011567 39.478326618026465, 74.73261827696997 39.47716542341064, 74.73523182109982 39.475990872282, 74.73779363382964 39.47480348216939, 74.74030117395263 39.47360535729054, 74.74276753075 39.47239706723709, 74.74519815942429 39.471180719076784, 74.74849060371179 39.46949477222755, 74.75096513680215 39.468204401539104, 74.75341506477963 39.46690852571835, 74.755838804886 39.46560726450061, 74.75823301525129 39.46430209353893, 74.7606019089517 39.46299350684317, 74.76294141810938 39.461682055130574, 74.76524997740677 39.46036872331963, 74.76967947190779 39.45779598758658, 74.77207768024506 39.45637209033232, 74.77442828843996 39.4549647160895, 74.77671553126501 39.45359020890839, 74.77893315814762 39.45226534718013, 74.78106540857478 39.451006468272695, 74.78310638036459 39.44983101629959, 74.78503726950751 39.44875461650544, 74.78730560766942 39.4475641779075, 74.79106948926305 39.44587407316626, 74.7943439476395 39.444795896809126, 74.79883324259436 39.443975584615956, 74.80160381495627 39.44374719354418, 74.80451031386768 39.4436604569638, 74.81061033728393 39.44384088666103, 74.81331916988232 39.44402301281066, 74.81610775369671 39.44422059616427, 74.81893508045461 39.44438639730292, 74.82422748378447 39.444449795414975, 74.82721155184164 39.444255534074095, 74.83018873026849 39.44389518657352, 74.8332096386148 39.44339543193586, 74.83803790666587 39.44242499211194, 74.8405822251274 39.44187603405331, 74.84322297755094 39.441306924004884, 74.84594790575565 39.44073783895034, 74.84874518671651 39.440189945726175, 74.85442727199217 39.439252545304896, 74.85728148619708 39.43889429142475, 74.86018722105948 39.438596929941966, 74.8631538469271 39.43834384565882, 74.86619730951035 39.438118302132054, 74.86933155354473 39.437903567854164, 74.87309781859261 39.437644640408685, 74.8757733212569 39.437449706202955, 74.87851931951081 39.43723586402079, 74.88133149633391 39.437002052351474, 74.8841996166468 39.436744526101386, 74.88712136653916 39.436462234026365, 74.89009206583086 39.436152578216415, 74.89532963447513 39.43554665731618, 74.89811308906434 39.43519059817928, 74.90092137264871 39.4348108305174, 74.9037515113549 39.43441036824473, 74.90659500799893 39.433991789552024, 74.9094564595363 39.433559261376324, 74.91232666053833 39.433115301264024, 74.91520434844311 39.43266298617942, 74.9192444988392 39.43202175723634)",30088.136296028562,30.088136296028562,107.2687193310259,107.2687193310259,LYGREBA001.WL,01,30.510000228881836,008,04,02,04,01,,波状纹理清晰,无,,,,,,,,,,
48,1.1361262501608493,REBA001C1AJ430010020000048,000048,,,,,,,,,,,,,,"LINESTRING (73.72042912977102 39.27580338839836, 73.72439217182875 39.27805337189581, 73.72675979634424 39.27939672925525, 73.72912691919308 39.280732403211076, 73.73148350732501 39.28205965620918, 73.73383383876035 39.28337555998301, 73.73617342089464 39.28467766828608, 73.73850107551344 39.28596420951084, 73.74081779901148 39.28723232112299, 73.74311500438314 39.28848010191338, 73.74539759932628 39.289705237133646, 73.74766100364985 39.29090583112026, 73.75174864539798 39.29302913557419, 73.75448551760667 39.29441640329018, 73.75718353491408 39.295757353603754, 73.75984261345292 39.29705338157493, 73.76245580137011 39.29830607335629, 73.76502563921014 39.29951743438846, 73.76754526727315 39.30068934411151, 73.77001372300826 39.301823387924664, 73.77243163800425 39.30292102447815, 73.77479177402844 39.30398474566305, 73.77709554530226 39.305015525185695, 73.77957627018526 39.306120807815105, 73.78256357925056 39.307448524941755, 73.7854802981758 39.30873025117696, 73.78836546333038 39.30997324667946, 73.79127186782647 39.31118556957432, 73.79424110168742 39.312375632718144, 73.79731895989372 39.313551476031904, 73.8005497523574 39.314721569914155, 73.80419038331488 39.315962076017456, 73.80641181281378 39.31668345728217, 73.80872968142303 39.317409673353204, 73.81113854030758 39.31814187551484, 73.81363922545648 39.31888115470724, 73.81623358440126 39.31962860299245, 73.81892116109853 39.32038536786221, 73.82170101208712 39.321153030064615, 73.82457384820644 39.32193164006039, 73.82754113944493 39.32272290296587, 73.83059731476511 39.323527777689954, 73.83374933709275 39.3243475426441, 73.83699501013166 39.32518255110186, 73.84096508378519 39.32619572277526, 73.8433726488491 39.32680589130544, 73.84582582415426 39.32742568465581, 73.84832678775545 39.32805686651773, 73.85087624695504 39.32869949492585, 73.85347474816803 39.32935472962819, 73.8561242553444 39.33002384840345, 73.85882369382514 39.3307073970667, 73.86157702492396 39.3314066549901, 73.86438309066152 39.33212271385179, 73.86724485546358 39.3328568552711, 73.87016111258778 39.33360858816602, 73.87313395548044 39.33438022527026, 73.87616123307859 39.33517285852227, 73.8792517719689 39.335986733896505, 73.88239879609426 39.336822333493636, 73.88560610509707 39.337682027990354, 73.88887341758247 39.33856587911495, 73.89496534336104 39.34023580602888, 73.89732222467566 39.340889113334846, 73.89970845353837 39.341555589781116, 73.90212186001737 39.34223346149852, 73.90456757486118 39.34292376095607, 73.90704054785338 39.3436249033422, 73.90953929229109 39.3443373126441, 73.91206967148369 39.34505994980628, 73.9146254076692 39.34579372648337, 73.91721015750319 39.34653711851375, 73.91981980042111 39.347289935238635, 73.92245567363629 39.348052852194, 73.92511889996686 39.34882403053772, 73.92780539376955 39.349604023418436, 73.93051787145507 39.35039288407223, 73.93325545050628 39.35118878440235, 73.93602038563932 39.35199294164163, 73.93880671682614 39.35280407242191, 73.94161507253288 39.35362278462205, 73.94445028383082 39.35444730496777, 73.94730589462719 39.35527879411749, 73.95018365209084 39.35611602726345, 73.95308734828413 39.356958519448106, 73.95600948810053 39.35780668997879, 73.95895322891582 39.35865944144801, 73.96191979048785 39.35951725913808, 73.96490533326562 39.36037904375728, 73.96922653759825 39.36162143861517, 73.97178130861086 39.36235498067983, 73.9743519994322 39.36309061034014, 73.97692957039376 39.36382759029841, 73.97951731707737 39.36456586208558, 73.982111695424 39.36530511574707, 73.98471008214825 39.36604473989337, 73.98730935342012 39.36678454628736, 73.9899113892346 39.367524356286225, 73.9925132208283 39.368262883686036, 73.99511235603424 39.36900055272355, 73.99770304483857 39.36973657357927, 74.00029157479428 39.37047087907762, 74.00286919830185 39.37120268003004, 74.00543550025223 39.37193185208958, 74.0079914321567 39.37265766348218, 74.01052979337734 39.37338047910115, 74.01305524595954 39.37409962582248, 74.01556182647776 39.3748138262547, 74.01804925062855 39.37552399429757, 74.0205135526089 39.37622884815358, 74.02295431539945 39.37692826878812, 74.0253674154087 39.37762207055675, 74.02775680794822 39.378309525638066, 74.03011307360212 39.37899051063921, 74.0324413825963 39.37966478491916, 74.0347351831105 39.38033118975621, 74.03699156281237 39.380990028952795, 74.03921447623311 39.381640575272904, 74.04139713337757 39.382283317328564, 74.04353893871583 39.38291636761562, 74.04563760706877 39.38354063939797, 74.04881088215224 39.38449109121163, 74.05307307681888 39.38578329532047, 74.05712153180288 39.387030827012346, 74.0609737772803 39.38823718825708, 74.06463948480395 39.38940691486658, 74.06813569307822 39.39054392831151, 74.07147464991482 39.39165178109985, 74.07466968822091 39.392734332553815, 74.07773382712168 39.39379677674315, 74.08068355891879 39.39484186874078, 74.08353398640268 39.39587425472187, 74.0862935271726 39.39689722925525, 74.08897920294133 39.397915981911204, 74.09160314992914 39.39893387425909, 74.09655233220303 39.400910717472, 74.09922943599311 39.40201118146166, 74.10188551140129 39.40312492544027, 74.10452783856758 39.4042510380607, 74.1071550164717 39.40539140932047, 74.10977258309536 39.40654634272304, 74.11238208484924 39.40771614463521, 74.114986567026 39.40890154813155, 74.11758757186004 39.41010285408419, 74.12019185599578 39.411320857285446, 74.12280296199812 39.412555860300934, 74.12541793933298 39.41380859569365, 74.12804503681123 39.4150794248113, 74.13068622828646 39.416369627018135, 74.13354865516952 39.41778096484042, 74.13588490673274 39.418941705146985, 74.13824131973603 39.42011744075879, 74.14062402751759 39.42131035961115, 74.14303707551267 39.42252034158357, 74.14548834379835 39.42374835471027, 74.14798058259964 39.424994332525394, 74.15051930474458 39.426259853347894, 74.15311155572877 39.4275447928744, 74.1557617112534 39.42884969117599, 74.15847587254456 39.43017600445369, 74.16125949916717 39.431523722903265, 74.16411869352092 39.43289430393912, 74.16705670445366 39.43428724896032, 74.1700779986794 39.435703402544476, 74.17319259522355 39.437143908550894, 74.17682919639468 39.43880334455762, 74.17893408027912 39.43975170343155, 74.18107520985515 39.440708831003356, 74.18325320353546 39.4416733263454, 74.18546088646286 39.44264427364312, 74.18769737187716 39.443619848208826, 74.18995506976358 39.44459901425669, 74.19223887490017 39.44557945680559, 74.19453753683747 39.44656081288357, 74.19684996068443 39.44754161881027, 74.19917583704989 39.448519932072756, 74.20150819874806 39.44949447166434, 74.20384416107186 39.45046426682716, 74.20618112058767 39.451427427915085, 74.20851569305827 39.45238256091217, 74.21084369849453 39.45332875463995, 74.21316146158631 39.4542646702807, 74.21546874363685 39.4551878146604, 74.2177570013956 39.45609788879479, 74.22002913834405 39.45699343159956, 74.22227654405026 39.4578725610872, 74.22449783504403 39.45873388066128, 74.2266878281129 39.4595764829331, 74.22884755398431 39.460399091656456, 74.23096927483047 39.461199641892954, 74.23372876001616 39.462227959621266, 74.23745976287542 39.4635944322462, 74.24104104219155 39.46487925083876, 74.24447718133496 39.4660884558886, 74.24777550330955 39.467226868046616, 74.25093718099839 39.468300408798385, 74.25396732426171 39.46931340636673, 74.25687174397241 39.47027238727195, 74.25965513588064 39.47118155850974, 74.26232302109825 39.4720475039686, 74.26487781085996 39.472874488656345, 74.26732547129208 39.47366794150772, 74.26967047793251 39.47443370987919, 74.27325029310794 39.475624005432856, 74.27679882750398 39.476848727549516, 74.2801707514342 39.47807009063373, 74.2834519830938 39.479326050023666, 74.28673786835246 39.48065467594954, 74.29011147222893 39.482094077211094, 74.29366512007572 39.48368157488602, 74.30145720236665 39.48735413494919, 74.30324646449492 39.488223440936714, 74.30510177270675 39.48913165791811, 74.30701942333933 39.49007543848171, 74.30899240292835 39.49105278093542, 74.31101586918714 39.49205930421715, 74.31308388121722 39.49309245249936, 74.31519544713973 39.494148945019155, 74.31734120276737 39.49522610899475, 74.31951764924445 39.496320233666765, 74.32172105799566 39.4974292553717, 74.3239418755848 39.49854873632216, 74.3261790812159 39.499676674120344, 74.32842546047598 39.500809300216474, 74.33067772342007 39.501943391761294, 74.33293143323844 39.50307683086771, 74.33517707673823 39.50420590987306, 74.33741437007865 39.505327407735365, 74.33963501887278 39.50643810935445, 74.34354033710214 39.508383044384615, 74.34643324321064 39.50981461692928, 74.34927187314432 39.511212231714296, 74.3520619984615 39.512574543100484, 74.3548035881901 39.51390282578247, 74.3575013405315 39.515197148901336, 74.36015379827502 39.516457806230505, 74.362763741222 39.51768431730709, 74.36533392522658 39.518877464537624, 74.3678654697923 39.520037432940825, 74.37036157684577 39.521163851493, 74.3728258695363 39.52225733136747, 74.37525768255767 39.52331768061879, 74.37765792997308 39.52434544969615, 74.3816332464386 39.52599934340237, 74.38455730041649 39.527175966715276, 74.38745772091349 39.528309545501166, 74.39035297899365 39.52940747685194, 74.39325384701314 39.530477097257034, 74.39618121908259 39.53152591508944, 74.39914615666584 39.53256120560586, 74.40216506707122 39.5335909042707, 74.40525414711189 39.53462246019843, 74.40842716882378 39.5356631951928, 74.41170262697477 39.53672049764783, 74.41754397701489 39.538577544646564, 74.41980272163924 39.53928816521452, 74.42211193901633 39.54001204840058, 74.42447189612132 39.54074713705571, 74.42687612327393 39.54149258262468, 74.42932159417838 39.542246386042144, 74.43180554318103 39.5430077564609, 74.43432194601692 39.54377469554719, 74.43687269543821 39.54454574991002, 74.43944710670391 39.545319586865254, 74.4420470749561 39.546094751621325, 74.44466749121047 39.54686979376801, 74.44730367229275 39.54764338164956, 74.4499516580472 39.5484129630921, 74.45260983027671 39.54917879705529, 74.45527330207571 39.54993778409017, 74.4579405266034 39.55068963118078, 74.46060418252328 39.55143240012282, 74.46492139193015 39.552616819230444, 74.46786196085749 39.55340889224483, 74.47078794455898 39.554185331028236, 74.47370182798163 39.554947841983406, 74.47660196971073 39.555695817718885, 74.47948948839367 39.55643157208808, 74.48236545553634 39.55715456003877, 74.4852274263835 39.557865932818984, 74.48807732983164 39.55856624398914, 74.49091764063444 39.55925719868077, 74.49374572638571 39.55993819047332, 74.49656148610157 39.560611042099005, 74.49936828753097 39.561275147089965, 74.50216153544335 39.56193275659641, 74.50494823061256 39.56258387593593, 74.50772292882546 39.563229660676534, 74.51251008875506 39.56433691130044, 74.51542531877932 39.56500908989896, 74.51832543109607 39.56567661589488, 74.52120753695765 39.566338537739114, 74.52406481112601 39.56699334629799, 74.52688984110402 39.56764179756335, 74.52968153777499 39.56828117378339, 74.53243690772366 39.56891234176335, 74.53514563343174 39.569534232338135, 74.53780631112699 39.57014545988984, 74.54041154839439 39.57074550625251, 74.54295986674585 39.57133353665553, 74.54544358411606 39.57190909092085, 74.54786158484836 39.572470725135105, 74.55020682012741 39.57301858906552, 74.55415675260515 39.57394950664687, 74.55809760542523 39.57489079531007, 74.56176166098297 39.57577302827447, 74.56517394854335 39.57659702435957, 74.56836544981607 39.577362865419055, 74.571365272965 39.57807081046347, 74.57420311453242 39.57872099223578, 74.57690666747669 39.579313543889015, 74.58033997675757 39.58001167698751, 74.58357118154636 39.58059541567262, 74.5867097423619 39.5810856674786, 74.58977726537728 39.58148284394676, 74.59279310967324 39.5817902755715, 74.59577572700242 39.58200946488699, 74.6000092832903 39.58217254191335, 74.60290598087803 39.58218494880005, 74.60584268034427 39.58211197460703, 74.60883586798607 39.581946560768216, 74.61190988098019 39.581682751086916, 74.61508657012503 39.58131287699348, 74.62049788827946 39.58047438541931, 74.62295182274335 39.58001629264827, 74.62549840702086 39.57949621113856, 74.62814695393739 39.578910061626566, 74.63090953607481 39.57825667130625, 74.63380366155364 39.57753158079275, 74.63684169394371 39.57673356170722, 74.64003235480499 39.575858637544705, 74.6433907800815 39.57490508299388, 74.64879962408921 39.57330942351496, 74.65098158153722 39.572649541854865, 74.6532259743651 39.571961766463495, 74.6555232349938 39.57124794377417, 74.65787395281846 39.57050882529812, 74.66026929032999 39.56974504257984, 74.66270576373726 39.568957900536965, 74.66517817412766 39.56814863855585, 74.66768210834319 39.56731801162798, 74.67020994867892 39.56646714519943, 74.67276155904999 39.565598009088525, 74.67532754079117 39.564710080578564, 74.677904263369 39.56380576579933, 74.68048731901432 39.56288581584885, 74.6830698688242 39.561950870791705, 74.6856504384236 39.5610022338425, 74.68953360686325 39.55954264081064, 74.69220771058107 39.5585159486878, 74.69486445009053 39.55747678705357, 74.69750602931332 39.55642691667799, 74.70013464430502 39.55536596032028, 74.70275235701857 39.55429464277161, 74.70535794461554 39.55321246978915, 74.70795974088652 39.55212137653582, 74.71055359844296 39.55102031819884, 74.71314550097934 39.549910568786025, 74.71573357820427 39.54879229663612, 74.7183232449652 39.547665617826674, 74.72091456159897 39.546531248987414, 74.72350794292205 39.54538930587393, 74.72610515679685 39.544240564952574, 74.73063356508669 39.542231492277466, 74.73308376831024 39.54114121398104, 74.73553774546676 39.54004770056529, 74.73798816458059 39.53895330014872, 74.74042577502333 39.537858541349316, 74.74284589683077 39.53676725078662, 74.74524148783914 39.535679582737096, 74.74760964788535 39.534598865494125, 74.74993706158308 39.53352618377689, 74.7522226872821 39.532463828806186, 74.75445606418113 39.53141398305439, 74.75663122317319 39.53037839265466, 74.7587435631367 39.529358193908195, 74.76078618914639 39.528356725498696, 74.7627512801876 39.5273746361473, 74.76463223164288 39.52641520731901, 74.7678276077561 39.52472568235978, 74.77161924215099 39.52258600153191, 74.77488127712701 39.52058778357521, 74.77772339236239 39.51870160780026, 74.78021174599364 39.5169095568026, 74.78244447168785 39.51518665288521, 74.78626130797718 39.5120484272324)",101512.59054270263,101.51259054270263,74.5308212981847,74.5308212981847,LYGREBA001.WL,01,103.05999755859375,002,04,02,04,01,,波状纹理清晰,无,,,,,,,,,,
49,0.4824525591351482,REBA001C1AJ430010020000049,000049,乌赤别里山口断裂,,,,,,,,,,,,,"LINESTRING (73.5014393384295 39.35868371012121, 73.50288757873653 39.359097242242356, 73.50520763646432 39.359713202683224, 73.5100980577712 39.36120458091428, 73.5125667278522 39.36204622737214, 73.51511935695258 39.36294439117527, 73.51898932368445 39.36428767432848, 73.52181353242193 39.365207178350154, 73.52435905876872 39.36600435507428, 73.52759655692438 39.36695361488103, 73.5330937533812 39.36858341378619, 73.53480990687562 39.368996761180604, 73.53677912049645 39.369461058534334, 73.53892520704176 39.3699603558101, 73.54117311308622 39.370478900889175, 73.54344585028205 39.37100123982101, 73.54566393857273 39.37151150209989, 73.54909175504203 39.372304186054485, 73.55398473977854 39.373464123594815, 73.55830754639214 39.374458260625495, 73.5611431752596 39.37499704464665, 73.56695823169859 39.375786990150566, 73.56925321649982 39.376026048409024, 73.57170573023632 39.37625642718603, 73.57418500988463 39.376470111593854, 73.57655383668266 39.37665739357468, 73.57920591205446 39.37684407828609, 73.58556900603993 39.37720494704179, 73.59506510173598 39.377751871925796, 73.59693979810152 39.37777071362692, 73.5990314225078 39.37777512110964, 73.60133377547322 39.377765088901675, 73.60383254150534 39.377740416910925, 73.60651089560139 39.37770048407955, 73.6093573146056 39.37764460572464, 73.6123579718012 39.377572165921485, 73.61550155048816 39.37748296408044, 73.61877130693786 39.3773758356126, 73.62244156128273 39.377239769458626, 73.62502305848048 39.377134422516114, 73.62764114991772 39.37702028458494, 73.6302832336588 39.376898073635864, 73.63292961852511 39.3767690566527, 73.63556453790483 39.376635053525696, 73.63816947326836 39.376496236728435, 73.64073335932308 39.376354488975394, 73.64323309679686 39.376210959283924, 73.64565570934445 39.37606698592785, 73.64798638716884 39.375922812199605, 73.65020327777059 39.37578081231919, 73.65229137154596 39.37564158864172, 73.65532165251607 39.37542835837142, 73.66201113049308 39.37487096118658, 73.66854800714401 39.37399185307825, 73.67154132541042 39.37340656165609, 73.67478844344788 39.372754050213004, 73.68561967123225 39.37089845107313, 73.6872170436968 39.370610019913734, 73.6889590142777 39.370293280332305, 73.69082390818518 39.369953215134466, 73.6927896733509 39.36959339072874, 73.69484009848021 39.369217629427105, 73.69695013231427 39.36882950032991, 73.69909947557709 39.36843337844189, 73.70127271008124 39.36803344966739, 73.7034447066423 39.36763299397292, 73.7055952542554 39.36723667967789, 73.70770343727607 39.36684828107692, 73.70974962984397 39.36647150260572, 73.71171591621264 39.36611011261085, 73.71357887827705 39.365768308763414, 73.71531552368907 39.36545041315209, 73.72456113791769 39.36369441876067, 73.7265086589696 39.363577721978196, 73.73028777820015 39.36269201400401, 73.73234213020937 39.36231483319566, 73.73471632824292 39.36190578694653, 73.73821407343705 39.36134059709625, 73.74410921603446 39.360521991750446, 73.74664743251235 39.36038730978918, 73.75328887815449 39.3596865903198, 73.75510548809294 39.35958463702158, 73.7571565618943 39.35948490177534, 73.75935619737169 39.35938968291758, 73.76162760056202 39.359301470297645, 73.76389195576645 39.359222026181534, 73.76607368449365 39.35915433593088, 73.76808726251004 39.359100110492285, 73.77376987870063 39.35885594905945, 73.77723478366563 39.35919575660541, 73.77921204152209 39.359250839220124, 73.78171961018828 39.359283315778114, 73.7846844960608 39.3592844486276, 73.78837394222211 39.35923853225619, 73.79097850750404 39.3591809443202, 73.79380398401462 39.359120262601266, 73.79693095858642 39.35907947624669, 73.80043105474415 39.35908027934309, 73.80762358904319 39.359248409044774, 73.8098314893626 39.3593407311261, 73.81214517860792 39.359453329784444, 73.81453861217793 39.359584063581444, 73.816987391333 39.359729277620914, 73.81946930709816 39.35988792441534, 73.82196417543884 39.36005684057641, 73.82444164912793 39.360233952870495, 73.82688576026702 39.36041658086025, 73.82926787122041 39.36060272154059, 73.83156500251411 39.36078970159676, 73.83375681707385 39.36097545457108, 73.83644015868185 39.3612136669999, 73.84170280162742 39.361725108552285, 73.8458095191387 39.362170779259735, 73.85207569553143 39.362863698798954, 73.85501661667406 39.363119773828835, 73.85778360854476 39.36331097220085, 73.86342801244068 39.36362960170744, 73.8669598033952 39.36374204008991, 73.86900388303505 39.3639541925704, 73.87131191216574 39.36421274540267, 73.87565012637398 39.364763681863494, 73.87739150397081 39.36459476001187, 73.8806091527986 39.36493839587307, 73.88310650538678 39.36502225585371, 73.88856593893175 39.365334465368, 73.89071303868829 39.365515759602, 73.89303364765195 39.36573274411398, 73.89540542093776 39.36597037477576, 73.89770697107394 39.36621287912974, 73.89981716019477 39.366445722442144, 73.90457729137377 39.366938278824165, 73.90615393390596 39.367215800363894, 73.909560735714 39.3672701463667, 73.91531661750876 39.36795902618877, 73.91704241090842 39.36808113633098, 73.9190369745429 39.36821293089778, 73.92125077445536 39.368350046698076, 73.92363586913348 39.36849001719199, 73.9261453588229 39.368629097318475, 73.9287292579585 39.36876409406954, 73.93133978173158 39.36889145408963, 73.93546506915872 39.36907145099869, 73.93890523232344 39.36919738645547, 73.9421390770311 39.36929219725678, 73.9451497042392 39.36935588766455, 73.94792568144 39.36939016240383, 73.95045781637778 39.36939508177273, 73.95295700683795 39.3693682752215, 73.95710242391955 39.369217154092276, 73.96244926553878 39.36879289356014, 73.96713355835631 39.36764956190342, 73.96898507507267 39.36727755379506, 73.9711898652498 39.3668471327134, 73.97367504899678 39.36637147138482, 73.97635361760159 39.36586356297352, 73.97888979832108 39.36438684041239)",41842.926777078486,41.84292677707849,89.91751630891167,89.91751630891167,LYGREBA001.WL,01,42.529998779296875,002,04,02,02,01,该断裂为阿克萨依巴什复向斜和塔里木西南坳陷的分界线。东西向延伸，向西延入前苏联，向东为北北西向断裂切截，长约100公里左右。断面产状，西段向北倾，东段向南倾。地层褶皱强烈，南侧局部倒转，石炭系逆掩于北侧白垩系、第三系之上,波状纹理,无,,,,,,,,,,
50,0.8571727334936643,REBA001C1AJ430010020000050,000050,,,,,,,,,,,,,,"LINESTRING (73.69716116232426 39.368790277739805, 73.70198026052148 39.369454559967906, 73.70488880763493 39.369854535981844, 73.70779984061326 39.37025529662512, 73.71071743603851 39.37065545631751, 73.71364392463106 39.3710556890672, 73.71658030754872 39.37145598990215, 73.71952512301687 39.37185667979538, 73.72414989616769 39.372482039657626, 73.72699729258751 39.372866107696424, 73.72986540745605 39.373251685706016, 73.73275315760877 39.37364134216433, 73.73566987552395 39.37403777810897, 73.73861573268547 39.37444191695129, 73.74159756153276 39.374856878397765, 73.74461994815276 39.37528371097262, 73.74768951864523 39.375725047352596, 73.75395949046504 39.37665615224689, 73.75662122829237 39.37706432176052, 73.75931706826677 39.3774843536855, 73.76204230969591 39.37791415953131, 73.7647900397693 39.37835201119569, 73.76755633436957 39.378795335288906, 73.7703342855525 39.37924240312243, 73.7731198094575 39.379691737365796, 73.7759061583304 39.38014051540982, 73.77868853438557 39.38058719847884, 73.781461443091 39.38103019008065, 73.78421762839969 39.381466243588754, 73.78721591236297 39.38193405214793, 73.79028319836357 39.38240569197528, 73.79330998205153 39.382864464571874, 73.79629768697674 39.38331219017049, 73.79923994334084 39.383750325933356, 73.80213334435548 39.384179598809546, 73.80497589606254 39.38460085222383, 73.8077593154909 39.38501584422591, 73.8104852347249 39.385426040115696, 73.81314632792946 39.385831610616414, 73.8174630475804 39.38650680587048, 73.82080788658747 39.38705058208992, 73.82407763921093 39.38760101500745, 73.82733915063548 39.38816765461544, 73.83065088284404 39.388758634065915, 73.83407397632324 39.38938342983606, 73.8376732359505 39.39005082783515, 73.84512982465242 39.3914502842114, 73.84733343689723 39.39186571130296, 73.84961559349239 39.39229516683489, 73.85196567668162 39.3927377069964, 73.85436901638776 39.39318878629548, 73.85681129431153 39.393647402286824, 73.85928646090633 39.39410962288861, 73.8617758580423 39.394573771537196, 73.86426777501983 39.39503659434341, 73.86675371464331 39.39549532171424, 73.8692193023499 39.39594822044756, 73.87165161720186 39.39639154798417, 73.87403799510352 39.39682363915575, 73.87636930952497 39.39724111628078, 73.8786276809303 39.397641828152175, 73.88195359529317 39.39822141215099, 73.88639954912314 39.398972262483284, 73.89043248354074 39.399627623437276, 73.8941526595684 39.40021374961679, 73.8976615791994 39.400755243882905, 73.9010690959791 39.401277358306466, 73.90758322487511 39.40230295132895, 73.9100501489579 39.402707890252486, 73.91257797200251 39.40313097710091, 73.91514414248545 39.40356552479576, 73.91771777419707 39.40400416914532, 73.92027739472573 39.404439681027405, 73.92279294990308 39.40486580222984, 73.92523933510876 39.405274689152954, 73.92759170026751 39.40565973065676, 73.92982128664168 39.40601461009712, 73.9321376621581 39.40636640789345, 73.93692307119159 39.40700500527037, 73.94085940190824 39.40742015804329, 73.94699944769555 39.40793244688419, 73.94953725812657 39.4081577435521, 73.95223529973637 39.40842902141462, 73.9550759925169 39.40875691667377, 73.95805351283983 39.4091537124446, 73.9628318687986 39.40991815892044, 73.96545862367506 39.41040888150324, 73.96817705690867 39.410961751049875, 73.97102414494373 39.41157484648817, 73.9740211199921 39.41224831033221, 73.97719732771131 39.41297960499182, 73.98373198711282 39.41450377970119, 73.98606473698132 39.415045548627816, 73.98848906024021 39.41560485405319, 73.99100003488036 39.41617997449219, 73.99359264261358 39.41676602596919, 73.9962612919864 39.41736196120221, 73.99900001741116 39.417964476570944, 74.00180433632468 39.4185698480954, 74.00466540942077 39.41917580980142, 74.00758359787754 39.41977973232689, 74.01054992408126 39.420378314641006, 74.01411731794515 39.42107638069994, 74.01683976591626 39.42159270109996, 74.01959013368052 39.42210056197904, 74.0223583796234 39.42260007937577, 74.02514187980906 39.4230914970988, 74.02793915203569 39.42357608471957, 74.03074131652824 39.42405286864216, 74.03354721701652 39.42452379417699, 74.03635382269363 39.42498897856879, 74.03915558960988 39.425448116477895, 74.04194631690325 39.42590242509947, 74.04472339210574 39.426352145731535, 74.04892129640608 39.42703038743256, 74.05197116654858 39.42752222032746, 74.05499307640848 39.42801134063026, 74.05800351998701 39.42849847871753, 74.06100179395423 39.42898474064772, 74.06399969321403 39.429470798450296, 74.06700313932411 39.42995835855738, 74.0700195529845 39.430448704537646, 74.07305939147423 39.43094183697979, 74.0761258400696 39.43144068084887, 74.0792274312532 39.43194468784638, 74.08297592159681 39.43255450168741, 74.08564343298755 39.43298750490627, 74.08834594708713 39.43342464961896, 74.09108498746329 39.43386423213884, 74.09385779602447 39.434304600727, 74.09666852803228 39.43474465633974, 74.09951350123664 39.43518220207455, 74.1023952414187 39.43561553208367, 74.10531319583568 39.436043480765214, 74.10826546887587 39.43646336602716, 74.11125605770053 39.43687518683131, 74.11427993891658 39.437276074830216, 74.1173392663652 39.43766492824151, 74.12177893210558 39.43819634460727, 74.12451527695814 39.43850516837061, 74.12727743947279 39.43880191597247, 74.1300531484627 39.439088350231565, 74.1328415737495 39.43936508233351, 74.13563381709464 39.43963327223569, 74.13842646211396 39.439893653236396, 74.14121190585236 39.44014732058816, 74.14398873419685 39.44039501115858, 74.14674819925631 39.4406367878736, 74.14948324654037 39.44087490987952, 74.15219375392978 39.44111005173513, 74.15486968761785 39.441342338079465, 74.15750914032976 39.441572932269345, 74.16010429188391 39.441802454369935, 74.16370111025547 39.442129877505856, 74.1671899961519 39.442458893971164, 74.17058347637496 39.44278926149813, 74.17390750544178 39.443117865714484, 74.17718073045202 39.443443782841385, 74.1804253985195 39.44376383385006, 74.1836612346894 39.444076540359305, 74.1869160399765 39.44437987855174, 74.19020576681869 39.444670718288336, 74.19355398625528 39.444948674569495, 74.20002411797253 39.44542172960074, 74.2025414807105 39.44558151212428, 74.20511252418109 39.44573192554725, 74.20773333285631 39.44587326977199, 74.21040115843297 39.44600560879724, 74.21311009039873 39.44612924595916, 74.21585337974327 39.446244248221824, 74.21863311330152 39.44635091708229, 74.22143925311553 39.4464493818905, 74.22427117731205 39.44653988360492, 74.22712484808291 39.44662255023298, 74.22999256360578 39.44669817723857, 74.23287136519517 39.44676634202791, 74.23575563014563 39.446827289396566, 74.23864595231232 39.446881762125344, 74.24323387904525 39.44695449500388, 74.24623735379534 39.44699362234607, 74.24923396984948 39.44702628303988, 74.25221852728805 39.447052844583446, 74.25518852872561 39.44707373730644, 74.25814192518682 39.4470882341638, 74.26108148274366 39.44709798247821, 74.26400215525231 39.447102255804296, 74.26690165851177 39.447101971317394, 74.26978199436824 39.44709713079787, 74.2726395388338 39.44708798708249, 74.27547121842491 39.447075089727505, 74.27827790584263 39.44705826000018, 74.281057024956 39.4470384812416, 74.28632836014577 39.44699109175873, 74.2895311983611 39.446957026384666, 74.29269303185984 39.44691758104707, 74.29581364652819 39.446872268399034, 74.29889510783309 39.44681968621704, 74.30193706367031 39.44675831038319, 74.30494300469229 39.446687717632145, 74.30791715056978 39.44660540115093, 74.31085920712435 39.446511428389464, 74.31377168451742 39.44640323345179, 74.31665770952208 39.44628100062571, 74.31951529259211 39.446142595710086, 74.32381132966634 39.44589881896627, 74.32684974651971 39.44569928119786, 74.32986941438556 39.44547977258871, 74.33287744882129 39.445243748609535, 74.33588150394904 39.44499382339472, 74.338886275859 39.44473333196733, 74.34189747265994 39.444465609967274, 74.34491960334697 39.444192232264285, 74.3479660055372 39.44391714075282, 74.35103667151391 39.443643609972355, 74.35413912081374 39.44337321170555, 74.35901785369761 39.44296990162162, 74.36173259668887 39.44275955469136, 74.36448001337388 39.44255631481838, 74.36725883967333 39.44235896177338, 74.37006780807408 39.44216627728312, 74.37290573429385 39.441976494185646, 74.37576948843272 39.44178943576249, 74.3786608886236 39.44160333537946, 74.38157358676206 39.44141752002849, 74.38451205638681 39.44122955945069, 74.38746951338234 39.44103994380084, 74.3904458444511 39.4408463540791, 74.39343999580849 39.440648066953315, 74.39842389806651 39.44030658363812, 74.40125979969046 39.44010442624077, 74.40410761612833 39.43989461509875, 74.4069579433532 39.43967789101025, 74.40980989401878 39.43945329216524, 74.41265577211927 39.43922162475236, 74.41549789507373 39.43898155388321, 74.41832344327287 39.43873370450619, 74.4211376524427 39.43847729845533, 74.42392983375903 39.438213135282474, 74.42669946119918 39.437939649788916, 74.42943926293817 39.437657766667364, 74.43215106059037 39.43736658290991, 74.43482674219109 39.43706679262551, 74.43899973834725 39.43656992281552, 74.44224867853039 39.43615598670303, 74.44542424288275 39.435725971952834, 74.44853033985207 39.43527956938123, 74.45156790574069 39.43481520395672, 74.4545389898517 39.43433359916636, 74.45744460312456 39.433832627165515, 74.46028586760642 39.43331246958279, 74.46306598819011 39.432772758592314, 74.46578789413263 39.4322119080429, 74.46844963875945 39.431630651606746, 74.47233538345303 39.43071751298767, 74.47534582022202 39.4299538615451, 74.47828362325173 39.42915813742012, 74.48115504382264 39.428330699227644, 74.48396430822561 39.42747317462214, 74.48671602714757 39.42658531289138, 74.48941550691525 39.42566819096641, 74.4920690701521 39.424721616905096, 74.49468193808406 39.42374721531855, 74.49885521335143 39.42210230350298, 74.5014495992669 39.421027932627744, 74.50401167803965 39.41993040141761, 74.5065421333955 39.41881404083069, 74.50903579624318 39.417684223246745, 74.51149614533699 39.41654479498087, 74.51391737858638 39.41540051711297, 74.51630037699618 39.41425749047537, 74.51864327762473 39.41311889296963, 74.52179520615319 39.41157024352567, 74.52444862878353 39.41025879363197, 74.52704627236622 39.4089678440078, 74.52959697239706 39.4076946280012, 74.53210982548455 39.4064354564601, 74.53459137647214 39.4051876226654, 74.53704944914374 39.40394835859694, 74.54122914380018 39.40183928937465)",74508.70995561335,74.50870995561334,87.6704489181331,87.6704489181331,LYGREBA001.WL,02,75.66000366210938,002,03,03,04,02,,弧形纹理明显，两侧色调、纹理区别明显,无,,,,,,,,,,
51,0.7614221428753419,REBA001C1AJ430010020000051,000051,,,,,,,,,,,,,,"LINESTRING (74.12051797690425 39.4114747562596, 74.12567512417206 39.41058296537202, 74.12853425083402 39.41008753414389, 74.1313887328963 39.409590140076844, 74.13423765852876 39.40909108783762, 74.13708110622916 39.40858983310094, 74.13991773698248 39.40808570127665, 74.14274513620687 39.40757857645109, 74.14556304094945 39.40706723702979, 74.14943960475898 39.40635530653238, 74.15233307279188 39.40581371804317, 74.15521412247656 39.40526621116798, 74.15807151831493 39.40471028799591, 74.16091058701548 39.40414461674752, 74.16371923805126 39.40356773375223, 74.16650150041707 39.40297836647969, 74.16925257164442 39.402374994442546, 74.17196556043535 39.40175579204727, 74.17464108504348 39.40111936516086, 74.17730029146863 39.40045808413136, 74.1802257055204 39.399694171195016, 74.18310652801271 39.39890955723579, 74.18595094005832 39.398111307857995, 74.1887706418602 39.397304777298956, 74.19157576154267 39.39649544269823, 74.19438292458933 39.39568920568955, 74.19719746764541 39.39489203072669, 74.20245897957692 39.39346269849151, 74.20513405749978 39.39277836519307, 74.20784223277981 39.392117879824525, 74.21058099517174 39.391483805856126, 74.21334598542529 39.39087760097426, 74.21614103729713 39.390302499302585, 74.21896008976951 39.38975990068811, 74.22179934042127 39.38925242619065, 74.22466106612039 39.38878214782569, 74.22923501448071 39.38811753928783, 74.23210160431752 39.387756927310804, 74.23496593359528 39.38743840589275, 74.23781729945384 39.38715962030447, 74.24064173114591 39.38692113599776, 74.24342336568624 39.386721695000965, 74.24614560232702 39.386561255119545, 74.24879779863124 39.386439052561116, 74.25136521148045 39.38635401363991, 74.25548770358809 39.38629280431274, 74.25925768595786 39.38633444272196, 74.26275056025442 39.38647770251018, 74.26603175926728 39.38672420843567, 74.26917594294706 39.38707393285405, 74.27454977884352 39.387932519208285, 74.27721380698546 39.38846734859074, 74.2799383502406 39.38907032667987, 74.28273339236954 39.38973374888805, 74.28561762894824 39.390449965731015, 74.28860353849775 39.39121084137744, 74.2940614484749 39.3926108366588, 74.2965559321983 39.39324171758898, 74.29911515378552 39.393879188468716, 74.30172360244454 39.39451638390904, 74.30436582200558 39.39514803173577, 74.30703142256755 39.39576745076111, 74.30969838915594 39.39636821349332, 74.3123536166528 39.39694358229462, 74.31745593022347 39.3979737692648, 74.32064908124143 39.39855585202255, 74.32380948585366 39.39907727958085, 74.32699345608071 39.39954714096182, 74.33025247594033 39.39997342168828, 74.33364320320547 39.40036586471531, 74.33722712426865 39.40073244655002, 74.34148339257193 39.401119540655586, 74.34384514544854 39.401316262257964, 74.34631069402671 39.401509584396095, 74.34888628519256 39.4016998618642, 74.35157398677987 39.40188567312051, 74.35437933188778 39.4020673106207, 74.35730551402682 39.40224353024618, 74.36035936385343 39.40241456317241, 74.3635402796206 39.402579656278846, 74.36685124887157 39.40273793338267, 74.37030259674174 39.40288919633053, 74.3738919396781 39.40303317222314, 74.3788559165186 39.40321040399757, 74.38126190981069 39.40328798404378, 74.38371847136241 39.40336251647056, 74.38621893279065 39.403433523337725, 74.38875855566712 39.40350108208395, 74.39132981136977 39.40356575070822, 74.39392903302894 39.40362705741056, 74.39655048296234 39.403685074542786, 74.3991854108035 39.403739880317026, 74.40183137248057 39.40379149058018, 74.40448040727662 39.40383948875964, 74.4071252066657 39.403884935472995, 74.40976388660981 39.40392686777823, 74.41238592259553 39.40396585091862, 74.41498956903139 39.404001967023774, 74.41756523801298 39.40403419750358, 74.42011096186981 39.404064266678354, 74.42261751504226 39.40409054891539, 74.42507900373155 39.40411422177622, 74.42978574878406 39.40415224903685, 74.43369704360376 39.40417550308005, 74.43744836977497 39.40418978836504, 74.44105927707176 39.404194685736734, 74.44455368905861 39.40418917041456, 74.44795236249281 39.4041733081221, 74.45127363761416 39.40414618307605, 74.45454505785169 39.404107367634644, 74.45778160767853 39.40405741068034, 74.461009062597 39.40399423031102, 74.46424752559624 39.403918548679975, 74.46961662984849 39.40376539603855, 74.47226461386964 39.40367848592749, 74.47494913899459 39.403584071981086, 74.47766951657434 39.403482951730744, 74.4804202414316 39.4033776956799, 74.48319727771174 39.40326843905911, 74.48599783623185 39.40315780664973, 74.48881917464558 39.40304587964232, 74.49165656997 39.40293473027477, 74.49450384426794 39.40282559848515, 74.49736193339578 39.402719892831016, 74.50022578353008 39.40261903004924, 74.50309362496225 39.402524360269325, 74.50595706082521 39.402436629792795, 74.51094137193962 39.40230639390883, 74.51396928454722 39.40224214482939, 74.51698947299228 39.402188026655686, 74.52000349674032 39.40214219912941, 74.52301163331595 39.402101601215996, 74.52602131267783 39.402064211274016, 74.52903545206831 39.402027579779855, 74.53205596391776 39.40198924951112, 74.5350870583907 39.40194671324163, 74.53813186770648 39.40189800413562, 74.54119467238702 39.401840061414184, 74.54427531522639 39.40177097909061, 74.54738128757992 39.40168818811429, 74.55312949382841 39.401493243032235, 74.55586529215734 39.40137981364089, 74.55861796999504 39.4012527191558, 74.56137906757765 39.40111411835424, 74.56414086026007 39.400964966267615, 74.56689645172946 39.40080857850932, 74.56963547958748 39.40064529998531, 74.57235398594429 39.40047686833574, 74.57504101483734 39.40030588019937, 74.57769255771383 39.400133349962886, 74.58029586504209 39.399961500941174, 74.58284650462714 39.399791232637234, 74.58533536838587 39.39962538180716, 74.58775302277515 39.39946484244074, 74.59009599687616 39.399310921500536, 74.59236118683954 39.39916431731082, 74.59478165861272 39.399013124465945, 74.59938020946444 39.39875092112908, 74.60360918077605 39.39855006043813, 74.60764291422387 39.39840400380539, 74.61164753405514 39.398306557584135, 74.61579373719174 39.398250520734535, 74.6202528676686 39.39823014248161, 74.62533347307678 39.398239624490834, 74.62743342375387 39.39824993022431, 74.62962882613188 39.39826278841918, 74.63191108563656 39.39827718801057, 74.63427346364011 39.398293210155884, 74.6367150284013 39.39830917759584, 74.63922318230458 39.39832407764074, 74.64179540122124 39.398338486207805, 74.64442354002148 39.39835023604218, 74.64710563472583 39.39835891993464, 74.64983181752841 39.3983644501957, 74.65259528466053 39.39836533038318, 74.65539165364626 39.398361035506554, 74.65821562728688 39.39835049883955, 74.66106182946743 39.39833320627361, 74.6639199542626 39.39830808915309, 74.66678504968908 39.39827474764587, 74.67251640602156 39.39817970713316, 74.6755478993215 39.398111869314945, 74.67857691899728 39.39803344011786, 74.68160405561578 39.39794328584144, 74.68463575737219 39.397843512303155, 74.68767912693338 39.397733420895584, 74.69073939208613 39.397614621599075, 74.69382243129469 39.39748806082372, 74.69693176887994 39.397353154989815, 74.7000735797207 39.39721079387125, 74.70325779699891 39.397062638169196, 74.70648323311141 39.39690804592496, 74.7097599894294 39.396748450885894, 74.7130934415633 39.39658436430766, 74.71648732613997 39.39641568324882, 74.71994916014657 39.39624395975015, 74.72691418533016 39.39590200670504, 74.72939916091238 39.39578151426038, 74.7319213223062 39.395661176381786, 74.73448169012978 39.39553972478233, 74.73707504769419 39.39541879970279, 74.739702757304 39.395297794553066, 74.74236190963431 39.395177030105025, 74.74505121799612 39.39505655796148, 74.7477751174058 39.39493736309405, 74.75052518944025 39.39481932969216, 74.75330309347358 39.39470178984164, 74.75610989688668 39.39458633459032, 74.75894296839242 39.394472354080044, 74.76179989196889 39.39435973538802, 74.76468010086366 39.39424945949564, 74.76758352444268 39.39414207310442, 74.77050718602639 39.39403630733346, 74.77345315386147 39.393933751669046, 74.7764170896902 39.393833741536085, 74.7793978432871 39.39373737151918, 74.78239936623784 39.393643923911, 74.78541487548627 39.39355389012319, 74.78844481365186 39.39346825088326, 74.79148731764214 39.39338590972401, 74.79454505458683 39.39330834344861, 74.79781921468904 39.39322978476066, 74.80065696295627 39.39316661800612, 74.80349947329837 39.39310740504337, 74.8063531139651 39.39305153761028, 74.8092131724845 39.392998961715456, 74.81208128545595 39.39295028040884, 74.8149571140543 39.39290483051269, 74.8178377264411 39.39286206493403, 74.82072712346174 39.3928219810053, 74.8236212347569 39.39278512681166, 74.82652200535782 39.39275078574861, 74.82942763842419 39.392718577086306, 74.83233914815867 39.392689373890505, 74.83525588566695 39.392661694433386, 74.83817657419307 39.392636471543845, 74.84110136476863 39.39261260429568, 74.8440291070438 39.39259119307904, 74.84696231593037 39.39257053134346, 74.84989755097513 39.39255177462548, 74.85283675983558 39.39253420503528, 74.85577835967588 39.39251793224562, 74.85872200956399 39.3925023004388, 74.86166563381686 39.39248785528975, 74.86461330634168 39.392474046140315, 74.86756160739186 39.39246076288764, 74.87051403021003 39.3924475670769, 74.87346437458253 39.39243484236363, 74.87749106329028 39.39241777069813)",65813.79995095645,65.81379995095645,92.17661336245612,92.17661336245612,LYGREBA001.WL,01,66.77999877929688,002,04,02,04,01,,波状纹理清晰,无,,,,,,,,,,
52,1.1684818793010152,REBA001C1AJ430010020000052,000052,乌赤别里山口断裂,,,,,,,,,,,,,"LINESTRING (74.99999999999442 39.04936606572732, 74.99742527890476 39.050817954779276, 74.99190208636305 39.05510729005296, 74.99034129857908 39.056595943919966, 74.98864798101813 39.05818541239621, 74.98371195827131 39.06231660758346, 74.98249304879329 39.06340321546776, 74.98112350919011 39.06464371285576, 74.97964238917466 39.06599799206289, 74.97808908167035 39.06742659675884, 74.97650742458907 39.06888892520058, 74.97493768693009 39.07034662716744, 74.97263160010483 39.072495017493964, 74.97125583758944 39.07378167327471, 74.970131913954 39.074833019553054, 74.96783717314761 39.0770155745925, 74.96553728304465 39.07926422802478, 74.96298527271354 39.08184182261281, 74.96164967542414 39.0832212155198, 74.96024765752689 39.0846840979706, 74.95880898696046 39.08619629069286, 74.9573659202435 39.08772317576452, 74.95594953347518 39.08923052053901, 74.95459361317636 39.09068414610922, 74.95332550495581 39.09204889297161, 74.95179789331652 39.093701688177454, 74.94487877517754 39.100433564452494, 74.94352796580421 39.101504514565015, 74.941969272032 39.10271443613761, 74.94022874770528 39.104055709628526, 74.93832396058595 39.10552115628418, 74.93627933678188 39.10710254930265, 74.93411737958225 39.10879326103767, 74.93057118545848 39.1116235915788, 74.92879756023036 39.11306874403395, 74.92701192045527 39.11454651637372, 74.92522516623188 39.116038755623386, 74.92346035033226 39.11752604696699, 74.92173193718259 39.118991393372085, 74.92006528513384 39.12041532975481, 74.91847471494785 39.1217798125028, 74.91697703258548 39.12306636781088, 74.91559497803902 39.12425706734098, 74.91429539541188 39.125375598947535, 74.91013932411394 39.128931516791084, 74.90792474906208 39.13088885466503, 74.9016138228669 39.137204687742035, 74.90019577286913 39.13835739214691, 74.898483470704 39.13966008690975, 74.8958080121822 39.14155081383494, 74.89096138377926 39.14449605896232, 74.8865439618854 39.14717064696589, 74.88432926420161 39.148168109580006, 74.88032719272954 39.149690847613826, 74.87700311827551 39.1502756182066, 74.87502249692092 39.15037589210893, 74.87264527521259 39.15046831154783, 74.86819125863002 39.15069472034108, 74.86457141556885 39.15104145844848, 74.86000790962187 39.1514580221815, 74.85764786536507 39.151565346931086, 74.85518923307762 39.15162288454762, 74.85285920244134 39.15163710616428, 74.8425170425255 39.15064989029962, 74.84047381898368 39.15060219625866, 74.83818179699125 39.15058965442889, 74.83586106628036 39.15060670610808, 74.83032928502728 39.15063441890092, 74.8241159230048 39.151738338451146, 74.82180987710262 39.15241860043796, 74.81966886409907 39.152836344585225, 74.81635110089555 39.15340874058136, 74.81382176351093 39.15406874012313, 74.81170340667285 39.15583145211581, 74.81054908868896 39.157231676238396, 74.80823238734621 39.16028784108579, 74.80811794852741 39.16187555906743, 74.80868445955876 39.164219988888796, 74.81004032424168 39.16771458768042, 74.81063144202191 39.169791122493145, 74.8108977174877 39.17232637910389, 74.81068742231213 39.17446486879626, 74.80946531616962 39.179255490488394, 74.80896571984239 39.18088016116382, 74.8084171433088 39.18263038602229, 74.80784112616085 39.18443364870903, 74.80727373246826 39.18621787071535, 74.80673524184449 39.18790932669659, 74.80609362786026 39.18998830891352, 74.8047598027325 39.19511012972524, 74.80422877933496 39.196964535567155, 74.80337363322982 39.19974368699766, 74.80216429864825 39.20194549621452, 74.80170914238552 39.20357579875078, 74.80090013731126 39.206922697199246, 74.79964412969132 39.211669287976406, 74.79922352973578 39.21375121295385, 74.79872339224255 39.21634402340265, 74.79784195516606 39.219948147531014, 74.79755170559923 39.22191380089763, 74.79722119528358 39.22400888041741, 74.79600378150509 39.228115716320566, 74.79553680195524 39.22975730864809, 74.79500161724427 39.23167473677604, 74.79381201391351 39.235671778312515, 74.79307916765774 39.23782808667705, 74.79232410142866 39.23986915756182, 74.79100577041218 39.2430157259844, 74.78909393756838 39.246488237082815, 74.78760121517313 39.249390688158904, 74.78635605551837 39.25064056671692, 74.7852457202288 39.2520887670528, 74.7839477775021 39.253960692738296, 74.78191676334293 39.25718116755284, 74.77903254464685 39.260450430147515, 74.77719776631216 39.26197835929194, 74.7746906436628 39.26379493354237, 74.77242166773345 39.26525961352241, 74.77008744029582 39.266509919914974, 74.76557504915155 39.26821602241049, 74.76057507532389 39.270568780836356, 74.75830921873984 39.27189258098382, 74.7532699153253 39.274883752169714, 74.75157406076258 39.27585979714536, 74.74972540531013 39.27691080971783, 74.74780011800748 39.27799376025022, 74.74586912824658 39.279068538521535, 74.74400682459522 39.28009389009048, 74.74099530082391 39.281716023560335, 74.73490162281439 39.28487737984128, 74.7331821062134 39.285927917752836, 74.73125084600017 39.28716166255075, 74.72836913350272 39.289000296424796, 74.72572555834557 39.290599922621716, 74.72266076974304 39.29237568255068, 74.72028509569738 39.29376330297976, 74.71813879815485 39.29497836435885, 74.71508643255736 39.296530449732074, 74.71155071770075 39.29798583845607, 74.70937494299558 39.2982992542185, 74.70476148662817 39.2983234958495, 74.70029785475968 39.29689253044921, 74.69772773159131 39.2952811685774, 74.69525885557769 39.294392240408776, 74.693219325109 39.29444617380149, 74.68948593281662 39.295319088832684, 74.68522731252641 39.29589093806899, 74.68273989598141 39.295515179392545, 74.67886659969737 39.2944342859793, 74.67628745599299 39.29379965569099, 74.67189016834688 39.29293296372258, 74.66960790420103 39.292550829232994, 74.66710340542419 39.29216499455087, 74.66448734599183 39.29179558330088, 74.66043458736615 39.29129962453428, 74.65706390743568 39.29098490088837, 74.65383819155376 39.2908031570572, 74.64970240150045 39.29075781504445, 74.6470892434238 39.29081870869658, 74.64443127694352 39.29091814336544, 74.64186424799556 39.29102584564207, 74.63862932000917 39.2911359843888, 74.63229371559842 39.29091569311507, 74.6311977227012 39.2903523389964, 74.63083730127845 39.28906963796368, 74.63091349915736 39.28523586324428, 74.6299862556831 39.283471017760895, 74.62897176081997 39.28189339849892, 74.62762168447941 39.28004325974472, 74.62490466457243 39.2771210022198, 74.62391397730333 39.27606017370437, 74.6209263283738 39.27517334578729, 74.61686915155055 39.275033225569274, 74.6131854213951 39.27534842953675, 74.60959939251022 39.27619352598869, 74.60602833215398 39.27818068535625, 74.6042390772806 39.27954829010879, 74.60183503834139 39.28141432321516, 74.59793181607893 39.28381372599049, 74.593668754426 39.285644844793644, 74.5913788263777 39.28667505672199, 74.5876252213094 39.28872037044004, 74.58576637226015 39.28991148338557, 74.5838967865208 39.29120338708348, 74.58217324042451 39.29248279589177, 74.5807292463914 39.29365418733156, 74.57832554013483 39.296569469515156, 74.576939279868 39.2974986577412, 74.57480392212129 39.29974121527711, 74.57312494062688 39.300673520254904, 74.56906996482549 39.300703921662034, 74.56705511327569 39.30069707628451, 74.5645953695312 39.300792067145785, 74.56181899233172 39.301109850706766, 74.5581285466116 39.30198697884355, 74.555954421999 39.302798011222826, 74.55381243794899 39.30378752358067, 74.55176098270314 39.304883739445984, 74.54985510283821 39.306016363132294, 74.54678088746314 39.30806439037074, 74.54276910482622 39.31154416082417, 74.54105792469336 39.31186695779341, 74.53785784539755 39.312279308881706, 74.53403584232716 39.312288215954595, 74.53149280451937 39.311803444909515, 74.52717592128896 39.31057017134646, 74.52505725629962 39.3098988381064, 74.52256388830668 39.30919266340049, 74.5196095305199 39.308547246336076, 74.51205984242168 39.307827400989275, 74.50991347950718 39.30782627815809, 74.50764335858537 39.30789014910741, 74.50528965470853 39.308009617609514, 74.50288677180392 39.30817364284596, 74.50046367549541 39.30837234666029, 74.498061622541 39.30859579011097, 74.49571194884405 39.30883349451861, 74.49344769775651 39.30907503674922, 74.49130642962918 39.309310433051635, 74.48804749470297 39.309666627609076, 74.48135947164698 39.31021040753406, 74.47413474904108 39.310129528919184, 74.47218751547572 39.31004776279078, 74.47004746943922 39.30995119230956, 74.46777222155157 39.309843223538316, 74.46541196699665 39.309727138363144, 74.46302443736867 39.30960652253869, 74.46066282605534 39.30948467119909, 74.45838145002973 39.309365064945816, 74.45430040293685 39.30914541969942, 74.44867643047247 39.30883543478587, 74.44470747603722 39.30869933655946, 74.43915752317032 39.308956407008296, 74.43673216815199 39.30905792063508, 74.43134935861941 39.30922663087255, 74.42726819633307 39.3089293853878, 74.42521169684066 39.308913157008945, 74.42290512078719 39.30891548151139, 74.41750721896165 39.308987281695316, 74.41641544860308 39.30867060786872, 74.41297432595758 39.30872133571962, 74.41075138496271 39.30864102692611, 74.40594596498065 39.308488593514106, 74.40272075780197 39.30848605037164, 74.39760320791957 39.308527141135706, 74.39531500418576 39.308524146110415, 74.39287520107624 39.30851138891945, 74.39045070174902 39.30849652608235, 74.38436106944812 39.308414114703695, 74.37823996768047 39.30848792024777, 74.37649509364017 39.30844688920927, 74.37450159610192 39.30839621384249, 74.37232601510856 39.30833889467252, 74.3700239477387 39.30827951978868, 74.36766199965798 39.30822268724185, 74.36529754916381 39.30817250260236, 74.36299969002795 39.30813314447904, 74.35952656022003 39.30810292826856, 74.3546256228639 39.30818347254592, 74.34904824772256 39.308618512540356, 74.34343136323965 39.3093115216236, 74.3412272224665 39.30948286725976, 74.33856909384562 39.30964656613555, 74.3332358692991 39.3099031951046, 74.33059389419311 39.310007011847894, 74.32787225562856 39.310101126432016, 74.32512934058686 39.310182534928586, 74.32018125572615 39.31029063752603, 74.31684047637815 39.310329600922024, 74.31380986149578 39.31035359528692, 74.30978377518345 39.31042090712774, 74.306447031032 39.31057367115907, 74.30246626374849 39.31089015146259, 74.29942749936566 39.31085709385613, 74.29745551864963 39.31093884064299, 74.29484572545249 39.31103777598757, 74.28838490155886 39.311148882581, 74.28598441039526 39.31113762912551, 74.28343570339302 39.31110658400471, 74.28077732507671 39.31106462854392, 74.27804955255559 39.31101943299596, 74.2752891405529 39.310980373840955, 74.27066089206447 39.310948927305134, 74.26749327047423 39.3109691012563, 74.26447902479663 39.31102198358445, 74.26166432390866 39.3110998408002, 74.25908933239808 39.3111949406046, 74.25561962513854 39.311363766255, 74.24829753907912 39.31193412183887, 74.24576527928788 39.312133473135425, 74.24124177758826 39.31244112755193, 74.23966979205547 39.31269844791584, 74.23791378112577 39.31291783132329, 74.23569116905982 39.313185902615615, 74.23175382556366 39.313636846697975, 74.22614384524518 39.31429413163323, 74.22041728875207 39.31527084963906, 74.21835975161211 39.315513768828914, 74.21605015295046 39.31575953700424, 74.21367137645092 39.31600239962853, 74.20987520096793 39.31641225789224, 74.20295574681003 39.317919298116976, 74.20105377875609 39.318536056005286, 74.19888930394244 39.31926251409168, 74.196597426981 39.32005624926476, 74.19265450896727 39.32148827299997, 74.18941237322788 39.32274812252702, 74.18318305588247 39.325103552585354, 74.18106192276065 39.325824815687746, 74.17877796567757 39.32657021827202, 74.17643364327982 39.32731579997617, 74.17412353254511 39.32804077748889, 74.17083428055287 39.32906740579062, 74.16706993548351 39.33026758174203, 74.16320982411622 39.331587294349795, 74.15778917159714 39.333733467970696, 74.15572199881608 39.33458010124636, 74.15334535325626 39.33554213026674, 74.14929767125965 39.33713345418385, 74.14678176021845 39.33808748250948, 74.14413719289333 39.33906642845114, 74.13841013573082 39.34113877113618, 74.13607188597275 39.34197531726831, 74.13369329400446 39.34282206569909, 74.1313667684617 39.34364364068784, 74.12917737268492 39.34440614768512, 74.12644524402697 39.34533508992202, 74.119195071775 39.34755271737719, 74.11735650140152 39.34812524171896, 74.11525601225429 39.348786247425416, 74.1130049628675 39.34949311310957, 74.11071322245766 39.35020365195021, 74.10746321220252 39.351174944495384, 74.10382232248742 39.35217210957153, 74.09856267862159 39.353394647315476, 74.09474135675798 39.35469112021448, 74.09279139927946 39.35526469072286, 74.09054952764467 39.35589864566761, 74.08681522481093 39.35689749167377, 74.08161484882426 39.3581791837009, 74.07777113827233 39.35956360094749, 74.07170793580528 39.36080838425173, 74.07012414664932 39.36120048798428, 74.06832666483474 39.36164978656038, 74.0663608832962 39.362143361577836, 74.06427200973165 39.36267068044399, 74.06210288961903 39.36321767219327, 74.0598978971669 39.36377271332999, 74.05770265078898 39.364323388155555, 74.05555952741094 39.36485807402703, 74.05351301664201 39.36536332921771, 74.05120413121314 39.36592412177986, 74.04590948495255 39.36714582551419, 74.03829328082222 39.36887343316824, 74.01321721837242 39.36992660897618, 73.99181463924609 39.36806423872188)",106963.93545967994,106.96393545967994,292.43178698718043,112.43178698718043,LYGREBA001.WL,01,125.08000183105469,008,04,04,02,01,该断裂为阿克萨依巴什复向斜和塔里木西南坳陷的分界线。东西向延伸，向西延入前苏联，向东为北北西向断裂切截，长约100公里左右。断面产状，西段向北倾，东段向南倾。地层褶皱强烈，南侧局部倒转，石炭系逆掩于北侧白垩系、第三系之上,线状纹理,无,,,,,,,,,,
53,0.4509770793642324,REBA001C1AJ430010020000053,000053,,,,,,,,,,,,,,"LINESTRING (73.517701131859 39.307592788414006, 73.52095185746131 39.30805194087435, 73.5243594217191 39.30853104262466, 73.53155994281565 39.30949155643635, 73.53388987352294 39.309781802216236, 73.53632995067552 39.31007817301965, 73.53884542423263 39.31037730637785, 73.54139467275704 39.3106768693322, 73.54394444019667 39.31097308596887, 73.5464536005312 39.31126404872584, 73.54889352379541 39.31154660193418, 73.55314672742007 39.31204528805551, 73.55740676436434 39.31256053865958, 73.56093110315189 39.31299697714279, 73.56387068763257 39.313357047301125, 73.56639995176286 39.31364539093745, 73.56996147395652 39.31398038065326, 73.57438293404876 39.314359560412946, 73.57738991387191 39.31468566796629, 73.58712828093878 39.315811305844925, 73.58898712728549 39.316020469935914, 73.5910116074924 39.316245957740534, 73.59317792330395 39.31648512198536, 73.59547286434581 39.3167351885242, 73.59787384116046 39.31699399919208, 73.60037035105287 39.31725884261492, 73.6029392205337 39.31752768877676, 73.60556661271951 39.317797159551006, 73.60822985182843 39.31806564545281, 73.61091985037459 39.318330573235194, 73.61361138838181 39.318589177382734, 73.61829174834928 39.3190213028148, 73.62153577936608 39.319304506076286, 73.62469394280825 39.3195689045115, 73.62775235448393 39.31981529233829, 73.63069284719259 39.320045363186566, 73.63349931942315 39.32025943015973, 73.63615539523926 39.32045870646098, 73.63864710593235 39.320644541821196, 73.64095515337252 39.32081760036705, 73.64305986637046 39.320979166735356, 73.6454187259751 39.321168853143284, 73.65446666791183 39.32218389586256, 73.67140405966916 39.324086156391, 73.67401586512881 39.32422930929756, 73.68139965042462 39.32470613808758, 73.68328821316807 39.32489606244909, 73.68541199796152 39.325121099948156, 73.68766531657552 39.32536737228576, 73.68994348983013 39.32561898698513, 73.70341947303731 39.327112522689745, 73.71647779525462 39.328616877874836, 73.72268524379663 39.32927351366096, 73.72739115227277 39.32976026563762, 73.73012108892853 39.330045850969896, 73.73456931713 39.3305329960487, 73.73873689176894 39.33101214699979, 73.75015976192238 39.332389486468436, 73.75175810715423 39.332548834142365, 73.75348677396103 39.332719424049124, 73.75533303476571 39.33290011585994, 73.75728874419205 39.3330896390348, 73.75933588668734 39.33328691438628, 73.76146102467767 39.33349073899869, 73.76365588821017 39.333698809932535, 73.76590366583977 39.33391053623558, 73.76819184510256 39.33412526468553, 73.7705096488606 39.33434027427539, 73.7728397657505 39.334555401692015, 73.77517155570078 39.33476895966276, 73.7774945799017 39.334979752130465, 73.77978918767806 39.33518609723954, 73.78204786337614 39.33538734563998, 73.78425866620209 39.335581886186375, 73.78640174092735 39.33576839239169, 73.7884697787858 39.33594586577919, 73.79091102233903 39.336151052564695, 73.79668795332617 39.33661390163937, 73.80144937445394 39.336965139118156, 73.8053574837229 39.33722709349759, 73.80857762010072 39.337423078293796, 73.813099540448 39.337678657282034, 73.81693310020115 39.33791848752679, 73.81999960016044 39.338149632288335, 73.82250199927608 39.33838729602308, 73.82920897705466 39.33916795094856, 73.83118156521273 39.33935168860719, 73.83339969005429 39.33954659475529, 73.8357038859029 39.33974574753309, 73.83793484398379 39.33994114215238, 73.85244428994994 39.34230594717712, 73.85737743823383 39.34304029911292, 73.86915759191696 39.345369400176004, 73.88374319287564 39.34826082318802, 73.8879770940189 39.348846583493064, 73.89024522730026 39.349146882957776, 73.89251504788032 39.349440620990876, 73.89471468330304 39.34971851257062, 73.89676522969657 39.34997341889943, 73.90248313925156 39.35072158271868, 73.90658717631241 39.35111858573971, 73.90867727187948 39.35141099225084, 73.91110157458381 39.351764088340815, 73.91511365083642 39.352334821359605, 73.9185397867035 39.35277232170478, 73.92171730503874 39.35320010682173, 73.93128332538245 39.354929972056766, 73.9329478089898 39.35521260517793, 73.93479939739586 39.35552309731848, 73.93682031719023 39.35585958803817, 73.93899695579032 39.35621912404697, 73.94131312220777 39.35659972179621, 73.94375134026546 39.356999462201856, 73.9463019941114 39.35741538693133, 73.94894559960146 39.357845582365954, 73.95166875902889 39.3582875834875, 73.95445306883573 39.35873892143079, 73.9572850419205 39.35919768614598, 73.96015198429923 39.35966147912304, 73.96530334749016 39.36049325083851)",39064.323658848145,39.064323658848146,82.14444117303947,82.14444117303947,LYGREBA001.WL,02,39.70000076293945,002,03,01,04,02,,线状纹理明显,无,,,,,,,,,,
54,0.6701257150802994,REBA001C1AJ430010020000054,000054,,,,,,,,,,,,,,"LINESTRING (74.32255370478354 39.39886977236894, 74.32620152904364 39.397217223722464, 74.32879599414841 39.396113034187835, 74.33149257470153 39.395061765680644, 74.33432938028447 39.39408398199106, 74.33813083439314 39.39298747033942, 74.34081411688656 39.39234226584741, 74.34357842609464 39.39177816316979, 74.34640436588069 39.39130074749244, 74.34927112788469 39.39091548572851, 74.35358564079209 39.390522172903, 74.35650135356494 39.39038114456101, 74.35942753620586 39.39033756859134, 74.36236592657569 39.390392367200704, 74.36530657906266 39.390545122062164, 74.36994134890912 39.39097540579533, 74.37291919658385 39.39135314375738, 74.37600501396402 39.39180347293849, 74.37923520285412 39.39231921519727, 74.38265332208216 39.392892088173674, 74.38538139068187 39.39335556825532, 74.38796980370095 39.3937891788641, 74.39063533764043 39.39421844844956, 74.39335781459096 39.394630917403866, 74.39612398329577 39.39501255279457, 74.39891974319343 39.39535034808769, 74.40172589967425 39.39563185949264, 74.4045271258022 39.39584359699983, 74.40898714451005 39.39601732919936, 74.41190392060219 39.396024662720514, 74.41472859256415 39.39595211499009, 74.41743131829962 39.39580617024924, 74.41998694177961 39.395594657391676, 74.4223666211968 39.39532406535884, 74.42454172693448 39.39500052047974, 74.4301375553246 39.393635082129286, 74.43271592767412 39.39250989223719, 74.4346299868271 39.39121147341002, 74.43719198883178 39.38760891185229, 74.43791373048332 39.38507545693883, 74.43829405314521 39.38281842502828, 74.43859245891473 39.38080709864726, 74.43895318444964 39.37881934485617, 74.43945702601512 39.376956674836244, 74.44177616787199 39.37297632840517, 74.4433935187983 39.371482302952494, 74.44907721423711 39.36938598962261, 74.45182013317208 39.369325231339445, 74.45485992297796 39.36969029321682, 74.45844788031368 39.37059914717072, 74.4625718797956 39.372121819402764, 74.46486453456517 39.373120067416956, 74.46718786411401 39.37421846345666, 74.46949308614181 39.37538761334199, 74.47173918435642 39.37659976862184, 74.47658078148862 39.379460432461855, 74.47878321348908 39.380848383822766, 74.48081545759251 39.38214762390265, 74.48266740231136 39.383322227932446, 74.48748247783284 39.3860162894179, 74.49002159397176 39.38698268064087, 74.49410102925953 39.3876731629387, 74.49702115909756 39.387602213083255, 74.50120557835822 39.38679277199128, 74.50346555136294 39.38600057952567, 74.50645269641265 39.3832273990824, 74.50608829272534 39.3807808179784, 74.50511372680496 39.37845672195134, 74.50417512872345 39.37641713398956, 74.50340505915273 39.374398963669194, 74.503013180528 39.37236722858395, 74.5037039094364 39.36859664879058, 74.50457273319289 39.36671096097585, 74.50743995689564 39.36295210337902, 74.5119519429185 39.36232316907904, 74.51599529144096 39.36421278277497, 74.51876721163251 39.36589627731682, 74.52176507168487 39.36775657512794, 74.52378388337407 39.369011612788114, 74.52570811040717 39.37021128245952, 74.5274274926744 39.37128643388065, 74.53380386163826 39.374281192230264, 74.53644891077899 39.37483775156717, 74.53892732644414 39.37528418586902, 74.54151441806499 39.37576333650829, 74.54404796080803 39.376313021464924, 74.54779125121571 39.377403880968785, 74.55064206655956 39.37841767290624, 74.55354992746638 39.37948940313901, 74.55610382433689 39.3803787606126, 74.55858702332002 39.38118419256149, 74.56094755189979 39.38188131382642, 74.56304932805887 39.38241880309217, 74.56876948656057 39.38244568418025, 74.57170285590938 39.38089382393705, 74.57425308824254 39.37893519805879, 74.57624329910564 39.37723069556256, 74.57813848759382 39.375650456325936, 74.58034921202405 39.3739662978599, 74.58295714100117 39.37223123424163, 74.58576168095712 39.37063708919654, 74.58800184518324 39.36953588123207, 74.59041957744641 39.368493837341475, 74.5930117939306 39.36753572496629, 74.59576869942453 39.36668625265697, 74.59867558219007 39.36596958696693, 74.60253086088444 39.36527726085033, 74.6052008806065 39.36493108955285, 74.60786160241156 39.36467025902413, 74.6104735461911 39.364482906717704, 74.61299041118198 39.36435694306984, 74.6153640107093 39.36428045948377, 74.61755137739864 39.364242037932236, 74.62227050947085 39.364248545174554, 74.62555746593124 39.36432004666878, 74.62812597624998 39.36436842369622, 74.63341120778271 39.36381452029658, 74.6352314857315 39.36184804974103, 74.63272387645692 39.35813699341121, 74.6308990570142 39.35662119750113, 74.62909992506376 39.35523053588025, 74.62720123165545 39.35378919138774, 74.62534965266919 39.35235028644947, 74.62287135204909 39.35027475783889, 74.62101180987266 39.34851072168106, 74.61948609149148 39.346815333092366, 74.61768140011026 39.34386896581962, 74.61740267975007 39.34170751645994, 74.61929802310898 39.338361488222716, 74.62200682431522 39.33646417657205, 74.62492309078192 39.33508038618442, 74.62717579662466 39.33418715408573, 74.6295782317849 39.33331825389463, 74.6320432274835 39.33247610827057, 74.63448695161887 39.331663809657954, 74.63838316537843 39.33035256082165, 74.641115753628 39.32936996244219, 74.64365768599032 39.32835455114251, 74.64599761884278 39.32726952331685, 74.65012327525385 39.324879093199904, 74.65228584698752 39.32351050463535, 74.65437461709439 39.3222856897092, 74.65952226956506 39.32031010329558, 74.66255144402584 39.319850511133694, 74.66670104112464 39.319850767030886, 74.66956120059923 39.32014374030069, 74.67247951054348 39.320627901676914, 74.6772537588227 39.321673034367855, 74.67982798124874 39.322211830012726, 74.68219913521784 39.32255544333528, 74.68624664527799 39.32231140057539, 74.68822904460674 39.32126174204886, 74.68919051929416 39.319060314195106, 74.6892731317833 39.31666002851751, 74.68932730410779 39.31292154646517, 74.68953495007855 39.31119301309825, 74.69102700186376 39.308281266040105, 74.69413398216842 39.30660395344439, 74.6960735289913 39.30622839898402, 74.69860143359725 39.3059364118341, 74.70167253502221 39.30579182890504, 74.70525593791398 39.30586105603378, 74.7076734103609 39.30603591961814, 74.71021449513012 39.30631831743287, 74.7128351066224 39.306709765934954, 74.7154913226131 39.30721155094249, 74.71813735530617 39.30782513751017, 74.721991024075 39.308960094493, 74.724717176369 39.30997689379845, 74.7272981575371 39.31112411789052, 74.72974637102028 39.312388188102865, 74.73207116337852 39.31375266687073, 74.73596453468842 39.316406309995735, 74.73805743308237 39.31801891826137, 74.74006324371787 39.31966332126543, 74.74199839811402 39.3213084260413, 74.74387131210779 39.32292441094718, 74.74682469746848 39.32540384444236, 74.7491377943265 39.32719592264468, 74.75150321436533 39.32884719822837, 74.75400882397791 39.330401320517794, 74.7577786486526 39.332426784432855, 74.75996441329694 39.33346882206865, 74.76231712358408 39.33450364853952, 74.76483107080789 39.33552153047784, 74.7675103795644 39.336515091048604, 74.77034390184518 39.33747574976843, 74.77390404823367 39.338558991781035, 74.77642974916948 39.33925231015226, 74.77903420269331 39.33991303172575, 74.78169927751293 39.34054088732866, 74.78440771267088 39.34113544732607, 74.78713988982075 39.341696888211146, 74.78987767077736 39.34222494730091, 74.79454892158537 39.34305553942889, 74.79762303352842 39.343561402115554, 74.80062154838478 39.34403769582749, 74.80351966713536 39.34449893418116, 74.80630343289147 39.34496073256072, 74.80894953546374 39.34543717475493, 74.81302614297736 39.34631002092193, 74.81634939521433 39.347235709081595, 74.81938586916465 39.348274225543804, 74.82229505844806 39.34940728900295, 74.82623150282187 39.351029159456544, 74.82856173127739 39.351968585666896, 74.83103742122523 39.35292711212613, 74.83366521238567 39.353895748084796, 74.83646332070172 39.354863249602744, 74.8422550312207 39.356657108020876, 74.84470798216175 39.357334503518345, 74.8472555962708 39.35799850594978, 74.84988735238313 39.35865072414606, 74.85258729450574 39.35929393566353, 74.85534546238337 39.359928769069974, 74.85814382638604 39.36055854813802, 74.86459255217498 39.361979775453754)",61254.272438344065,61.25427243834407,95.26968893732545,95.26968893732545,LYGREBA001.WL,01,62.13999938964844,008,04,04,04,01,,线状纹理,无,,,,,,,,,,
55,0.07714885369745351,REBA001C1AJ430010020000055,000055,,,,,,,,,,,,,,"LINESTRING (74.36453511279106 39.39050510685713, 74.37312191187394 39.38861288267335, 74.37570822909088 39.38766786721095, 74.37825745583197 39.3867602977673, 74.38173564212606 39.38557679984112, 74.38465851809143 39.38465081685433, 74.38747398310771 39.383823079035224, 74.39017745617258 39.383094708190775, 74.39387109287172 39.38221725628408, 74.39704738786772 39.38159189362735, 74.40014925928061 39.3811277590463, 74.40451498727198 39.38073449045945, 74.40716917826474 39.380615496810215, 74.40998697094481 39.3805280401172, 74.41295522861171 39.380425451041155, 74.41731684876234 39.38016897160365, 74.41998798710469 39.37991836487412, 74.42268151756734 39.37959566296671, 74.42533278142243 39.37921269906084, 74.42787221216129 39.378781618774404, 74.43107503764662 39.37813032480237, 74.43461786953496 39.37720971723327, 74.43997293435771 39.37607394660191)",6739.213796876328,6.739213796876328,104.22714295622518,104.22714295622518,LYGREBA001.WL,02,6.840000152587891,008,03,01,04,02,,线状纹理明显,无,,,,,,,,,,
56,0.7248298586665155,REBA001C1AJ430010020000056,000056,,,,,,,,,,,,,,"LINESTRING (73.86686142492806 39.33275897574812, 73.87231362011073 39.331185281490896, 73.87516498990526 39.33056884290212, 73.87804724360252 39.32995532431596, 73.88097948317107 39.32934523530615, 73.88396565133252 39.328740179456936, 73.88702513817792 39.32814059987493, 73.89016146983464 39.32754797750538, 73.89339137253505 39.32696342115399, 73.89861874106644 39.326072523304894, 73.9010877919275 39.32567528581123, 73.90361923916291 39.32528108496758, 73.90621174157383 39.32488924761729, 73.90885983292357 39.32449806248556, 73.91156775361435 39.32410587894203, 73.91433324379089 39.323711470612025, 73.91715554820769 39.32331319170391, 73.92003577819962 39.3229092038437, 73.9229720164893 39.32249895629019, 73.92596287019398 39.322080190142586, 73.92900886919672 39.32165118884582, 73.93210867841339 39.321211282012655, 73.93526153366493 39.320758815791756, 73.9415275622623 39.31983886366387, 73.94409997337894 39.319451892497376, 73.94670617412541 39.31905478957731, 73.94933888237234 39.31864846195113, 73.95199852221526 39.318233881745414, 73.95468197510118 39.31781086358014, 73.9573899960923 39.31738104705032, 73.96012104766407 39.31694412336168, 73.96287176133714 39.316500698423404, 73.96564406199523 39.31605217023612, 73.96843224527775 39.315598475033056, 73.97123665829963 39.31514113514822, 73.97405525623913 39.314679410028106, 73.9768853827851 39.31421482646741, 73.97972933749439 39.31374731719181, 73.98258175542189 39.313278344320345, 73.98544214329151 39.312808328800166, 73.98830779358646 39.31233721193172, 73.99118171924788 39.31186584112142, 73.99453110909802 39.31131839154866, 73.99738585455258 39.31085305409751, 74.00023861365155 39.31038922709547, 74.00308796823388 39.30992678313427, 74.00593301075541 39.30946602858948, 74.00877111466329 39.30900635493203, 74.01160266748194 39.308547997902096, 74.01441917484622 39.30809138920569, 74.01722643754007 39.307636889685035, 74.02001578568542 39.307183159951244, 74.02278556920533 39.30673172165119, 74.0255398275402 39.30628129835654, 74.02826991118722 39.30583340988702, 74.03097565366919 39.30538714413622, 74.03365705844286 39.30494250116556, 74.0363072185621 39.304499787692414, 74.03892922795863 39.30405930631792, 74.04151746226701 39.30362045302591, 74.04407122649661 39.30318401510932, 74.04741314354139 39.30260636353435, 74.05072939438395 39.30202451544131, 74.05397764407941 39.30144808254578, 74.05715556494398 39.30087840885693, 74.06629566507571 39.29922227303282, 74.06921861914932 39.29869268590728, 74.07207958650805 39.29817671794521, 74.07488153174174 39.297675646883896, 74.0776270091274 39.29719064245725, 74.08031939721891 39.29672310346459, 74.08295788369054 39.29627480847812, 74.08554372108965 39.295846973994394, 74.08888853209656 39.29531509318267, 74.09220789971111 39.29481448973848, 74.0954652771293 39.294355457827905, 74.09868151140516 39.2939354463798, 74.101876343279 39.29355458045899, 74.10507068728145 39.293209753400596, 74.10828707238451 39.29290060033137, 74.11154368895683 39.29262607644716, 74.11486715429956 39.29238313307422, 74.11827820993064 39.29217188030535, 74.12413197940188 39.29188837327889, 74.12659876585411 39.291794959739086, 74.12911860395579 39.29171177547652, 74.13168330438562 39.29163802340474, 74.13428795480641 39.291572000064, 74.13692352035794 39.291511813370064, 74.13957968010551 39.29145563883281, 74.14225036351051 39.29140286666935, 74.14492653650498 39.29135161171175, 74.1475995816566 39.29130010838364, 74.1502613849176 39.29124702219859, 74.15290803475382 39.29119065044582, 74.15552612953745 39.291129717745406, 74.1581085512234 39.291062891533834, 74.16064768560828 39.290988412616635, 74.16313583111804 39.29090506844349, 74.1656174731744 39.29080795806352, 74.16929713580389 39.290635896748704, 74.172830394367 39.2904374856259, 74.1762436175039 39.290215459387774, 74.17956110717934 39.289973960495374, 74.18280737331114 39.28971675486149, 74.18600195964962 39.28944633192508, 74.1891719955332 39.28916705896212, 74.19234102668871 39.28888142007177, 74.19553369741534 39.28859420697626, 74.19946462404808 39.28824737459326, 74.2021058724407 39.2880231041225, 74.20479303112867 39.28780481728783, 74.20752280198982 39.287595564529376, 74.21028989709497 39.287398391005446, 74.21309159091899 39.287215366971054, 74.21592922481564 39.28705014848913, 74.21879795274889 39.28690462776215, 74.22169390283719 39.28678197107824, 74.22461548758082 39.28668528748979, 74.22755979310742 39.286617016170716, 74.23052194301218 39.28658032599197, 74.23589078953452 39.28660135160565, 74.23874569366983 39.286662368053, 74.24162142915492 39.28675624386226, 74.24453261474022 39.28688174604934, 74.24748702958361 39.287036537627394, 74.25049766657455 39.28721877545404, 74.25357844144747 39.28742716009742, 74.25673613406701 39.287659350658394, 74.25998181111373 39.287912947783035, 74.26333109874913 39.28818671104422, 74.26679498709754 39.28847878298569, 74.27038062407581 39.288786214798556, 74.27410226254202 39.28910835936635, 74.27986586008248 39.28960582078896, 74.28218902296899 39.28980396844294, 74.28456183619025 39.290005153698914, 74.28698525517942 39.290208642091166, 74.28944996575446 39.290414621772854, 74.29195313726822 39.29062285192586, 74.29449594219001 39.290833090045034, 74.2970738481758 39.291045035828176, 74.2996810274268 39.291258447235336, 74.30231786664254 39.29147357362191, 74.30497791089438 39.29168956604746, 74.30765903909041 39.29190624370687, 74.31035993037388 39.292123796345415, 74.3130757586817 39.292341985775955, 74.31580177634869 39.292560020188006, 74.3185376584155 39.29277809437649, 74.32127899394231 39.292996085166294, 74.32402175902435 39.29321412855385, 74.32676398452939 39.29343094411445, 74.32949927330708 39.2936472758794, 74.33223229072306 39.293862456583156, 74.33495208818604 39.29407606716238, 74.33765838750249 39.29428903101993, 74.34191343946952 39.294622084766786, 74.34514238563976 39.29487477618273, 74.34833436615118 39.29512379968073, 74.35148975230778 39.295368548739376, 74.35460556389164 39.295609885341, 74.35767720054032 39.29584593211663, 74.36070716858175 39.29607711943792, 74.36369271809687 39.296302670028936, 74.3666257249098 39.296522407090634, 74.36951136186538 39.29673610111517, 74.37234157949305 39.296943023551805, 74.3751153342516 39.29714246008117, 74.37783350195637 39.29733423228548, 74.3804902554393 39.29751810906551, 74.3830834720345 39.297693919175074, 74.38561410382044 39.29786093933226, 74.38807639738909 39.2980183910568, 74.3904672335093 39.29816609927832, 74.39278977583419 39.2983038347025, 74.3959006375212 39.29847807684863, 74.40022384478438 39.298696861582954, 74.40427752898673 39.29887229696731, 74.40811317439682 39.29900968085484, 74.41179151846481 39.2991113729714, 74.41536400754732 39.299181929936495, 74.41888620177113 39.299226068105654, 74.4224137766517 39.29924667791052, 74.42599995581226 39.29924779904969, 74.43137573175247 39.29922311319816, 74.43378435049536 39.299206284150294, 74.43625793789967 39.299186089210956, 74.43881517609108 39.29915772291419, 74.44144194471926 39.29912499759489, 74.44413497833348 39.29908669815071, 74.44689130254426 39.29904367943139, 74.44971335439475 39.29899478101457, 74.45259523247917 39.29894031227061, 74.45553722631398 39.29888021075109, 74.45853566110331 39.29881313866418, 74.461592746657 39.298739583099284, 74.46470273204976 39.29865875184295, 74.46786583225601 39.29857113496185, 74.47107729571533 39.2984759427071, 74.47555741942415 39.2983328667399, 74.4782266042776 39.298241656452255, 74.48092311802148 39.298145036773185, 74.48364591552543 39.2980422844359, 74.48639665146139 39.2979327303732, 74.48917083930311 39.29781680429061, 74.49196954890571 39.29769395600562, 74.49478724905555 39.29756389230548, 74.497630793386 39.29742557266816, 74.50048927692986 39.29727930830934, 74.50337084743906 39.29712400421179, 74.50626723446496 39.296960579122576, 74.50917924641014 39.29678726983644, 74.51210339056274 39.29660450638841, 74.51504503714513 39.29641167872972, 74.51799669220938 39.296209223725135, 74.52095845943184 39.29599531533096, 74.52392926412779 39.29577050270598, 74.52690727078576 39.29553455026493, 74.53031107678989 39.29525078043731, 74.53317104874664 39.295000990940366, 74.53603724625593 39.294740933396206, 74.53890366519965 39.29447060697204, 74.54177823398572 39.29419056167929, 74.54465379425446 39.29390189404816, 74.54753364563925 39.29360454554023, 74.55041563282599 39.2932996131015, 74.55330167898421 39.29298764628453, 74.5561917892704 39.292668643130085, 74.55908380832226 39.29234370286482, 74.56197902799022 39.29201276405464, 74.56487330162447 39.29167692695749, 74.56777355041477 39.29133673878368, 74.5706719959442 39.29099269104777, 74.57357334268124 39.29064484209465, 74.57647565650053 39.29029477626907, 74.57938001723905 39.28994195066986, 74.58228156666446 39.28958739980018, 74.58518593676412 39.28923173236493, 74.58721773017776 39.28898248896387)",62754.67411670933,62.754674116709324,94.9627478687445,94.9627478687445,LYGREBA001.WL,01,63.720001220703125,008,04,02,04,01,,波状纹理,无,,,,,,,,,,
57,0.36160294985793373,REBA001C1AJ430010020000057,000057,,,,,,,,,,,,,,"LINESTRING (73.509397508227 39.278077680221664, 73.51108040083706 39.27850830544898, 73.51384523728044 39.2792152581269, 73.51655761917408 39.279907519357195, 73.51918340957525 39.28057695778837, 73.5216935997598 39.28121648409935, 73.52406596639833 39.281818519194495, 73.52626528883816 39.2823754906474, 73.52826834151766 39.2828798291825, 73.53004390183035 39.28332396018853, 73.5363665567939 39.28497112443475, 73.53746711143606 39.28509460880966, 73.53916535161845 39.285565495469015, 73.54148123561163 39.2862108533983, 73.5449569371028 39.28713062775789, 73.54786798491894 39.28782825620018, 73.55116590805882 39.288581491945536, 73.55613145052645 39.28973594800299, 73.55822652240035 39.29023744680616, 73.5604978471809 39.29078525190115, 73.56291751519011 39.291365973626256, 73.56545510073842 39.29196665084738, 73.5680758547365 39.29257280369606, 73.57075297294419 39.29317208218731, 73.5753391549631 39.29413827661981, 73.57835500605468 39.29471987122473, 73.5813170783111 39.29525184810708, 73.58422343886247 39.2957411821281, 73.58706101601223 39.296193805419556, 73.58982533204367 39.2966155307226, 73.5945957883695 39.29732079080571, 73.59785980719215 39.297802894308084, 73.60100900912589 39.2982779845923, 73.6271010783965 39.30316550683649, 73.63167598853754 39.30420087315256, 73.63568975699538 39.30508009310081, 73.63832508833245 39.30555921988528, 73.64275374721694 39.306326912215084, 73.65628138361025 39.30860606310906, 73.67307522770668 39.31127139446738, 73.6768036772851 39.312045259846215, 73.68312113071696 39.313240240180356, 73.68519379715146 39.31356884767575, 73.68747358809651 39.313912343531456, 73.68989514037153 39.31426706019058, 73.6923971423087 39.31462804175717, 73.69490823351958 39.314991627173654, 73.69959721105093 39.31569375986152, 73.70336912938517 39.31630551942713, 73.70691416325573 39.31690260862341, 73.71436945800932 39.31806308840248, 73.71660418143406 39.31836784910537, 73.72141775559406 39.31897789555659, 73.72388856523678 39.3192716338107, 73.72632729388177 39.319550955862844, 73.72868496041444 39.319809825471324, 73.73090041330427 39.320043306884706, 73.73313302007493 39.320265591977424, 73.73833986585691 39.3207100482166, 73.7533356429407 39.322403536986535, 73.75716965156161 39.322734369199054, 73.77108966641134 39.32395703284281, 73.77360738278283 39.324276661692636, 73.77605170829766 39.32458784247087, 73.77840337157852 39.3248746904308, 73.78259712072176 39.3253108116331, 73.78786625291775 39.325812186168996, 73.79006757885062 39.32604826590675, 73.79253094967606 39.32632799567609, 73.79520033983982 39.32664663869863, 73.79802404633293 39.326997269794454, 73.80234566991912 39.327561547970646, 73.80519404020266 39.327949170745875, 73.80807380241666 39.328340702766226, 73.81099701554868 39.328724354552385, 73.81397704830226 39.32908613488921, 73.81931360196225 39.32962535041319, 73.82205972541364 39.329837387279674, 73.82481097130629 39.33000982337822, 73.82750885058127 39.33014579850498, 73.8300910369673 39.330248214280346, 73.8580755179095 39.33182136675098, 73.86370708839682 39.3324412722788, 73.86623309724384 39.33259722309444)",31445.702504918423,31.445702504918422,79.70545889001855,79.70545889001855,LYGREBA001.WL,02,31.959999084472656,002,03,01,04,02,,线状纹理明显,无,,,,,,,,,,
58,0.1435112632362682,REBA001C1AJ430010020000058,000058,,,,,,,,,,,,,,"LINESTRING (73.78703394248336 39.30939957709009, 73.79382388435042 39.30991258597513, 73.79672952523009 39.30998800363804, 73.7996039033743 39.310061673234614, 73.80243966501119 39.310133877610234, 73.80522133557828 39.31020470734295, 73.80794381137602 39.310272804645855, 73.81059161711612 39.31033826197609, 73.81315777552865 39.31040075849818, 73.81563159902969 39.31045990119785, 73.81800290045418 39.31051488597896, 73.82183244904675 39.31060104364339, 73.82638493284445 39.310694554168236, 73.83038702629204 39.31076128681095, 73.83399352558592 39.31080058114596, 73.83736204823742 39.31081200380923, 73.8422636738685 39.31077371886803, 73.84491944147373 39.31072575769266, 73.84765395202056 39.31065445145562, 73.85044846825743 39.31055579708843, 73.85328720701503 39.3104250646293, 73.85616159316326 39.310257163250526, 73.85905260058026 39.31004900729953, 73.8620497580924 39.30978489516117, 73.86495598418203 39.309477417287034, 73.86783598997529 39.30911996773522, 73.87068227019644 39.30871477827177, 73.87347975934156 39.30826206979768, 73.87621724909185 39.30776401595178, 73.8814075717081 39.306652090116714, 73.88441586537908 39.305887858124464, 73.8873678254718 39.305031488233325, 73.89034527656894 39.30405114972536, 73.89342749022146 39.30291384371535, 73.8994699066016 39.300380218367884, 73.90143795627903 39.29948740561526, 73.90348984887135 39.29853188577533, 73.90561825313281 39.29751967565542, 73.9078111271438 39.29645672683729, 73.91006586411154 39.29534996409241, 73.91236742331968 39.29420534486192, 73.91471261673432 39.29302991504516, 73.91708707136115 39.29182896119613, 73.91949093000203 39.29061020720922, 73.92626976674254 39.28768718431389)",12601.457363485117,12.601457363485117,102.0727080840446,102.0727080840446,LYGREBA001.WL,02,12.800000190734863,008,03,03,04,02,,弧形纹理明显,无,,,,,,,,,,
59,0.1675723349072711,REBA001C1AJ430010020000059,000059,,,,,,,,,,,,,,"LINESTRING (74.70480913610835 39.39698829378034, 74.70892933060894 39.39460442319964, 74.71168838893009 39.39323036069833, 74.71565145166981 39.391588585016805, 74.71778949993954 39.39083697710649, 74.72011075892777 39.39009918208407, 74.7225874361705 39.3893807267042, 74.7252038145528 39.38868659543962, 74.72793775252322 39.38802078832986, 74.73076818917733 39.387387628824555, 74.73493335603312 39.38655195870469, 74.73770021612172 39.386056098782674, 74.74051780269859 39.38559807737705, 74.74339633177605 39.38517649264642, 74.74634393980268 39.38479048687761, 74.74937597955329 39.38443969357564, 74.75249744538245 39.38412221427297, 74.75572040040264 39.38383773336321, 74.75908821541061 39.38358305962071, 74.76169566169756 39.383411846879405, 74.76435171255392 39.383255952296345, 74.76703178184778 39.383113005983404, 74.7697139417199 39.382979990267266, 74.7723698920955 39.382854483688604, 74.77498204586112 39.382734131873136, 74.77752418354072 39.38261597247444, 74.77997329198432 39.38249754124733, 74.78230578836727 39.38237648578326, 74.78562891303528 39.3821778267592, 74.79036511905684 39.38179189187822, 74.79424023552096 39.38132849567903, 74.79756948320639 39.3807735388397, 74.80082776167234 39.38007946934194, 74.80342561257115 39.37945420803461, 74.80611712363896 39.37880108332535, 74.80892426963258 39.3781745298609, 74.8147233446988 39.37723591690316, 74.81739674257385 39.37701342615038, 74.82016199731927 39.37691552574932, 74.82301146785412 39.376939382057685, 74.8259260241078 39.37708259431926, 74.83167374555217 39.37768649259429, 74.8344394546804 39.37812059254292, 74.83719406643239 39.37863575265668, 74.83990536811616 39.37922022628412, 74.84254836088603 39.3798606239128, 74.84508919332518 39.38054460269347, 74.84855135205613 39.3815892022092, 74.85173928796515 39.382694300901896, 74.85456518752997 39.38383649772597, 74.85704393819287 39.38502880073652, 74.85982880745155 39.38671156113855, 74.86203014608928 39.388469181459584, 74.86386744125197 39.39031833208428, 74.8656889659628 39.392469217780636)",14770.30554773153,14.77030554773153,92.20965304772237,92.20965304772237,LYGREBA001.WL,01,14.979999542236328,002,04,02,04,01,,波状纹理,无,,,,,,,,,,
60,0.34450277195781853,REBA001C1AJ430010020000060,000060,,,,,,,,,,,,,,"LINESTRING (73.63772704720975 39.25834940934707, 73.63999346596704 39.255592403528674, 73.64154168673997 39.25371892159693, 73.64308711665227 39.25187008160261, 73.64462315893695 39.250058425713206, 73.64615371830654 39.248296071224246, 73.64767511796772 39.24659611123503, 73.64918455467446 39.244970600730284, 73.65181914978173 39.242311720755104, 73.6541176664838 39.240218712353, 73.65641343252548 39.23830825948661, 73.65874752251942 39.236497419029064, 73.66116314950689 39.23470215129731, 73.66528341563216 39.23166161956383, 73.66700517508775 39.23036173208762, 73.6687928678071 39.228988903122264, 73.6706410505274 39.2275488390974, 73.67254487288565 39.22604712300251, 73.67449734808854 39.224488298517905, 73.67649763017091 39.222877949805266, 73.67853757180552 39.22122171815178, 73.68061111157617 39.21952469964018, 73.68272599077449 39.21778101902998, 73.68459337151943 39.216235698264555, 73.68647119814707 39.214674436842486, 73.68836233201789 39.2131028861281, 73.69025713611724 39.21152913507394, 73.69215368794146 39.209959315727055, 73.69404888519388 39.20839981694205, 73.69593605948972 39.20685799041446, 73.69781132753795 39.205340705988505, 73.69967188541892 39.203854291931115, 73.70199144902277 39.202034175955326, 73.7042918541964 39.200271639316625, 73.7065618721303 39.19857585105561, 73.70881158560157 39.19693873952604, 73.71104993254475 39.19535120028787, 73.71328791043328 39.19380571688787, 73.71553578624646 39.19229385725063, 73.71780462571164 39.19080754658247, 73.72027529610057 39.189226860279014, 73.72246505112106 39.187856380007396, 73.72468900532392 39.18648986887377, 73.72693962354683 39.18512413957523, 73.72921789935417 39.18375632259293, 73.73151567920254 39.18238262399999, 73.73383387120109 39.1810007225859, 73.73616902335354 39.17960688618062, 73.7399455333713 39.17733799742232, 73.74215963597918 39.17599207197717, 73.74438300668268 39.17462925873532, 73.7466190577864 39.17325255380427, 73.74887298328953 39.17186159433194, 73.75114298521413 39.17045888946864, 73.75343238862845 39.169045113367616, 73.75574463895073 39.16762112495741, 73.75807952256913 39.16618931139574, 73.76089640061744 39.164477583631154, 73.76309557655323 39.163151735355264, 73.76531139117505 39.161827718618206, 73.7675294595064 39.160512932135774, 73.76974144206173 39.15921348995058, 73.7719334495652 39.157936376375446, 73.77409728177773 39.15668873696573, 73.77622421273166 39.155476461014985, 73.77829583061819 39.15430621351261, 73.78030967807489 39.15318594799432, 73.78226554827518 39.152111366158316, 73.78530797964916 39.15047999771863, 73.78814994880841 39.149010029081744, 73.79082128011915 39.14769229912242, 73.79334731064915 39.14651508314725, 73.79576250386253 39.145467692346884, 73.79815393420033 39.14451595931599, 73.80108584322265 39.14347854158592, 73.80392887460641 39.14261693918847, 73.80667950394464 39.14192713100704, 73.81102997722698 39.14114952317442, 73.81416191772016 39.14084778325296, 73.81723425628637 39.14077407272803, 73.8226141963218 39.14113122162895, 73.82530767487876 39.14150314787555, 73.82820394536259 39.14202928019947, 73.83140067153313 39.14274324807236, 73.8370927833102 39.144268509175006, 73.83922330622956 39.144898627668375, 73.84148102534307 39.14559292003768, 73.84385562629006 39.14634678118795, 73.8463331184109 39.147156269724206, 73.8489010105933 39.14801702811931, 73.85154198087145 39.14892444845215, 73.85424996251378 39.14987514345052, 73.85700675059454 39.15086469449537, 73.85993797527509 39.151939677505496, 73.86246319652369 39.152884041224134, 73.86500983536541 39.15385429067806, 73.867584093785 39.1548500631937, 73.87018737217227 39.155873500037984, 73.87282549967871 39.15692485198692, 73.87549976712069 39.15800606916642, 73.87821849193973 39.15911697861918, 73.88098074834728 39.16025904594723, 73.88379191172875 39.16143367642899, 73.88697440218289 39.16277651284307, 73.8893190054703 39.16377437352898, 73.89169322006795 39.16478905441876, 73.89408269841358 39.16581511001918, 73.89648053944059 39.16684794949408, 73.89887625426329 39.167881102474, 73.90125982440922 39.16890979102529, 73.9036219295834 39.16992931339195, 73.90595178615128 39.17093325309886, 73.90824128921454 39.17191739143396, 73.91048106220501 39.1728754383986, 73.91266058419622 39.17380305506413, 73.91594956430947 39.17518996085781, 73.91941911896657 39.17662818569616, 73.92265732182761 39.17794534589594, 73.92570167154766 39.17916151142003, 73.92859105013062 39.180296127939904, 73.931362967716 39.18136925741667, 73.9340532390256 39.1824008829492, 73.9364339988981 39.183307922566996)",31986.032051465078,31.986032051465077,108.66590104695193,108.66590104695193,LYGREBA001.WL,02,32.5099983215332,008,03,03,04,02,,弧形纹理明显,无,,,,,,,,,,
61,0.4830186944754358,REBA001C1AJ430010020000061,000061,布伦口断裂,,,,,,,,,,,,,"LINESTRING (73.57066510905206 39.241694056278895, 73.57922600829541 39.244303308599925, 73.58188087475392 39.24508560762519, 73.58449758040625 39.245799551103616, 73.58782328425508 39.24658165340339, 73.5928779432962 39.24774200980453, 73.59492605111464 39.24824306136152, 73.59718356701977 39.24880726827183, 73.5995755197145 39.24940957245957, 73.60201922687533 39.250024016214596, 73.60444171026343 39.25062555527271, 73.6068654613066 39.25121511402729, 73.61057714922613 39.25207773095615, 73.61477574466595 39.253022638868444, 73.6245435998758 39.255256260890995, 73.62630519837948 39.25566646076818, 73.62818374745235 39.256105466203515, 73.63016527883093 39.25657006003295, 73.63224092176469 39.25705730894963, 73.6343919992772 39.2575639297818, 73.63661375347067 39.25808718840546, 73.6388901878233 39.25862312246678, 73.64120574808467 39.259169486705204, 73.64355513796993 39.25972238456133, 73.645921224025 39.2602796961124, 73.64829166516613 39.26083679282654, 73.6506559485075 39.26139216692472, 73.6530003622637 39.26194180088763, 73.65531122566955 39.2624824216605, 73.65758269174201 39.26301185111744, 73.65979304303602 39.26352607185639, 73.66266585504779 39.264189682524886, 73.66689167012017 39.265158895742104, 73.67075748529838 39.26603427143341, 73.67428783598447 39.266822039436384, 73.67750589397343 39.26752987965616, 73.68043761886413 39.26816413590088, 73.68310913811109 39.26873089995505, 73.68554755141166 39.269237535323924, 73.68810384099129 39.26975657632697, 73.69217692422671 39.270555385095356, 73.69564731063268 39.27121483049831, 73.7011993375016 39.27229853097323, 73.70399933671986 39.272899258810824, 73.70673762637193 39.27350687149151, 73.71161960190672 39.274537107429914, 73.71510397560469 39.27511310933557, 73.7200698575194 39.275756038728666, 73.72254589470496 39.27608169715126, 73.72505930165535 39.27641704635704, 73.73048231547912 39.2771948193295, 73.74103919536195 39.27824245521738, 73.76434514956733 39.28242395827164, 73.7667356803442 39.282886650741936, 73.7713081536864 39.28372918541767, 73.7748033049589 39.284261578346, 73.7782274945334 39.28473772097393, 73.78259858562689 39.285518859131145, 73.78775530447203 39.286159505453064, 73.78972573931908 39.286445197236844, 73.79198760930207 39.28678486381139, 73.79436545454917 39.28714211978914, 73.79852270804417 39.28773702878934, 73.80488559058143 39.288414206632574, 73.81160905386776 39.28896828062444, 73.81341300633575 39.2890562213359, 73.8154564836869 39.28914726206258, 73.81765863054878 39.28924014009919, 73.81993799081066 39.289333719321846, 73.8222103681285 39.28942607704469, 73.82439493725232 39.28951670307403, 73.8315143337906 39.28973907815225, 73.835159692819 39.29020014325401, 73.83734740467224 39.290337433732674, 73.84002731547763 39.29046062957974, 73.8433536023868 39.29057077759965, 73.84619601482403 39.29063260053251, 73.84913331977344 39.29065563456197, 73.85354783703225 39.29059755751891, 73.85643589575058 39.290499331503995, 73.86007530714292 39.29035547474807, 73.87212908393177 39.289958998390354, 73.87396985886741 39.28990831233091, 73.87592411133794 39.28985697411358, 73.87797590454227 39.289803368549805, 73.88012077240239 39.28974759087174, 73.88233945629307 39.28969021969058, 73.88462643728776 39.28962976412703, 73.88696545833561 39.28956680905063, 73.88934913130271 39.28950090162744, 73.8917612806561 39.289432075572826, 73.89419459596964 39.289359330983665, 73.89663324034917 39.28928338128597, 73.89906970076862 39.28920358798139, 73.90148900518493 39.289119631855066, 73.9038813489045 39.28903093973297, 73.90623760116218 39.288938287534634, 73.90854033368834 39.28884049719958, 73.91077949026176 39.288737799330995, 73.91429871083295 39.28855791537121, 73.91900535965809 39.28826931737796, 73.92323118311589 39.28795438882142, 73.92703348068237 39.28761979168649, 73.93046552082046 39.287271443070665, 73.93358701703706 39.28691611092735, 73.93644552985532 39.2865596267485, 73.94103719625873 39.2859455654975, 73.94441535593634 39.28548665825842, 73.94779544480703 39.2850247821007, 73.95137052688253 39.284526756845764, 73.95533973405583 39.28395882718907, 73.96295693519065 39.28283084165756, 73.96496506253085 39.28252639574715, 73.96707792609553 39.28220424487584, 73.96928161510588 39.28186650493583, 73.9715552768751 39.281516863808605, 73.97389159247307 39.281157310412574, 73.97626965801518 39.28078996233792, 73.9786776190766 39.28041851075938, 73.98110324001829 39.28004440432579, 73.98352545614098 39.27967085306855, 73.98593757928165 39.2793004618342, 73.98831821502222 39.27893577664491, 73.99065616900424 39.278578978780885, 73.99293333924153 39.278232549785415, 73.99514158993145 39.277900262574875, 73.99835653911633 39.27742100550324, 74.00305215826499 39.276736986388556, 74.00712542011024 39.27616086997788, 74.01064724966325 39.27567450633165, 74.01367702535539 39.27526142378925, 74.01628120226358 39.274904595590996, 74.01898327574858 39.27452060116186, 74.04047906254779 39.27094240571366, 74.04725065620151 39.269418380435674)",42026.129156779985,42.02612915677999,86.47460108824949,86.47460108824949,LYGREBA001.WL,02,42.709999084472656,002,03,03,02,02,呈北西－南东向波状延伸，断面倾向北东，倾角60－70°，北西向延入塔吉克斯坦,弧形纹理明显,无,,,,,,,,,,
62,0.12983791854054985,REBA001C1AJ430010020000062,000062,,,,,,,,,,,,,,"LINESTRING (74.8126054268245 39.34621990420205, 74.81923170503556 39.3447792063865, 74.82210362961936 39.34425633578466, 74.82541350730158 39.34377896847933, 74.82827501906814 39.343501069640396, 74.83122110081116 39.3433484313564, 74.83428504022231 39.34332582641549, 74.83849995059566 39.343499045168365, 74.84114383167666 39.34371137669642, 74.84383544949681 39.34398922965465, 74.84651903731398 39.34431186075635, 74.84913548148924 39.34466000546077, 74.85291061018383 39.34520357614545, 74.85657328805773 39.34574651073751, 74.85980875895915 39.346171760748675, 74.8634935975831 39.34646495513421, 74.86632324090634 39.34647695024972, 74.8691970567085 39.34625268146259, 74.87348101507328 39.345368344374236, 74.87593719455809 39.34452062400344, 74.87836664859151 39.34352281244583, 74.88078071722211 39.34249989341016, 74.88328107738803 39.341543636309666, 74.88620413967149 39.34071718220095, 74.88937143072849 39.340198323639235, 74.8945645766638 39.339952215951655, 74.8968819610647 39.33998803268188, 74.89935918258897 39.340074502210626, 74.90193192087345 39.34019062460412, 74.90453970936039 39.34031649522992, 74.90711379941877 39.340431014771305, 74.91075014278881 39.340536269330194, 74.9144657366415 39.340492424270494, 74.91788946876575 39.34021151498836, 74.92422706434371 39.33888257769939, 74.92642922902478 39.33819994984521, 74.92874777964435 39.33740076835744, 74.93115678501736 39.336506198676496, 74.93363701429311 39.335537465829574, 74.93617133860235 39.33451398459263, 74.9397818123217 39.33302512622118)",11333.640271868577,11.333640271868576,97.68877783450523,97.68877783450523,LYGREBA001.WL,01,11.489999771118164,008,04,02,04,01,,波状纹理,无,,,,,,,,,,
63,0.09561776675908261,REBA001C1AJ430010020000063,000063,,,,,,,,,,,,,,"LINESTRING (74.77651569991392 39.339274369714175, 74.7734590191393 39.34029242479217, 74.76831966960731 39.341503504011996, 74.76583343650663 39.341814232541566, 74.76321127870997 39.34203771809395, 74.75829649536857 39.34237918820167, 74.75456562280662 39.34273327287466, 74.74956347717729 39.343175217347955, 74.74730319462238 39.343302284751985, 74.7448015549541 39.343389586724385, 74.74214956176954 39.34341873132734, 74.73943706032088 39.34337155549218, 74.73662049033008 39.34321745254301, 74.733469780738 39.34287312077497, 74.73047583438458 39.34231685897671, 74.7275932509507 39.341512941918396, 74.72451460548007 39.340300667359855, 74.72230994766701 39.33917990117265, 74.72015472573558 39.33785986711969, 74.71806920651082 39.336348544507636, 74.71607999953802 39.334652434428996, 74.71398839242605 39.332535317007725, 74.71251661652896 39.33078480871389, 74.71115170724693 39.32893423493123, 74.70989577148372 39.32700627152385, 74.70874503702672 39.3250237674501, 74.70677762756817 39.32099749931575, 74.70586043375751 39.31875569128296, 74.7050529255661 39.31652826448127, 74.70432785146723 39.31431151633999, 74.70366387876591 39.31210230207791, 74.70187262228289 39.30579569733422)",9022.690396523629,9.022690396523629,240.16069382343704,60.16069382343704,LYGREBA001.WL,02,9.149999618530273,007,03,03,04,02,,弧形纹理,无,,,,,,,,,,
64,0.24609342241735965,REBA001C1AJ430010020000064,000064,,,,,,,,,,,,,,"LINESTRING (74.62186083896823 39.27545065521745, 74.62846589208773 39.27290603381026, 74.63103773695809 39.27212940921022, 74.63567360218325 39.27081098578148, 74.64124587400806 39.26922395550602, 74.64379559916166 39.26838717307094, 74.64644807599589 39.26741079011068, 74.65114485460177 39.26554363043343, 74.65341731198376 39.264781146107744, 74.6571891331532 39.26348934698078, 74.66137362217484 39.26160632722977, 74.66640410672234 39.25961474968847, 74.66824695881432 39.25879935403133, 74.670315610567 39.25783754100266, 74.67247985099948 39.2567900774931, 74.67549945920392 39.25524329657193, 74.67834142242214 39.2536615477229, 74.68303835543612 39.25086570856045, 74.68516395872196 39.24962424895965, 74.68739180671041 39.2483270665314, 74.69111880448456 39.246057731798864, 74.693357512723 39.24457391699382, 74.69552581995234 39.24303889294028, 74.69877123738767 39.24058456835639, 74.70074918593873 39.23901927837193, 74.70265128852222 39.237500216690385, 74.70552288397472 39.23526297050065, 74.71044982190688 39.23173662605395, 74.71193202995488 39.2305402517301, 74.71354335170024 39.22919151333582, 74.71516389384713 39.22782772953913, 74.71701146223013 39.226304329649295, 74.72097034890548 39.22336380770453, 74.72412731649037 39.2205506825295, 74.72603512679501 39.21899200625121, 74.72965362028228 39.216438983942645, 74.73134357222695 39.215336870739534, 74.73322338137245 39.21414137776104, 74.7352154037746 39.21289608793816, 74.73724446813944 39.21164542722297, 74.73983383160746 39.21006760462971, 74.74257396084171 39.20842649598208, 74.74506150715023 39.207005679924016, 74.74846963152373 39.20529046897955, 74.75131769850589 39.20416591641946, 74.75602772172049 39.20282673325313, 74.75876154549816 39.20221016421806, 74.76337207901358 39.20115342470221, 74.76855217410342 39.199411684360236, 74.77060550643684 39.19801768769565, 74.77351232637812 39.19600427773485, 74.77579334152901 39.19334778785809, 74.77699176660879 39.18963184043278, 74.77684735770167 39.185547693822365, 74.77558870785904 39.18185050247688, 74.77596518660502 39.18036667812247, 74.77796128612638 39.17734503956245, 74.78060291608189 39.1750840395615, 74.78232556637015 39.17463689415603, 74.78455980328096 39.174587128955835, 74.78667579476871 39.174437692457964, 74.79024209183896 39.17410329018233, 74.79513904434206 39.173386288599936, 74.79718793767297 39.172654257049025, 74.79905955130415 39.17139841984342, 74.80031740175997 39.16941468772886, 74.79990330322015 39.16774487586826, 74.79805737682602 39.165281500622314, 74.79582355567386 39.16311073489748, 74.79597812653351 39.161780857093724, 74.79678775665359 39.15969932207239, 74.80034778426712 39.15812089787215, 74.80217985130027 39.157654901019214, 74.80442709633411 39.15713725647136, 74.80697762518871 39.156583413118284, 74.81223967014314 39.15538585603981)",23095.098839357004,23.095098839357004,129.21114283979702,129.21114283979702,LYGREBA001.WL,01,23.420000076293945,004,04,04,04,01,,线状纹理,无,,,,,,,,,,
65,0.15118659318891747,REBA001C1AJ430010020000065,000065,,,,,,,,,,,,,,"LINESTRING (74.007804395965 39.19900738649244, 74.01176604256865 39.19586733172381, 74.01373116636894 39.194317533445364, 74.01564174646461 39.19281920190311, 74.01748644654423 39.19138859814546, 74.01985509474584 39.18957647030196, 74.02245992509773 39.18764961144646, 74.02488560920474 39.18596432698016, 74.02939502080362 39.18327393277866, 74.03177920073031 39.182102877276265, 74.03446926182063 39.18093847830726, 74.0376291790388 39.179705501924886, 74.04236697312186 39.17799252254364, 74.04434690496069 39.17729961734084, 74.04646418267318 39.17656531517143, 74.04869465321424 39.17579361874374, 74.05101332668175 39.17499029514425, 74.05340167468465 39.1741599633363, 74.05583536656073 39.17330687418736, 74.05828846120824 39.17243552005518, 74.06073969231933 39.171551744192946, 74.064664151646 39.17009729146018, 74.06751769581089 39.16899964581792, 74.07027648013998 39.16790354559999, 74.07293594220741 39.166809969273444, 74.0754910919906 39.165721911340995, 74.07794536428649 39.16464035439367, 74.08029247701661 39.16356834591945, 74.08437723623626 39.16159608547468, 74.08718388491582 39.16014857678041, 74.0897905736615 39.15871907363203, 74.09221416878347 39.15729662085423, 74.09447964769365 39.15587045334508, 74.0978693053213 39.15352223261242, 74.0999991852329 39.15189958630967, 74.1020580299753 39.150256553748825, 74.10408843999154 39.14861287708561, 74.10613750091068 39.14698585371314, 74.10856527918263 39.145172706412566, 74.11065788129326 39.143741351801864, 74.11280712855181 39.14238970436273, 74.11496191172398 39.14114682453571, 74.11706992131091 39.14004215017457, 74.12001845009385 39.13871759663951, 74.12359705527494 39.13755142065411, 74.12944505070222 39.13626453635122, 74.13172766860598 39.1357045647, 74.13419216895402 39.13504189624847, 74.1367876616471 39.13430394516682, 74.14201707460704 39.132763082020624)",13909.944031371797,13.909944031371797,122.96071128858178,122.96071128858178,LYGREBA001.WL,02,14.130000114440918,004,03,01,04,02,,线状纹理明显,无,,,,,,,,,,
66,0.05414111566847053,REBA001C1AJ430010020000066,000066,,,,,,,,,,,,,,"LINESTRING (74.98592976485786 39.27858309699104, 74.98596310905002 39.27410359127024, 74.98597968787475 39.271893267835324, 74.98598786830227 39.26971912694418, 74.98599194232774 39.26759220281257, 74.98598797749354 39.265525176632075, 74.98597548930557 39.263529573000085, 74.98595157155377 39.26161681693416, 74.98591600266236 39.25979963925788, 74.98583186173133 39.2571380140598, 74.9856170094557 39.25360018522519, 74.9852780301265 39.25051760031436, 74.98477318136317 39.24759372230622, 74.98379562887983 39.243438894185736, 74.98334502961345 39.24174442350984, 74.98284140657015 39.239940132881856, 74.98229569025764 39.23803875994796, 74.98171124672157 39.23605403104532, 74.9810994222793 39.23400093824732, 74.98046135936504 39.23189271293825, 74.97980172119603 39.22974303250588, 74.97846562593799 39.22539814189174)",5967.056441165267,5.9670564411652665,186.23855161734548,6.238551617345479,LYGREBA001.WL,05,6.050000190734863,005,05,01,04,05,,线状纹理明显,无,,,,,,,,,,
67,0.22946967186827313,REBA001C1AJ430010020000067,000067,,,,,,,,,,,,,,"LINESTRING (74.81586540134516 39.000000016321714, 74.81149168748813 39.00483997262477, 74.80820839983895 39.008562141158166, 74.8060695763547 39.01108170360242, 74.80437910052161 39.013200145939095, 74.80259966620561 39.015589038491576, 74.80062039026559 39.01840349609677, 74.79990909941466 39.020007486833286, 74.79657373162459 39.024712943458326, 74.79548599158034 39.02608270457821, 74.79427552463942 39.02758063351301, 74.7930065678662 39.02912979762836, 74.79174354592104 39.030652890040415, 74.78957210549024 39.033227816048345, 74.78602964816702 39.03699286136194, 74.78010109420806 39.04219393806161, 74.77453384599917 39.04644829834389, 74.7729816541268 39.047731127649364, 74.77095701520797 39.04947132393428, 74.76597787176236 39.05369336087366, 74.76453561272783 39.05488225932771, 74.76295269967704 39.05618200743394, 74.7613315036291 39.05751320897296, 74.75977975681796 39.05879712795219, 74.75620836062025 39.06165766945015, 74.75479044620542 39.06330058535382, 74.75278527684726 39.06514201588201, 74.75080353028423 39.06751708380061, 74.74721017613102 39.07094752718788, 74.74619921395583 39.0720736009839, 74.74503867752877 39.073386012411504, 74.74374979411098 39.074848052849966, 74.74236749314869 39.07642092536435, 74.74090938139895 39.07806731230212, 74.73940776591904 39.07974995413454, 74.73700901648343 39.08239172344093, 74.73512546997819 39.08440643481746, 74.7333020342247 39.08631971855139, 74.73155038112971 39.08812745173041, 74.72989079899158 39.08982612088695, 74.728340185392 39.0914120962429, 74.72689917444062 39.09289780089639, 74.72470711763977 39.09522107956938, 74.72281751554186 39.09725402809658, 74.72042121899732 39.099763295438045, 74.71854690518784 39.10156812763976, 74.71653847844377 39.10334943385035, 74.71394309966722 39.10548115308636, 74.71211357687001 39.10691514306529, 74.71014157767 39.108444093326504, 74.70804189997006 39.11008939982739, 74.70511954183836 39.11247059472992, 74.70336793406159 39.11396402378568, 74.70159518599267 39.1155084130555, 74.69982319127203 39.11706140518248, 74.69808143986685 39.11857839323271, 74.69530391215002 39.12091564874845, 74.69274342945977 39.12289159007956, 74.6903571002371 39.12454490198601, 74.68718702144776 39.126482956413994, 74.6848051669389 39.127802072681654, 74.68239337835529 39.129079810838626, 74.6792274602942 39.13075185395036, 74.67687070640025 39.13204068971474, 74.67458646536464 39.133319829478154, 74.6716894693187 39.13494868203732, 74.66881942196873 39.136489163680345, 74.66290958432714 39.13921898575374, 74.66116567067765 39.139964332974564, 74.65922433664504 39.14078165258403, 74.65710937007051 39.14166043703847, 74.65484821776741 39.142591652036536, 74.65246859440677 39.14356533646301, 74.64999543763386 39.144572028187326, 74.64745905584408 39.14560165709349, 74.64373388768787 39.14696977839567)",22400.071412242945,22.400071412242944,317.776050150736,137.776050150736,LYGREBA001.WL,01,136.05999755859375,008,04,02,04,01,,波状纹理清晰,无,,,,,,,,,,
68,0.2382052908518859,REBA001C1AJ430010020000068,000068,,,,,,,,,,,,,,"LINESTRING (75.00000099999441 39.00971732377161, 74.99742992201922 39.010435045512494, 74.99079326646083 39.0132936105861, 74.98554835645201 39.01583444511247, 74.98200719148133 39.0172425458714, 74.97958956716894 39.01811308862145, 74.97717595120733 39.01892116914484, 74.97212434128244 39.02046920404196, 74.9694993995498 39.02132399038525, 74.96563241677717 39.02283380177104, 74.96353247621445 39.0236652107463, 74.95801215947957 39.025252430300604, 74.95541675776794 39.02601204715277, 74.95323897966861 39.02667304088565, 74.95094294383516 39.02738956675596, 74.94864582656538 39.02812821851029, 74.94646826472628 39.0288544538056, 74.94308959748389 39.03005180067535, 74.94047923721821 39.03103336088901, 74.93857063708963 39.031758456068395, 74.93587755749937 39.03256001390183, 74.9311612612175 39.03437235224636, 74.92908217878649 39.035133682863034, 74.9207778646096 39.037451101276005, 74.9186097097825 39.03799428491331, 74.91670169216802 39.03847012261614, 74.91465720898381 39.03897800644708, 74.91252708174049 39.03950491042133, 74.91034977588552 39.04004056336194, 74.90817904713353 39.04057249977803, 74.90605351029816 39.04108935055062, 74.9040217806314 39.041579759155155, 74.902131557112 39.04203181620373, 74.90042716268256 39.04243422110228, 74.8914814852302 39.044324005805024, 74.88691196023632 39.04527250241834, 74.8845759528592 39.04571565241124, 74.87920437050809 39.04637982594848, 74.87610927503387 39.04681877015353, 74.87301401593426 39.04739259675221, 74.8674478136447 39.048563277698186, 74.86291754509465 39.049409062157146, 74.85905180681725 39.05005842558402, 74.85674154883826 39.05042867042075, 74.85438572380302 39.05079643131346, 74.85205421919319 39.05115221720573, 74.8498118067955 39.051486366238116, 74.84773471949175 39.0517900588633, 74.84588444036314 39.05205369844691, 74.83708326898717 39.05286459676762, 74.83385151861702 39.05291093210789, 74.83124101260576 39.05294063761127, 74.82844323460681 39.05298425922643, 74.82556190188261 39.053054495550924, 74.82170074529476 39.05320148449751, 74.81886193382907 39.05332920568561, 74.81617300600084 39.05344331617728, 74.8136895744678 39.05351951372765, 74.80746559862978 39.053486312490215, 74.80248996273444 39.053394338546056, 74.80036430193157 39.0533673451987, 74.79809956359531 39.05334193386815, 74.79569180346644 39.053313420710666, 74.79319151594865 39.05327910999167, 74.79065351857501 39.05323482648107, 74.78812171458324 39.053177990437526, 74.78565182161724 39.05310426871118, 74.7832952146321 39.0530106553748, 74.7776538039155 39.05265200258914, 74.774391749785 39.052350786941915, 74.77135554305609 39.05201658319212, 74.76819797521173 39.05181056152953)",20957.283553573692,20.957283553573692,283.17902883706665,103.17902883706665,LYGREBA001.WL,02,38.09000015258789,008,03,03,04,02,,弧形纹理,无,,,,,,,,,,
69,0.03014809811871202,REBA001C1AJ430010020000069,000069,,,,,,,,,,,,,,"LINESTRING (74.99999999999442 39.08395934646039, 74.99761947345134 39.08263582505676, 74.97186537789061 39.07321120673225)",2713.9249590599793,2.7139249590599794,243.8979341838801,63.897934183880096,LYGREBA001.WL,01,22.350000381469727,008,04,04,04,01,,线状纹理明显,无,,,,,,,,,,
70,0.02134457735097884,REBA001C1AJ430010020000070,000070,布伦口断裂,,,,,,,,,,,,,"LINESTRING (74.661695435473 39.0113522677304, 74.66716189677976 39.00835334917697, 74.67059953927776 39.006513603065855, 74.67251419856262 39.005064508601066, 74.67625486979756 39.002382329412505, 74.67972169242769 39.000000030090696)",2010.43026219895,2.01043026219895,129.1153679060574,129.1153679060574,LYGREBA001.WL,02,16.850000381469727,004,03,01,02,02,呈北西－南东向波状延伸，断面倾向北东，倾角60－70°，北西向延入塔吉克斯坦,线状纹理明显,无,,,,,,,,,,
71,0.13803409515562054,REBA001C1AJ430010020000071,000071,,,,,,,,,,,,,,"LINESTRING (74.86242033579872 39.00000002380826, 74.86715585881532 39.00139201472707, 74.87080333087084 39.00205613378431, 74.87341352259004 39.00258398626968, 74.87631752059308 39.00318761179559, 74.88039998687564 39.004090525276304, 74.8832195847632 39.004700491850315, 74.88609331929747 39.00526769753886, 74.89065795139547 39.005995990376114, 74.89355248858129 39.0063550488404, 74.8964766294613 39.00664540104319, 74.9013177058674 39.006981563064876, 74.90431171315298 39.00710700684208, 74.90739127593389 39.00717861658115, 74.91060515259342 39.00719770685647, 74.91344055293195 39.00716612160469, 74.91626369028418 39.00708422504757, 74.9190306969456 39.006946814804074, 74.92384307293057 39.006564531003214, 74.92656192468357 39.006295527437054, 74.92898592689745 39.006051595568835, 74.93994137280775 39.00558066487961, 74.94358943154438 39.0055381038039, 74.94575926556003 39.00552083430926, 74.94805520346183 39.00550861520153, 74.95044642526264 39.00550218345092, 74.95290067139125 39.00550342687528, 74.95538652988571 39.005513199391515, 74.95787111038977 39.005532796911794, 74.96032299814743 39.00556307202902, 74.96270723268378 39.00560587730717, 74.96499917488718 39.005661580353696, 74.97162643608874 39.00593853984078, 74.97496171958151 39.006158282274775, 74.97795796456687 39.00641327031376, 74.98066181025304 39.00669499046271, 74.98311771180747 39.00699728430552, 74.98847192138966 39.007812654873106, 74.99148543121113 39.00836039119813, 74.99937790752318 39.009891346400366)",12010.851427594589,12.01085142759459,84.75515105463488,84.75515105463488,LYGREBA001.WL,05,43.470001220703125,008,05,04,04,05,,线状纹理明显,无,,,,,,,,,,
363,1.0895552200391425,PGDJ002C1AJ430010020000001,000001,乌恰县大断裂,198.89999389648438,,,,,,,,,,,,"LINESTRING (73.93480539870572 39.92257505583287, 74.11396165195553 39.906343238114644, 74.17428592777279 39.91627823493917, 74.27722322718503 39.920756188387415, 74.4267421764952 39.90380827773155, 74.52631393729577 39.853233012238626, 74.64870120134651 39.83378671688927, 74.80164955034681 39.829214909670476, 74.9368478069853 39.793698136903124, 74.99999999999442 39.77250787945393)",94532.2206316762,94.5322206316762,100.69918447688194,100.69918447688194,LZLPGDJ002.WL,,,,,,,,,,乌恰县大断裂,新F-340,,NWW,0.0,2,2,新疆地质调查院,20090601,重力0度、45度、90度、135度方向导数图，重力上延5Km0度、45度、90度、135度方向导数图，航磁等值线平面图,3
375,0.6294643700692234,PGDJ002C1AJ430010020000002,000002,阿克奇－奎巴格镇大断裂,293.5,,,,,,,,,,,,"LINESTRING (74.38150005776875 39.40359281689118, 74.99999999999442 39.286617543206994)",54855.995405706926,54.85599540570693,103.88546504392653,103.88546504392653,LZLPGDJ002.WL,,,,,,,,,,阿克奇－奎巴格镇大断裂,新F-341,,NW,0.0,2,1,新疆地质调查院,20090601,重力0度、45度、90度、135度方向导数图，重力上延5Km0度、45度、90度、135度方向导数图，航磁等值线平面图,3
377,0.718558650636847,PGDJ002C1AJ430010020000003,000003,昆仑山深大断裂,750.2999877929688,,,,,,,,,,,,"LINESTRING (74.34166296244865 39.30360749840102, 74.58368966234033 39.21157003765178, 74.80048927968123 39.10685659255196, 74.99999999999442 39.016884901936834)",65231.3412794219,65.2313412794219,119.43172662471395,119.43172662471395,LZLPGDJ002.WL,,,,,,,,,,昆仑山深大断裂,新F-373,,NW,0.0,1,3,新疆地质调查院,20090601,重力0度、45度、90度、135度方向导数图，重力上延5Km0度、45度、90度、135度方向导数图，航磁等值线平面图,3
