{
"type": "FeatureCollection",
"name": "geological_labels_reconstructed",
"crs": { "type": "name", "properties": { "name": "urn:ogc:def:crs:EPSG::32643" } },
"features": [
{ "type": "Feature", "properties": { "layer": "LDZOFBB004", "code": "→ChA." }, "geometry": { "type": "Point", "coordinates": [ 474411.791318601346575, 4411274.245756471529603 ] } },
{ "type": "Feature", "properties": { "layer": "LDZOFBB004", "code": "→ChA." }, "geometry": { "type": "Point", "coordinates": [ 464767.93232271343004, 4417646.837492852471769 ] } },
{ "type": "Feature", "properties": { "layer": "LDZOFBB004", "code": "→ChA." }, "geometry": { "type": "Point", "coordinates": [ 462493.72485259041423, 4427882.227947428822517 ] } },
{ "type": "Feature", "properties": { "layer": "LDZOFBB004", "code": "→ChA." }, "geometry": { "type": "Point", "coordinates": [ 499261.856154374312609, 4385366.118368454277515 ] } },
{ "type": "Feature", "properties": { "layer": "LDZOFBB004", "code": "→ChA." }, "geometry": { "type": "Point", "coordinates": [ 490892.502809658588376, 4385930.335622455924749 ] } },
{ "type": "Feature", "properties": { "layer": "LDZOFBB004", "code": "→ChA." }, "geometry": { "type": "Point", "coordinates": [ 484959.95921911590267, 4408117.330510145053267 ] } },
{ "type": "Feature", "properties": { "layer": "LDZOFBB004", "code": "→ChA." }, "geometry": { "type": "Point", "coordinates": [ 481898.318246776703745, 4427637.604939775541425 ] } },
{ "type": "Feature", "properties": { "layer": "LDZOFBB004", "code": "→ChA." }, "geometry": { "type": "Point", "coordinates": [ 483112.984819084987976, 4427808.679258367046714 ] } },
{ "type": "Feature", "properties": { "layer": "LDZOFBB004", "code": "→ChSt." }, "geometry": { "type": "Point", "coordinates": [ 421958.019960626203101, 4329218.332480526529253 ] } },
{ "type": "Feature", "properties": { "layer": "LDZOFBB004", "code": "→ChSt." }, "geometry": { "type": "Point", "coordinates": [ 394344.340641481336206, 4322490.777855988591909 ] } },
{ "type": "Feature", "properties": { "layer": "LDZOFBB004", "code": "→ChSt." }, "geometry": { "type": "Point", "coordinates": [ 405710.850814110948704, 4338227.549211555160582 ] } },
{ "type": "Feature", "properties": { "layer": "LDZOFBB004", "code": "→ChSt." }, "geometry": { "type": "Point", "coordinates": [ 398731.159493718994781, 4340643.71958808414638 ] } },
{ "type": "Feature", "properties": { "layer": "LDZOFBB004", "code": "→ChSt." }, "geometry": { "type": "Point", "coordinates": [ 434047.470735078386497, 4343533.45040000975132 ] } },
{ "type": "Feature", "properties": { "layer": "LDZOFBB004", "code": "→ChSt." }, "geometry": { "type": "Point", "coordinates": [ 388888.439838478458114, 4345832.756920444779098 ] } },
{ "type": "Feature", "properties": { "layer": "LDZOFBB004", "code": "→ChSt." }, "geometry": { "type": "Point", "coordinates": [ 424895.614716177922674, 4318482.869499644264579 ] } },
{ "type": "Feature", "properties": { "layer": "LDZOFBB004", "code": "→ChSt." }, "geometry": { "type": "Point", "coordinates": [ 423058.836510142253246, 4319354.296733196824789 ] } },
{ "type": "Feature", "properties": { "layer": "LDZOFBB004", "code": "→ChSt." }, "geometry": { "type": "Point", "coordinates": [ 425641.528212277509738, 4319987.149657011032104 ] } },
{ "type": "Feature", "properties": { "layer": "LDZOFBB004", "code": "→ChSt." }, "geometry": { "type": "Point", "coordinates": [ 423652.195264295325615, 4320008.869770062156022 ] } },
{ "type": "Feature", "properties": { "layer": "LDZOFBB004", "code": "→ChSt." }, "geometry": { "type": "Point", "coordinates": [ 440768.952644133183639, 4322575.517990205436945 ] } },
{ "type": "Feature", "properties": { "layer": "LDZOFBB004", "code": "→ChSt." }, "geometry": { "type": "Point", "coordinates": [ 426813.437653140281327, 4323563.122867032885551 ] } },
{ "type": "Feature", "properties": { "layer": "LDZOFBB004", "code": "→ChSt." }, "geometry": { "type": "Point", "coordinates": [ 431492.963823615340516, 4324697.66739390976727 ] } },
{ "type": "Feature", "properties": { "layer": "LDZOFBB004", "code": "→ChSt." }, "geometry": { "type": "Point", "coordinates": [ 426285.429593187232967, 4324878.134641965851188 ] } },
{ "type": "Feature", "properties": { "layer": "LDZOFBB004", "code": "→ChSt." }, "geometry": { "type": "Point", "coordinates": [ 428926.178731023333967, 4325016.802254043519497 ] } },
{ "type": "Feature", "properties": { "layer": "LDZOFBB004", "code": "→ChSt." }, "geometry": { "type": "Point", "coordinates": [ 447406.367191590601578, 4317539.141674235463142 ] } },
{ "type": "Feature", "properties": { "layer": "LDZOFBB004", "code": "→ChSt." }, "geometry": { "type": "Point", "coordinates": [ 496769.827112550439779, 4325067.341702515259385 ] } },
{ "type": "Feature", "properties": { "layer": "LDZOFBB004", "code": "→ChSt." }, "geometry": { "type": "Point", "coordinates": [ 495917.697503676521592, 4325702.023492245934904 ] } },
{ "type": "Feature", "properties": { "layer": "LDZOFBB004", "code": "→ChSt." }, "geometry": { "type": "Point", "coordinates": [ 493907.093612443713937, 4326481.008487774990499 ] } },
{ "type": "Feature", "properties": { "layer": "LDZOFBB004", "code": "→ChSt." }, "geometry": { "type": "Point", "coordinates": [ 491358.646504044823814, 4328594.926492331549525 ] } },
{ "type": "Feature", "properties": { "layer": "LDZOFBB004", "code": "→ChSt." }, "geometry": { "type": "Point", "coordinates": [ 488338.557204329525121, 4329689.583733898587525 ] } },
{ "type": "Feature", "properties": { "layer": "LDZOFBB004", "code": "→ChSt." }, "geometry": { "type": "Point", "coordinates": [ 489686.187114529078826, 4329730.405317146331072 ] } },
{ "type": "Feature", "properties": { "layer": "LDZOFBB004", "code": "→ChSt." }, "geometry": { "type": "Point", "coordinates": [ 498721.900254811625928, 4330488.352908875793219 ] } },
{ "type": "Feature", "properties": { "layer": "LDZOFBB004", "code": "→ChSt." }, "geometry": { "type": "Point", "coordinates": [ 499944.819929365883581, 4331600.017975537106395 ] } },
{ "type": "Feature", "properties": { "layer": "LDZOFBB004", "code": "→ChSt." }, "geometry": { "type": "Point", "coordinates": [ 486751.027620616834611, 4332311.194757830351591 ] } },
{ "type": "Feature", "properties": { "layer": "LDZOFBB004", "code": "→ChSt." }, "geometry": { "type": "Point", "coordinates": [ 467998.597193283843808, 4333067.902127129025757 ] } },
{ "type": "Feature", "properties": { "layer": "LDZOFBB004", "code": "→ChSt." }, "geometry": { "type": "Point", "coordinates": [ 465318.418680226779543, 4338028.226597086526453 ] } },
{ "type": "Feature", "properties": { "layer": "LDZOFBB004", "code": "→ChSt." }, "geometry": { "type": "Point", "coordinates": [ 480786.896412859903648, 4338679.540582242421806 ] } },
{ "type": "Feature", "properties": { "layer": "LDZOFBB004", "code": "→ChSt." }, "geometry": { "type": "Point", "coordinates": [ 476968.648974846699275, 4341194.195132901892066 ] } },
{ "type": "Feature", "properties": { "layer": "LDZOFBB004", "code": "→Pt↓1→K." }, "geometry": { "type": "Point", "coordinates": [ 464774.891003685945179, 4320303.078316532075405 ] } },
{ "type": "Feature", "properties": { "layer": "LDZOFBB004", "code": "→Pt↓1→K." }, "geometry": { "type": "Point", "coordinates": [ 418031.990932298824191, 4342475.246484015136957 ] } },
{ "type": "Feature", "properties": { "layer": "LDZOFBB001", "code": "→C↓1→y" }, "geometry": { "type": "Point", "coordinates": [ 499384.452939310402144, 4409164.404396759346128 ] } },
{ "type": "Feature", "properties": { "layer": "LDZOFBB001", "code": "→C↓1→y" }, "geometry": { "type": "Point", "coordinates": [ 439848.598893318558112, 4423527.402675181627274 ] } },
{ "type": "Feature", "properties": { "layer": "LDZOFBB001", "code": "→C↓1→y" }, "geometry": { "type": "Point", "coordinates": [ 445843.777557880617678, 4427982.400757050141692 ] } },
{ "type": "Feature", "properties": { "layer": "LDZOFBB001", "code": "→C↓1→y" }, "geometry": { "type": "Point", "coordinates": [ 443278.412027826299891, 4428001.077122837305069 ] } },
{ "type": "Feature", "properties": { "layer": "LDZOFBB001", "code": "→C↓2→P↓1→t" }, "geometry": { "type": "Point", "coordinates": [ 444684.939062601362821, 4352995.091872461140156 ] } },
{ "type": "Feature", "properties": { "layer": "LDZOFBB001", "code": "→C↓2→P↓1→t" }, "geometry": { "type": "Point", "coordinates": [ 425123.731242320034653, 4355101.760988131165504 ] } },
{ "type": "Feature", "properties": { "layer": "LDZOFBB001", "code": "→C↓2→ak" }, "geometry": { "type": "Point", "coordinates": [ 444674.273248235345818, 4417304.114982802420855 ] } },
{ "type": "Feature", "properties": { "layer": "LDZOFBB001", "code": "→C↓2→ak" }, "geometry": { "type": "Point", "coordinates": [ 444674.612991097033955, 4422571.346863280050457 ] } },
{ "type": "Feature", "properties": { "layer": "LDZOFBB001", "code": "→C↓2→ak" }, "geometry": { "type": "Point", "coordinates": [ 435735.903257022844627, 4422413.966875199228525 ] } },
{ "type": "Feature", "properties": { "layer": "LDZOFBB001", "code": "→C↓2→ak" }, "geometry": { "type": "Point", "coordinates": [ 434499.125120023731142, 4424232.977389192208648 ] } },
{ "type": "Feature", "properties": { "layer": "LDZOFBB001", "code": "→C↓2→ak" }, "geometry": { "type": "Point", "coordinates": [ 450910.933099527086597, 4427948.060188010334969 ] } },
{ "type": "Feature", "properties": { "layer": "LDZOFBB001", "code": "→C↓2→ak" }, "geometry": { "type": "Point", "coordinates": [ 440007.617159134417307, 4428026.140206230804324 ] } },
{ "type": "Feature", "properties": { "layer": "LDZOFBB001", "code": "→C↓2→kk" }, "geometry": { "type": "Point", "coordinates": [ 432595.857391517027281, 4416840.248119452036917 ] } },
{ "type": "Feature", "properties": { "layer": "LDZOFBB001", "code": "→C↓2→kk" }, "geometry": { "type": "Point", "coordinates": [ 443995.315362353925593, 4419056.23741926625371 ] } },
{ "type": "Feature", "properties": { "layer": "LDZOFBB001", "code": "→C↓2→kk" }, "geometry": { "type": "Point", "coordinates": [ 433916.911195886088535, 4422338.915709337219596 ] } },
{ "type": "Feature", "properties": { "layer": "LDZOFBB001", "code": "→C↓2→kk" }, "geometry": { "type": "Point", "coordinates": [ 446063.14048650523182, 4426820.55477549508214 ] } },
{ "type": "Feature", "properties": { "layer": "LDZOFBB001", "code": "→C↓2→kk" }, "geometry": { "type": "Point", "coordinates": [ 439517.194482616265304, 4427766.246501613408327 ] } },
{ "type": "Feature", "properties": { "layer": "LDZOFBB001", "code": "→C↓2→kk" }, "geometry": { "type": "Point", "coordinates": [ 450261.613089272053912, 4427952.271598985418677 ] } },
{ "type": "Feature", "properties": { "layer": "LDZOFBB001", "code": "→C↓2→kk" }, "geometry": { "type": "Point", "coordinates": [ 438514.898009434342384, 4428038.046027738600969 ] } },
{ "type": "Feature", "properties": { "layer": "LDZOFBB001", "code": "→C↓2→kk" }, "geometry": { "type": "Point", "coordinates": [ 437751.266807452775538, 4428044.248006317764521 ] } },
{ "type": "Feature", "properties": { "layer": "LDZOFBB001", "code": "→D↓1→s" }, "geometry": { "type": "Point", "coordinates": [ 409823.891228018386755, 4386347.279642652720213 ] } },
{ "type": "Feature", "properties": { "layer": "LDZOFBB001", "code": "→D↓1→s" }, "geometry": { "type": "Point", "coordinates": [ 411307.220893242279999, 4391603.068644240498543 ] } },
{ "type": "Feature", "properties": { "layer": "LDZOFBB001", "code": "→D↓1→s" }, "geometry": { "type": "Point", "coordinates": [ 414849.810005382518284, 4413196.984678232111037 ] } },
{ "type": "Feature", "properties": { "layer": "LDZOFBB001", "code": "→D↓1→s" }, "geometry": { "type": "Point", "coordinates": [ 417607.199869474512525, 4406746.985510118305683 ] } },
{ "type": "Feature", "properties": { "layer": "LDZOFBB001", "code": "→D↓1→s" }, "geometry": { "type": "Point", "coordinates": [ 413446.268157368991524, 4428281.752440871670842 ] } },
{ "type": "Feature", "properties": { "layer": "LDZOFBB001", "code": "→D↓1→s" }, "geometry": { "type": "Point", "coordinates": [ 424467.353798079071566, 4417848.952252080664039 ] } },
{ "type": "Feature", "properties": { "layer": "LDZOFBB001", "code": "→D↓1→s" }, "geometry": { "type": "Point", "coordinates": [ 431929.325075146800373, 4420664.183960653841496 ] } },
{ "type": "Feature", "properties": { "layer": "LDZOFBB001", "code": "→D↓1→s" }, "geometry": { "type": "Point", "coordinates": [ 421655.02094193676021, 4422686.995897036977112 ] } },
{ "type": "Feature", "properties": { "layer": "LDZOFBB001", "code": "→D↓1→s" }, "geometry": { "type": "Point", "coordinates": [ 422251.947793674422428, 4428186.733323161490262 ] } },
{ "type": "Feature", "properties": { "layer": "LDZOFBB001", "code": "→D↓1→s" }, "geometry": { "type": "Point", "coordinates": [ 419810.409274415462278, 4428212.055651482194662 ] } },
{ "type": "Feature", "properties": { "layer": "LDZOFBB001", "code": "→D↓2→kz" }, "geometry": { "type": "Point", "coordinates": [ 460629.677675805985928, 4340342.16068434342742 ] } },
{ "type": "Feature", "properties": { "layer": "LDZOFBB001", "code": "→D↓2→kz" }, "geometry": { "type": "Point", "coordinates": [ 459608.73158631217666, 4340374.530212514102459 ] } },
{ "type": "Feature", "properties": { "layer": "LDZOFBB001", "code": "→D↓2→kz" }, "geometry": { "type": "Point", "coordinates": [ 458081.627592030563392, 4340959.054388693533838 ] } },
{ "type": "Feature", "properties": { "layer": "LDZOFBB001", "code": "→D↓2→kz" }, "geometry": { "type": "Point", "coordinates": [ 455542.638763258699328, 4342733.068920736201108 ] } },
{ "type": "Feature", "properties": { "layer": "LDZOFBB001", "code": "→D↓2→kz" }, "geometry": { "type": "Point", "coordinates": [ 459560.171207605279051, 4342711.07038070820272 ] } },
{ "type": "Feature", "properties": { "layer": "LDZOFBB001", "code": "→D↓2→kz" }, "geometry": { "type": "Point", "coordinates": [ 454017.540168337989599, 4342766.416027441620827 ] } },
{ "type": "Feature", "properties": { "layer": "LDZOFBB001", "code": "→D↓2→kz" }, "geometry": { "type": "Point", "coordinates": [ 452914.20407727197744, 4343043.254299253225327 ] } },
{ "type": "Feature", "properties": { "layer": "LDZOFBB001", "code": "→D↓2→kz" }, "geometry": { "type": "Point", "coordinates": [ 445274.620957326435018, 4344651.482555599883199 ] } },
{ "type": "Feature", "properties": { "layer": "LDZOFBB001", "code": "→D↓2→kz" }, "geometry": { "type": "Point", "coordinates": [ 441874.353718779573683, 4345062.187723669223487 ] } },
{ "type": "Feature", "properties": { "layer": "LDZOFBB001", "code": "→D↓2→kz" }, "geometry": { "type": "Point", "coordinates": [ 441238.257050586282276, 4345314.141368580982089 ] } },
{ "type": "Feature", "properties": { "layer": "LDZOFBB001", "code": "→D↓2→kz" }, "geometry": { "type": "Point", "coordinates": [ 460862.373080946388654, 4345398.947053045034409 ] } },
{ "type": "Feature", "properties": { "layer": "LDZOFBB001", "code": "→D↓2→kz" }, "geometry": { "type": "Point", "coordinates": [ 438208.342603279044852, 4345728.854775232262909 ] } },
{ "type": "Feature", "properties": { "layer": "LDZOFBB001", "code": "→D↓2→kz" }, "geometry": { "type": "Point", "coordinates": [ 436541.762461307225749, 4346026.576617522165179 ] } },
{ "type": "Feature", "properties": { "layer": "LDZOFBB001", "code": "→D↓2→kz" }, "geometry": { "type": "Point", "coordinates": [ 458874.757080435229, 4346181.902472604066133 ] } },
{ "type": "Feature", "properties": { "layer": "LDZOFBB001", "code": "→D↓2→kz" }, "geometry": { "type": "Point", "coordinates": [ 456661.230720583291259, 4346832.814857074990869 ] } },
{ "type": "Feature", "properties": { "layer": "LDZOFBB001", "code": "→D↓2→kz" }, "geometry": { "type": "Point", "coordinates": [ 468461.155473182501737, 4325602.94406677596271 ] } },
{ "type": "Feature", "properties": { "layer": "LDZOFBB001", "code": "→D↓2→kz" }, "geometry": { "type": "Point", "coordinates": [ 470937.81937467015814, 4333196.621493956074119 ] } },
{ "type": "Feature", "properties": { "layer": "LDZOFBB001", "code": "→D↓2→kz" }, "geometry": { "type": "Point", "coordinates": [ 471188.583084960002452, 4335814.17497056722641 ] } },
{ "type": "Feature", "properties": { "layer": "LDZOFBB001", "code": "→D↓2→kz" }, "geometry": { "type": "Point", "coordinates": [ 469889.42712395748822, 4336583.27003950253129 ] } },
{ "type": "Feature", "properties": { "layer": "LDZOFBB001", "code": "→D↓2→kz" }, "geometry": { "type": "Point", "coordinates": [ 468133.549901021411642, 4337257.56741295568645 ] } },
{ "type": "Feature", "properties": { "layer": "LDZOFBB001", "code": "→D↓2→kz" }, "geometry": { "type": "Point", "coordinates": [ 467053.326165737584233, 4338000.210895187221467 ] } },
{ "type": "Feature", "properties": { "layer": "LDZOFBB001", "code": "→D↓2→kz" }, "geometry": { "type": "Point", "coordinates": [ 465762.375635176198557, 4338363.923164585605264 ] } },
{ "type": "Feature", "properties": { "layer": "LDZOFBB001", "code": "→D↓2→kz" }, "geometry": { "type": "Point", "coordinates": [ 462778.924038517056033, 4339076.454137902706861 ] } },
{ "type": "Feature", "properties": { "layer": "LDZOFBB001", "code": "→D↓2→kz" }, "geometry": { "type": "Point", "coordinates": [ 463623.490866623702459, 4339413.484129684045911 ] } },
{ "type": "Feature", "properties": { "layer": "LDZOFBB001", "code": "→D↓2→kz" }, "geometry": { "type": "Point", "coordinates": [ 462492.575935414643027, 4339687.736520269885659 ] } },
{ "type": "Feature", "properties": { "layer": "LDZOFBB001", "code": "→D↓2→kz" }, "geometry": { "type": "Point", "coordinates": [ 468554.487654578464571, 4341792.369691567495465 ] } },
{ "type": "Feature", "properties": { "layer": "LDZOFBB001", "code": "→D↓2→kz" }, "geometry": { "type": "Point", "coordinates": [ 466549.371326707070693, 4344222.557529306970537 ] } },
{ "type": "Feature", "properties": { "layer": "LDZOFBB001", "code": "→D↓2→kz" }, "geometry": { "type": "Point", "coordinates": [ 462284.437625122489408, 4344656.635568119585514 ] } },
{ "type": "Feature", "properties": { "layer": "LDZOFBB001", "code": "→D↓2→kz" }, "geometry": { "type": "Point", "coordinates": [ 490845.697989732492715, 4323148.129326283931732 ] } },
{ "type": "Feature", "properties": { "layer": "LDZOFBB001", "code": "→D↓2→kz" }, "geometry": { "type": "Point", "coordinates": [ 475738.109154745005071, 4317942.174647375941277 ] } },
{ "type": "Feature", "properties": { "layer": "LDZOFBB001", "code": "→D↓2→kz" }, "geometry": { "type": "Point", "coordinates": [ 486280.600696686946321, 4319419.504217478446662 ] } },
{ "type": "Feature", "properties": { "layer": "LDZOFBB001", "code": "→D↓2→kz" }, "geometry": { "type": "Point", "coordinates": [ 475145.75508120842278, 4320356.378663571551442 ] } },
{ "type": "Feature", "properties": { "layer": "LDZOFBB001", "code": "→D↓2→kz" }, "geometry": { "type": "Point", "coordinates": [ 482520.295121808885597, 4323550.853194341063499 ] } },
{ "type": "Feature", "properties": { "layer": "LDZOFBB001", "code": "→D↓2→kz" }, "geometry": { "type": "Point", "coordinates": [ 498098.271470991428941, 4324227.139566361904144 ] } },
{ "type": "Feature", "properties": { "layer": "LDZOFBB001", "code": "→D↓2→kz" }, "geometry": { "type": "Point", "coordinates": [ 479914.51562917069532, 4326828.788829452358186 ] } },
{ "type": "Feature", "properties": { "layer": "LDZOFBB001", "code": "→D↓2→kz" }, "geometry": { "type": "Point", "coordinates": [ 478491.887129507609643, 4326886.251243451610208 ] } },
{ "type": "Feature", "properties": { "layer": "LDZOFBB001", "code": "→D↓2→kz" }, "geometry": { "type": "Point", "coordinates": [ 481423.016807121573947, 4330880.184916929341853 ] } },
{ "type": "Feature", "properties": { "layer": "LDZOFBB001", "code": "→D↓2→kz" }, "geometry": { "type": "Point", "coordinates": [ 478356.975523016182706, 4337012.612782120704651 ] } },
{ "type": "Feature", "properties": { "layer": "LDZOFBB001", "code": "→D↓2→kz" }, "geometry": { "type": "Point", "coordinates": [ 471892.766198497265577, 4340952.732256290502846 ] } },
{ "type": "Feature", "properties": { "layer": "LDZOFBB001", "code": "→D↓2→t" }, "geometry": { "type": "Point", "coordinates": [ 408487.690809283289127, 4381063.298862680792809 ] } },
{ "type": "Feature", "properties": { "layer": "LDZOFBB001", "code": "→D↓2→t" }, "geometry": { "type": "Point", "coordinates": [ 414727.284157187910751, 4392280.497999355196953 ] } },
{ "type": "Feature", "properties": { "layer": "LDZOFBB001", "code": "→D↓2→t" }, "geometry": { "type": "Point", "coordinates": [ 407016.500083190505393, 4398043.191500125452876 ] } },
{ "type": "Feature", "properties": { "layer": "LDZOFBB001", "code": "→D↓2→t" }, "geometry": { "type": "Point", "coordinates": [ 407742.672979580354877, 4399145.461392870172858 ] } },
{ "type": "Feature", "properties": { "layer": "LDZOFBB001", "code": "→D↓2→t" }, "geometry": { "type": "Point", "coordinates": [ 406853.497245435486548, 4403351.056424846872687 ] } },
{ "type": "Feature", "properties": { "layer": "LDZOFBB001", "code": "→D↓2→t" }, "geometry": { "type": "Point", "coordinates": [ 403212.744664796744473, 4409582.851502333767712 ] } },
{ "type": "Feature", "properties": { "layer": "LDZOFBB001", "code": "→D↓2→t" }, "geometry": { "type": "Point", "coordinates": [ 411768.720520877977833, 4409950.503953754901886 ] } },
{ "type": "Feature", "properties": { "layer": "LDZOFBB001", "code": "→D↓2→t" }, "geometry": { "type": "Point", "coordinates": [ 411651.698044765973464, 4411877.931366248056293 ] } },
{ "type": "Feature", "properties": { "layer": "LDZOFBB001", "code": "→D↓2→t" }, "geometry": { "type": "Point", "coordinates": [ 409120.179059038695414, 4423348.329235477373004 ] } },
{ "type": "Feature", "properties": { "layer": "LDZOFBB001", "code": "→D↓2→t" }, "geometry": { "type": "Point", "coordinates": [ 413152.025942508829758, 4427852.073086858727038 ] } },
{ "type": "Feature", "properties": { "layer": "LDZOFBB001", "code": "→D↓2→t" }, "geometry": { "type": "Point", "coordinates": [ 412728.231737718102522, 4428289.947594627737999 ] } },
{ "type": "Feature", "properties": { "layer": "LDZOFBB001", "code": "→D↓2→t" }, "geometry": { "type": "Point", "coordinates": [ 416312.143098802713212, 4407784.064793889410794 ] } },
{ "type": "Feature", "properties": { "layer": "LDZOFBB001", "code": "→D↓2→t" }, "geometry": { "type": "Point", "coordinates": [ 421501.571403350681067, 4418609.644927733577788 ] } },
{ "type": "Feature", "properties": { "layer": "LDZOFBB001", "code": "→D↓2→t" }, "geometry": { "type": "Point", "coordinates": [ 446795.644975898903795, 4418776.766718128696084 ] } },
{ "type": "Feature", "properties": { "layer": "LDZOFBB001", "code": "→D↓2→t" }, "geometry": { "type": "Point", "coordinates": [ 433698.037450096104294, 4424458.896254138089716 ] } },
{ "type": "Feature", "properties": { "layer": "LDZOFBB001", "code": "→D↓2→t" }, "geometry": { "type": "Point", "coordinates": [ 418750.592166077811271, 4427629.71624209266156 ] } },
{ "type": "Feature", "properties": { "layer": "LDZOFBB001", "code": "→D↓2→t" }, "geometry": { "type": "Point", "coordinates": [ 436958.914581919147167, 4428050.76657934859395 ] } },
{ "type": "Feature", "properties": { "layer": "LDZOFBB001", "code": "→D↓2→t" }, "geometry": { "type": "Point", "coordinates": [ 435415.553347393113654, 4428063.698510720394552 ] } },
{ "type": "Feature", "properties": { "layer": "LDZOFBB001", "code": "→D↓2→t" }, "geometry": { "type": "Point", "coordinates": [ 425187.979611851857044, 4428157.319334535859525 ] } },
{ "type": "Feature", "properties": { "layer": "LDZOFBB001", "code": "→D↓3→kz↑1" }, "geometry": { "type": "Point", "coordinates": [ 453575.119895305600949, 4410946.379592589102685 ] } },
{ "type": "Feature", "properties": { "layer": "LDZOFBB001", "code": "→D↓3→kz↑1" }, "geometry": { "type": "Point", "coordinates": [ 454213.873321052873507, 4413422.885726837441325 ] } },
{ "type": "Feature", "properties": { "layer": "LDZOFBB001", "code": "→D↓3→kz↑1" }, "geometry": { "type": "Point", "coordinates": [ 451636.148634424898773, 4425755.294734998606145 ] } },
{ "type": "Feature", "properties": { "layer": "LDZOFBB001", "code": "→D↓3→kz↑1" }, "geometry": { "type": "Point", "coordinates": [ 453205.499971113051288, 4427933.618843385949731 ] } },
{ "type": "Feature", "properties": { "layer": "LDZOFBB001", "code": "→D↓3→kz↑2" }, "geometry": { "type": "Point", "coordinates": [ 452916.489261924580205, 4414685.79654923453927 ] } },
{ "type": "Feature", "properties": { "layer": "LDZOFBB001", "code": "→D↓3→kz↑2" }, "geometry": { "type": "Point", "coordinates": [ 475532.54903208243195, 4417884.138802620582283 ] } },
{ "type": "Feature", "properties": { "layer": "LDZOFBB001", "code": "→D↓3→kz↑2" }, "geometry": { "type": "Point", "coordinates": [ 449754.288628679874819, 4419565.296955049037933 ] } },
{ "type": "Feature", "properties": { "layer": "LDZOFBB001", "code": "→D↓3→kz↑2" }, "geometry": { "type": "Point", "coordinates": [ 455807.23733967350563, 4424102.958284823223948 ] } },
{ "type": "Feature", "properties": { "layer": "LDZOFBB001", "code": "→D↓3→kz↑2" }, "geometry": { "type": "Point", "coordinates": [ 453209.3823863886646, 4425381.179810732603073 ] } },
{ "type": "Feature", "properties": { "layer": "LDZOFBB001", "code": "→D↓3→kz↑2" }, "geometry": { "type": "Point", "coordinates": [ 455628.182331601565238, 4425031.61725583486259 ] } },
{ "type": "Feature", "properties": { "layer": "LDZOFBB001", "code": "→D↓3→kz↑2" }, "geometry": { "type": "Point", "coordinates": [ 452480.709533318411559, 4427938.103243205696344 ] } },
{ "type": "Feature", "properties": { "layer": "LDZOFBB001", "code": "→D↓3→kz↑3" }, "geometry": { "type": "Point", "coordinates": [ 495354.711665052454919, 4384051.748860588297248 ] } },
{ "type": "Feature", "properties": { "layer": "LDZOFBB001", "code": "→D↓3→kz↑3" }, "geometry": { "type": "Point", "coordinates": [ 495788.350029431108851, 4386099.915337241254747 ] } },
{ "type": "Feature", "properties": { "layer": "LDZOFBB001", "code": "→D↓3→kz↑3" }, "geometry": { "type": "Point", "coordinates": [ 490700.451633769029286, 4414264.422034360468388 ] } },
{ "type": "Feature", "properties": { "layer": "LDZOFBB001", "code": "→D↓3→kz↑3" }, "geometry": { "type": "Point", "coordinates": [ 451640.304937657900155, 4415643.04788707382977 ] } },
{ "type": "Feature", "properties": { "layer": "LDZOFBB001", "code": "→D↓3→kz↑3" }, "geometry": { "type": "Point", "coordinates": [ 456682.751117023522966, 4418301.00473234243691 ] } },
{ "type": "Feature", "properties": { "layer": "LDZOFBB001", "code": "→D↓3→kz↑3" }, "geometry": { "type": "Point", "coordinates": [ 454463.233370442409068, 4421296.626867244020104 ] } },
{ "type": "Feature", "properties": { "layer": "LDZOFBB001", "code": "→D↓3→kz↑3" }, "geometry": { "type": "Point", "coordinates": [ 485379.459188341512345, 4421333.540970092639327 ] } },
{ "type": "Feature", "properties": { "layer": "LDZOFBB001", "code": "→D↓3→kz↑3" }, "geometry": { "type": "Point", "coordinates": [ 452074.568683628342114, 4423485.474212232977152 ] } },
{ "type": "Feature", "properties": { "layer": "LDZOFBB001", "code": "→D↓3→q" }, "geometry": { "type": "Point", "coordinates": [ 471039.290537921828218, 4317176.05296693649143 ] } },
{ "type": "Feature", "properties": { "layer": "LDZOFBB001", "code": "→D↓3→q" }, "geometry": { "type": "Point", "coordinates": [ 482665.383165184408426, 4319142.422973095439374 ] } },
{ "type": "Feature", "properties": { "layer": "LDZOFBB001", "code": "→D↓3→q" }, "geometry": { "type": "Point", "coordinates": [ 484214.888567296904512, 4320749.704617841169238 ] } },
{ "type": "Feature", "properties": { "layer": "LDZOFBB001", "code": "→D↓3→q" }, "geometry": { "type": "Point", "coordinates": [ 475882.161663516773842, 4325400.295670824125409 ] } },
{ "type": "Feature", "properties": { "layer": "LDZOFBB001", "code": "→D↓3→q" }, "geometry": { "type": "Point", "coordinates": [ 473341.918296992778778, 4327790.852452406659722 ] } },
{ "type": "Feature", "properties": { "layer": "LDZOFBB001", "code": "→D↓3→q" }, "geometry": { "type": "Point", "coordinates": [ 471882.146828106371686, 4329363.286429353989661 ] } },
{ "type": "Feature", "properties": { "layer": "LDZOFBB001", "code": "→EK" }, "geometry": { "type": "Point", "coordinates": [ 375354.122066892508883, 4359535.98307707067579 ] } },
{ "type": "Feature", "properties": { "layer": "LDZOFBB001", "code": "→EK" }, "geometry": { "type": "Point", "coordinates": [ 413765.807543260336388, 4362434.672712787985802 ] } },
{ "type": "Feature", "properties": { "layer": "LDZOFBB001", "code": "→EK" }, "geometry": { "type": "Point", "coordinates": [ 384318.120232594199479, 4367728.389959286898375 ] } },
{ "type": "Feature", "properties": { "layer": "LDZOFBB001", "code": "→EK" }, "geometry": { "type": "Point", "coordinates": [ 426668.435203562839888, 4373447.886280262842774 ] } },
{ "type": "Feature", "properties": { "layer": "LDZOFBB001", "code": "→EK" }, "geometry": { "type": "Point", "coordinates": [ 390203.544111811963376, 4368705.730406718328595 ] } },
{ "type": "Feature", "properties": { "layer": "LDZOFBB001", "code": "→EK" }, "geometry": { "type": "Point", "coordinates": [ 392232.835739273112267, 4368852.651022439822555 ] } },
{ "type": "Feature", "properties": { "layer": "LDZOFBB001", "code": "→EK" }, "geometry": { "type": "Point", "coordinates": [ 404983.347119192010723, 4369680.12305380217731 ] } },
{ "type": "Feature", "properties": { "layer": "LDZOFBB001", "code": "→EK" }, "geometry": { "type": "Point", "coordinates": [ 407526.289886024955194, 4369994.826900968328118 ] } },
{ "type": "Feature", "properties": { "layer": "LDZOFBB001", "code": "→EK" }, "geometry": { "type": "Point", "coordinates": [ 414062.57600942440331, 4371864.963383888825774 ] } },
{ "type": "Feature", "properties": { "layer": "LDZOFBB001", "code": "→EK" }, "geometry": { "type": "Point", "coordinates": [ 416298.036012547556311, 4373909.795197463594377 ] } },
{ "type": "Feature", "properties": { "layer": "LDZOFBB001", "code": "→EK" }, "geometry": { "type": "Point", "coordinates": [ 409143.615607535233721, 4398124.325149774551392 ] } },
{ "type": "Feature", "properties": { "layer": "LDZOFBB001", "code": "→EK" }, "geometry": { "type": "Point", "coordinates": [ 420373.298829187813681, 4398402.232240936718881 ] } },
{ "type": "Feature", "properties": { "layer": "LDZOFBB001", "code": "→EK" }, "geometry": { "type": "Point", "coordinates": [ 412526.932153838861268, 4399135.125552498735487 ] } },
{ "type": "Feature", "properties": { "layer": "LDZOFBB001", "code": "→EK" }, "geometry": { "type": "Point", "coordinates": [ 413037.659557607839815, 4402515.537216687574983 ] } },
{ "type": "Feature", "properties": { "layer": "LDZOFBB001", "code": "→EK" }, "geometry": { "type": "Point", "coordinates": [ 430361.814995420863852, 4361216.373131008818746 ] } },
{ "type": "Feature", "properties": { "layer": "LDZOFBB001", "code": "→EK" }, "geometry": { "type": "Point", "coordinates": [ 426740.484769999922719, 4363678.480523249134421 ] } },
{ "type": "Feature", "properties": { "layer": "LDZOFBB001", "code": "→EK" }, "geometry": { "type": "Point", "coordinates": [ 431994.344453845755197, 4368983.2531553581357 ] } },
{ "type": "Feature", "properties": { "layer": "LDZOFBB001", "code": "→EK" }, "geometry": { "type": "Point", "coordinates": [ 454167.664640166447498, 4381519.753552595153451 ] } },
{ "type": "Feature", "properties": { "layer": "LDZOFBB001", "code": "→EK" }, "geometry": { "type": "Point", "coordinates": [ 445843.440944243513513, 4381871.791597926989198 ] } },
{ "type": "Feature", "properties": { "layer": "LDZOFBB001", "code": "→EK" }, "geometry": { "type": "Point", "coordinates": [ 429453.087940984230954, 4383664.815171780064702 ] } },
{ "type": "Feature", "properties": { "layer": "LDZOFBB001", "code": "→EK" }, "geometry": { "type": "Point", "coordinates": [ 448667.610344395507127, 4383079.623528338037431 ] } },
{ "type": "Feature", "properties": { "layer": "LDZOFBB001", "code": "→EK" }, "geometry": { "type": "Point", "coordinates": [ 459246.895724434230942, 4385458.013842616230249 ] } },
{ "type": "Feature", "properties": { "layer": "LDZOFBB001", "code": "→EK" }, "geometry": { "type": "Point", "coordinates": [ 455674.08943476038985, 4387659.47654040530324 ] } },
{ "type": "Feature", "properties": { "layer": "LDZOFBB001", "code": "→EK" }, "geometry": { "type": "Point", "coordinates": [ 433351.429834342387039, 4389489.874691386707127 ] } },
{ "type": "Feature", "properties": { "layer": "LDZOFBB001", "code": "→EK" }, "geometry": { "type": "Point", "coordinates": [ 429728.897709589917213, 4391915.354700297117233 ] } },
{ "type": "Feature", "properties": { "layer": "LDZOFBB001", "code": "→EK" }, "geometry": { "type": "Point", "coordinates": [ 458550.024678941001184, 4393434.167030470445752 ] } },
{ "type": "Feature", "properties": { "layer": "LDZOFBB001", "code": "→EK" }, "geometry": { "type": "Point", "coordinates": [ 463563.603116135054734, 4411255.170051261782646 ] } },
{ "type": "Feature", "properties": { "layer": "LDZOFBB001", "code": "→EK" }, "geometry": { "type": "Point", "coordinates": [ 442845.094682561000809, 4415378.4913678932935 ] } },
{ "type": "Feature", "properties": { "layer": "LDZOFBB001", "code": "→EK" }, "geometry": { "type": "Point", "coordinates": [ 433068.431257305201143, 4416242.327317117713392 ] } },
{ "type": "Feature", "properties": { "layer": "LDZOFBB001", "code": "→EK" }, "geometry": { "type": "Point", "coordinates": [ 480913.267521357862279, 4383600.999828964471817 ] } },
{ "type": "Feature", "properties": { "layer": "LDZOFBB001", "code": "→EK" }, "geometry": { "type": "Point", "coordinates": [ 486372.451644272950944, 4386616.445829186588526 ] } },
{ "type": "Feature", "properties": { "layer": "LDZOFBB001", "code": "→EK" }, "geometry": { "type": "Point", "coordinates": [ 496050.398201817995869, 4388314.253862226381898 ] } },
{ "type": "Feature", "properties": { "layer": "LDZOFBB001", "code": "→EK" }, "geometry": { "type": "Point", "coordinates": [ 486080.349684884073213, 4392117.358334193006158 ] } },
{ "type": "Feature", "properties": { "layer": "LDZOFBB001", "code": "→EK" }, "geometry": { "type": "Point", "coordinates": [ 481447.193401807802729, 4392820.583366215229034 ] } },
{ "type": "Feature", "properties": { "layer": "LDZOFBB001", "code": "→EK" }, "geometry": { "type": "Point", "coordinates": [ 474799.860561708570458, 4397305.23982966132462 ] } },
{ "type": "Feature", "properties": { "layer": "LDZOFBB001", "code": "→EK" }, "geometry": { "type": "Point", "coordinates": [ 498207.303135983587708, 4398105.002231040969491 ] } },
{ "type": "Feature", "properties": { "layer": "LDZOFBB001", "code": "→EK" }, "geometry": { "type": "Point", "coordinates": [ 459255.702682562521659, 4401656.835412366315722 ] } },
{ "type": "Feature", "properties": { "layer": "LDZOFBB001", "code": "→EK" }, "geometry": { "type": "Point", "coordinates": [ 488647.155412240885198, 4402486.860635986551642 ] } },
{ "type": "Feature", "properties": { "layer": "LDZOFBB001", "code": "→EK" }, "geometry": { "type": "Point", "coordinates": [ 484874.874972422316205, 4404636.851559020578861 ] } },
{ "type": "Feature", "properties": { "layer": "LDZOFBB001", "code": "→EK" }, "geometry": { "type": "Point", "coordinates": [ 482512.147411867510527, 4405152.024054802954197 ] } },
{ "type": "Feature", "properties": { "layer": "LDZOFBB001", "code": "→EK" }, "geometry": { "type": "Point", "coordinates": [ 479485.847068264614791, 4405646.792152255773544 ] } },
{ "type": "Feature", "properties": { "layer": "LDZOFBB001", "code": "→EK" }, "geometry": { "type": "Point", "coordinates": [ 470811.950747554190457, 4408500.782799121923745 ] } },
{ "type": "Feature", "properties": { "layer": "LDZOFBB001", "code": "→J↓1→k" }, "geometry": { "type": "Point", "coordinates": [ 485392.420934489928186, 4407573.167078219354153 ] } },
{ "type": "Feature", "properties": { "layer": "LDZOFBB001", "code": "→J↓1→k" }, "geometry": { "type": "Point", "coordinates": [ 480575.255002883670386, 4407731.007985988631845 ] } },
{ "type": "Feature", "properties": { "layer": "LDZOFBB001", "code": "→J↓1→k" }, "geometry": { "type": "Point", "coordinates": [ 476436.858177100773901, 4409610.773336566053331 ] } },
{ "type": "Feature", "properties": { "layer": "LDZOFBB001", "code": "→J↓1→k" }, "geometry": { "type": "Point", "coordinates": [ 473437.252043387736194, 4411041.257952446117997 ] } },
{ "type": "Feature", "properties": { "layer": "LDZOFBB001", "code": "→J↓1→k" }, "geometry": { "type": "Point", "coordinates": [ 484097.224243267613929, 4417051.193061808124185 ] } },
{ "type": "Feature", "properties": { "layer": "LDZOFBB001", "code": "→J↓1→k" }, "geometry": { "type": "Point", "coordinates": [ 492098.517522852751426, 4420638.590247165411711 ] } },
{ "type": "Feature", "properties": { "layer": "LDZOFBB001", "code": "→J↓1→k" }, "geometry": { "type": "Point", "coordinates": [ 479839.333068192237988, 4427256.77165044285357 ] } },
{ "type": "Feature", "properties": { "layer": "LDZOFBB001", "code": "→J↓1→k" }, "geometry": { "type": "Point", "coordinates": [ 480894.778870187117718, 4427813.908015321008861 ] } },
{ "type": "Feature", "properties": { "layer": "LDZOFBB001", "code": "→J↓1→k" }, "geometry": { "type": "Point", "coordinates": [ 494423.517118106829002, 4407097.295543016865849 ] } },
{ "type": "Feature", "properties": { "layer": "LDZOFBB001", "code": "→J↓1→k" }, "geometry": { "type": "Point", "coordinates": [ 488357.244444810319692, 4408113.898541769012809 ] } },
{ "type": "Feature", "properties": { "layer": "LDZOFBB001", "code": "→J↓1→k" }, "geometry": { "type": "Point", "coordinates": [ 499944.819705620349851, 4413482.848535584285855 ] } },
{ "type": "Feature", "properties": { "layer": "LDZOFBB001", "code": "→J↓1→k" }, "geometry": { "type": "Point", "coordinates": [ 491416.462008834583685, 4427794.838024606928229 ] } },
{ "type": "Feature", "properties": { "layer": "LDZOFBB001", "code": "→J↓1→sh" }, "geometry": { "type": "Point", "coordinates": [ 477525.054325615637936, 4409747.707225552760065 ] } },
{ "type": "Feature", "properties": { "layer": "LDZOFBB001", "code": "→J↓1→sh" }, "geometry": { "type": "Point", "coordinates": [ 490817.320280346786603, 4410785.781018665060401 ] } },
{ "type": "Feature", "properties": { "layer": "LDZOFBB001", "code": "→J↓1→sh" }, "geometry": { "type": "Point", "coordinates": [ 473982.229833340737969, 4411561.012465507723391 ] } },
{ "type": "Feature", "properties": { "layer": "LDZOFBB001", "code": "→J↓1→sh" }, "geometry": { "type": "Point", "coordinates": [ 481451.708651693537831, 4416995.236313093453646 ] } },
{ "type": "Feature", "properties": { "layer": "LDZOFBB001", "code": "→J↓1→sh" }, "geometry": { "type": "Point", "coordinates": [ 487240.255462744506076, 4423403.559645476751029 ] } },
{ "type": "Feature", "properties": { "layer": "LDZOFBB001", "code": "→J↓1→sh" }, "geometry": { "type": "Point", "coordinates": [ 478656.955577180720866, 4427232.295150723308325 ] } },
{ "type": "Feature", "properties": { "layer": "LDZOFBB001", "code": "→J↓1→sh" }, "geometry": { "type": "Point", "coordinates": [ 481224.407311117858626, 4427630.243931924924254 ] } },
{ "type": "Feature", "properties": { "layer": "LDZOFBB001", "code": "→J↓1→sh" }, "geometry": { "type": "Point", "coordinates": [ 486541.096119908499531, 4427801.867178755812347 ] } },
{ "type": "Feature", "properties": { "layer": "LDZOFBB001", "code": "→J↓1→sh" }, "geometry": { "type": "Point", "coordinates": [ 479157.988687279634178, 4427818.454603375867009 ] } },
{ "type": "Feature", "properties": { "layer": "LDZOFBB001", "code": "→J↓1→sh" }, "geometry": { "type": "Point", "coordinates": [ 499944.819723826192785, 4406865.015358128584921 ] } },
{ "type": "Feature", "properties": { "layer": "LDZOFBB001", "code": "→J↓1→sh" }, "geometry": { "type": "Point", "coordinates": [ 499385.183876311173663, 4408022.716256354004145 ] } },
{ "type": "Feature", "properties": { "layer": "LDZOFBB001", "code": "→J↓1→sh" }, "geometry": { "type": "Point", "coordinates": [ 497547.849769686697982, 4408369.67453533038497 ] } },
{ "type": "Feature", "properties": { "layer": "LDZOFBB001", "code": "→J↓1→sh" }, "geometry": { "type": "Point", "coordinates": [ 498960.489889001939446, 4409370.687374166212976 ] } },
{ "type": "Feature", "properties": { "layer": "LDZOFBB001", "code": "→J↓1→sh" }, "geometry": { "type": "Point", "coordinates": [ 499944.819715288700536, 4409969.412951757200062 ] } },
{ "type": "Feature", "properties": { "layer": "LDZOFBB001", "code": "→J↓1→sh" }, "geometry": { "type": "Point", "coordinates": [ 498987.767049645539373, 4412870.83428190741688 ] } },
{ "type": "Feature", "properties": { "layer": "LDZOFBB001", "code": "→J↓1→sh" }, "geometry": { "type": "Point", "coordinates": [ 494755.381796593428589, 4415895.196106817573309 ] } },
{ "type": "Feature", "properties": { "layer": "LDZOFBB001", "code": "→J↓1→sh" }, "geometry": { "type": "Point", "coordinates": [ 493743.678380812518299, 4416766.00757691450417 ] } },
{ "type": "Feature", "properties": { "layer": "LDZOFBB001", "code": "→J↓2→t" }, "geometry": { "type": "Point", "coordinates": [ 459280.253062602714635, 4427505.511488575488329 ] } },
{ "type": "Feature", "properties": { "layer": "LDZOFBB001", "code": "→J↓2→t" }, "geometry": { "type": "Point", "coordinates": [ 457685.960924190818332, 4427907.412598671391606 ] } },
{ "type": "Feature", "properties": { "layer": "LDZOFBB001", "code": "→J↓2→y" }, "geometry": { "type": "Point", "coordinates": [ 499944.819736281235237, 4402333.335394178517163 ] } },
{ "type": "Feature", "properties": { "layer": "LDZOFBB001", "code": "→J↓2→y" }, "geometry": { "type": "Point", "coordinates": [ 494166.847056490252726, 4404835.109373574145138 ] } },
{ "type": "Feature", "properties": { "layer": "LDZOFBB001", "code": "→J↓2→y" }, "geometry": { "type": "Point", "coordinates": [ 484707.35909467714373, 4407090.223137844353914 ] } },
{ "type": "Feature", "properties": { "layer": "LDZOFBB001", "code": "→J↓2→y" }, "geometry": { "type": "Point", "coordinates": [ 488294.912378332286607, 4407263.494866267777979 ] } },
{ "type": "Feature", "properties": { "layer": "LDZOFBB001", "code": "→J↓2→y" }, "geometry": { "type": "Point", "coordinates": [ 492821.538837691070512, 4420917.968621948733926 ] } },
{ "type": "Feature", "properties": { "layer": "LDZOFBB001", "code": "→J↓2→y" }, "geometry": { "type": "Point", "coordinates": [ 491158.654599349945784, 4421901.003717251121998 ] } },
{ "type": "Feature", "properties": { "layer": "LDZOFBB001", "code": "→J↓2→y" }, "geometry": { "type": "Point", "coordinates": [ 496149.011754688224755, 4422895.770016170106828 ] } },
{ "type": "Feature", "properties": { "layer": "LDZOFBB001", "code": "→J↓3→kz" }, "geometry": { "type": "Point", "coordinates": [ 496298.459792684298009, 4350236.681431306526065 ] } },
{ "type": "Feature", "properties": { "layer": "LDZOFBB001", "code": "→J↓3→kz" }, "geometry": { "type": "Point", "coordinates": [ 474566.299357521755155, 4352814.563847297802567 ] } },
{ "type": "Feature", "properties": { "layer": "LDZOFBB001", "code": "→J↓3→kz" }, "geometry": { "type": "Point", "coordinates": [ 476818.07999577850569, 4352947.449216399341822 ] } },
{ "type": "Feature", "properties": { "layer": "LDZOFBB001", "code": "→J↓3→kz" }, "geometry": { "type": "Point", "coordinates": [ 491883.018679291650187, 4353796.275342555716634 ] } },
{ "type": "Feature", "properties": { "layer": "LDZOFBB001", "code": "→J↓3→kz" }, "geometry": { "type": "Point", "coordinates": [ 468924.911063301318791, 4354115.844381893053651 ] } },
{ "type": "Feature", "properties": { "layer": "LDZOFBB001", "code": "→J↓3→kz" }, "geometry": { "type": "Point", "coordinates": [ 449631.498496490006801, 4413715.259147793054581 ] } },
{ "type": "Feature", "properties": { "layer": "LDZOFBB001", "code": "→J↓3→kz" }, "geometry": { "type": "Point", "coordinates": [ 442985.047342962003313, 4421254.65439666993916 ] } },
{ "type": "Feature", "properties": { "layer": "LDZOFBB001", "code": "→K↓1→kz" }, "geometry": { "type": "Point", "coordinates": [ 457390.594983060378581, 4357170.894583944231272 ] } },
{ "type": "Feature", "properties": { "layer": "LDZOFBB001", "code": "→K↓1→kz" }, "geometry": { "type": "Point", "coordinates": [ 414303.166688100027386, 4358628.140722719952464 ] } },
{ "type": "Feature", "properties": { "layer": "LDZOFBB001", "code": "→K↓1→kz" }, "geometry": { "type": "Point", "coordinates": [ 458200.385787617007736, 4359220.213944693095982 ] } },
{ "type": "Feature", "properties": { "layer": "LDZOFBB001", "code": "→K↓1→kz" }, "geometry": { "type": "Point", "coordinates": [ 422897.912033398053609, 4382335.796330476179719 ] } },
{ "type": "Feature", "properties": { "layer": "LDZOFBB001", "code": "→K↓1→kz" }, "geometry": { "type": "Point", "coordinates": [ 410336.511749879224226, 4393588.843836316838861 ] } },
{ "type": "Feature", "properties": { "layer": "LDZOFBB001", "code": "→K↓1→kz" }, "geometry": { "type": "Point", "coordinates": [ 415890.333490762161091, 4400152.287298209965229 ] } },
{ "type": "Feature", "properties": { "layer": "LDZOFBB001", "code": "→K↓1→kz" }, "geometry": { "type": "Point", "coordinates": [ 420651.110245569958352, 4402668.166485398076475 ] } },
{ "type": "Feature", "properties": { "layer": "LDZOFBB001", "code": "→K↓1→kz" }, "geometry": { "type": "Point", "coordinates": [ 448243.191245338995941, 4413690.02650339435786 ] } },
{ "type": "Feature", "properties": { "layer": "LDZOFBB001", "code": "→K↓1→kz" }, "geometry": { "type": "Point", "coordinates": [ 441794.894049424212426, 4420096.384897403419018 ] } },
{ "type": "Feature", "properties": { "layer": "LDZOFBB001", "code": "→K↓1→kz" }, "geometry": { "type": "Point", "coordinates": [ 432805.590655764332041, 4418003.841910324990749 ] } },
{ "type": "Feature", "properties": { "layer": "LDZOFBB001", "code": "→K↓1→kz" }, "geometry": { "type": "Point", "coordinates": [ 438191.610210661950987, 4418641.858285815455019 ] } },
{ "type": "Feature", "properties": { "layer": "LDZOFBB001", "code": "→K↓1→kz" }, "geometry": { "type": "Point", "coordinates": [ 439940.735183750861324, 4420601.595513839274645 ] } },
{ "type": "Feature", "properties": { "layer": "LDZOFBB001", "code": "→K↓1→kz" }, "geometry": { "type": "Point", "coordinates": [ 436175.582658221595921, 4426908.670592252165079 ] } },
{ "type": "Feature", "properties": { "layer": "LDZOFBB001", "code": "→K↓1→kz" }, "geometry": { "type": "Point", "coordinates": [ 437436.251910032355227, 4428046.830002307891846 ] } },
{ "type": "Feature", "properties": { "layer": "LDZOFBB001", "code": "→K↓1→kz" }, "geometry": { "type": "Point", "coordinates": [ 474855.589634330477566, 4354387.082155467942357 ] } },
{ "type": "Feature", "properties": { "layer": "LDZOFBB001", "code": "→K↓1→kz" }, "geometry": { "type": "Point", "coordinates": [ 469868.464978794683702, 4354894.061080290004611 ] } },
{ "type": "Feature", "properties": { "layer": "LDZOFBB001", "code": "→K↓1→kz" }, "geometry": { "type": "Point", "coordinates": [ 472946.573732909979299, 4356017.072415936738253 ] } },
{ "type": "Feature", "properties": { "layer": "LDZOFBB001", "code": "→K↓1→kz" }, "geometry": { "type": "Point", "coordinates": [ 459769.505150134966243, 4357620.976081961765885 ] } },
{ "type": "Feature", "properties": { "layer": "LDZOFBB001", "code": "→K↓1→kz" }, "geometry": { "type": "Point", "coordinates": [ 460558.974760499666445, 4358289.773752022534609 ] } },
{ "type": "Feature", "properties": { "layer": "LDZOFBB001", "code": "→K↓1→kz" }, "geometry": { "type": "Point", "coordinates": [ 459878.109784650732763, 4359097.414253320544958 ] } },
{ "type": "Feature", "properties": { "layer": "LDZOFBB001", "code": "→K↓1→kz" }, "geometry": { "type": "Point", "coordinates": [ 479803.485672725713812, 4407745.630924351513386 ] } },
{ "type": "Feature", "properties": { "layer": "LDZOFBB001", "code": "→K↓1→kz" }, "geometry": { "type": "Point", "coordinates": [ 475204.963421225431375, 4409472.554608449339867 ] } },
{ "type": "Feature", "properties": { "layer": "LDZOFBB001", "code": "→K↓1→kz" }, "geometry": { "type": "Point", "coordinates": [ 472544.059636854217388, 4410841.333625281229615 ] } },
{ "type": "Feature", "properties": { "layer": "LDZOFBB001", "code": "→K↓1→kz" }, "geometry": { "type": "Point", "coordinates": [ 459008.528263272542972, 4411696.207410987466574 ] } },
{ "type": "Feature", "properties": { "layer": "LDZOFBB001", "code": "→K↓1→kz" }, "geometry": { "type": "Point", "coordinates": [ 466732.60039266536478, 4412445.408688871189952 ] } },
{ "type": "Feature", "properties": { "layer": "LDZOFBB001", "code": "→K↓1→kz" }, "geometry": { "type": "Point", "coordinates": [ 459840.941149207996204, 4412555.335612710565329 ] } },
{ "type": "Feature", "properties": { "layer": "LDZOFBB001", "code": "→K↓1→kz" }, "geometry": { "type": "Point", "coordinates": [ 460158.515282141393982, 4414480.433631116524339 ] } },
{ "type": "Feature", "properties": { "layer": "LDZOFBB001", "code": "→K↓1→kz" }, "geometry": { "type": "Point", "coordinates": [ 460536.236719284323044, 4415638.779408918693662 ] } },
{ "type": "Feature", "properties": { "layer": "LDZOFBB001", "code": "→K↓1→kz" }, "geometry": { "type": "Point", "coordinates": [ 497293.543461742054205, 4350575.621586870402098 ] } },
{ "type": "Feature", "properties": { "layer": "LDZOFBB001", "code": "→K↓1→kz" }, "geometry": { "type": "Point", "coordinates": [ 492597.761658105126116, 4354295.594647998921573 ] } },
{ "type": "Feature", "properties": { "layer": "LDZOFBB001", "code": "→K↓1→kz" }, "geometry": { "type": "Point", "coordinates": [ 490566.547894438030198, 4385152.421053592115641 ] } },
{ "type": "Feature", "properties": { "layer": "LDZOFBB001", "code": "→K↓1→kz" }, "geometry": { "type": "Point", "coordinates": [ 490351.255955324973911, 4385478.174893620423973 ] } },
{ "type": "Feature", "properties": { "layer": "LDZOFBB001", "code": "→K↓1→kz" }, "geometry": { "type": "Point", "coordinates": [ 499944.819778486620635, 4386948.968830195255578 ] } },
{ "type": "Feature", "properties": { "layer": "LDZOFBB001", "code": "→K↓1→kz" }, "geometry": { "type": "Point", "coordinates": [ 498918.510543859447353, 4387796.602095594629645 ] } },
{ "type": "Feature", "properties": { "layer": "LDZOFBB001", "code": "→K↓1→kz" }, "geometry": { "type": "Point", "coordinates": [ 499744.651444339309819, 4393931.053352235816419 ] } },
{ "type": "Feature", "properties": { "layer": "LDZOFBB001", "code": "→K↓1→kz" }, "geometry": { "type": "Point", "coordinates": [ 499262.484476533019915, 4395659.109415713697672 ] } },
{ "type": "Feature", "properties": { "layer": "LDZOFBB001", "code": "→K↓1→kz" }, "geometry": { "type": "Point", "coordinates": [ 499944.81974228436593, 4400147.619459414854646 ] } },
{ "type": "Feature", "properties": { "layer": "LDZOFBB001", "code": "→K↓1→kz" }, "geometry": { "type": "Point", "coordinates": [ 496399.131220040144399, 4403626.406557146459818 ] } },
{ "type": "Feature", "properties": { "layer": "LDZOFBB001", "code": "→K↓1→kz" }, "geometry": { "type": "Point", "coordinates": [ 487684.550517099909484, 4405838.041063484735787 ] } },
{ "type": "Feature", "properties": { "layer": "LDZOFBB001", "code": "→K↓1→kz" }, "geometry": { "type": "Point", "coordinates": [ 484984.983880139887333, 4406143.176486251875758 ] } },
{ "type": "Feature", "properties": { "layer": "LDZOFBB001", "code": "→K↓1→kz" }, "geometry": { "type": "Point", "coordinates": [ 482885.048017139080912, 4406684.731082567945123 ] } },
{ "type": "Feature", "properties": { "layer": "LDZOFBB001", "code": "→K↓2→Y" }, "geometry": { "type": "Point", "coordinates": [ 469289.004097920609638, 4357401.598711788654327 ] } },
{ "type": "Feature", "properties": { "layer": "LDZOFBB001", "code": "→K↓2→Y" }, "geometry": { "type": "Point", "coordinates": [ 458714.128437752602622, 4358186.40571016445756 ] } },
{ "type": "Feature", "properties": { "layer": "LDZOFBB001", "code": "→K↓2→Y" }, "geometry": { "type": "Point", "coordinates": [ 414503.884673683322035, 4375702.197100369259715 ] } },
{ "type": "Feature", "properties": { "layer": "LDZOFBB001", "code": "→K↓2→Y" }, "geometry": { "type": "Point", "coordinates": [ 426734.629404917184729, 4384273.803157599642873 ] } },
{ "type": "Feature", "properties": { "layer": "LDZOFBB001", "code": "→K↓2→Y" }, "geometry": { "type": "Point", "coordinates": [ 410097.893143976689316, 4394795.770963819697499 ] } },
{ "type": "Feature", "properties": { "layer": "LDZOFBB001", "code": "→K↓2→Y" }, "geometry": { "type": "Point", "coordinates": [ 414682.428424481244292, 4400313.544592205435038 ] } },
{ "type": "Feature", "properties": { "layer": "LDZOFBB001", "code": "→K↓2→Y" }, "geometry": { "type": "Point", "coordinates": [ 416093.381175654765684, 4403471.704983229748905 ] } },
{ "type": "Feature", "properties": { "layer": "LDZOFBB001", "code": "→K↓2→Y" }, "geometry": { "type": "Point", "coordinates": [ 467996.044941695581656, 4410736.177267987281084 ] } },
{ "type": "Feature", "properties": { "layer": "LDZOFBB001", "code": "→K↓2→Y" }, "geometry": { "type": "Point", "coordinates": [ 456483.135960683575831, 4410857.189984024502337 ] } },
{ "type": "Feature", "properties": { "layer": "LDZOFBB001", "code": "→K↓2→Y" }, "geometry": { "type": "Point", "coordinates": [ 458316.725815834361129, 4411046.301688846200705 ] } },
{ "type": "Feature", "properties": { "layer": "LDZOFBB001", "code": "→K↓2→Y" }, "geometry": { "type": "Point", "coordinates": [ 446650.931685238261707, 4412371.1493717469275 ] } },
{ "type": "Feature", "properties": { "layer": "LDZOFBB001", "code": "→K↓2→Y" }, "geometry": { "type": "Point", "coordinates": [ 462751.126390177872963, 4412884.09926123265177 ] } },
{ "type": "Feature", "properties": { "layer": "LDZOFBB001", "code": "→K↓2→Y" }, "geometry": { "type": "Point", "coordinates": [ 441888.167322786175646, 4416773.084964912384748 ] } },
{ "type": "Feature", "properties": { "layer": "LDZOFBB001", "code": "→K↓2→Y" }, "geometry": { "type": "Point", "coordinates": [ 433389.354851807584055, 4416806.115448168478906 ] } },
{ "type": "Feature", "properties": { "layer": "LDZOFBB001", "code": "→K↓2→Y" }, "geometry": { "type": "Point", "coordinates": [ 437759.036793624865822, 4417829.686878747306764 ] } },
{ "type": "Feature", "properties": { "layer": "LDZOFBB001", "code": "→K↓2→Y" }, "geometry": { "type": "Point", "coordinates": [ 440689.308930849656463, 4418379.263161983340979 ] } },
{ "type": "Feature", "properties": { "layer": "LDZOFBB001", "code": "→K↓2→Y" }, "geometry": { "type": "Point", "coordinates": [ 441129.398848422802985, 4421789.660290451720357 ] } },
{ "type": "Feature", "properties": { "layer": "LDZOFBB001", "code": "→K↓2→Y" }, "geometry": { "type": "Point", "coordinates": [ 499944.819878169626463, 4350443.828017269261181 ] } },
{ "type": "Feature", "properties": { "layer": "LDZOFBB001", "code": "→K↓2→Y" }, "geometry": { "type": "Point", "coordinates": [ 499609.329433373757638, 4351115.18509629368782 ] } },
{ "type": "Feature", "properties": { "layer": "LDZOFBB001", "code": "→K↓2→Y" }, "geometry": { "type": "Point", "coordinates": [ 494849.217950195423327, 4354583.986646031029522 ] } },
{ "type": "Feature", "properties": { "layer": "LDZOFBB001", "code": "→K↓2→Y" }, "geometry": { "type": "Point", "coordinates": [ 473275.144005149486475, 4354866.133372225798666 ] } },
{ "type": "Feature", "properties": { "layer": "LDZOFBB001", "code": "→K↓2→Y" }, "geometry": { "type": "Point", "coordinates": [ 471895.151520999497734, 4356311.425844345241785 ] } },
{ "type": "Feature", "properties": { "layer": "LDZOFBB001", "code": "→K↓2→Y" }, "geometry": { "type": "Point", "coordinates": [ 475870.06372923636809, 4356369.377669211477041 ] } },
{ "type": "Feature", "properties": { "layer": "LDZOFBB001", "code": "→K↓2→Y" }, "geometry": { "type": "Point", "coordinates": [ 489041.208866874745581, 4385641.270117659121752 ] } },
{ "type": "Feature", "properties": { "layer": "LDZOFBB001", "code": "→K↓2→Y" }, "geometry": { "type": "Point", "coordinates": [ 497081.890076124866027, 4388118.915919912979007 ] } },
{ "type": "Feature", "properties": { "layer": "LDZOFBB001", "code": "→K↓2→Y" }, "geometry": { "type": "Point", "coordinates": [ 486571.927153457771055, 4388408.903114755637944 ] } },
{ "type": "Feature", "properties": { "layer": "LDZOFBB001", "code": "→K↓2→Y" }, "geometry": { "type": "Point", "coordinates": [ 499900.904086771421134, 4398530.496527336537838 ] } },
{ "type": "Feature", "properties": { "layer": "LDZOFBB001", "code": "→K↓2→Y" }, "geometry": { "type": "Point", "coordinates": [ 489408.124843140598387, 4402814.183616010472178 ] } },
{ "type": "Feature", "properties": { "layer": "LDZOFBB001", "code": "→K↓2→Y" }, "geometry": { "type": "Point", "coordinates": [ 485078.349882948677987, 4405149.638267713598907 ] } },
{ "type": "Feature", "properties": { "layer": "LDZOFBB001", "code": "→K↓2→Y" }, "geometry": { "type": "Point", "coordinates": [ 482568.895356304594316, 4405681.262074334546924 ] } },
{ "type": "Feature", "properties": { "layer": "LDZOFBB001", "code": "→K↓2→Y" }, "geometry": { "type": "Point", "coordinates": [ 478460.421397920814343, 4406311.970209116116166 ] } },
{ "type": "Feature", "properties": { "layer": "LDZOFBB001", "code": "→K↓2→Y" }, "geometry": { "type": "Point", "coordinates": [ 473191.738778092432767, 4408036.352148913778365 ] } },
{ "type": "Feature", "properties": { "layer": "LDZOFBB001", "code": "→K↓2→Y" }, "geometry": { "type": "Point", "coordinates": [ 470109.638812291086651, 4409647.581077180802822 ] } },
{ "type": "Feature", "properties": { "layer": "LDZOFBB001", "code": "→N↓1→a" }, "geometry": { "type": "Point", "coordinates": [ 429288.198237129021436, 4369460.701908573508263 ] } },
{ "type": "Feature", "properties": { "layer": "LDZOFBB001", "code": "→N↓1→a" }, "geometry": { "type": "Point", "coordinates": [ 467034.249603561242111, 4374360.078437165357172 ] } },
{ "type": "Feature", "properties": { "layer": "LDZOFBB001", "code": "→N↓1→a" }, "geometry": { "type": "Point", "coordinates": [ 447498.487346262438223, 4374516.977220759727061 ] } },
{ "type": "Feature", "properties": { "layer": "LDZOFBB001", "code": "→N↓1→a" }, "geometry": { "type": "Point", "coordinates": [ 455000.401068655308336, 4376487.073552650399506 ] } },
{ "type": "Feature", "properties": { "layer": "LDZOFBB001", "code": "→N↓1→a" }, "geometry": { "type": "Point", "coordinates": [ 436251.5176363295177, 4380239.298692880198359 ] } },
{ "type": "Feature", "properties": { "layer": "LDZOFBB001", "code": "→N↓1→a" }, "geometry": { "type": "Point", "coordinates": [ 453893.105429052491672, 4385398.601201705634594 ] } },
{ "type": "Feature", "properties": { "layer": "LDZOFBB001", "code": "→N↓1→a" }, "geometry": { "type": "Point", "coordinates": [ 459468.91059464996215, 4387796.681062259711325 ] } },
{ "type": "Feature", "properties": { "layer": "LDZOFBB001", "code": "→N↓1→a" }, "geometry": { "type": "Point", "coordinates": [ 456138.510409142181743, 4390204.675983957014978 ] } },
{ "type": "Feature", "properties": { "layer": "LDZOFBB001", "code": "→N↓1→a" }, "geometry": { "type": "Point", "coordinates": [ 431469.38038640038576, 4391761.805754393339157 ] } },
{ "type": "Feature", "properties": { "layer": "LDZOFBB001", "code": "→N↓1→a" }, "geometry": { "type": "Point", "coordinates": [ 428274.056484444998205, 4394675.319317189976573 ] } },
{ "type": "Feature", "properties": { "layer": "LDZOFBB001", "code": "→N↓1→a" }, "geometry": { "type": "Point", "coordinates": [ 455526.854947344341781, 4397895.114684470929205 ] } },
{ "type": "Feature", "properties": { "layer": "LDZOFBB001", "code": "→N↓1→a" }, "geometry": { "type": "Point", "coordinates": [ 444495.636830178496893, 4409392.019249618053436 ] } },
{ "type": "Feature", "properties": { "layer": "LDZOFBB001", "code": "→N↓1→a" }, "geometry": { "type": "Point", "coordinates": [ 441967.315455194271635, 4413434.524174438789487 ] } },
{ "type": "Feature", "properties": { "layer": "LDZOFBB001", "code": "→N↓1→a" }, "geometry": { "type": "Point", "coordinates": [ 489893.325394697196316, 4361482.733606241643429 ] } },
{ "type": "Feature", "properties": { "layer": "LDZOFBB001", "code": "→N↓1→a" }, "geometry": { "type": "Point", "coordinates": [ 471844.799475827778224, 4371578.29659322835505 ] } },
{ "type": "Feature", "properties": { "layer": "LDZOFBB001", "code": "→N↓1→a" }, "geometry": { "type": "Point", "coordinates": [ 499934.704500684980303, 4373695.123247880488634 ] } },
{ "type": "Feature", "properties": { "layer": "LDZOFBB001", "code": "→N↓1→a" }, "geometry": { "type": "Point", "coordinates": [ 484122.848658937960863, 4386211.216549270786345 ] } },
{ "type": "Feature", "properties": { "layer": "LDZOFBB001", "code": "→N↓1→a" }, "geometry": { "type": "Point", "coordinates": [ 479459.720239740912803, 4387939.83553955797106 ] } },
{ "type": "Feature", "properties": { "layer": "LDZOFBB001", "code": "→N↓1→a" }, "geometry": { "type": "Point", "coordinates": [ 490411.343922515632585, 4389664.191026648506522 ] } },
{ "type": "Feature", "properties": { "layer": "LDZOFBB001", "code": "→N↓1→a" }, "geometry": { "type": "Point", "coordinates": [ 497791.46248316555284, 4391187.451455879956484 ] } },
{ "type": "Feature", "properties": { "layer": "LDZOFBB001", "code": "→N↓1→a" }, "geometry": { "type": "Point", "coordinates": [ 482136.393766298599076, 4394725.448384247720242 ] } },
{ "type": "Feature", "properties": { "layer": "LDZOFBB001", "code": "→N↓1→a" }, "geometry": { "type": "Point", "coordinates": [ 473205.736928292200901, 4395200.094579682685435 ] } },
{ "type": "Feature", "properties": { "layer": "LDZOFBB001", "code": "→N↓1→a" }, "geometry": { "type": "Point", "coordinates": [ 493352.787956365151331, 4397859.706748613156378 ] } },
{ "type": "Feature", "properties": { "layer": "LDZOFBB001", "code": "→N↓1→a" }, "geometry": { "type": "Point", "coordinates": [ 473991.837041144433897, 4401253.339262720197439 ] } },
{ "type": "Feature", "properties": { "layer": "LDZOFBB001", "code": "→N↓1→a" }, "geometry": { "type": "Point", "coordinates": [ 478936.052390213590115, 4403074.710985959507525 ] } },
{ "type": "Feature", "properties": { "layer": "LDZOFBB001", "code": "→N↓1→a" }, "geometry": { "type": "Point", "coordinates": [ 485351.534330678987317, 4403665.267075471580029 ] } },
{ "type": "Feature", "properties": { "layer": "LDZOFBB001", "code": "→N↓1→a" }, "geometry": { "type": "Point", "coordinates": [ 482543.420921368175186, 4403919.771807154640555 ] } },
{ "type": "Feature", "properties": { "layer": "LDZOFBB001", "code": "→N↓1→a" }, "geometry": { "type": "Point", "coordinates": [ 460505.661679182318039, 4409454.099148690700531 ] } },
{ "type": "Feature", "properties": { "layer": "LDZOFBB001", "code": "→N↓1→k" }, "geometry": { "type": "Point", "coordinates": [ 376090.782100085751154, 4357633.452624417841434 ] } },
{ "type": "Feature", "properties": { "layer": "LDZOFBB001", "code": "→N↓1→k" }, "geometry": { "type": "Point", "coordinates": [ 370743.159063161234371, 4359725.038784855976701 ] } },
{ "type": "Feature", "properties": { "layer": "LDZOFBB001", "code": "→N↓1→k" }, "geometry": { "type": "Point", "coordinates": [ 402774.223429215257056, 4360277.33558134175837 ] } },
{ "type": "Feature", "properties": { "layer": "LDZOFBB001", "code": "→N↓1→k" }, "geometry": { "type": "Point", "coordinates": [ 380321.635334669495933, 4364824.936047540977597 ] } },
{ "type": "Feature", "properties": { "layer": "LDZOFBB001", "code": "→N↓1→k" }, "geometry": { "type": "Point", "coordinates": [ 432171.140488304197788, 4367390.760828743688762 ] } },
{ "type": "Feature", "properties": { "layer": "LDZOFBB001", "code": "→N↓1→k" }, "geometry": { "type": "Point", "coordinates": [ 414397.163899402192328, 4369139.091867132112384 ] } },
{ "type": "Feature", "properties": { "layer": "LDZOFBB001", "code": "→N↓1→k" }, "geometry": { "type": "Point", "coordinates": [ 427940.012595264415722, 4370997.027165077626705 ] } },
{ "type": "Feature", "properties": { "layer": "LDZOFBB001", "code": "→N↓1→k" }, "geometry": { "type": "Point", "coordinates": [ 440284.345917189260945, 4371484.280581111088395 ] } },
{ "type": "Feature", "properties": { "layer": "LDZOFBB001", "code": "→N↓1→k" }, "geometry": { "type": "Point", "coordinates": [ 411007.912493053241633, 4378766.655355842784047 ] } },
{ "type": "Feature", "properties": { "layer": "LDZOFBB001", "code": "→N↓1→k" }, "geometry": { "type": "Point", "coordinates": [ 430530.492334737209603, 4379680.789074439555407 ] } },
{ "type": "Feature", "properties": { "layer": "LDZOFBB001", "code": "→N↓1→k" }, "geometry": { "type": "Point", "coordinates": [ 428088.942793250433169, 4387992.744732590392232 ] } },
{ "type": "Feature", "properties": { "layer": "LDZOFBB001", "code": "→N↓1→k" }, "geometry": { "type": "Point", "coordinates": [ 426983.104207879572641, 4392083.433178276754916 ] } },
{ "type": "Feature", "properties": { "layer": "LDZOFBB001", "code": "→N↓1→k" }, "geometry": { "type": "Point", "coordinates": [ 437982.389315467793494, 4392137.890015240758657 ] } },
{ "type": "Feature", "properties": { "layer": "LDZOFBB001", "code": "→N↓1→k" }, "geometry": { "type": "Point", "coordinates": [ 440369.68700982502196, 4415896.277925929054618 ] } },
{ "type": "Feature", "properties": { "layer": "LDZOFBB001", "code": "→N↓1→k" }, "geometry": { "type": "Point", "coordinates": [ 437178.5208313226467, 4417174.24448643065989 ] } },
{ "type": "Feature", "properties": { "layer": "LDZOFBB001", "code": "→N↓1→k" }, "geometry": { "type": "Point", "coordinates": [ 459400.215960830857512, 4375630.508405368775129 ] } },
{ "type": "Feature", "properties": { "layer": "LDZOFBB001", "code": "→N↓1→k" }, "geometry": { "type": "Point", "coordinates": [ 455360.345483839977533, 4386622.39805802423507 ] } },
{ "type": "Feature", "properties": { "layer": "LDZOFBB001", "code": "→N↓1→k" }, "geometry": { "type": "Point", "coordinates": [ 462364.693529420532286, 4387263.036149878054857 ] } },
{ "type": "Feature", "properties": { "layer": "LDZOFBB001", "code": "→N↓1→k" }, "geometry": { "type": "Point", "coordinates": [ 460969.294753968250006, 4387480.620774788782001 ] } },
{ "type": "Feature", "properties": { "layer": "LDZOFBB001", "code": "→N↓1→k" }, "geometry": { "type": "Point", "coordinates": [ 457156.789028874947689, 4387892.84098376519978 ] } },
{ "type": "Feature", "properties": { "layer": "LDZOFBB001", "code": "→N↓1→k" }, "geometry": { "type": "Point", "coordinates": [ 457490.122989108436741, 4390533.199588278308511 ] } },
{ "type": "Feature", "properties": { "layer": "LDZOFBB001", "code": "→N↓1→k" }, "geometry": { "type": "Point", "coordinates": [ 472599.110713984584436, 4397970.488896109163761 ] } },
{ "type": "Feature", "properties": { "layer": "LDZOFBB001", "code": "→N↓1→k" }, "geometry": { "type": "Point", "coordinates": [ 455289.892032555071637, 4397215.154519863426685 ] } },
{ "type": "Feature", "properties": { "layer": "LDZOFBB001", "code": "→N↓1→k" }, "geometry": { "type": "Point", "coordinates": [ 475986.12474069185555, 4397261.652264281176031 ] } },
{ "type": "Feature", "properties": { "layer": "LDZOFBB001", "code": "→N↓1→k" }, "geometry": { "type": "Point", "coordinates": [ 471807.667289270204492, 4406677.933501457795501 ] } },
{ "type": "Feature", "properties": { "layer": "LDZOFBB001", "code": "→N↓1→k" }, "geometry": { "type": "Point", "coordinates": [ 467225.015219425433315, 4406823.985979873687029 ] } },
{ "type": "Feature", "properties": { "layer": "LDZOFBB001", "code": "→N↓1→k" }, "geometry": { "type": "Point", "coordinates": [ 455394.863994394196197, 4409574.305682316422462 ] } },
{ "type": "Feature", "properties": { "layer": "LDZOFBB001", "code": "→N↓1→k" }, "geometry": { "type": "Point", "coordinates": [ 444716.79582101223059, 4410065.810122467577457 ] } },
{ "type": "Feature", "properties": { "layer": "LDZOFBB001", "code": "→N↓1→k" }, "geometry": { "type": "Point", "coordinates": [ 442743.807585894479416, 4412921.427517922595143 ] } },
{ "type": "Feature", "properties": { "layer": "LDZOFBB001", "code": "→N↓1→k" }, "geometry": { "type": "Point", "coordinates": [ 492725.329747612238862, 4362742.617686911486089 ] } },
{ "type": "Feature", "properties": { "layer": "LDZOFBB001", "code": "→N↓1→k" }, "geometry": { "type": "Point", "coordinates": [ 483168.563618756830692, 4366317.902537913993001 ] } },
{ "type": "Feature", "properties": { "layer": "LDZOFBB001", "code": "→N↓1→k" }, "geometry": { "type": "Point", "coordinates": [ 482952.692964846151881, 4387353.92227303981781 ] } },
{ "type": "Feature", "properties": { "layer": "LDZOFBB001", "code": "→N↓1→k" }, "geometry": { "type": "Point", "coordinates": [ 480368.731386944593396, 4388727.282220023684204 ] } },
{ "type": "Feature", "properties": { "layer": "LDZOFBB001", "code": "→N↓1→k" }, "geometry": { "type": "Point", "coordinates": [ 499944.8197717765579, 4389397.802558040246367 ] } },
{ "type": "Feature", "properties": { "layer": "LDZOFBB001", "code": "→N↓1→k" }, "geometry": { "type": "Point", "coordinates": [ 495074.007469138712622, 4391317.033571331761777 ] } },
{ "type": "Feature", "properties": { "layer": "LDZOFBB001", "code": "→N↓1→k" }, "geometry": { "type": "Point", "coordinates": [ 481674.526650883257389, 4393687.331283101812005 ] } },
{ "type": "Feature", "properties": { "layer": "LDZOFBB001", "code": "→N↓1→k" }, "geometry": { "type": "Point", "coordinates": [ 495009.803231588448398, 4394355.049174934625626 ] } },
{ "type": "Feature", "properties": { "layer": "LDZOFBB001", "code": "→N↓1→k" }, "geometry": { "type": "Point", "coordinates": [ 496320.370844875345938, 4398525.629666081629694 ] } },
{ "type": "Feature", "properties": { "layer": "LDZOFBB001", "code": "→N↓1→k" }, "geometry": { "type": "Point", "coordinates": [ 489873.115376183064654, 4401420.464635569602251 ] } },
{ "type": "Feature", "properties": { "layer": "LDZOFBB001", "code": "→N↓1→k" }, "geometry": { "type": "Point", "coordinates": [ 485259.552102628804278, 4404041.083780189976096 ] } },
{ "type": "Feature", "properties": { "layer": "LDZOFBB001", "code": "→N↓1→k" }, "geometry": { "type": "Point", "coordinates": [ 478812.733831593708601, 4404489.648547159507871 ] } },
{ "type": "Feature", "properties": { "layer": "LDZOFBB001", "code": "→N↓1→k" }, "geometry": { "type": "Point", "coordinates": [ 482435.750865977955982, 4404465.115091033279896 ] } },
{ "type": "Feature", "properties": { "layer": "LDZOFBB001", "code": "→N↓1→p" }, "geometry": { "type": "Point", "coordinates": [ 455421.688568794634193, 4364232.266810337081552 ] } },
{ "type": "Feature", "properties": { "layer": "LDZOFBB001", "code": "→N↓1→p" }, "geometry": { "type": "Point", "coordinates": [ 438124.038080791709945, 4364661.154451301321387 ] } },
{ "type": "Feature", "properties": { "layer": "LDZOFBB001", "code": "→N↓1→p" }, "geometry": { "type": "Point", "coordinates": [ 448199.038732767105103, 4364663.612767877057195 ] } },
{ "type": "Feature", "properties": { "layer": "LDZOFBB001", "code": "→N↓1→p" }, "geometry": { "type": "Point", "coordinates": [ 453847.581431412778329, 4364815.850269796326756 ] } },
{ "type": "Feature", "properties": { "layer": "LDZOFBB001", "code": "→N↓1→p" }, "geometry": { "type": "Point", "coordinates": [ 455706.302126932889223, 4365421.045173075050116 ] } },
{ "type": "Feature", "properties": { "layer": "LDZOFBB001", "code": "→N↓1→p" }, "geometry": { "type": "Point", "coordinates": [ 419033.637334815226495, 4389450.760007681325078 ] } },
{ "type": "Feature", "properties": { "layer": "LDZOFBB001", "code": "→N↓1→p" }, "geometry": { "type": "Point", "coordinates": [ 419604.26529489713721, 4391015.011413347907364 ] } },
{ "type": "Feature", "properties": { "layer": "LDZOFBB001", "code": "→N↓1→p" }, "geometry": { "type": "Point", "coordinates": [ 430532.81227693380788, 4391845.353530520573258 ] } },
{ "type": "Feature", "properties": { "layer": "LDZOFBB001", "code": "→N↓1→p" }, "geometry": { "type": "Point", "coordinates": [ 459816.577172137098387, 4393626.796602692455053 ] } },
{ "type": "Feature", "properties": { "layer": "LDZOFBB001", "code": "→N↓1→p" }, "geometry": { "type": "Point", "coordinates": [ 421679.142597680096515, 4393732.207039672881365 ] } },
{ "type": "Feature", "properties": { "layer": "LDZOFBB001", "code": "→N↓1→p" }, "geometry": { "type": "Point", "coordinates": [ 430488.11211547977291, 4397847.432630406692624 ] } },
{ "type": "Feature", "properties": { "layer": "LDZOFBB001", "code": "→N↓1→p" }, "geometry": { "type": "Point", "coordinates": [ 421958.950221706123557, 4403301.844785903580487 ] } },
{ "type": "Feature", "properties": { "layer": "LDZOFBB001", "code": "→N↓1→p" }, "geometry": { "type": "Point", "coordinates": [ 459519.078226967365481, 4408480.274426007643342 ] } },
{ "type": "Feature", "properties": { "layer": "LDZOFBB001", "code": "→N↓1→p" }, "geometry": { "type": "Point", "coordinates": [ 441414.300678101601079, 4412995.200056981295347 ] } },
{ "type": "Feature", "properties": { "layer": "LDZOFBB001", "code": "→N↓1→p" }, "geometry": { "type": "Point", "coordinates": [ 487195.575556930387393, 4358231.756513305939734 ] } },
{ "type": "Feature", "properties": { "layer": "LDZOFBB001", "code": "→N↓1→p" }, "geometry": { "type": "Point", "coordinates": [ 475208.908140021027066, 4363603.718081241473556 ] } },
{ "type": "Feature", "properties": { "layer": "LDZOFBB001", "code": "→N↓1→p" }, "geometry": { "type": "Point", "coordinates": [ 472319.201562577509321, 4371118.168124966323376 ] } },
{ "type": "Feature", "properties": { "layer": "LDZOFBB001", "code": "→N↓1→p" }, "geometry": { "type": "Point", "coordinates": [ 494777.703234431799501, 4370155.55815402045846 ] } },
{ "type": "Feature", "properties": { "layer": "LDZOFBB001", "code": "→N↓1→p" }, "geometry": { "type": "Point", "coordinates": [ 480646.123917416436598, 4386275.819538460113108 ] } },
{ "type": "Feature", "properties": { "layer": "LDZOFBB001", "code": "→N↓1→p" }, "geometry": { "type": "Point", "coordinates": [ 469800.395973588922061, 4393368.238443713635206 ] } },
{ "type": "Feature", "properties": { "layer": "LDZOFBB001", "code": "→N↓1→p" }, "geometry": { "type": "Point", "coordinates": [ 483132.731512399157509, 4397759.998164711520076 ] } },
{ "type": "Feature", "properties": { "layer": "LDZOFBB001", "code": "→N↓1→p" }, "geometry": { "type": "Point", "coordinates": [ 490379.874112717865501, 4399040.157160134986043 ] } },
{ "type": "Feature", "properties": { "layer": "LDZOFBB001", "code": "→N↓1→p" }, "geometry": { "type": "Point", "coordinates": [ 474724.99177820479963, 4402401.809516469947994 ] } },
{ "type": "Feature", "properties": { "layer": "LDZOFBB001", "code": "→N↓1→p" }, "geometry": { "type": "Point", "coordinates": [ 485103.636528022238053, 4403235.803131958469748 ] } },
{ "type": "Feature", "properties": { "layer": "LDZOFBB001", "code": "→N↓1→p" }, "geometry": { "type": "Point", "coordinates": [ 464841.202442137058824, 4406234.029639484360814 ] } },
{ "type": "Feature", "properties": { "layer": "LDZOFBB001", "code": "→N↓2→a" }, "geometry": { "type": "Point", "coordinates": [ 405178.415431467001326, 4359014.009797224774957 ] } },
{ "type": "Feature", "properties": { "layer": "LDZOFBB001", "code": "→N↓2→a" }, "geometry": { "type": "Point", "coordinates": [ 447271.741525090066716, 4361658.594730192795396 ] } },
{ "type": "Feature", "properties": { "layer": "LDZOFBB001", "code": "→N↓2→a" }, "geometry": { "type": "Point", "coordinates": [ 437947.501008191495202, 4362013.722437534481287 ] } },
{ "type": "Feature", "properties": { "layer": "LDZOFBB001", "code": "→N↓2→a" }, "geometry": { "type": "Point", "coordinates": [ 423262.310357794282027, 4362466.963237541727722 ] } },
{ "type": "Feature", "properties": { "layer": "LDZOFBB001", "code": "→N↓2→a" }, "geometry": { "type": "Point", "coordinates": [ 424812.598944096709602, 4397886.867467243224382 ] } },
{ "type": "Feature", "properties": { "layer": "LDZOFBB001", "code": "→N↓2→a" }, "geometry": { "type": "Point", "coordinates": [ 431312.193063657090534, 4401822.676855706609786 ] } },
{ "type": "Feature", "properties": { "layer": "LDZOFBB001", "code": "→N↓2→a" }, "geometry": { "type": "Point", "coordinates": [ 422787.410009206330869, 4404658.497360272333026 ] } },
{ "type": "Feature", "properties": { "layer": "LDZOFBB001", "code": "→N↓2→a" }, "geometry": { "type": "Point", "coordinates": [ 454470.390955849085003, 4404974.52271674759686 ] } },
{ "type": "Feature", "properties": { "layer": "LDZOFBB001", "code": "→N↓2→a" }, "geometry": { "type": "Point", "coordinates": [ 441668.441132100299001, 4410391.250155808404088 ] } },
{ "type": "Feature", "properties": { "layer": "LDZOFBB001", "code": "→N↓2→a" }, "geometry": { "type": "Point", "coordinates": [ 483926.196131139644422, 4356934.46266402117908 ] } },
{ "type": "Feature", "properties": { "layer": "LDZOFBB001", "code": "→N↓2→a" }, "geometry": { "type": "Point", "coordinates": [ 467271.65294650348369, 4358802.217471045441926 ] } },
{ "type": "Feature", "properties": { "layer": "LDZOFBB001", "code": "→N↓2→a" }, "geometry": { "type": "Point", "coordinates": [ 462441.996656177565455, 4358889.136093623936176 ] } },
{ "type": "Feature", "properties": { "layer": "LDZOFBB001", "code": "→N↓2→a" }, "geometry": { "type": "Point", "coordinates": [ 454554.977333343937062, 4360124.607248451560736 ] } },
{ "type": "Feature", "properties": { "layer": "LDZOFBB001", "code": "→N↓2→a" }, "geometry": { "type": "Point", "coordinates": [ 458005.294389123679139, 4360936.051720780320466 ] } },
{ "type": "Feature", "properties": { "layer": "LDZOFBB001", "code": "→N↓2→a" }, "geometry": { "type": "Point", "coordinates": [ 453950.78617178380955, 4361567.19740136153996 ] } },
{ "type": "Feature", "properties": { "layer": "LDZOFBB001", "code": "→N↓2→a" }, "geometry": { "type": "Point", "coordinates": [ 459202.18299896910321, 4405233.623990300111473 ] } },
{ "type": "Feature", "properties": { "layer": "LDZOFBB001", "code": "→N↓2→a" }, "geometry": { "type": "Point", "coordinates": [ 456764.647851353976876, 4407372.842060901224613 ] } },
{ "type": "Feature", "properties": { "layer": "LDZOFBB001", "code": "→N↓2→a" }, "geometry": { "type": "Point", "coordinates": [ 459873.105006780533586, 4407692.390968024730682 ] } },
{ "type": "Feature", "properties": { "layer": "LDZOFBB001", "code": "→P↓2→q" }, "geometry": { "type": "Point", "coordinates": [ 413763.114529043494258, 4352528.3289301302284 ] } },
{ "type": "Feature", "properties": { "layer": "LDZOFBB001", "code": "→P↓2→q" }, "geometry": { "type": "Point", "coordinates": [ 381260.775604655500501, 4352901.79091373924166 ] } },
{ "type": "Feature", "properties": { "layer": "LDZOFBB001", "code": "→P↓2→q" }, "geometry": { "type": "Point", "coordinates": [ 372651.939280419726856, 4353207.511523149907589 ] } },
{ "type": "Feature", "properties": { "layer": "LDZOFBB001", "code": "→P↓2→q" }, "geometry": { "type": "Point", "coordinates": [ 377545.443984824465588, 4353247.880482306703925 ] } },
{ "type": "Feature", "properties": { "layer": "LDZOFBB001", "code": "→P↓2→q" }, "geometry": { "type": "Point", "coordinates": [ 386766.813680073595606, 4353794.771065980195999 ] } },
{ "type": "Feature", "properties": { "layer": "LDZOFBB001", "code": "→P↓2→q" }, "geometry": { "type": "Point", "coordinates": [ 383659.671286449418403, 4354189.707867573015392 ] } },
{ "type": "Feature", "properties": { "layer": "LDZOFBB001", "code": "→P↓2→q" }, "geometry": { "type": "Point", "coordinates": [ 376226.268162888300139, 4355224.790913647040725 ] } },
{ "type": "Feature", "properties": { "layer": "LDZOFBB001", "code": "→P↓2→q" }, "geometry": { "type": "Point", "coordinates": [ 387798.886030972527806, 4356487.859636234119534 ] } },
{ "type": "Feature", "properties": { "layer": "LDZOFBB001", "code": "→P↓2→q" }, "geometry": { "type": "Point", "coordinates": [ 395537.232261956902221, 4356385.249679014086723 ] } },
{ "type": "Feature", "properties": { "layer": "LDZOFBB001", "code": "→P↓2→q" }, "geometry": { "type": "Point", "coordinates": [ 371147.735107735265046, 4356958.62718097306788 ] } },
{ "type": "Feature", "properties": { "layer": "LDZOFBB001", "code": "→P↓2→q" }, "geometry": { "type": "Point", "coordinates": [ 411566.026648756000213, 4357319.988966272212565 ] } },
{ "type": "Feature", "properties": { "layer": "LDZOFBB001", "code": "→P↓2→q" }, "geometry": { "type": "Point", "coordinates": [ 461772.044387274421751, 4347443.438782563433051 ] } },
{ "type": "Feature", "properties": { "layer": "LDZOFBB001", "code": "→P↓2→q" }, "geometry": { "type": "Point", "coordinates": [ 429591.065304831252433, 4347712.732577674090862 ] } },
{ "type": "Feature", "properties": { "layer": "LDZOFBB001", "code": "→P↓2→q" }, "geometry": { "type": "Point", "coordinates": [ 459340.444568879785948, 4347991.345545009709895 ] } },
{ "type": "Feature", "properties": { "layer": "LDZOFBB001", "code": "→P↓2→q" }, "geometry": { "type": "Point", "coordinates": [ 457796.339270716358442, 4349115.709837943315506 ] } },
{ "type": "Feature", "properties": { "layer": "LDZOFBB001", "code": "→P↓2→q" }, "geometry": { "type": "Point", "coordinates": [ 464825.662501224549487, 4348618.27080084849149 ] } },
{ "type": "Feature", "properties": { "layer": "LDZOFBB001", "code": "→P↓2→q" }, "geometry": { "type": "Point", "coordinates": [ 454210.563831473235041, 4350105.683395635336637 ] } },
{ "type": "Feature", "properties": { "layer": "LDZOFBB001", "code": "→P↓2→q" }, "geometry": { "type": "Point", "coordinates": [ 434695.813935384852812, 4349874.327025558799505 ] } },
{ "type": "Feature", "properties": { "layer": "LDZOFBB001", "code": "→P↓2→q" }, "geometry": { "type": "Point", "coordinates": [ 445210.463075675768778, 4350457.153853277675807 ] } },
{ "type": "Feature", "properties": { "layer": "LDZOFBB001", "code": "→P↓2→q" }, "geometry": { "type": "Point", "coordinates": [ 439013.152329811942764, 4350882.462083099409938 ] } },
{ "type": "Feature", "properties": { "layer": "LDZOFBB001", "code": "→P↓2→q" }, "geometry": { "type": "Point", "coordinates": [ 449398.102942595025524, 4352057.373107621446252 ] } },
{ "type": "Feature", "properties": { "layer": "LDZOFBB001", "code": "→P↓2→q" }, "geometry": { "type": "Point", "coordinates": [ 444822.128249834524468, 4352328.34247983712703 ] } },
{ "type": "Feature", "properties": { "layer": "LDZOFBB001", "code": "→P↓2→q" }, "geometry": { "type": "Point", "coordinates": [ 444458.220376436598599, 4353526.504122778773308 ] } },
{ "type": "Feature", "properties": { "layer": "LDZOFBB001", "code": "→P↓2→q" }, "geometry": { "type": "Point", "coordinates": [ 432211.714493844658136, 4357175.029260020703077 ] } },
{ "type": "Feature", "properties": { "layer": "LDZOFBB001", "code": "→P↓2→q" }, "geometry": { "type": "Point", "coordinates": [ 447565.06250133010326, 4358077.726813957095146 ] } },
{ "type": "Feature", "properties": { "layer": "LDZOFBB001", "code": "→P↓2→q" }, "geometry": { "type": "Point", "coordinates": [ 481308.03185398702044, 4340986.321957400068641 ] } },
{ "type": "Feature", "properties": { "layer": "LDZOFBB001", "code": "→P↓2→q" }, "geometry": { "type": "Point", "coordinates": [ 472117.948218001634814, 4343468.562526861205697 ] } },
{ "type": "Feature", "properties": { "layer": "LDZOFBB001", "code": "→P↓2→q" }, "geometry": { "type": "Point", "coordinates": [ 498498.98304085462587, 4345601.168789455667138 ] } },
{ "type": "Feature", "properties": { "layer": "LDZOFBB001", "code": "→P↓2→q" }, "geometry": { "type": "Point", "coordinates": [ 469061.433313062181696, 4344948.08445256203413 ] } },
{ "type": "Feature", "properties": { "layer": "LDZOFBB001", "code": "→P↓2→q" }, "geometry": { "type": "Point", "coordinates": [ 472137.542954998381902, 4346069.513656664639711 ] } },
{ "type": "Feature", "properties": { "layer": "LDZOFBB001", "code": "→P↓2→q" }, "geometry": { "type": "Point", "coordinates": [ 465940.598645591293462, 4346584.680112782865763 ] } },
{ "type": "Feature", "properties": { "layer": "LDZOFBB001", "code": "→P↓2→q" }, "geometry": { "type": "Point", "coordinates": [ 490725.374799040611833, 4351124.998893335461617 ] } },
{ "type": "Feature", "properties": { "layer": "LDZOFBB001", "code": "→P↓2→q" }, "geometry": { "type": "Point", "coordinates": [ 487556.483823201502673, 4352632.735240499489009 ] } },
{ "type": "Feature", "properties": { "layer": "LDZOFBB001", "code": "→P↓2→q" }, "geometry": { "type": "Point", "coordinates": [ 491416.184514209977351, 4353292.793302766978741 ] } },
{ "type": "Feature", "properties": { "layer": "LDZOFBB001", "code": "→P↓2→q" }, "geometry": { "type": "Point", "coordinates": [ 486152.383466036641039, 4354372.861637003719807 ] } },
{ "type": "Feature", "properties": { "layer": "LDZOFBB001", "code": "→Qh↑al" }, "geometry": { "type": "Point", "coordinates": [ 497904.784316642675549, 4384892.706131123937666 ] } },
{ "type": "Feature", "properties": { "layer": "LDZOFBB001", "code": "→Qh↑al" }, "geometry": { "type": "Point", "coordinates": [ 461076.822405406739563, 4388468.349619762971997 ] } },
{ "type": "Feature", "properties": { "layer": "LDZOFBB001", "code": "→Qh↑al" }, "geometry": { "type": "Point", "coordinates": [ 476638.032510759192519, 4400508.233571647666395 ] } },
{ "type": "Feature", "properties": { "layer": "LDZOFBB001", "code": "→Qh↑al" }, "geometry": { "type": "Point", "coordinates": [ 495091.028339730633888, 4401356.61378244869411 ] } },
{ "type": "Feature", "properties": { "layer": "LDZOFBB001", "code": "→Qh↑al" }, "geometry": { "type": "Point", "coordinates": [ 495801.767688915075269, 4414730.375098565593362 ] } },
{ "type": "Feature", "properties": { "layer": "LDZOFBB001", "code": "→Qh↑fl" }, "geometry": { "type": "Point", "coordinates": [ 454130.513809325580951, 4324538.999864116311073 ] } },
{ "type": "Feature", "properties": { "layer": "LDZOFBB001", "code": "→Qh↑gl" }, "geometry": { "type": "Point", "coordinates": [ 443566.876932969142217, 4352165.275373695418239 ] } },
{ "type": "Feature", "properties": { "layer": "LDZOFBB001", "code": "→Qh↑gl" }, "geometry": { "type": "Point", "coordinates": [ 451035.735040907165967, 4353706.120391640812159 ] } },
{ "type": "Feature", "properties": { "layer": "LDZOFBB001", "code": "→Qh↑gl" }, "geometry": { "type": "Point", "coordinates": [ 459506.160347914963495, 4354597.002248367294669 ] } },
{ "type": "Feature", "properties": { "layer": "LDZOFBB001", "code": "→Qh↑gl" }, "geometry": { "type": "Point", "coordinates": [ 411787.149910029489547, 4387685.07475539855659 ] } },
{ "type": "Feature", "properties": { "layer": "LDZOFBB001", "code": "→Qh↑pal" }, "geometry": { "type": "Point", "coordinates": [ 432757.179686452262104, 4331680.085323853418231 ] } },
{ "type": "Feature", "properties": { "layer": "LDZOFBB001", "code": "→Qh↑pal" }, "geometry": { "type": "Point", "coordinates": [ 386003.055434093461372, 4340073.200803453102708 ] } },
{ "type": "Feature", "properties": { "layer": "LDZOFBB001", "code": "→Qh↑pal" }, "geometry": { "type": "Point", "coordinates": [ 412376.441392284585163, 4340930.015492457896471 ] } },
{ "type": "Feature", "properties": { "layer": "LDZOFBB001", "code": "→Qh↑pal" }, "geometry": { "type": "Point", "coordinates": [ 386621.340635051601566, 4342316.027728952467442 ] } },
{ "type": "Feature", "properties": { "layer": "LDZOFBB001", "code": "→Qh↑pal" }, "geometry": { "type": "Point", "coordinates": [ 419638.626179470389616, 4346553.825785878114402 ] } },
{ "type": "Feature", "properties": { "layer": "LDZOFBB001", "code": "→Qh↑pal" }, "geometry": { "type": "Point", "coordinates": [ 423362.289384345640428, 4373981.701928045600653 ] } },
{ "type": "Feature", "properties": { "layer": "LDZOFBB001", "code": "→Qh↑pal" }, "geometry": { "type": "Point", "coordinates": [ 450971.300724326167256, 4322754.0602254755795 ] } },
{ "type": "Feature", "properties": { "layer": "LDZOFBB001", "code": "→Qh↑pal" }, "geometry": { "type": "Point", "coordinates": [ 494189.903233023942448, 4323606.13089313171804 ] } },
{ "type": "Feature", "properties": { "layer": "LDZOFBB001", "code": "→Qh↑pal" }, "geometry": { "type": "Point", "coordinates": [ 464498.50286166172009, 4361067.827602976933122 ] } },
{ "type": "Feature", "properties": { "layer": "LDZOFBB001", "code": "→Qh↑pal" }, "geometry": { "type": "Point", "coordinates": [ 458479.314413869869895, 4362377.630447344854474 ] } },
{ "type": "Feature", "properties": { "layer": "LDZOFBB001", "code": "→Qh↑pal" }, "geometry": { "type": "Point", "coordinates": [ 496931.636062573641539, 4372396.378240581601858 ] } },
{ "type": "Feature", "properties": { "layer": "LDZOFBB001", "code": "→Qh↑pl" }, "geometry": { "type": "Point", "coordinates": [ 434640.412071293976624, 4337065.67530888132751 ] } },
{ "type": "Feature", "properties": { "layer": "LDZOFBB001", "code": "→Qh↑pl" }, "geometry": { "type": "Point", "coordinates": [ 435738.584302765782923, 4342618.633645333349705 ] } },
{ "type": "Feature", "properties": { "layer": "LDZOFBB001", "code": "→Qh↑pl" }, "geometry": { "type": "Point", "coordinates": [ 463147.603424724657089, 4361997.838287390768528 ] } },
{ "type": "Feature", "properties": { "layer": "LDZOFBB001", "code": "→Qh↑pl" }, "geometry": { "type": "Point", "coordinates": [ 462125.063761982484721, 4362535.756190037354827 ] } },
{ "type": "Feature", "properties": { "layer": "LDZOFBB001", "code": "→Qh↑pl" }, "geometry": { "type": "Point", "coordinates": [ 460913.806723697576672, 4362591.477206825278699 ] } },
{ "type": "Feature", "properties": { "layer": "LDZOFBB001", "code": "→Qh↑pl" }, "geometry": { "type": "Point", "coordinates": [ 458084.329165562114213, 4363899.431645061820745 ] } },
{ "type": "Feature", "properties": { "layer": "LDZOFBB001", "code": "→Qh↑pl" }, "geometry": { "type": "Point", "coordinates": [ 479351.868349401047453, 4318743.896179867908359 ] } },
{ "type": "Feature", "properties": { "layer": "LDZOFBB001", "code": "→Qh↑pl" }, "geometry": { "type": "Point", "coordinates": [ 479574.608645773027092, 4321000.215237793512642 ] } },
{ "type": "Feature", "properties": { "layer": "LDZOFBB001", "code": "→Qh↑pl" }, "geometry": { "type": "Point", "coordinates": [ 499057.214792666723952, 4364039.549993114545941 ] } },
{ "type": "Feature", "properties": { "layer": "LDZOFBB001", "code": "→Qh↑pl" }, "geometry": { "type": "Point", "coordinates": [ 496587.816518943523988, 4368327.468325344845653 ] } },
{ "type": "Feature", "properties": { "layer": "LDZOFBB001", "code": "→Qh↑pl" }, "geometry": { "type": "Point", "coordinates": [ 499910.681032526772469, 4373074.983272220939398 ] } },
{ "type": "Feature", "properties": { "layer": "LDZOFBB001", "code": "→Qh↑pl" }, "geometry": { "type": "Point", "coordinates": [ 499934.705952380318195, 4373693.683095920830965 ] } },
{ "type": "Feature", "properties": { "layer": "LDZOFBB001", "code": "→Qh↑vl→-Qh↑ch" }, "geometry": { "type": "Point", "coordinates": [ 456965.837132031272631, 4317223.111952481791377 ] } },
{ "type": "Feature", "properties": { "layer": "LDZOFBB001", "code": "→Qh↑vl→-Qh↑ch" }, "geometry": { "type": "Point", "coordinates": [ 454380.887097736704163, 4322199.176305662840605 ] } },
{ "type": "Feature", "properties": { "layer": "LDZOFBB001", "code": "→Qh↑vl→-Qh↑ch" }, "geometry": { "type": "Point", "coordinates": [ 446910.417148601263762, 4324222.11304765753448 ] } },
{ "type": "Feature", "properties": { "layer": "LDZOFBB001", "code": "→Qh↑vl→-Qh↑ch" }, "geometry": { "type": "Point", "coordinates": [ 452950.674609233683441, 4324857.978951780125499 ] } },
{ "type": "Feature", "properties": { "layer": "LDZOFBB001", "code": "→Qh↑vl→-Qh↑ch" }, "geometry": { "type": "Point", "coordinates": [ 441872.167250326485373, 4326245.351554710417986 ] } },
{ "type": "Feature", "properties": { "layer": "LDZOFBB001", "code": "→Qh↑vl→-Qh↑ch" }, "geometry": { "type": "Point", "coordinates": [ 446344.86098192242207, 4328535.437563957646489 ] } },
{ "type": "Feature", "properties": { "layer": "LDZOFBB001", "code": "→Qp↓1→X" }, "geometry": { "type": "Point", "coordinates": [ 385265.465590703825001, 4357633.452624417841434 ] } },
{ "type": "Feature", "properties": { "layer": "LDZOFBB001", "code": "→Qp↓1→X" }, "geometry": { "type": "Point", "coordinates": [ 410364.956914389680605, 4358835.147315700538456 ] } },
{ "type": "Feature", "properties": { "layer": "LDZOFBB001", "code": "→Qp↓1→X" }, "geometry": { "type": "Point", "coordinates": [ 416443.463831691653468, 4380879.51759172603488 ] } },
{ "type": "Feature", "properties": { "layer": "LDZOFBB001", "code": "→Qp↓1→X" }, "geometry": { "type": "Point", "coordinates": [ 422032.472356520069297, 4384325.375644729472697 ] } },
{ "type": "Feature", "properties": { "layer": "LDZOFBB001", "code": "→Qp↓1→X" }, "geometry": { "type": "Point", "coordinates": [ 463764.569054762425367, 4391050.575639175251126 ] } },
{ "type": "Feature", "properties": { "layer": "LDZOFBB001", "code": "→Qp↓1→X" }, "geometry": { "type": "Point", "coordinates": [ 422169.272280386765487, 4397834.575006442144513 ] } },
{ "type": "Feature", "properties": { "layer": "LDZOFBB001", "code": "→Qp↓1→X" }, "geometry": { "type": "Point", "coordinates": [ 408677.005955594591796, 4399624.341267278417945 ] } },
{ "type": "Feature", "properties": { "layer": "LDZOFBB001", "code": "→Qp↓1→X" }, "geometry": { "type": "Point", "coordinates": [ 424545.578575959720183, 4404695.840417997911572 ] } },
{ "type": "Feature", "properties": { "layer": "LDZOFBB001", "code": "→Qp↓1→X" }, "geometry": { "type": "Point", "coordinates": [ 449310.011877496377565, 4406366.769706532359123 ] } },
{ "type": "Feature", "properties": { "layer": "LDZOFBB001", "code": "→Qp↓1→X" }, "geometry": { "type": "Point", "coordinates": [ 458998.921021050715353, 4406497.078983123414218 ] } },
{ "type": "Feature", "properties": { "layer": "LDZOFBB001", "code": "→Qp↓1→X" }, "geometry": { "type": "Point", "coordinates": [ 454058.916201413841918, 4407372.842060901224613 ] } },
{ "type": "Feature", "properties": { "layer": "LDZOFBB001", "code": "→Qp↓1→X" }, "geometry": { "type": "Point", "coordinates": [ 433126.152023688657209, 4409060.245759336277843 ] } },
{ "type": "Feature", "properties": { "layer": "LDZOFBB001", "code": "→Qp↓1→X" }, "geometry": { "type": "Point", "coordinates": [ 444055.509835868142545, 4416612.540217520669103 ] } },
{ "type": "Feature", "properties": { "layer": "LDZOFBB001", "code": "→Qp↓1→X" }, "geometry": { "type": "Point", "coordinates": [ 498936.07071144762449, 4357054.430830290541053 ] } },
{ "type": "Feature", "properties": { "layer": "LDZOFBB001", "code": "→Qp↓1→X" }, "geometry": { "type": "Point", "coordinates": [ 499944.819853703025728, 4359426.224987473338842 ] } },
{ "type": "Feature", "properties": { "layer": "LDZOFBB001", "code": "→Qp↓1→X" }, "geometry": { "type": "Point", "coordinates": [ 497351.258338449406438, 4361516.782535739243031 ] } },
{ "type": "Feature", "properties": { "layer": "LDZOFBB001", "code": "→Qp↓1→X" }, "geometry": { "type": "Point", "coordinates": [ 496236.561080889368895, 4364995.883907578885555 ] } },
{ "type": "Feature", "properties": { "layer": "LDZOFBB001", "code": "→Qp↓1→X" }, "geometry": { "type": "Point", "coordinates": [ 459954.673693568212911, 4367549.646403411403298 ] } },
{ "type": "Feature", "properties": { "layer": "LDZOFBB001", "code": "→Qp↓1→X" }, "geometry": { "type": "Point", "coordinates": [ 484550.305892375996336, 4369155.677626147866249 ] } },
{ "type": "Feature", "properties": { "layer": "LDZOFBB001", "code": "→Qp↓1→X" }, "geometry": { "type": "Point", "coordinates": [ 497883.996405782410875, 4371355.237332505173981 ] } },
{ "type": "Feature", "properties": { "layer": "LDZOFBB001", "code": "→Qp↓1→X" }, "geometry": { "type": "Point", "coordinates": [ 491129.415619189676363, 4374071.554666116833687 ] } },
{ "type": "Feature", "properties": { "layer": "LDZOFBB001", "code": "→Qp↓1→X" }, "geometry": { "type": "Point", "coordinates": [ 468641.86694861727301, 4388653.184248898178339 ] } },
{ "type": "Feature", "properties": { "layer": "LDZOFBB001", "code": "→Qp↓1→X" }, "geometry": { "type": "Point", "coordinates": [ 466861.8162454435369, 4388807.453638505190611 ] } },
{ "type": "Feature", "properties": { "layer": "LDZOFBB001", "code": "→Qp↓1→X" }, "geometry": { "type": "Point", "coordinates": [ 486552.363181102205999, 4400753.157707829028368 ] } },
{ "type": "Feature", "properties": { "layer": "LDZOFBB001", "code": "→Qp↓1→X" }, "geometry": { "type": "Point", "coordinates": [ 484932.36766322364565, 4402917.823923345655203 ] } },
{ "type": "Feature", "properties": { "layer": "LDZOFBB001", "code": "→Qp↓2↑l" }, "geometry": { "type": "Point", "coordinates": [ 448342.057990021421574, 4317713.837239811196923 ] } },
{ "type": "Feature", "properties": { "layer": "LDZOFBB001", "code": "→Qp↓2↑l" }, "geometry": { "type": "Point", "coordinates": [ 457694.664168618852273, 4318688.91505722887814 ] } },
{ "type": "Feature", "properties": { "layer": "LDZOFBB001", "code": "→Qp↓2↑l" }, "geometry": { "type": "Point", "coordinates": [ 455079.103712877607904, 4319942.362461527809501 ] } },
{ "type": "Feature", "properties": { "layer": "LDZOFBB001", "code": "→Qp↓2↑l" }, "geometry": { "type": "Point", "coordinates": [ 454261.302101748646237, 4320769.613297556526959 ] } },
{ "type": "Feature", "properties": { "layer": "LDZOFBB001", "code": "→Qp↓2↑l" }, "geometry": { "type": "Point", "coordinates": [ 447805.564128652156796, 4323055.324906259775162 ] } },
{ "type": "Feature", "properties": { "layer": "LDZOFBB001", "code": "→Qp↓2↑l" }, "geometry": { "type": "Point", "coordinates": [ 451794.725276470533572, 4323374.141626734286547 ] } },
{ "type": "Feature", "properties": { "layer": "LDZOFBB001", "code": "→Qp↓2→W" }, "geometry": { "type": "Point", "coordinates": [ 409459.396198059781455, 4397026.644753211177886 ] } },
{ "type": "Feature", "properties": { "layer": "LDZOFBB001", "code": "→Qp↓2→W" }, "geometry": { "type": "Point", "coordinates": [ 409927.944107660558075, 4398700.878378428518772 ] } },
{ "type": "Feature", "properties": { "layer": "LDZOFBB001", "code": "→Qp↓2→W" }, "geometry": { "type": "Point", "coordinates": [ 417953.310887882253155, 4403024.963987085968256 ] } },
{ "type": "Feature", "properties": { "layer": "LDZOFBB001", "code": "→Qp↓2→W" }, "geometry": { "type": "Point", "coordinates": [ 420300.92946422129171, 4403941.780353287234902 ] } },
{ "type": "Feature", "properties": { "layer": "LDZOFBB001", "code": "→Qp↓2→W" }, "geometry": { "type": "Point", "coordinates": [ 467906.656695199781097, 4408142.141491359099746 ] } },
{ "type": "Feature", "properties": { "layer": "LDZOFBB001", "code": "→Qp↓2→W" }, "geometry": { "type": "Point", "coordinates": [ 470082.961661436827853, 4410416.09315833542496 ] } },
{ "type": "Feature", "properties": { "layer": "LDZOFBB001", "code": "→Qp↓3↑gfl" }, "geometry": { "type": "Point", "coordinates": [ 488614.056742647779174, 4331260.928154723718762 ] } },
{ "type": "Feature", "properties": { "layer": "LDZOFBB001", "code": "→Qp↓3↑gfl" }, "geometry": { "type": "Point", "coordinates": [ 461560.436905634240247, 4331785.026996077038348 ] } },
{ "type": "Feature", "properties": { "layer": "LDZOFBB001", "code": "→Qp↓3↑gfl" }, "geometry": { "type": "Point", "coordinates": [ 467915.097252236679196, 4332409.3538334723562 ] } },
{ "type": "Feature", "properties": { "layer": "LDZOFBB001", "code": "→Qp↓3↑gfl" }, "geometry": { "type": "Point", "coordinates": [ 468518.268026526668109, 4353114.125869365409017 ] } },
{ "type": "Feature", "properties": { "layer": "LDZOFBB001", "code": "→Qp↓3↑gfl" }, "geometry": { "type": "Point", "coordinates": [ 458299.322962167090736, 4356153.19492369890213 ] } },
{ "type": "Feature", "properties": { "layer": "LDZOFBB001", "code": "→Qp↓3↑gfl" }, "geometry": { "type": "Point", "coordinates": [ 453850.902601122623309, 4359289.415834042243659 ] } },
{ "type": "Feature", "properties": { "layer": "LDZOFBB001", "code": "→Qp↓3↑gl" }, "geometry": { "type": "Point", "coordinates": [ 424393.308050437015481, 4324828.782077191397548 ] } },
{ "type": "Feature", "properties": { "layer": "LDZOFBB001", "code": "→Qp↓3↑gl" }, "geometry": { "type": "Point", "coordinates": [ 410215.434434207505547, 4335906.96565673686564 ] } },
{ "type": "Feature", "properties": { "layer": "LDZOFBB001", "code": "→Qp↓3↑gl" }, "geometry": { "type": "Point", "coordinates": [ 454491.645234147843439, 4337710.81994116678834 ] } },
{ "type": "Feature", "properties": { "layer": "LDZOFBB001", "code": "→Qp↓3↑gl" }, "geometry": { "type": "Point", "coordinates": [ 452909.735086120432243, 4339212.315439234487712 ] } },
{ "type": "Feature", "properties": { "layer": "LDZOFBB001", "code": "→Qp↓3↑gl" }, "geometry": { "type": "Point", "coordinates": [ 443213.420732688158751, 4339533.976910652592778 ] } },
{ "type": "Feature", "properties": { "layer": "LDZOFBB001", "code": "→Qp↓3↑gl" }, "geometry": { "type": "Point", "coordinates": [ 447830.509882222744636, 4339797.404453984461725 ] } },
{ "type": "Feature", "properties": { "layer": "LDZOFBB001", "code": "→Qp↓3↑gl" }, "geometry": { "type": "Point", "coordinates": [ 434683.399362292140722, 4340991.032929212786257 ] } },
{ "type": "Feature", "properties": { "layer": "LDZOFBB001", "code": "→Qp↓3↑gl" }, "geometry": { "type": "Point", "coordinates": [ 440258.528625358419959, 4341700.15159828029573 ] } },
{ "type": "Feature", "properties": { "layer": "LDZOFBB001", "code": "→Qp↓3↑gl" }, "geometry": { "type": "Point", "coordinates": [ 435154.43001144140726, 4342718.530949372798204 ] } },
{ "type": "Feature", "properties": { "layer": "LDZOFBB001", "code": "→Qp↓3↑gl" }, "geometry": { "type": "Point", "coordinates": [ 410671.900804261676967, 4346738.972759176045656 ] } },
{ "type": "Feature", "properties": { "layer": "LDZOFBB001", "code": "→Qp↓3↑pal" }, "geometry": { "type": "Point", "coordinates": [ 389887.167974397307262, 4335936.540480196475983 ] } },
{ "type": "Feature", "properties": { "layer": "LDZOFBB001", "code": "→Qp↓3↑pal" }, "geometry": { "type": "Point", "coordinates": [ 388622.656356881372631, 4337944.774830780923367 ] } },
{ "type": "Feature", "properties": { "layer": "LDZOFBB001", "code": "→Qp↓3↑pal" }, "geometry": { "type": "Point", "coordinates": [ 429254.138118699134793, 4339261.294685585424304 ] } },
{ "type": "Feature", "properties": { "layer": "LDZOFBB001", "code": "→Qp↓3↑pal" }, "geometry": { "type": "Point", "coordinates": [ 386354.219935698376503, 4339613.375519657507539 ] } },
{ "type": "Feature", "properties": { "layer": "LDZOFBB001", "code": "→Qp↓3↑pal" }, "geometry": { "type": "Point", "coordinates": [ 386806.878264742088504, 4342758.816633360460401 ] } },
{ "type": "Feature", "properties": { "layer": "LDZOFBB001", "code": "→Qp↓3↑pal" }, "geometry": { "type": "Point", "coordinates": [ 385982.634176599560305, 4343223.860282173380256 ] } },
{ "type": "Feature", "properties": { "layer": "LDZOFBB001", "code": "→Qp↓3↑pal" }, "geometry": { "type": "Point", "coordinates": [ 420891.239141558529809, 4346429.209784626960754 ] } },
{ "type": "Feature", "properties": { "layer": "LDZOFBB001", "code": "→Qp↓3↑pal" }, "geometry": { "type": "Point", "coordinates": [ 406959.565384620509576, 4348278.1994862947613 ] } },
{ "type": "Feature", "properties": { "layer": "LDZOFBB001", "code": "→Qp↓3↑pal" }, "geometry": { "type": "Point", "coordinates": [ 404863.243039646185935, 4354345.211051603779197 ] } },
{ "type": "Feature", "properties": { "layer": "LDZOFBB001", "code": "→Qp↓3↑pal" }, "geometry": { "type": "Point", "coordinates": [ 393749.146624166110996, 4354753.46640464477241 ] } },
{ "type": "Feature", "properties": { "layer": "LDZOFBB001", "code": "→Qp↓3↑pal" }, "geometry": { "type": "Point", "coordinates": [ 404808.873883126070723, 4356324.64487911015749 ] } },
{ "type": "Feature", "properties": { "layer": "LDZOFBB001", "code": "→Qp↓3↑pal" }, "geometry": { "type": "Point", "coordinates": [ 410001.884536097641103, 4356338.462504221126437 ] } },
{ "type": "Feature", "properties": { "layer": "LDZOFBB001", "code": "→Qp↓3↑pal" }, "geometry": { "type": "Point", "coordinates": [ 410877.412010095547885, 4396104.680912068113685 ] } },
{ "type": "Feature", "properties": { "layer": "LDZOFBB001", "code": "→Qp↓3↑pal" }, "geometry": { "type": "Point", "coordinates": [ 409498.084126723872032, 4396728.860831597819924 ] } },
{ "type": "Feature", "properties": { "layer": "LDZOFBB001", "code": "→Qp↓3↑pal" }, "geometry": { "type": "Point", "coordinates": [ 421881.360354109434411, 4400435.225939489901066 ] } },
{ "type": "Feature", "properties": { "layer": "LDZOFBB001", "code": "→Qp↓3↑pal" }, "geometry": { "type": "Point", "coordinates": [ 415776.130625755991787, 4404579.121180639602244 ] } },
{ "type": "Feature", "properties": { "layer": "LDZOFBB001", "code": "→Qp↓3↑pal" }, "geometry": { "type": "Point", "coordinates": [ 421474.882934573339298, 4408585.562097897753119 ] } },
{ "type": "Feature", "properties": { "layer": "LDZOFBB001", "code": "→Qp↓3↑pal" }, "geometry": { "type": "Point", "coordinates": [ 414489.33360238338355, 4409726.552335202693939 ] } },
{ "type": "Feature", "properties": { "layer": "LDZOFBB001", "code": "→Qp↓3↑pal" }, "geometry": { "type": "Point", "coordinates": [ 422066.236197110207286, 4411244.584885446354747 ] } },
{ "type": "Feature", "properties": { "layer": "LDZOFBB001", "code": "→Qp↓3↑pal" }, "geometry": { "type": "Point", "coordinates": [ 466696.46844471944496, 4317790.561673768796027 ] } },
{ "type": "Feature", "properties": { "layer": "LDZOFBB001", "code": "→Qp↓3↑pal" }, "geometry": { "type": "Point", "coordinates": [ 445768.298976791906171, 4319252.486351020634174 ] } },
{ "type": "Feature", "properties": { "layer": "LDZOFBB001", "code": "→Qp↓3↑pal" }, "geometry": { "type": "Point", "coordinates": [ 458909.927875597612001, 4329737.81564278434962 ] } },
{ "type": "Feature", "properties": { "layer": "LDZOFBB001", "code": "→Qp↓3↑pal" }, "geometry": { "type": "Point", "coordinates": [ 447568.844803514075466, 4340979.886773417703807 ] } },
{ "type": "Feature", "properties": { "layer": "LDZOFBB001", "code": "→Qp↓3↑pal" }, "geometry": { "type": "Point", "coordinates": [ 444413.258852018101607, 4360575.303713618777692 ] } },
{ "type": "Feature", "properties": { "layer": "LDZOFBB001", "code": "→Qp↓3↑pal" }, "geometry": { "type": "Point", "coordinates": [ 455509.945471783750691, 4364750.23909346666187 ] } },
{ "type": "Feature", "properties": { "layer": "LDZOFBB001", "code": "→Qp↓3↑pal" }, "geometry": { "type": "Point", "coordinates": [ 449220.738646801677532, 4366501.636862438172102 ] } },
{ "type": "Feature", "properties": { "layer": "LDZOFBB001", "code": "→Qp↓3↑pal" }, "geometry": { "type": "Point", "coordinates": [ 427480.308835875999648, 4386932.663454133085907 ] } },
{ "type": "Feature", "properties": { "layer": "LDZOFBB001", "code": "→Qp↓3↑pal" }, "geometry": { "type": "Point", "coordinates": [ 478095.040277426596731, 4387854.52308398950845 ] } },
{ "type": "Feature", "properties": { "layer": "LDZOFBB001", "code": "→Qp↓3↑pal" }, "geometry": { "type": "Point", "coordinates": [ 467462.103493964939844, 4388777.588946543633938 ] } },
{ "type": "Feature", "properties": { "layer": "LDZOFBB001", "code": "→Qp↓3↑pal" }, "geometry": { "type": "Point", "coordinates": [ 474783.864467191509902, 4389916.77082403935492 ] } },
{ "type": "Feature", "properties": { "layer": "LDZOFBB001", "code": "→Qp↓3↑pal" }, "geometry": { "type": "Point", "coordinates": [ 423921.132631757995114, 4396359.800798623822629 ] } },
{ "type": "Feature", "properties": { "layer": "LDZOFBB001", "code": "→Qp↓3↑pal" }, "geometry": { "type": "Point", "coordinates": [ 476148.081963029457256, 4402562.048893356695771 ] } },
{ "type": "Feature", "properties": { "layer": "LDZOFBB001", "code": "→Qp↓3↑pal" }, "geometry": { "type": "Point", "coordinates": [ 452034.728211763780564, 4404773.787127102725208 ] } },
{ "type": "Feature", "properties": { "layer": "LDZOFBB001", "code": "→Qp↓3↑pal" }, "geometry": { "type": "Point", "coordinates": [ 443711.212125141872093, 4407592.511754566803575 ] } },
{ "type": "Feature", "properties": { "layer": "LDZOFBB001", "code": "→Qp↓3↑pal" }, "geometry": { "type": "Point", "coordinates": [ 461830.763833743927535, 4408538.524002094753087 ] } },
{ "type": "Feature", "properties": { "layer": "LDZOFBB001", "code": "→Qp↓3↑pal" }, "geometry": { "type": "Point", "coordinates": [ 472968.018342195311561, 4409223.328530914150178 ] } },
{ "type": "Feature", "properties": { "layer": "LDZOFBB001", "code": "→Qp↓3↑pal" }, "geometry": { "type": "Point", "coordinates": [ 443321.340980210574344, 4410704.037691010162234 ] } },
{ "type": "Feature", "properties": { "layer": "LDZOFBB001", "code": "→Qp↓3↑pal" }, "geometry": { "type": "Point", "coordinates": [ 461080.847848261357285, 4414260.243095565587282 ] } },
{ "type": "Feature", "properties": { "layer": "LDZOFBB001", "code": "→Qp↓3↑pal" }, "geometry": { "type": "Point", "coordinates": [ 435560.256185615726281, 4415938.102244662120938 ] } },
{ "type": "Feature", "properties": { "layer": "LDZOFBB001", "code": "→Qp↓3↑pal" }, "geometry": { "type": "Point", "coordinates": [ 439944.038209080870729, 4418836.109150813892484 ] } },
{ "type": "Feature", "properties": { "layer": "LDZOFBB001", "code": "→Qp↓3↑pal" }, "geometry": { "type": "Point", "coordinates": [ 492681.347107070439961, 4322015.776859298348427 ] } },
{ "type": "Feature", "properties": { "layer": "LDZOFBB001", "code": "→Qp↓3↑pal" }, "geometry": { "type": "Point", "coordinates": [ 497288.692412373668049, 4323721.242985778488219 ] } },
{ "type": "Feature", "properties": { "layer": "LDZOFBB001", "code": "→Qp↓3↑pal" }, "geometry": { "type": "Point", "coordinates": [ 498982.145993136800826, 4324440.090984517708421 ] } },
{ "type": "Feature", "properties": { "layer": "LDZOFBB001", "code": "→Qp↓3↑pal" }, "geometry": { "type": "Point", "coordinates": [ 498789.214298909297213, 4326730.213149610906839 ] } },
{ "type": "Feature", "properties": { "layer": "LDZOFBB001", "code": "→Qp↓3↑pal" }, "geometry": { "type": "Point", "coordinates": [ 494010.382620395743288, 4327090.636168636381626 ] } },
{ "type": "Feature", "properties": { "layer": "LDZOFBB001", "code": "→Qp↓3↑pal" }, "geometry": { "type": "Point", "coordinates": [ 492556.111525691347197, 4328321.876118287444115 ] } },
{ "type": "Feature", "properties": { "layer": "LDZOFBB001", "code": "→Qp↓3↑pal" }, "geometry": { "type": "Point", "coordinates": [ 483031.516080720815808, 4337813.189737225882709 ] } },
{ "type": "Feature", "properties": { "layer": "LDZOFBB001", "code": "→Qp↓3↑pal" }, "geometry": { "type": "Point", "coordinates": [ 488193.175728056114167, 4346098.058258633129299 ] } },
{ "type": "Feature", "properties": { "layer": "LDZOFBB001", "code": "→Qp↓3↑pal" }, "geometry": { "type": "Point", "coordinates": [ 499397.721070137806237, 4349957.086969835683703 ] } },
{ "type": "Feature", "properties": { "layer": "LDZOFBB001", "code": "→Qp↓3↑pal" }, "geometry": { "type": "Point", "coordinates": [ 499944.819870518986136, 4353253.836078923195601 ] } },
{ "type": "Feature", "properties": { "layer": "LDZOFBB001", "code": "→Qp↓3↑pal" }, "geometry": { "type": "Point", "coordinates": [ 494324.963416952232365, 4359863.02366603910923 ] } },
{ "type": "Feature", "properties": { "layer": "LDZOFBB001", "code": "→Qp↓3↑pal" }, "geometry": { "type": "Point", "coordinates": [ 499944.819840017240494, 4364444.021096054464579 ] } },
{ "type": "Feature", "properties": { "layer": "LDZOFBB001", "code": "→Qp↓3↑pal" }, "geometry": { "type": "Point", "coordinates": [ 493506.05638690845808, 4365791.008138924837112 ] } },
{ "type": "Feature", "properties": { "layer": "LDZOFBB001", "code": "→Qp↓3↑pal" }, "geometry": { "type": "Point", "coordinates": [ 499628.229451271588914, 4367001.846320334821939 ] } },
{ "type": "Feature", "properties": { "layer": "LDZOFBB001", "code": "→Qp↓3↑pal" }, "geometry": { "type": "Point", "coordinates": [ 489764.817740152706392, 4386072.122113781049848 ] } },
{ "type": "Feature", "properties": { "layer": "LDZOFBB001", "code": "→Qp↓3↑pal" }, "geometry": { "type": "Point", "coordinates": [ 481443.665477136732079, 4391036.27990916185081 ] } },
{ "type": "Feature", "properties": { "layer": "LDZOFBB001", "code": "→Qp↓3↑pal" }, "geometry": { "type": "Point", "coordinates": [ 479715.177142857457511, 4399140.76379231736064 ] } },
{ "type": "Feature", "properties": { "layer": "LDZOFBB001", "code": "→Qp↓3↑pal" }, "geometry": { "type": "Point", "coordinates": [ 483636.479418645089027, 4402279.959891751408577 ] } },
{ "type": "Feature", "properties": { "layer": "LDZOFBB001", "code": "→Qp↓3↑pal" }, "geometry": { "type": "Point", "coordinates": [ 493934.890391527500469, 4403565.877787971869111 ] } },
{ "type": "Feature", "properties": { "layer": "LDZOFBB001", "code": "→Qp↓3↑pal" }, "geometry": { "type": "Point", "coordinates": [ 489898.062386156001594, 4403975.39674826245755 ] } },
{ "type": "Feature", "properties": { "layer": "LDZOFBB001", "code": "→Qp↓3↑pal" }, "geometry": { "type": "Point", "coordinates": [ 486114.286872361728456, 4404691.325727298855782 ] } },
{ "type": "Feature", "properties": { "layer": "LDZOFBB001", "code": "→S↓3-4→t" }, "geometry": { "type": "Point", "coordinates": [ 415806.95368911838159, 4387948.089749686419964 ] } },
{ "type": "Feature", "properties": { "layer": "LDZOFBB001", "code": "→S↓3-4→t" }, "geometry": { "type": "Point", "coordinates": [ 418777.108208607533015, 4400646.699795546010137 ] } },
{ "type": "Feature", "properties": { "layer": "LDZOFBB001", "code": "→S↓3-4→t" }, "geometry": { "type": "Point", "coordinates": [ 421309.494592480128631, 4405441.990603422746062 ] } },
{ "type": "Feature", "properties": { "layer": "LDZOFBB001", "code": "→S↓3-4→t" }, "geometry": { "type": "Point", "coordinates": [ 420578.415685680112801, 4408743.268869277089834 ] } },
{ "type": "Feature", "properties": { "layer": "LDZOFBB001", "code": "→S↓3-4→t" }, "geometry": { "type": "Point", "coordinates": [ 428918.271564450231381, 4418221.547742191702127 ] } },
{ "type": "Feature", "properties": { "layer": "LDZOFBB001", "code": "→S↓3-4→t" }, "geometry": { "type": "Point", "coordinates": [ 430433.191959755029529, 4428107.589689729735255 ] } },
{ "type": "Feature", "properties": { "layer": "LDZOFBB001", "code": "→T↓3→t" }, "geometry": { "type": "Point", "coordinates": [ 499944.819720092695206, 4408222.755316991358995 ] } },
{ "type": "Feature", "properties": { "layer": "LDZOFBB001", "code": "→T↓3→t" }, "geometry": { "type": "Point", "coordinates": [ 498859.690721661085263, 4411127.968005674891174 ] } },
{ "type": "Feature", "properties": { "layer": "LDZOFBB001", "code": "→T↓3→t" }, "geometry": { "type": "Point", "coordinates": [ 496545.501393635640852, 4413939.017682336270809 ] } },
{ "type": "Feature", "properties": { "layer": "LDZOFBB001", "code": "→T↓3→t" }, "geometry": { "type": "Point", "coordinates": [ 494345.659691771608777, 4415084.503073044121265 ] } },
{ "type": "Feature", "properties": { "layer": "LDZOFBB001", "code": "→T↓3→t" }, "geometry": { "type": "Point", "coordinates": [ 491433.36295056110248, 4417680.073817245662212 ] } },
{ "type": "Feature", "properties": { "layer": "LDZOFBB001", "code": "→T↓3→t" }, "geometry": { "type": "Point", "coordinates": [ 490039.43070328165777, 4420146.62621683254838 ] } },
{ "type": "Feature", "properties": { "layer": "LDZOFBB002", "code": "→C↓1→w" }, "geometry": { "type": "Point", "coordinates": [ 459723.184632499003783, 4351861.022907624021173 ] } },
{ "type": "Feature", "properties": { "layer": "LDZOFBB002", "code": "→C↓1→w" }, "geometry": { "type": "Point", "coordinates": [ 463027.451057279016823, 4352392.659403510391712 ] } },
{ "type": "Feature", "properties": { "layer": "LDZOFBB002", "code": "→C↓1→w" }, "geometry": { "type": "Point", "coordinates": [ 444349.624667090596631, 4353302.517844574525952 ] } },
{ "type": "Feature", "properties": { "layer": "LDZOFBB002", "code": "→C↓1→w" }, "geometry": { "type": "Point", "coordinates": [ 445097.706590564223006, 4353572.373487299308181 ] } },
{ "type": "Feature", "properties": { "layer": "LDZOFBB002", "code": "→C↓1→w" }, "geometry": { "type": "Point", "coordinates": [ 456987.700254418130498, 4354182.127066758461297 ] } },
{ "type": "Feature", "properties": { "layer": "LDZOFBB002", "code": "→C↓1→w" }, "geometry": { "type": "Point", "coordinates": [ 454336.156061106943525, 4355761.760505916550756 ] } },
{ "type": "Feature", "properties": { "layer": "LDZOFBB002", "code": "→C↓1→w" }, "geometry": { "type": "Point", "coordinates": [ 451243.258148353314027, 4356804.267874073237181 ] } },
{ "type": "Feature", "properties": { "layer": "LDZOFBB002", "code": "→C↓1→w" }, "geometry": { "type": "Point", "coordinates": [ 496297.345520683797076, 4330240.436080731451511 ] } },
{ "type": "Feature", "properties": { "layer": "LDZOFBB002", "code": "→C↓1→w" }, "geometry": { "type": "Point", "coordinates": [ 488625.848150732228532, 4342705.442849297076464 ] } },
{ "type": "Feature", "properties": { "layer": "LDZOFBB002", "code": "→C↓1→w" }, "geometry": { "type": "Point", "coordinates": [ 491756.444776995049324, 4344408.695534203201532 ] } },
{ "type": "Feature", "properties": { "layer": "LDZOFBB002", "code": "→C↓1→w" }, "geometry": { "type": "Point", "coordinates": [ 466128.967113418504596, 4348417.214575683698058 ] } },
{ "type": "Feature", "properties": { "layer": "LDZOFBB002", "code": "→C↓1→w" }, "geometry": { "type": "Point", "coordinates": [ 484163.441529317351524, 4349489.17996884137392 ] } },
{ "type": "Feature", "properties": { "layer": "LDZOFBB002", "code": "→C↓1→w" }, "geometry": { "type": "Point", "coordinates": [ 464205.950222050771117, 4355369.624648000113666 ] } },
{ "type": "Feature", "properties": { "layer": "LDZOFBB003", "code": "→βμ" }, "geometry": { "type": "Point", "coordinates": [ 466859.166990161582362, 4350239.023908073082566 ] } },
{ "type": "Feature", "properties": { "layer": "LDZOFBB003", "code": "→γδT↓1" }, "geometry": { "type": "Point", "coordinates": [ 424316.705777945520822, 4317580.28252855874598 ] } },
{ "type": "Feature", "properties": { "layer": "LDZOFBB003", "code": "→γδT↓1" }, "geometry": { "type": "Point", "coordinates": [ 416295.633442574064247, 4317716.210674519650638 ] } },
{ "type": "Feature", "properties": { "layer": "LDZOFBB003", "code": "→γδT↓1" }, "geometry": { "type": "Point", "coordinates": [ 418107.558530119247735, 4320368.743530038744211 ] } },
{ "type": "Feature", "properties": { "layer": "LDZOFBB003", "code": "→γδT↓1" }, "geometry": { "type": "Point", "coordinates": [ 430646.206753275939263, 4320569.123156758025289 ] } },
{ "type": "Feature", "properties": { "layer": "LDZOFBB003", "code": "→γδT↓1" }, "geometry": { "type": "Point", "coordinates": [ 421526.203373250027653, 4320943.067734304815531 ] } },
{ "type": "Feature", "properties": { "layer": "LDZOFBB003", "code": "→γδT↓1" }, "geometry": { "type": "Point", "coordinates": [ 420344.713161029678304, 4321140.862362398765981 ] } },
{ "type": "Feature", "properties": { "layer": "LDZOFBB003", "code": "→γοC↓2" }, "geometry": { "type": "Point", "coordinates": [ 486849.902671954478137, 4336961.062676092609763 ] } },
{ "type": "Feature", "properties": { "layer": "LDZOFBB003", "code": "→γοC↓2" }, "geometry": { "type": "Point", "coordinates": [ 446095.030444730247837, 4342955.835823933593929 ] } },
{ "type": "Feature", "properties": { "layer": "LDZOFBB003", "code": "→γοC↓2" }, "geometry": { "type": "Point", "coordinates": [ 467037.855808277439792, 4349977.908481284044683 ] } },
{ "type": "Feature", "properties": { "layer": "LDZOFBB003", "code": "→γοC↓2" }, "geometry": { "type": "Point", "coordinates": [ 464854.475826850044541, 4352140.849578754976392 ] } },
{ "type": "Feature", "properties": { "layer": "LDZOFBB003", "code": "→γοC↓2" }, "geometry": { "type": "Point", "coordinates": [ 458566.658533939858899, 4354543.768469227477908 ] } },
{ "type": "Feature", "properties": { "layer": "LDZOFBB003", "code": "→γοC↓2" }, "geometry": { "type": "Point", "coordinates": [ 456183.011683294374961, 4355023.050640150904655 ] } },
{ "type": "Feature", "properties": { "layer": "LDZOFBB003", "code": "→γοC↓2" }, "geometry": { "type": "Point", "coordinates": [ 495487.657274556928314, 4330908.520469881594181 ] } },
{ "type": "Feature", "properties": { "layer": "LDZOFBB003", "code": "→γοC↓2" }, "geometry": { "type": "Point", "coordinates": [ 494633.808378944755532, 4331121.562795164063573 ] } },
{ "type": "Feature", "properties": { "layer": "LDZOFBB003", "code": "→γοC↓2" }, "geometry": { "type": "Point", "coordinates": [ 498065.244875871285331, 4332050.689488923177123 ] } },
{ "type": "Feature", "properties": { "layer": "LDZOFBB003", "code": "→γοC↓2" }, "geometry": { "type": "Point", "coordinates": [ 488640.620208736101631, 4334104.477305207401514 ] } },
{ "type": "Feature", "properties": { "layer": "LDZOFBB003", "code": "→γοC↓2" }, "geometry": { "type": "Point", "coordinates": [ 497578.868249603896402, 4337512.174845390021801 ] } },
{ "type": "Feature", "properties": { "layer": "LDZOFBB003", "code": "→γοC↓2" }, "geometry": { "type": "Point", "coordinates": [ 495265.683902293094434, 4341289.733125010505319 ] } },
{ "type": "Feature", "properties": { "layer": "LDZOFBB003", "code": "→γπT↓3" }, "geometry": { "type": "Point", "coordinates": [ 499206.038639694626909, 4341861.563308705575764 ] } },
{ "type": "Feature", "properties": { "layer": "LDZOFBB003", "code": "→γπT↓3" }, "geometry": { "type": "Point", "coordinates": [ 497057.759734020684846, 4344667.215785000473261 ] } },
{ "type": "Feature", "properties": { "layer": "LDZOFBB003", "code": "→γπT↓3" }, "geometry": { "type": "Point", "coordinates": [ 496514.360210650542285, 4347454.229622028768063 ] } },
{ "type": "Feature", "properties": { "layer": "LDZOFBB003", "code": "→γπT↓3" }, "geometry": { "type": "Point", "coordinates": [ 494781.114621842571069, 4349555.320240065455437 ] } },
{ "type": "Feature", "properties": { "layer": "LDZOFBB003", "code": "→γπT↓3" }, "geometry": { "type": "Point", "coordinates": [ 489790.512097648344934, 4353088.017117101699114 ] } },
{ "type": "Feature", "properties": { "layer": "LDZOFBB003", "code": "→γρ" }, "geometry": { "type": "Point", "coordinates": [ 407432.480685956019443, 4331303.095281376503408 ] } },
{ "type": "Feature", "properties": { "layer": "LDZOFBB003", "code": "→δ" }, "geometry": { "type": "Point", "coordinates": [ 389172.963844403217081, 4343520.518386611714959 ] } },
{ "type": "Feature", "properties": { "layer": "LDZOFBB003", "code": "→δ" }, "geometry": { "type": "Point", "coordinates": [ 388938.25574202783173, 4344938.20667158998549 ] } },
{ "type": "Feature", "properties": { "layer": "LDZOFBB003", "code": "→δ" }, "geometry": { "type": "Point", "coordinates": [ 483422.318698686663993, 4420755.893561100587249 ] } },
{ "type": "Feature", "properties": { "layer": "LDZOFBB003", "code": "→δT↓1" }, "geometry": { "type": "Point", "coordinates": [ 439884.906938851228915, 4317425.246137017384171 ] } },
{ "type": "Feature", "properties": { "layer": "LDZOFBB003", "code": "→δοC↓2" }, "geometry": { "type": "Point", "coordinates": [ 485744.011254223121796, 4338755.426201692782342 ] } },
{ "type": "Feature", "properties": { "layer": "LDZOFBB003", "code": "→δοP" }, "geometry": { "type": "Point", "coordinates": [ 393078.629020393476821, 4329272.72711945604533 ] } },
{ "type": "Feature", "properties": { "layer": "LDZOFBB003", "code": "→δοP" }, "geometry": { "type": "Point", "coordinates": [ 402768.858847633353435, 4325851.491650422103703 ] } },
{ "type": "Feature", "properties": { "layer": "LDZOFBB003", "code": "→δοP" }, "geometry": { "type": "Point", "coordinates": [ 401846.272034493973479, 4326339.063301178626716 ] } },
{ "type": "Feature", "properties": { "layer": "LDZOFBB003", "code": "→δοP" }, "geometry": { "type": "Point", "coordinates": [ 401883.643844539648853, 4326924.64664463326335 ] } },
{ "type": "Feature", "properties": { "layer": "LDZOFBB003", "code": "→δοP" }, "geometry": { "type": "Point", "coordinates": [ 391574.803621284198016, 4334902.807886896654963 ] } },
{ "type": "Feature", "properties": { "layer": "LDZOFBB003", "code": "→δοP" }, "geometry": { "type": "Point", "coordinates": [ 403933.468965735286474, 4323682.402218412607908 ] } },
{ "type": "Feature", "properties": { "layer": "LDZOFBB003", "code": "→δοP" }, "geometry": { "type": "Point", "coordinates": [ 407198.978669105679728, 4323743.56787974294275 ] } },
{ "type": "Feature", "properties": { "layer": "LDZOFBB003", "code": "→δοP" }, "geometry": { "type": "Point", "coordinates": [ 403984.729539142863359, 4325498.297415629960597 ] } },
{ "type": "Feature", "properties": { "layer": "LDZOFBB003", "code": "→δοP" }, "geometry": { "type": "Point", "coordinates": [ 411451.135771469795145, 4326309.43076291307807 ] } },
{ "type": "Feature", "properties": { "layer": "LDZOFBB003", "code": "→δοP" }, "geometry": { "type": "Point", "coordinates": [ 409607.854765083524399, 4333846.750049151480198 ] } },
{ "type": "Feature", "properties": { "layer": "LDZOFBB003", "code": "→δοP" }, "geometry": { "type": "Point", "coordinates": [ 408210.215753112919629, 4334300.973462070338428 ] } },
{ "type": "Feature", "properties": { "layer": "LDZOFBB003", "code": "→ηγP" }, "geometry": { "type": "Point", "coordinates": [ 430876.00891390175093, 4323384.52379541657865 ] } },
{ "type": "Feature", "properties": { "layer": "LDZOFBB003", "code": "→ηγP" }, "geometry": { "type": "Point", "coordinates": [ 424384.545428567915224, 4323468.185892853885889 ] } },
{ "type": "Feature", "properties": { "layer": "LDZOFBB003", "code": "→ηγP" }, "geometry": { "type": "Point", "coordinates": [ 429026.542730884160846, 4324171.227554318495095 ] } },
{ "type": "Feature", "properties": { "layer": "LDZOFBB003", "code": "→ηγT↓2" }, "geometry": { "type": "Point", "coordinates": [ 404328.800845991703682, 4325427.753680209629238 ] } },
{ "type": "Feature", "properties": { "layer": "LDZOFBB003", "code": "→ηγT↓2" }, "geometry": { "type": "Point", "coordinates": [ 406399.261114456283394, 4329551.550189232453704 ] } },
{ "type": "Feature", "properties": { "layer": "LDZOFBB003", "code": "→ηγT↓2" }, "geometry": { "type": "Point", "coordinates": [ 414357.187415013439022, 4329681.083265293389559 ] } },
{ "type": "Feature", "properties": { "layer": "LDZOFBB003", "code": "→νD" }, "geometry": { "type": "Point", "coordinates": [ 406174.372486188425682, 4326732.960136471316218 ] } },
{ "type": "Feature", "properties": { "layer": "LDZOFBB003", "code": "→οφD↓1" }, "geometry": { "type": "Point", "coordinates": [ 448518.383324758848175, 4321018.887176779098809 ] } },
{ "type": "Feature", "properties": { "layer": "LDZOFBB003", "code": "→οφD↓1" }, "geometry": { "type": "Point", "coordinates": [ 447932.143074754858389, 4321495.589353286661208 ] } },
{ "type": "Feature", "properties": { "layer": "LDZOFBB003", "code": "→οφD↓1" }, "geometry": { "type": "Point", "coordinates": [ 422550.714139403717127, 4332086.401469014585018 ] } },
{ "type": "Feature", "properties": { "layer": "LDZOFBB003", "code": "→τα" }, "geometry": { "type": "Point", "coordinates": [ 416986.255719712469727, 4395715.613632543943822 ] } },
{ "type": "Feature", "properties": { "layer": "LDZOFBB003", "code": "→τα" }, "geometry": { "type": "Point", "coordinates": [ 421033.147789059148636, 4415445.645991491153836 ] } },
{ "type": "Feature", "properties": { "layer": "LDZOFBB003", "code": "→υ" }, "geometry": { "type": "Point", "coordinates": [ 419269.41809808765538, 4411836.116523049771786 ] } },
{ "type": "Feature", "properties": { "layer": "LDZOFBB003", "code": "→υ" }, "geometry": { "type": "Point", "coordinates": [ 425182.808828190667555, 4412635.967863118276 ] } },
{ "type": "Feature", "properties": { "layer": "LDZOFBB003", "code": "→υ" }, "geometry": { "type": "Point", "coordinates": [ 418188.094022531993687, 4421802.081127889454365 ] } }
]
}
