{
"type": "FeatureCollection",
"name": "inferred_boundaries",
"crs": { "type": "name", "properties": { "name": "urn:ogc:def:crs:EPSG::3857" } },
"features": [
{ "type": "Feature", "properties": { }, "geometry": { "type": "Polygon", "coordinates": [ [ [ 8293674.922538886778057, 4751092.565327675081789 ], [ 8293606.844274218194187, 4751303.226894361898303 ], [ 8293535.089458427391946, 4751475.958009991794825 ], [ 8293469.874226599931717, 4751627.245328025892377 ], [ 8293384.425058575347066, 4751819.495917498134077 ], [ 8293296.435029041022062, 4752012.997870927676558 ], [ 8293208.885272874496877, 4752202.080593449063599 ], [ 8293143.730064311996102, 4752340.738605601713061 ], [ 8293053.398647439666092, 4752529.179880252107978 ], [ 8292953.362518603913486, 4752723.257757269777358 ], [ 8292881.844600325450301, 4752851.774551259353757 ], [ 8292767.404664913192391, 4753045.776281607337296 ], [ 8292686.834489656612277, 4753174.245097231119871 ], [ 8292559.746224505826831, 4753368.178464504890144 ], [ 8292470.680378882214427, 4753496.602511189877987 ], [ 8292362.903667338192463, 4753647.672448677942157 ], [ 8292234.678472254425287, 4753818.852724277414382 ], [ 8292134.296896393410861, 4753947.846284134313464 ], [ 8292030.274155068211257, 4754076.821715518832207 ], [ 8291908.583137102425098, 4754222.127561601810157 ], [ 8291778.940667717717588, 4754369.918138678185642 ], [ 8291649.104409640654922, 4754510.756187911145389 ], [ 8291519.494454418309033, 4754643.377804921008646 ], [ 8291389.895183003507555, 4754767.783346429467201 ], [ 8291260.303810716606677, 4754883.339793574996293 ], [ 8291130.540989133529365, 4754989.415018876083195 ], [ 8290969.604714289307594, 4755106.052558410912752 ], [ 8290807.195115461014211, 4755206.879346208646894 ], [ 8290622.931237417273223, 4755298.729530119337142 ], [ 8290460.677837278693914, 4755362.258314203470945 ], [ 8290236.623291212134063, 4755425.424975832924247 ], [ 8290031.982248420827091, 4755459.624744651839137 ], [ 8289774.235088713467121, 4755468.854174623265862 ], [ 8289516.523890170268714, 4755439.51947819814086 ], [ 8289323.425006576813757, 4755389.702817437238991 ], [ 8289130.298656291328371, 4755312.703047675080597 ], [ 8288971.706091801635921, 4755223.896110231056809 ], [ 8288809.172079638577998, 4755104.724500952288508 ], [ 8288681.220369189977646, 4754983.228980891406536 ], [ 8288554.202368791215122, 4754833.297236486338079 ], [ 8288465.115748640149832, 4754703.188403135165572 ], [ 8288361.466847342438996, 4754517.373728026635945 ], [ 8288298.044176146388054, 4754377.30831119325012 ], [ 8288225.198442843742669, 4754184.098512941971421 ], [ 8288166.210833967663348, 4753989.711706788279116 ], [ 8288108.439237607643008, 4753750.463630164042115 ], [ 8288066.218156170099974, 4753535.962508989498019 ], [ 8288034.380329384468496, 4753341.751824661158025 ], [ 8287997.874391557648778, 4753082.425959723070264 ], [ 8287973.93238599319011, 4752888.270278565585613 ], [ 8287943.133091256022453, 4752628.99038194026798 ], [ 8287920.884511393494904, 4752434.853485937230289 ], [ 8287890.356494976207614, 4752175.585922582075 ], [ 8287861.904098781757057, 4751916.968684970401227 ], [ 8287841.710443041287363, 4751722.858328834176064 ], [ 8287817.328648031689227, 4751463.646691307425499 ], [ 8287800.933064914308488, 4751260.722834046930075 ], [ 8287783.827697185799479, 4751010.410027492791414 ], [ 8287770.843472477979958, 4750751.916880896314979 ], [ 8287763.945983451791108, 4750492.834175441414118 ], [ 8287763.518167877569795, 4750233.799464513547719 ], [ 8287771.016770282760262, 4749975.449992088600993 ], [ 8287787.327248812653124, 4749716.528931530192494 ], [ 8287811.812912377528846, 4749476.615469733253121 ], [ 8287840.118327843025327, 4749263.896122697740793 ], [ 8287878.782725541852415, 4749040.504368494264781 ], [ 8287924.146968458779156, 4748812.103130675852299 ], [ 8287968.216182617470622, 4748617.811000356450677 ], [ 8288017.758439374156296, 4748424.188562578521669 ], [ 8288076.947374388575554, 4748219.256797469221056 ], [ 8288142.868004768155515, 4748016.894740250892937 ], [ 8288208.320454007014632, 4747835.378625770099461 ], [ 8288282.721665626391768, 4747649.497962270863354 ], [ 8288368.887912044301629, 4747456.112382410094142 ], [ 8288465.272531832568347, 4747262.791195063851774 ], [ 8288535.630457867868245, 4747133.737606967799366 ], [ 8288651.652034066617489, 4746940.53735747653991 ], [ 8288736.740887049585581, 4746811.574090282432735 ], [ 8288859.54186150059104, 4746641.786435584537685 ], [ 8288981.015445718541741, 4746489.675547779537737 ], [ 8289093.974227786995471, 4746360.88177693542093 ], [ 8289217.579492141492665, 4746232.783138665370643 ], [ 8289353.620442530140281, 4746104.128084123134613 ], [ 8289505.32251962274313, 4745975.563418354839087 ], [ 8289636.985076864250004, 4745878.455439041368663 ], [ 8289790.077023973688483, 4745783.369235254824162 ], [ 8289960.073064556345344, 4745696.587648597545922 ], [ 8290153.583832286298275, 4745618.152840493246913 ], [ 8290347.233120361343026, 4745560.553640821948647 ], [ 8290540.691796529106796, 4745523.158241224475205 ], [ 8290798.42962256912142, 4745504.444344954565167 ], [ 8290862.811720977537334, 4745505.447942613624036 ], [ 8290991.42132062278688, 4745515.031526767648757 ], [ 8291135.003470012918115, 4745532.277455932460725 ], [ 8291377.513482921756804, 4745577.24116406403482 ], [ 8291570.357127605937421, 4745628.232184677384794 ], [ 8291763.354140811599791, 4745691.849380915984511 ], [ 8291955.960028989240527, 4745771.881463603116572 ], [ 8292135.327588718384504, 4745861.306480447761714 ], [ 8292276.976728766225278, 4745945.466949106194079 ], [ 8292439.06189112085849, 4746056.895218125544488 ], [ 8292597.972223504446447, 4746179.039084555581212 ], [ 8292726.232191061601043, 4746287.749509999528527 ], [ 8292854.256037751212716, 4746405.300395209342241 ], [ 8292982.334899039939046, 4746533.587092977948487 ], [ 8293110.397165738977492, 4746672.610230639576912 ], [ 8293238.3145602773875, 4746825.528008906170726 ], [ 8293347.496303911320865, 4746967.605373346246779 ], [ 8293439.710675181820989, 4747097.588456279598176 ], [ 8293558.109234845265746, 4747280.772101526148617 ], [ 8293640.261609576642513, 4747422.072678875178099 ], [ 8293742.636774022132158, 4747616.540360061451793 ], [ 8293813.098585996776819, 4747767.253798516467214 ], [ 8293884.906909829936922, 4747940.716589909978211 ], [ 8293954.690778693184257, 4748135.012811731547117 ], [ 8294012.73427876085043, 4748329.249308394268155 ], [ 8294066.377575757913291, 4748560.734719937667251 ], [ 8294102.459016194567084, 4748782.653886430896819 ], [ 8294124.96446137689054, 4749041.77381959091872 ], [ 8294127.336092874407768, 4749235.723065269179642 ], [ 8294117.786293261684477, 4749429.610350008122623 ], [ 8294088.425169831141829, 4749688.463651411235332 ], [ 8294055.443265681155026, 4749882.232123214751482 ], [ 8293998.47917371429503, 4750140.946404612623155 ], [ 8293674.922538886778057, 4751092.565327675081789 ] ] ] } },
{ "type": "Feature", "properties": { }, "geometry": { "type": "Polygon", "coordinates": [ [ [ 8311859.135635695420206, 4744043.872633580118418 ], [ 8311809.777083796449006, 4743173.024058271199465 ], [ 8311772.445835954509676, 4742979.064046528190374 ], [ 8311725.448701333254576, 4742785.071812280453742 ], [ 8311662.108034417033195, 4742590.391159770078957 ], [ 8311581.162652367725968, 4742396.279737164266407 ], [ 8311484.102126237004995, 4742204.005213703028858 ], [ 8311408.000904882326722, 4742072.414346402511001 ], [ 8311292.149383881129324, 4741894.593117015436292 ], [ 8311185.300549762323499, 4741748.37041815649718 ], [ 8311080.947578251361847, 4741618.570622469298542 ], [ 8310966.693099711090326, 4741489.365264669060707 ], [ 8310840.891937078908086, 4741359.485281674191356 ], [ 8310701.184668068774045, 4741229.552526077255607 ], [ 8310543.917734648101032, 4741099.552476409822702 ], [ 8310394.234980419278145, 4740991.041930101811886 ], [ 8310258.222849254496396, 4740904.675154128111899 ], [ 8310073.076680152677, 4740793.500673685222864 ], [ 8309934.15278772637248, 4740709.644730247557163 ], [ 8309751.989989091642201, 4740601.002801520749927 ], [ 8309601.530204945243895, 4740514.574174921028316 ], [ 8309430.831971809267998, 4740419.859252922236919 ], [ 8309238.113481597043574, 4740320.637237565591931 ], [ 8309097.721696125343442, 4740253.809376943856478 ], [ 8308916.789834427647293, 4740176.089024239219725 ], [ 8308724.012721056118608, 4740103.999097902327776 ], [ 8308531.104471487924457, 4740045.79086540453136 ], [ 8308274.61440518964082, 4739991.740538459271193 ], [ 8308080.817002741619945, 4739970.127377022057772 ], [ 8307823.364837229251862, 4739970.340824565850198 ], [ 8307630.169515626505017, 4739994.164311344735324 ], [ 8307389.369745130650699, 4740053.13228608481586 ], [ 8307217.773470499552786, 4740116.800172561779618 ], [ 8307082.631420659832656, 4740181.248421393334866 ], [ 8306985.484185663983226, 4740235.123940168879926 ], [ 8306875.95498541276902, 4740309.144491052255034 ], [ 8306727.18232886120677, 4740428.444532621651888 ], [ 8306597.922312576323748, 4740550.350646669045091 ], [ 8306468.590467397123575, 4740688.66728244908154 ], [ 8306355.217498705722392, 4740824.526876805350184 ], [ 8306257.000275982543826, 4740952.876779116690159 ], [ 8306144.929450209252536, 4741113.991815605200827 ], [ 8306043.149528280831873, 4741275.152024256065488 ], [ 8305950.482222275808454, 4741436.352684874087572 ], [ 8305865.670584018342197, 4741597.588669526390731 ], [ 8305774.15445124078542, 4741791.623291403055191 ], [ 8305692.932680207304657, 4741985.073748043738306 ], [ 8305625.425723322667181, 4742168.48570051509887 ], [ 8305560.816378189250827, 4742372.114500780589879 ], [ 8305509.883702949620783, 4742565.705038270913064 ], [ 8305469.478111525066197, 4742759.975808111950755 ], [ 8305431.233806950971484, 4743018.024387011304498 ], [ 8305411.931316360831261, 4743211.763441890478134 ], [ 8305397.104067833162844, 4743470.555986383929849 ], [ 8305393.948522531427443, 4743729.405608763918281 ], [ 8305401.957355109974742, 4743987.678731949999928 ], [ 8305420.850872509181499, 4744246.636904544197023 ], [ 8305442.343361998908222, 4744440.575784079730511 ], [ 8305480.69471394084394, 4744699.629482597112656 ], [ 8305517.007566765882075, 4744893.640853133052588 ], [ 8305559.532233010977507, 4745087.68258317001164 ], [ 8305612.10110979527235, 4745295.663634572178125 ], [ 8305675.498497668653727, 4745518.219570332206786 ], [ 8305739.100018939003348, 4745721.204163814894855 ], [ 8305802.671142132021487, 4745913.45646964199841 ], [ 8305866.263445571064949, 4746101.291385786607862 ], [ 8305929.9724499899894, 4746271.446750176139176 ], [ 8306005.374438988976181, 4746447.338448391295969 ], [ 8306101.455982471816242, 4746642.267611448653042 ], [ 8306185.352009226568043, 4746791.042960560880601 ], [ 8306297.83795568253845, 4746966.467527693137527 ], [ 8306392.161466271616518, 4747095.710812103934586 ], [ 8306505.591435728594661, 4747235.141113655641675 ], [ 8306633.857029062695801, 4747372.10807847045362 ], [ 8306762.199711201712489, 4747491.390353633090854 ], [ 8306918.989579018205404, 4747615.84435329772532 ], [ 8307083.282059917226434, 4747723.906319813802838 ], [ 8307236.458414852619171, 4747811.076674565672874 ], [ 8307404.667096566408873, 4747895.781029510311782 ], [ 8307597.570261454209685, 4747980.584903787821531 ], [ 8307790.527986813336611, 4748052.753017155453563 ], [ 8307983.57631853967905, 4748112.916897133924067 ], [ 8308176.646103157661855, 4748158.549420623108745 ], [ 8308434.196566780097783, 4748195.595353655517101 ], [ 8308691.850172728300095, 4748197.262311656959355 ], [ 8308949.710289228707552, 4748156.6024583671242 ], [ 8309143.207216263748705, 4748094.836909664794803 ], [ 8309322.152011752128601, 4748013.429565445519984 ], [ 8309465.938899710774422, 4747933.144916640594602 ], [ 8309638.393003716133535, 4747820.757551283575594 ], [ 8309788.929101853631437, 4747712.072858672589064 ], [ 8309918.16009431425482, 4747611.51544191967696 ], [ 8310056.280731518752873, 4747498.991050156764686 ], [ 8310209.636954188346863, 4747370.102916847914457 ], [ 8310355.833920571953058, 4747241.186578349210322 ], [ 8310491.019062897190452, 4747112.227610145695508 ], [ 8310618.84662682376802, 4746983.871976752765477 ], [ 8310741.090791431255639, 4746854.863528735004365 ], [ 8310858.103189898654819, 4746725.835394848138094 ], [ 8310969.530206059105694, 4746596.786422939971089 ], [ 8311081.937990061938763, 4746457.005160517059267 ], [ 8311211.438824629411101, 4746276.238546372391284 ], [ 8311289.449115328490734, 4746145.171603254042566 ], [ 8311384.002935049124062, 4745951.646897586993873 ], [ 8311470.984698479995131, 4745763.780310397967696 ], [ 8311535.963042102754116, 4745614.987436243332922 ], [ 8311608.011032548733056, 4745435.279602413997054 ], [ 8311676.884319748729467, 4745241.670156227424741 ], [ 8311735.613826502114534, 4745048.026364274322987 ], [ 8311796.52853428479284, 4744793.774739315733314 ], [ 8311831.686312599107623, 4744595.631691090762615 ], [ 8311862.151418494991958, 4744336.858532877638936 ], [ 8311859.135635695420206, 4744043.872633580118418 ] ] ] } },
{ "type": "Feature", "properties": { }, "geometry": { "type": "Polygon", "coordinates": [ [ [ 8283181.765940221957862, 4773642.933284378610551 ], [ 8283236.691409207880497, 4773537.544622777029872 ], [ 8283460.009517882019281, 4773162.243698058649898 ], [ 8283685.835772040300071, 4772876.249466262757778 ], [ 8283799.392049057409167, 4772747.819947334006429 ], [ 8283926.375369185581803, 4772618.843318576924503 ], [ 8284070.724418406374753, 4772489.982094393111765 ], [ 8284241.028192416764796, 4772361.286678779870272 ], [ 8284380.708161051385105, 4772272.912521246820688 ], [ 8284542.577503117732704, 4772168.853502783924341 ], [ 8284704.959024195559323, 4772055.930900189094245 ], [ 8284834.626813467592001, 4771957.360917544923723 ], [ 8284965.815536367706954, 4771847.403023232705891 ], [ 8285105.469335752539337, 4771718.504433641210198 ], [ 8285236.259536016732454, 4771589.549856049008667 ], [ 8285360.421842865645885, 4771461.186219736933708 ], [ 8285484.161687203682959, 4771326.490497947670519 ], [ 8285614.471762608736753, 4771182.337543855421245 ], [ 8285744.48854882735759, 4771036.285270754247904 ], [ 8285874.382340976037085, 4770891.499442505650222 ], [ 8286003.564053705893457, 4770751.77322412841022 ], [ 8286128.649063179269433, 4770622.782620267942548 ], [ 8286262.16638841573149, 4770494.478579069487751 ], [ 8286394.04737292882055, 4770377.560065669938922 ], [ 8286523.916397159919143, 4770275.185364782810211 ], [ 8286674.332525801844895, 4770172.939814433455467 ], [ 8286847.868665827438235, 4770077.165768182836473 ], [ 8287042.106649677269161, 4770003.039053052663803 ], [ 8287236.030110894702375, 4769968.154056391678751 ], [ 8287444.348682640120387, 4769982.728098897263408 ], [ 8287622.907494580373168, 4770050.921405801549554 ], [ 8287771.798571747727692, 4770179.701764127239585 ], [ 8287879.421164474450052, 4770325.952105715870857 ], [ 8287970.358326554298401, 4770505.021815036423504 ], [ 8288043.904341828078032, 4770699.814384359866381 ], [ 8288099.785445786081254, 4770894.501516571268439 ], [ 8288143.531355738639832, 4771089.118416790850461 ], [ 8288186.821556, 4771348.945547160692513 ], [ 8288211.110067551024258, 4771543.45348022133112 ], [ 8288234.842859609983861, 4771803.172051600180566 ], [ 8288252.715332972817123, 4772062.229225072078407 ], [ 8288265.459158177487552, 4772256.680696969851851 ], [ 8288280.971479746513069, 4772516.368901831097901 ], [ 8288294.585781943053007, 4772776.051541563123465 ], [ 8288304.97254189196974, 4773035.088050773367286 ], [ 8288311.066609030589461, 4773294.739036283455789 ], [ 8288312.565426496788859, 4773489.144558122381568 ], [ 8288310.648837521672249, 4773683.534458548761904 ], [ 8288302.269956802949309, 4773943.113667040131986 ], [ 8288286.56245344132185, 4774202.021823813207448 ], [ 8288262.231166559271514, 4774461.518907736986876 ], [ 8288238.230680079199374, 4774655.792813451960683 ], [ 8288196.110793279483914, 4774915.192747071385384 ], [ 8288157.396316583268344, 4775109.385140573605895 ], [ 8288107.703981095924973, 4775308.582420746795833 ], [ 8288041.765502641908824, 4775520.984862943179905 ], [ 8287975.946768106892705, 4775702.358630236238241 ], [ 8287900.863881754688919, 4775886.210159413516521 ], [ 8287812.903294574469328, 4776080.119950031861663 ], [ 8287717.02141295094043, 4776273.984880092553794 ], [ 8287648.385608894750476, 4776403.412647979333997 ], [ 8287538.532865714281797, 4776597.195760034956038 ], [ 8287452.71488316077739, 4776744.890878447331488 ], [ 8287358.100771262310445, 4776920.401732434518635 ], [ 8287260.954228033311665, 4777114.271845119073987 ], [ 8287191.44043433945626, 4777265.870695236138999 ], [ 8287117.609019896946847, 4777437.718380042351782 ], [ 8287041.753932957537472, 4777632.358450558967888 ], [ 8286972.276408434845507, 4777826.410416534170508 ], [ 8286909.550897352397442, 4778020.504699491895735 ], [ 8286852.791521419771016, 4778214.640685251913965 ], [ 8286796.618768880143762, 4778428.423127362504601 ], [ 8286734.407394530251622, 4778668.147539867088199 ], [ 8286682.821140448562801, 4778862.328449201770127 ], [ 8286630.462584748864174, 4779056.505909094586968 ], [ 8286576.559952700510621, 4779251.310752227902412 ], [ 8286521.127982984296978, 4779445.47658681217581 ], [ 8286463.997921269387007, 4779639.635210337117314 ], [ 8286400.10188000742346, 4779849.595380158163607 ], [ 8286334.238920492120087, 4780058.279894614592195 ], [ 8286268.186868581920862, 4780259.99766671936959 ], [ 8286202.250457028858364, 4780455.383151611313224 ], [ 8286136.41886368766427, 4780645.068889589048922 ], [ 8286070.913957712240517, 4780830.322618105448782 ], [ 8286005.128805371001363, 4781011.77676847577095 ], [ 8285937.970714665949345, 4781193.860173010267317 ], [ 8285866.367624619044363, 4781387.956125530414283 ], [ 8285794.894123727455735, 4781582.057481990195811 ], [ 8285721.143875950947404, 4781776.149039138108492 ], [ 8285641.681981354951859, 4781970.204787272959948 ], [ 8285555.00771604757756, 4782164.85305611602962 ], [ 8285479.781444205902517, 4782320.282940631732345 ], [ 8285391.382168422453105, 4782488.307291867211461 ], [ 8285283.751086908392608, 4782675.223643332719803 ], [ 8285197.511387998238206, 4782811.574937613680959 ], [ 8285087.847534985281527, 4782970.595016845501959 ], [ 8284961.979043812491, 4783134.583997122943401 ], [ 8284852.257617199793458, 4783263.181474627926946 ], [ 8284731.291792766191065, 4783392.341713733039796 ], [ 8284596.592450415715575, 4783521.413748626597226 ], [ 8284444.371322840452194, 4783650.372582498006523 ], [ 8284307.156629469245672, 4783752.171637961640954 ], [ 8284168.982555126771331, 4783843.187848036177456 ], [ 8283982.6672004731372, 4783958.611377372406423 ], [ 8283852.708599218167365, 4784036.367663782089949 ], [ 8283657.913855792023242, 4784151.098946595564485 ], [ 8283525.217714137397707, 4784228.199217 ], [ 8283333.605854501016438, 4784341.677897528745234 ], [ 8283200.58664458245039, 4784421.310240173712373 ], [ 8283008.906061894260347, 4784539.22248565312475 ], [ 8282879.045933622866869, 4784622.675683613866568 ], [ 8282700.636216891929507, 4784742.573056504130363 ], [ 8282554.430396886542439, 4784845.56791447289288 ], [ 8282424.619518248364329, 4784937.258449730463326 ], [ 8282238.149168880656362, 4785064.071718577295542 ], [ 8282099.769372063688934, 4785151.900593350641429 ], [ 8281918.141610604710877, 4785256.555207756347954 ], [ 8281775.381636992096901, 4785328.500621788203716 ], [ 8281580.887190162204206, 4785407.705066714435816 ], [ 8281386.630151150748134, 4785462.817116712220013 ], [ 8281127.739477875642478, 4785492.762531671673059 ], [ 8280869.213232716545463, 4785463.745348223485053 ], [ 8280675.786905027925968, 4785400.296770607121289 ], [ 8280510.337734923698008, 4785311.68032528180629 ], [ 8280353.82000675983727, 4785189.521469937637448 ], [ 8280227.452608332969248, 4785050.452482730150223 ], [ 8280139.007425188086927, 4784919.887559271417558 ], [ 8280041.252945908345282, 4784724.598372555337846 ], [ 8279970.298488839529455, 4784556.75431732647121 ], [ 8279906.535917788743973, 4784390.866209402680397 ], [ 8279842.625822436995804, 4784203.424825358204544 ], [ 8279780.030310443602502, 4783992.54291276447475 ], [ 8279719.905685142613947, 4783748.720505115576088 ], [ 8279680.48937508277595, 4783553.220228609628975 ], [ 8279648.32978271599859, 4783358.407691945321858 ], [ 8279616.425786473788321, 4783098.951441523618996 ], [ 8279596.82977990899235, 4782838.952503706328571 ], [ 8279590.356843029148877, 4782644.331576972268522 ], [ 8279592.847493579611182, 4782384.496639507822692 ], [ 8279603.57490059081465, 4782190.003684873692691 ], [ 8279630.938719171099365, 4781930.355081137269735 ], [ 8279666.50218266248703, 4781718.930447726510465 ], [ 8279723.864503758959472, 4781477.243933756835759 ], [ 8279787.923781246878207, 4781282.503359894268215 ], [ 8279864.420624706894159, 4781099.260056843981147 ], [ 8279933.505682255141437, 4780959.057424318045378 ], [ 8280045.779360973276198, 4780765.289755979552865 ], [ 8280130.728293026797473, 4780635.972702900879085 ], [ 8280256.778161730617285, 4780463.848616804927588 ], [ 8280377.359532342292368, 4780313.233100022189319 ], [ 8280486.757050244137645, 4780184.720684569329023 ], [ 8280600.086202249862254, 4780055.600392910651863 ], [ 8280715.180290084332228, 4779926.491726234555244 ], [ 8280842.776677343994379, 4779781.629634249955416 ], [ 8280973.287287804298103, 4779627.915031756274402 ], [ 8281325.969586479477584, 4779087.320282626897097 ], [ 8281417.716285982169211, 4778893.43702101893723 ], [ 8281496.303296238183975, 4778705.801121332682669 ], [ 8281562.301680601201952, 4778530.754009610973299 ], [ 8281627.837092906236649, 4778339.236955993808806 ], [ 8281694.063116897828877, 4778140.122575459070504 ], [ 8281759.839915533550084, 4777946.078869566321373 ], [ 8281825.588860060088336, 4777755.839163430035114 ], [ 8281891.481834323145449, 4777566.236269827000797 ], [ 8281957.516084910370409, 4777376.635925422422588 ], [ 8282023.272866356186569, 4777185.139435563236475 ], [ 8282089.296241594478488, 4776990.477714955806732 ], [ 8282155.078706405125558, 4776793.286184405907989 ], [ 8282221.010354713536799, 4776591.031703351065516 ], [ 8282287.072973549365997, 4776384.346370657905936 ], [ 8282351.855459712445736, 4776175.123458182439208 ], [ 8282410.456509927287698, 4775981.063646151684225 ], [ 8282467.174009148962796, 4775786.3620510911569 ], [ 8282521.967236689291894, 4775592.285914508625865 ], [ 8282575.206910418346524, 4775398.201396544463933 ], [ 8282626.893132407218218, 4775204.108526987023652 ], [ 8282683.905952538363636, 4774982.190635617822409 ], [ 8282748.264438454993069, 4774750.825565398670733 ], [ 8282808.078330165706575, 4774556.799293931573629 ], [ 8282873.5732058044523, 4774362.814580727368593 ], [ 8282946.025954755954444, 4774168.243528406135738 ], [ 8283013.217384550720453, 4774003.406141614541411 ], [ 8283083.12448819167912, 4773844.921273116022348 ], [ 8283181.765940221957862, 4773642.933284378610551 ] ] ] } },
{ "type": "Feature", "properties": { }, "geometry": { "type": "Polygon", "coordinates": [ [ [ 8294818.80258353240788, 4767375.21844606846571 ], [ 8294793.414483084343374, 4767562.405053198337555 ], [ 8294768.820361620746553, 4767821.746526557020843 ], [ 8294746.355677082203329, 4768080.473166946321726 ], [ 8294730.221110045909882, 4768275.317412817850709 ], [ 8294708.699870521202683, 4768534.06058806553483 ], [ 8294687.765050368383527, 4768793.446394824422896 ], [ 8294670.063244271092117, 4769052.223324532620609 ], [ 8294658.850509478710592, 4769247.112696502357721 ], [ 8294646.151007987558842, 4769505.928208877332509 ], [ 8294635.693316189572215, 4769765.395426305942237 ], [ 8294626.814561012201011, 4770024.244793571531773 ], [ 8294618.877590241841972, 4770283.738863755017519 ], [ 8294611.294803980737925, 4770543.24146010261029 ], [ 8294603.242107902653515, 4770802.115056066773832 ], [ 8294593.885103712789714, 4771061.621222608722746 ], [ 8294585.154461521655321, 4771255.929342694580555 ], [ 8294570.436870510689914, 4771515.417957061901689 ], [ 8294551.032103087753057, 4771774.254589161835611 ], [ 8294523.661873523145914, 4772033.687616663984954 ], [ 8294490.730131180025637, 4772227.88266569096595 ], [ 8294446.564555139280856, 4772422.020182102918625 ], [ 8294387.67738598678261, 4772626.844914606772363 ], [ 8294322.008556691929698, 4772817.073210923932493 ], [ 8294247.797963514924049, 4773004.725194569677114 ], [ 8294162.474496996030211, 4773198.651354917325079 ], [ 8294009.394367821514606, 4773522.019619586877525 ], [ 8293995.117737950757146, 4773552.336209356784821 ], [ 8293950.153372044675052, 4773651.506722060032189 ], [ 8293809.79358477704227, 4774039.548342207446694 ], [ 8293762.650272841565311, 4774233.700943869538605 ], [ 8293730.7572739450261, 4774428.574419938959181 ], [ 8293715.858225213363767, 4774687.50829591602087 ], [ 8293729.473568449728191, 4774901.007446939125657 ], [ 8293780.037528363987803, 4775141.94777540769428 ], [ 8293856.283288417384028, 4775329.834294545464218 ], [ 8293943.137232204899192, 4775467.114060096442699 ], [ 8294058.77211354393512, 4775597.585861777886748 ], [ 8294209.380229279398918, 4775728.249306306242943 ], [ 8294370.320003967732191, 4775837.433877617120743 ], [ 8294531.146255291998386, 4775924.448232311755419 ], [ 8294692.504335591569543, 4775993.728965317830443 ], [ 8294885.906235495582223, 4776058.113609664142132 ], [ 8295144.033807422034442, 4776118.40932410210371 ], [ 8295337.590054405853152, 4776147.316958583891392 ], [ 8295595.890894913114607, 4776168.332136411219835 ], [ 8295854.279511200264096, 4776172.872958010993898 ], [ 8296112.669151298701763, 4776162.205715901218355 ], [ 8296371.160427046939731, 4776139.497932569123805 ], [ 8296565.115249524824321, 4776115.179228606633842 ], [ 8296823.781397178769112, 4776073.459178549237549 ], [ 8297017.802375686354935, 4776035.831136964261532 ], [ 8297211.808487015776336, 4775993.132345076650381 ], [ 8297405.831789115443826, 4775939.0292535610497 ], [ 8297600.028574683703482, 4775865.922363126650453 ], [ 8297794.298726343549788, 4775770.011355157010257 ], [ 8297932.615321815013885, 4775682.679540413431823 ], [ 8298094.558619405142963, 4775553.665174646303058 ], [ 8298221.919464405626059, 4775425.107987796887755 ], [ 8298324.52207446936518, 4775295.792293444275856 ], [ 8298443.566296023316681, 4775102.594041264615953 ], [ 8298508.870737191289663, 4774964.859189495444298 ], [ 8298577.41283024661243, 4774778.377414283342659 ], [ 8298640.179778202436864, 4774539.939589263871312 ], [ 8298680.633590934798121, 4774324.82618834450841 ], [ 8298708.406903253868222, 4774130.551282649859786 ], [ 8298737.252516597509384, 4773871.060510781593621 ], [ 8298761.760698052123189, 4773611.554530034773052 ], [ 8298779.636841213330626, 4773417.243425356224179 ], [ 8298805.046157748438418, 4773158.386622119694948 ], [ 8298834.832275412045419, 4772898.92504761647433 ], [ 8298861.179604578763247, 4772704.669778830371797 ], [ 8298903.535517605021596, 4772445.282411559484899 ], [ 8298941.74328272882849, 4772251.09483671747148 ], [ 8298986.688870451413095, 4772056.9444286711514 ], [ 8299040.994889221154153, 4771858.412292558699846 ], [ 8299106.494219268672168, 4771659.30632065422833 ], [ 8299176.533131224103272, 4771474.154558918438852 ], [ 8299258.553762700408697, 4771280.201874112710357 ], [ 8299347.979822276160121, 4771086.288875145837665 ], [ 8299433.001560903154314, 4770913.881192433647811 ], [ 8299511.334195039235055, 4770762.966572603210807 ], [ 8299616.788782798685133, 4770569.140085970051587 ], [ 8299693.665792819112539, 4770432.781774245202541 ], [ 8299803.689807620830834, 4770245.945312505587935 ], [ 8299888.936914880760014, 4770105.199765439145267 ], [ 8300003.660600757226348, 4769922.821137901395559 ], [ 8300087.231558121740818, 4769793.464085852727294 ], [ 8300214.120483892969787, 4769603.552121357060969 ], [ 8300306.963661419227719, 4769470.444518628530204 ], [ 8300409.1122119827196, 4769327.25539714936167 ], [ 8300539.074457075446844, 4769151.287891420535743 ], [ 8300630.687793887220323, 4769018.177238340489566 ], [ 8300734.193659641779959, 4768852.844849921762943 ], [ 8300822.176464476622641, 4768695.034657064825296 ], [ 8300927.111369566991925, 4768501.231126167811453 ], [ 8300999.548735084943473, 4768371.83110595215112 ], [ 8301110.740845631808043, 4768178.061721848323941 ], [ 8301189.861312799155712, 4768042.367445853538811 ], [ 8301299.992004040628672, 4767854.92590700276196 ], [ 8301385.058252856135368, 4767710.402513090521097 ], [ 8301489.506768185645342, 4767531.797988225705922 ], [ 8301580.299513675272465, 4767374.647700424306095 ], [ 8301675.030730242840946, 4767208.657884546555579 ], [ 8301775.538583431392908, 4767028.142091532237828 ], [ 8301853.137237751856446, 4766885.489719823934138 ], [ 8301955.039745900779963, 4766691.69551104772836 ], [ 8302036.030141965486109, 4766530.078504712320864 ], [ 8302114.024356681853533, 4766368.449403270147741 ], [ 8302201.503360801376402, 4766173.96233020350337 ], [ 8302281.649948425590992, 4765980.076826103031635 ], [ 8302352.891995036043227, 4765786.152979194186628 ], [ 8302413.615177895873785, 4765592.183489434421062 ], [ 8302461.496360637247562, 4765398.157780111767352 ], [ 8302496.539188520982862, 4765203.44334589317441 ], [ 8302525.139497127383947, 4764944.800284287892282 ], [ 8302531.923215203918517, 4764685.430049403570592 ], [ 8302514.050729560665786, 4764426.584920643828809 ], [ 8302481.078274116851389, 4764231.57389326300472 ], [ 8302426.248190445825458, 4764037.097746484912932 ], [ 8302341.728158246725798, 4763842.487068061716855 ], [ 8302242.780947080813348, 4763685.769153612665832 ], [ 8302114.444408799521625, 4763540.935010059736669 ], [ 8301985.85353565774858, 4763434.688698536716402 ], [ 8301798.425764300860465, 4763321.839457012712955 ], [ 8301651.065720873884857, 4763255.988573353737593 ], [ 8301454.404915800318122, 4763190.535186146385968 ], [ 8301213.048918087035418, 4763134.354462939314544 ], [ 8301019.657171762548387, 4763103.068192553706467 ], [ 8300761.701788551174104, 4763077.161498364061117 ], [ 8300503.714405766688287, 4763066.429948519915342 ], [ 8300245.663864797912538, 4763060.752090098336339 ], [ 8300023.491483956575394, 4763053.977531024254858 ], [ 8299794.152979225851595, 4763047.162936879321933 ], [ 8299536.106553088873625, 4763040.834282204508781 ], [ 8299278.044960375875235, 4763037.66179933026433 ], [ 8299020.001088037155569, 4763038.91079952288419 ], [ 8298761.850189524702728, 4763045.845813731662929 ], [ 8298568.266335439868271, 4763054.996470554731786 ], [ 8298310.130191150121391, 4763074.571500781923532 ], [ 8298051.905954927206039, 4763103.628172434866428 ], [ 8297858.260739072225988, 4763132.374880041927099 ], [ 8297647.982387331314385, 4763171.786785741336644 ], [ 8297406.074650884605944, 4763228.111779948696494 ], [ 8297212.286114507354796, 4763284.047001661732793 ], [ 8297018.404481652192771, 4763357.690961186774075 ], [ 8296870.220748781226575, 4763427.140907127410173 ], [ 8296694.887811906635761, 4763522.384513831697404 ], [ 8296541.947946761734784, 4763619.64081871882081 ], [ 8296371.189277058467269, 4763742.739668959751725 ], [ 8296241.670024390332401, 4763848.340381412766874 ], [ 8296112.009795807301998, 4763965.327156594954431 ], [ 8295982.244210660457611, 4764094.333209189586341 ], [ 8295852.43494509998709, 4764238.522566839121282 ], [ 8295727.924515619874001, 4764392.86294917203486 ], [ 8295633.713527611456811, 4764521.425856744870543 ], [ 8295527.429511828348041, 4764683.457041312940419 ], [ 8295433.396866576746106, 4764844.289687407203019 ], [ 8295334.969312373548746, 4765038.633510610088706 ], [ 8295266.67173829022795, 4765195.178796564228833 ], [ 8295201.182212390005589, 4765371.355381335131824 ], [ 8295135.52763601206243, 4765585.497637724503875 ], [ 8295073.770716491155326, 4765814.218092015013099 ], [ 8295027.396871440112591, 4766008.856954399496317 ], [ 8294986.026891415007412, 4766202.893480253405869 ], [ 8294818.80258353240788, 4767375.21844606846571 ] ] ] } },
{ "type": "Feature", "properties": { }, "geometry": { "type": "Polygon", "coordinates": [ [ [ 8313037.489894470199943, 4754282.624730748124421 ], [ 8312719.863596797920763, 4754285.275977222248912 ], [ 8312382.160721208900213, 4754378.225578467361629 ], [ 8312035.792859461158514, 4754558.355654443614185 ], [ 8311889.270293524488807, 4754667.161559425294399 ], [ 8311759.931150186806917, 4754777.926337031647563 ], [ 8311630.507888472639024, 4754900.067647996358573 ], [ 8311501.183172133751214, 4755026.633682020008564 ], [ 8311371.734838642179966, 4755153.831240451894701 ], [ 8311242.37136507127434, 4755278.500640550628304 ], [ 8311112.942553309723735, 4755398.744914244860411 ], [ 8310967.511932572349906, 4755525.249525055289268 ], [ 8310807.902930337935686, 4755654.228215657174587 ], [ 8310660.328288390301168, 4755763.023820727132261 ], [ 8310531.048105553723872, 4755851.028053509071469 ], [ 8310337.206006096675992, 4755966.597362359985709 ], [ 8310199.002018478699028, 4756040.657564083114266 ], [ 8310014.204525041393936, 4756135.3967170342803 ], [ 8309829.194619131274521, 4756233.29329242836684 ], [ 8309691.140704747289419, 4756307.349010224454105 ], [ 8309497.312380803748965, 4756414.689117588102818 ], [ 8309364.915187406353652, 4756490.02822978887707 ], [ 8309174.210655109956861, 4756601.801574102602899 ], [ 8309039.10777517221868, 4756683.448874275200069 ], [ 8308851.054440362378955, 4756799.654059623368084 ], [ 8308721.802318144589663, 4756883.218620388768613 ], [ 8308537.772286522202194, 4757005.126150406897068 ], [ 8308398.552326319739223, 4757100.027847200632095 ], [ 8308260.222186877392232, 4757198.093174122273922 ], [ 8308083.826885730959475, 4757326.981522879563272 ], [ 8307945.861096831969917, 4757430.736236305907369 ], [ 8307816.484733923338354, 4757531.364126923494041 ], [ 8307668.617824399843812, 4757648.985856812447309 ], [ 8307510.825125175528228, 4757777.31404550280422 ], [ 8307234.211472147144377, 4758010.103739792481065 ], [ 8307104.781424155458808, 4758120.211999759078026 ], [ 8306898.102086456492543, 4758293.224501178599894 ], [ 8306738.400391000322998, 4758421.540611229836941 ], [ 8306587.120466500520706, 4758539.774562162347138 ], [ 8306457.80845242831856, 4758637.234572583809495 ], [ 8306307.320509101264179, 4758743.456233016215265 ], [ 8306134.380002861842513, 4758862.227324168197811 ], [ 8306005.081901181489229, 4758945.141177775338292 ], [ 8305811.092511584982276, 4759060.02494837436825 ], [ 8305666.613276896998286, 4759129.591728202998638 ], [ 8305462.523980030789971, 4759193.207698497921228 ], [ 8305229.969272063113749, 4759221.284812328405678 ], [ 8304971.950102495029569, 4759230.274803094565868 ], [ 8304757.670857911929488, 4759255.25943529419601 ], [ 8304551.054269916377962, 4759318.846507420763373 ], [ 8304390.740317102521658, 4759414.885343045927584 ], [ 8304261.197499726898968, 4759548.368801195174456 ], [ 8304173.351456264965236, 4759705.436150080524385 ], [ 8304122.733073739334941, 4759899.982011698186398 ], [ 8304129.759800410829484, 4760099.848146537318826 ], [ 8304235.448045185767114, 4760288.775053404271603 ], [ 8304451.170887215062976, 4760334.635081654414535 ], [ 8304644.989555697888136, 4760267.825249900110066 ], [ 8304837.953182434663177, 4760161.799561152234674 ], [ 8304968.291599871590734, 4760080.792649154551327 ], [ 8305155.683192774653435, 4759969.046872857958078 ], [ 8305291.554442062042654, 4759900.076688363216817 ], [ 8305485.247988192364573, 4759840.841443171724677 ], [ 8305678.755615773610771, 4759842.942567287944257 ], [ 8305871.954671626910567, 4759908.276739218272269 ], [ 8306064.933708823285997, 4760026.094937060028315 ], [ 8306193.490644271485507, 4760130.988528515212238 ], [ 8306321.962295895442367, 4760256.750527598895133 ], [ 8306450.336163947358727, 4760406.543727590702474 ], [ 8306560.439708740450442, 4760558.157586285844445 ], [ 8306644.026811198331416, 4760687.525593349710107 ], [ 8306750.371747566387057, 4760882.764217698015273 ], [ 8306834.574719442054629, 4761063.998516971245408 ], [ 8306898.379590504802763, 4761228.073283531703055 ], [ 8306962.126080193556845, 4761425.67128234449774 ], [ 8307019.499703953973949, 4761660.563022054731846 ], [ 8307052.315460776910186, 4761855.509480562061071 ], [ 8307076.363435804843903, 4762114.307279154658318 ], [ 8307075.210725696757436, 4762373.638948350213468 ], [ 8307051.301874581724405, 4762632.249624263495207 ], [ 8307020.802688914351165, 4762827.582634049467742 ], [ 8306962.478773112408817, 4763085.428086826577783 ], [ 8306906.465181903913617, 4763279.397386949509382 ], [ 8306841.468576464802027, 4763473.964949968270957 ], [ 8306769.580786689184606, 4763667.874200580641627 ], [ 8306693.87039687205106, 4763861.770511609502137 ], [ 8306628.709418330341578, 4764027.878324306569993 ], [ 8306563.388350466266274, 4764203.477477755397558 ], [ 8306498.040139035321772, 4764403.752897231839597 ], [ 8306438.964979990385473, 4764638.222891968674958 ], [ 8306408.059173143468797, 4764832.325341537594795 ], [ 8306395.585251709446311, 4765091.678006745874882 ], [ 8306418.166322407312691, 4765350.553308296948671 ], [ 8306458.822508470155299, 4765544.972814324311912 ], [ 8306508.615344860590994, 4765740.067296869121492 ], [ 8306563.730072886683047, 4765934.55501717608422 ], [ 8306624.321894185617566, 4766129.069277740083635 ], [ 8306690.94257497228682, 4766323.612307567149401 ], [ 8306764.301484132185578, 4766518.186974271200597 ], [ 8306845.656879084184766, 4766713.431223338469863 ], [ 8306936.668945725075901, 4766908.086223404854536 ], [ 8307003.285029922612011, 4767039.992119451984763 ], [ 8307104.356063057668507, 4767232.795427959412336 ], [ 8307195.424488455988467, 4767397.081512575037777 ], [ 8307288.205465043894947, 4767557.579396173357964 ], [ 8307387.760054617188871, 4767719.372784057632089 ], [ 8307493.024948171339929, 4767882.457138426601887 ], [ 8307581.999873341061175, 4768012.56564109865576 ], [ 8307708.57990238443017, 4768186.499646339565516 ], [ 8307824.659188997000456, 4768337.607287846505642 ], [ 8307930.664713356643915, 4768467.155488693155348 ], [ 8308042.304320964030921, 4768597.360145456157625 ], [ 8308159.856598580256104, 4768727.589298842474818 ], [ 8308287.616284263320267, 4768857.86017095297575 ], [ 8308428.420552524738014, 4768988.183847690932453 ], [ 8308580.18423384334892, 4769117.918426549062133 ], [ 8308737.162786570377648, 4769245.141445936635137 ], [ 8308865.881948282010853, 4769345.665850005112588 ], [ 8308994.968303930945694, 4769443.659160917624831 ], [ 8309171.172849246300757, 4769574.121038880199194 ], [ 8309316.432144624181092, 4769679.139503860846162 ], [ 8309445.197279742918909, 4769770.799011667259037 ], [ 8309630.796273369342089, 4769900.028052357025445 ], [ 8309767.127672955393791, 4769992.981133300811052 ], [ 8309921.747755292803049, 4770095.499709343537688 ], [ 8310089.079133367165923, 4770203.130432343110442 ], [ 8310230.597881867550313, 4770291.668913133442402 ], [ 8310411.139743441715837, 4770408.842920715920627 ], [ 8310539.899195563979447, 4770496.696698476560414 ], [ 8310707.981619103811681, 4770617.618240610696375 ], [ 8310861.859011584892869, 4770734.053015963174403 ], [ 8310990.611220792867243, 4770836.464213227853179 ], [ 8311119.307663620449603, 4770943.939129396341741 ], [ 8311266.487605671398342, 4771073.007672828622162 ], [ 8311407.243033323436975, 4771203.317790117114782 ], [ 8311540.908487107604742, 4771333.601127792149782 ], [ 8311668.114241140894592, 4771463.86031401809305 ], [ 8311789.490602532401681, 4771594.097931928001344 ], [ 8311905.512592292390764, 4771723.682831638492644 ], [ 8312019.905497470870614, 4771857.69391480833292 ], [ 8312148.483018946833909, 4772015.183579041622579 ], [ 8312277.025133894756436, 4772172.673906838521361 ], [ 8312391.41887441277504, 4772309.219294016249478 ], [ 8312504.26203023083508, 4772439.427947748452425 ], [ 8312622.626024541445076, 4772569.657028899528086 ], [ 8312748.878201480954885, 4772699.281722742132843 ], [ 8312886.206919571384788, 4772829.579563424922526 ], [ 8313039.817713551223278, 4772959.935595955699682 ], [ 8313177.924774934537709, 4773061.741505271755159 ], [ 8313329.189245257526636, 4773155.361657087691128 ], [ 8313500.156479951925576, 4773240.185191434808075 ], [ 8313693.72386178560555, 4773310.522133489139378 ], [ 8313887.259287100285292, 4773356.793357432819903 ], [ 8314145.497308766469359, 4773386.822399194352329 ], [ 8314403.81234039645642, 4773383.284379422664642 ], [ 8314638.1689372677356, 4773354.328836006112397 ], [ 8314856.182427606545389, 4773308.848620646633208 ], [ 8315050.098673284053802, 4773255.050537346862257 ], [ 8315244.050927831791341, 4773189.851335255429149 ], [ 8315438.032226143404841, 4773115.150819662027061 ], [ 8315630.811772512272, 4773033.47789853066206 ], [ 8315775.324928764253855, 4772969.371583687141538 ], [ 8315955.411452508531511, 4772886.38513754773885 ], [ 8316149.431091878563166, 4772796.47674064245075 ], [ 8316334.12911472376436, 4772711.600451190024614 ], [ 8316479.973322778940201, 4772647.490318310447037 ], [ 8316666.769918849691749, 4772570.213976657949388 ], [ 8316860.730913323350251, 4772494.857190934941173 ], [ 8317054.720440023578703, 4772422.029938962310553 ], [ 8317248.663794574327767, 4772350.465614692308009 ], [ 8317442.608367680571973, 4772277.631733526475728 ], [ 8317636.565868923440576, 4772199.729473046027124 ], [ 8317786.107060813345015, 4772133.082508884370327 ], [ 8317959.954633570276201, 4772043.715999281033874 ], [ 8318130.375374739058316, 4771939.774673903360963 ], [ 8318283.474804133176804, 4771828.180985145270824 ], [ 8318412.967705363407731, 4771715.247990411706269 ], [ 8318542.494571898132563, 4771576.990284560248256 ], [ 8318657.682782459072769, 4771422.228823744691908 ], [ 8318737.055380763486028, 4771290.151666944846511 ], [ 8318826.61319253500551, 4771098.596608458086848 ], [ 8318895.762043749913573, 4770904.450862820260227 ], [ 8318948.515018443576992, 4770710.259242929518223 ], [ 8318997.787058992311358, 4770466.683401791378856 ], [ 8319029.264517828822136, 4770256.610376384109259 ], [ 8319058.954115464352071, 4769997.794299874454737 ], [ 8319076.474550435319543, 4769802.881097486242652 ], [ 8319096.271603396162391, 4769544.046933438628912 ], [ 8319114.257028142921627, 4769284.580944917164743 ], [ 8319131.07289192546159, 4769047.271338306367397 ], [ 8319147.865712882950902, 4768830.854104797355831 ], [ 8319169.550047012977302, 4768572.050102487206459 ], [ 8319188.634877773933113, 4768312.611999950371683 ], [ 8319201.617270142771304, 4768118.350229115225375 ], [ 8319217.588115123100579, 4767858.914378042332828 ], [ 8319232.650173059664667, 4767600.11527363397181 ], [ 8319247.161780580878258, 4767340.688242011703551 ], [ 8319261.591969138011336, 4767081.90038216393441 ], [ 8319272.485365809872746, 4766887.022973814047873 ], [ 8319287.308115748688579, 4766628.247759279794991 ], [ 8319302.762171622365713, 4766368.848175236955285 ], [ 8319318.961937099695206, 4766110.090143038891256 ], [ 8319334.062581621110439, 4765876.645567717961967 ], [ 8319348.729712189175189, 4765656.492591456510127 ], [ 8319368.040429358370602, 4765397.129023861140013 ], [ 8319399.400095760822296, 4765138.440251047722995 ], [ 8319429.783794133923948, 4764943.657257135957479 ], [ 8319466.459661801345646, 4764738.14076192677021 ], [ 8319513.061923801898956, 4764490.901197115890682 ], [ 8319549.506224139593542, 4764296.148000660352409 ], [ 8319594.444071527570486, 4764037.526352779939771 ], [ 8319622.967919724062085, 4763843.390983075834811 ], [ 8319651.482622724957764, 4763584.099900355562568 ], [ 8319663.920356324873865, 4763382.334828323684633 ], [ 8319664.886011321097612, 4763130.565946051850915 ], [ 8319652.414975077845156, 4762936.327955991961062 ], [ 8319615.129882053472102, 4762676.867594565264881 ], [ 8319569.034333576448262, 4762482.539735998027027 ], [ 8319505.222269729711115, 4762288.163372945971787 ], [ 8319417.946230499073863, 4762093.721249585039914 ], [ 8319345.52489632088691, 4761963.841956539079547 ], [ 8319219.788349288515747, 4761769.290707681328058 ], [ 8319126.93811368662864, 4761639.353402152657509 ], [ 8319024.344997614622116, 4761503.062997460365295 ], [ 8318895.817325226031244, 4761337.601891455240548 ], [ 8318777.29535011574626, 4761184.821196777746081 ], [ 8318677.999613277614117, 4761054.867810878902674 ], [ 8318574.599317069165409, 4760916.048413160257041 ], [ 8318446.094764801673591, 4760734.780258821323514 ], [ 8318356.149229649454355, 4760601.063298096880317 ], [ 8318253.498233888298273, 4760438.849599985405803 ], [ 8318157.503388199023902, 4760276.657869121991098 ], [ 8318061.042353303171694, 4760100.553640029393137 ], [ 8317985.16594223678112, 4759952.340077801607549 ], [ 8317893.532290143892169, 4759757.283476728945971 ], [ 8317809.930319339036942, 4759562.88706823065877 ], [ 8317740.722961787134409, 4759386.244298079051077 ], [ 8317676.79836833383888, 4759207.723556810989976 ], [ 8317612.934784871526062, 4759010.235848342068493 ], [ 8317549.107045501470566, 4758802.002298880368471 ], [ 8317485.244521955959499, 4758593.140186063013971 ], [ 8317424.181004003621638, 4758396.30425520054996 ], [ 8317361.852493536658585, 4758201.996886426582932 ], [ 8317296.574569469317794, 4758007.683532674796879 ], [ 8317229.744411934167147, 4757819.691099776886404 ], [ 8317165.726134898141026, 4757651.942397837527096 ], [ 8317098.941174599342048, 4757488.612908516079187 ], [ 8317012.027903635054827, 4757294.242623548954725 ], [ 8316915.279537849128246, 4757099.843908749520779 ], [ 8316844.10643220692873, 4756970.014228058047593 ], [ 8316724.539971567690372, 4756775.546850943006575 ], [ 8316634.718778315931559, 4756645.6599341025576 ], [ 8316524.6946886992082, 4756496.743428003042936 ], [ 8316396.273243559524417, 4756330.699846941046417 ], [ 8316282.84135867562145, 4756191.256550200283527 ], [ 8316172.094957336783409, 4756061.936980121769011 ], [ 8316056.434799076989293, 4755931.969594921916723 ], [ 8315936.409914352931082, 4755801.988185148686171 ], [ 8315811.07611838541925, 4755671.989478514529765 ], [ 8315677.994067350402474, 4755541.965193347074091 ], [ 8315535.981563376262784, 4755412.543194195255637 ], [ 8315383.58729515876621, 4755282.454032745212317 ], [ 8315239.603717297315598, 4755168.194714446552098 ], [ 8315110.983498165383935, 4755072.948924976401031 ], [ 8314941.042340315878391, 4754957.336009789258242 ], [ 8314789.371501063928008, 4754862.009976577013731 ], [ 8314613.71836859267205, 4754762.176107671111822 ], [ 8314467.654512246139348, 4754685.828017622232437 ], [ 8314274.58301804587245, 4754596.042992824688554 ], [ 8314081.438607824034989, 4754516.999643038958311 ], [ 8313888.294978181831539, 4754449.962062343023717 ], [ 8313695.155845770612359, 4754393.665941483341157 ], [ 8313501.900355026125908, 4754348.742714779451489 ], [ 8313244.22255452349782, 4754309.275436986237764 ], [ 8313037.489894470199943, 4754282.624730748124421 ] ] ] } },
{ "type": "Feature", "properties": { }, "geometry": { "type": "Polygon", "coordinates": [ [ [ 8338027.896399178542197, 4753023.192956675775349 ], [ 8338148.156054092571139, 4752873.54987364821136 ], [ 8338256.454330561682582, 4752716.943341388367116 ], [ 8338374.331965746358037, 4752550.237491597421467 ], [ 8338471.10908280313015, 4752420.794064096175134 ], [ 8338578.964161188341677, 4752284.412091174162924 ], [ 8338708.093083762563765, 4752131.622648822143674 ], [ 8338837.247974149882793, 4751988.312283678911626 ], [ 8338966.20717213395983, 4751853.848708388395607 ], [ 8339095.077507363632321, 4751726.335823343135417 ], [ 8339224.200500292703509, 4751605.141617018729448 ], [ 8339353.168553088791668, 4751485.210876663215458 ], [ 8339482.217537527903914, 4751359.593255780637264 ], [ 8339611.19224042352289, 4751225.761424055323005 ], [ 8339740.100170304067433, 4751082.452136898413301 ], [ 8339863.089455896988511, 4750934.082904516719282 ], [ 8339962.001922619529068, 4750804.647634342312813 ], [ 8340062.667328013107181, 4750661.946691972203553 ], [ 8340179.585458636283875, 4750481.352462135255337 ], [ 8340256.498488241806626, 4750351.900683195330203 ], [ 8340362.376559240743518, 4750158.032905025407672 ], [ 8340449.883060868829489, 4749982.473682539537549 ], [ 8340518.892935731448233, 4749834.698312537744641 ], [ 8340603.446334166452289, 4749640.81987146474421 ], [ 8340682.819488037377596, 4749446.30857565626502 ], [ 8340760.471561214886606, 4749252.430313501507044 ], [ 8340837.307228426449001, 4749068.03045572899282 ], [ 8340901.986921723000705, 4748919.630568856373429 ], [ 8340985.076266640797257, 4748735.240683454088867 ], [ 8341076.682672365568578, 4748541.384622003883123 ], [ 8341159.865860925987363, 4748371.528534583747387 ], [ 8341238.105519973672926, 4748218.093815173022449 ], [ 8341340.593746389262378, 4748024.253513598814607 ], [ 8341417.935105728916824, 4747882.191715926863253 ], [ 8341521.272207704372704, 4747700.989174483343959 ], [ 8341611.427544895559549, 4747547.570590191520751 ], [ 8341715.850507376715541, 4747377.74175229202956 ], [ 8341804.929573276080191, 4747236.95752745307982 ], [ 8341927.079388376325369, 4747054.512369239702821 ], [ 8342017.553592821583152, 4746925.100083151832223 ], [ 8342127.277816252782941, 4746774.228371446952224 ], [ 8342256.402340581640601, 4746609.475954500027001 ], [ 8342372.197427320294082, 4746472.504379562102258 ], [ 8342490.690482906997204, 4746343.113521018065512 ], [ 8342612.050281452946365, 4746213.72471369151026 ], [ 8342733.282048785127699, 4746084.967461612075567 ], [ 8342859.392279907129705, 4745955.581877512857318 ], [ 8342991.638320933096111, 4745826.200058254413307 ], [ 8343130.327805272303522, 4745696.82187161501497 ], [ 8343275.833764314651489, 4745567.447075103409588 ], [ 8343416.247096794657409, 4745447.541611806489527 ], [ 8343545.341745343059301, 4745341.52190991025418 ], [ 8343673.986432754434645, 4745239.290517829358578 ], [ 8343834.740582464262843, 4745115.604783524759114 ], [ 8343996.34113463293761, 4744994.444136584177613 ], [ 8344125.156289706937969, 4744900.419351282529533 ], [ 8344275.685823210515082, 4744792.512101678177714 ], [ 8344447.076049769297242, 4744671.98414708301425 ], [ 8344576.103390458971262, 4744583.008046894334257 ], [ 8344743.834838966839015, 4744469.421691997908056 ], [ 8344898.181448479183018, 4744366.562517543323338 ], [ 8345038.181039652787149, 4744275.061997044831514 ], [ 8345220.242267928086221, 4744159.58241633977741 ], [ 8345349.069382100366056, 4744080.703382335603237 ], [ 8345542.284623054787517, 4743968.381164418533444 ], [ 8345690.523044186644256, 4743887.611627308651805 ], [ 8345864.194838971830904, 4743805.585661049932241 ], [ 8346057.276061062701046, 4743734.296514772810042 ], [ 8346250.683304892852902, 4743682.576978199183941 ], [ 8346508.056032730266452, 4743643.497488488443196 ], [ 8346765.864276638254523, 4743640.400114848278463 ], [ 8347023.401970681734383, 4743681.492775238119066 ], [ 8347216.55902195814997, 4743755.400090048089623 ], [ 8347345.378923014737666, 4743838.764968958683312 ], [ 8347474.115018735639751, 4743972.009333093650639 ], [ 8347572.991132243536413, 4744146.92275616992265 ], [ 8347637.253803598694503, 4744340.776304778642952 ], [ 8347676.114705630578101, 4744534.629959827288985 ], [ 8347709.43982513435185, 4744793.525603354908526 ], [ 8347731.618905370123684, 4745032.850917118601501 ], [ 8347749.556911062449217, 4745245.65914208535105 ], [ 8347772.836283716373146, 4745504.571393698453903 ], [ 8347795.88548581302166, 4745724.336545875295997 ], [ 8347825.001291429623961, 4745957.369044898077846 ], [ 8347860.225048784166574, 4746186.6181754861027 ], [ 8347903.090873990207911, 4746410.189199816435575 ], [ 8347945.653673849999905, 4746604.081433603540063 ], [ 8347990.648964304476976, 4746797.977389831095934 ], [ 8348051.438109511509538, 4747056.931863569654524 ], [ 8348095.500472884625196, 4747250.835867094807327 ], [ 8348137.3102205125615, 4747444.743154557421803 ], [ 8348181.930171103216708, 4747675.288586275652051 ], [ 8348220.353231771849096, 4747897.627180361188948 ], [ 8348248.137710085138679, 4748091.545244893059134 ], [ 8348277.026450828649104, 4748350.528837430290878 ], [ 8348294.972140074707568, 4748608.886491208337247 ], [ 8348300.552136169746518, 4748867.881562034599483 ], [ 8348293.253841416910291, 4749126.250608797185123 ], [ 8348271.143199718557298, 4749385.256925009191036 ], [ 8348244.421683712862432, 4749579.199335732497275 ], [ 8348197.12688153795898, 4749838.215129047632217 ], [ 8348153.826841627247632, 4750032.164645818062127 ], [ 8348105.464597377926111, 4750226.11719558481127 ], [ 8348052.355101520195603, 4750420.072782932780683 ], [ 8347988.622502782382071, 4750637.407758872024715 ], [ 8347924.180266225710511, 4750844.637682721950114 ], [ 8347859.474379013292491, 4751043.025671301409602 ], [ 8347795.179251720197499, 4751235.730469799600542 ], [ 8347730.58090134523809, 4751424.015455648303032 ], [ 8347666.242454896681011, 4751609.776016903109848 ], [ 8347601.862480322830379, 4751794.275770954787731 ], [ 8347537.146098841913044, 4751979.410336142405868 ], [ 8347472.596933727152646, 4752167.075430741533637 ], [ 8347407.035037729889154, 4752361.062614826485515 ], [ 8347343.64072369877249, 4752555.685352902859449 ], [ 8347279.299042735248804, 4752755.366784336976707 ], [ 8347213.573267915286124, 4752943.676263391971588 ], [ 8347139.497516109608114, 4753137.674951497465372 ], [ 8347058.193840054795146, 4753331.675451010465622 ], [ 8346969.58888210915029, 4753526.309461722150445 ], [ 8346892.345665351487696, 4753681.13274728693068 ], [ 8346802.330381831154227, 4753849.859206518158317 ], [ 8346699.169824360869825, 4754027.432990898378193 ], [ 8346607.743886708281934, 4754173.410005339421332 ], [ 8346505.619245648384094, 4754325.074048915877938 ], [ 8346380.660178864374757, 4754496.95904004201293 ], [ 8346279.557865514419973, 4754625.871722218580544 ], [ 8346172.695003713481128, 4754755.415425123646855 ], [ 8346054.076876628212631, 4754890.644972220994532 ], [ 8345925.099515467882156, 4755030.296337313018739 ], [ 8345796.231895312666893, 4755163.627035479061306 ], [ 8345667.36272931843996, 4755291.268918002955616 ], [ 8345538.41790868435055, 4755420.174966594204307 ], [ 8345409.428460322320461, 4755554.77001475263387 ], [ 8345280.361309667117894, 4755695.686438474804163 ], [ 8345151.471724017523229, 4755842.292339379899204 ], [ 8345028.764528088271618, 4755985.108297158963978 ], [ 8344916.368975827470422, 4756114.653737466782331 ], [ 8344801.662566679529846, 4756243.566538322716951 ], [ 8344684.099484556354582, 4756373.110472219996154 ], [ 8344562.480150918476284, 4756502.652894566766918 ], [ 8344435.512517093680799, 4756632.193124785088003 ], [ 8344302.022532600909472, 4756761.730470184236765 ], [ 8344161.300824953243136, 4756890.631827238947153 ], [ 8344011.268573096953332, 4757020.160615956410766 ], [ 8343861.419917319901288, 4757141.470000843517482 ], [ 8343732.404853394255042, 4757240.029554306529462 ], [ 8343588.272239165380597, 4757343.638135773129761 ], [ 8343409.88767271488905, 4757464.929365658201277 ], [ 8343280.76164011657238, 4757547.68023769557476 ], [ 8343087.330385206267238, 4757666.430584448389709 ], [ 8342958.13093332760036, 4757742.856447883881629 ], [ 8342764.624071262776852, 4757855.280279916711152 ], [ 8342635.715576631948352, 4757929.80659902561456 ], [ 8342442.240919258445501, 4758042.226293076761067 ], [ 8342313.173665598966181, 4758121.807998969219625 ], [ 8342127.152884466573596, 4758249.403373199515045 ], [ 8341990.7034069346264, 4758353.636776336468756 ], [ 8341861.686502546072006, 4758462.93301690556109 ], [ 8341732.57996167242527, 4758583.610164949670434 ], [ 8341603.540327011607587, 4758716.301047340966761 ], [ 8341474.408293524757028, 4758862.902979244478047 ], [ 8341345.269285247661173, 4759022.78437415137887 ], [ 8341245.314837492071092, 4759154.866134059615433 ], [ 8341148.409726507030427, 4759284.421337591484189 ], [ 8341022.591360967606306, 4759454.425401560030878 ], [ 8340912.068600421771407, 4759608.001615864224732 ], [ 8340821.663536394946277, 4759737.564799051731825 ], [ 8340699.597023587673903, 4759918.958265608176589 ], [ 8340608.460658958181739, 4760061.170678383670747 ], [ 8340505.970950789749622, 4760227.406160197220743 ], [ 8340412.789509728550911, 4760384.797606497071683 ], [ 8340311.975298390723765, 4760563.686328815296292 ], [ 8340233.967666212469339, 4760708.445274855941534 ], [ 8340133.226117787882686, 4760902.516857440583408 ], [ 8340053.742151835933328, 4761063.721786084584892 ], [ 8339975.305295067839324, 4761226.194896949455142 ], [ 8339885.629078341647983, 4761420.28335368167609 ], [ 8339798.764602087438107, 4761615.010059677064419 ], [ 8339730.397096311673522, 4761771.806617173366249 ], [ 8339659.373383220285177, 4761938.722737400792539 ], [ 8339578.314397129230201, 4762132.830085861496627 ], [ 8339499.024142130278051, 4762326.942139610648155 ], [ 8339415.681990294717252, 4762521.053509414196014 ], [ 8339342.582126676104963, 4762672.796392026357353 ], [ 8339249.128795404918492, 4762844.763254546560347 ], [ 8339148.834216209128499, 4763009.767200406640768 ], [ 8339046.494920455850661, 4763168.444910266436636 ], [ 8338954.962737002409995, 4763306.259124994277954 ], [ 8338828.962804610840976, 4763492.117704995907843 ], [ 8338741.095331782475114, 4763621.714029919356108 ], [ 8338631.664127271622419, 4763784.818407481536269 ], [ 8338527.219727042131126, 4763945.39861764293164 ], [ 8338437.905414103530347, 4764088.914607270620763 ], [ 8338331.064430297352374, 4764269.107252788729966 ], [ 8338243.988836129195988, 4764425.91465125605464 ], [ 8338156.932280579581857, 4764592.846423773095012 ], [ 8338063.377728974446654, 4764786.978556859306991 ], [ 8337985.404691565781832, 4764961.517003702931106 ], [ 8337920.461914350278676, 4765115.82572896964848 ], [ 8337846.156481728889048, 4765304.925076686777174 ], [ 8337773.556098233908415, 4765499.724241913296282 ], [ 8337703.710749692283571, 4765693.896953573450446 ], [ 8337635.306400108151138, 4765888.074256156571209 ], [ 8337566.229798609390855, 4766082.254024993628263 ], [ 8337494.335006097331643, 4766276.434171889908612 ], [ 8337418.011288525536656, 4766471.244945454411209 ], [ 8337338.213942973874509, 4766657.828116368502378 ], [ 8337273.492791073396802, 4766795.072374474257231 ], [ 8337170.145149263553321, 4766989.226934909820557 ], [ 8337079.368822613731027, 4767136.569066529162228 ], [ 8336950.966758523136377, 4767312.978203615173697 ], [ 8336835.5909228855744, 4767442.573532622307539 ], [ 8336693.26680944673717, 4767571.503380359150469 ], [ 8336562.354084673337638, 4767665.006072401069105 ], [ 8336368.712482779286802, 4767765.390910022892058 ], [ 8336175.005361810326576, 4767826.534596067853272 ], [ 8335981.300404069945216, 4767853.499400649219751 ], [ 8335723.196359156630933, 4767839.238555673509836 ], [ 8335529.470336092635989, 4767797.211154988966882 ], [ 8335336.034423487260938, 4767735.561252256855369 ], [ 8335142.288545518182218, 4767658.086342900060117 ], [ 8334951.108376571908593, 4767569.220061124302447 ], [ 8334819.739919084124267, 4767503.218282300978899 ], [ 8334626.483660338446498, 4767400.42119905911386 ], [ 8334463.876163612119853, 4767309.69015540741384 ], [ 8334303.846798232756555, 4767218.32853882573545 ], [ 8334125.979188298806548, 4767114.914659973233938 ], [ 8333981.414201301522553, 4767029.900470750406384 ], [ 8333793.951936759054661, 4766919.507250134833157 ], [ 8333659.177853384055197, 4766840.832672643475235 ], [ 8333465.554768269881606, 4766728.527873113751411 ], [ 8333336.69448593724519, 4766654.289370500482619 ], [ 8333143.2194544961676, 4766543.87868975661695 ], [ 8333001.805321168154478, 4766465.187866937369108 ], [ 8332820.81491123419255, 4766364.917632582597435 ], [ 8332648.052375957369804, 4766269.72075454890728 ], [ 8332498.462221251800656, 4766185.316671341657639 ], [ 8332319.421711782924831, 4766074.918879598379135 ], [ 8332175.983438721857965, 4765974.07035762630403 ], [ 8332047.125400356017053, 4765866.917650882154703 ], [ 8331918.382567461580038, 4765735.720010867342353 ], [ 8331789.717239629477262, 4765560.863653760403395 ], [ 8331714.915007901377976, 4765425.963385432958603 ], [ 8331634.348205859772861, 4765231.578941492363811 ], [ 8331578.793915246613324, 4765037.240944839082658 ], [ 8331532.852500703185797, 4764777.756229993887246 ], [ 8331513.882747853174806, 4764583.489845018833876 ], [ 8331502.082514808513224, 4764324.075683156959713 ], [ 8331500.810179521329701, 4764065.319471273571253 ], [ 8331506.993925384245813, 4763805.949405285529792 ], [ 8331517.560967203229666, 4763547.226554657332599 ], [ 8331531.049332858994603, 4763287.882932223379612 ], [ 8331542.757303872145712, 4763093.698250711895525 ], [ 8331559.623942252248526, 4762834.371797585859895 ], [ 8331577.630495829507709, 4762575.686437152326107 ], [ 8331596.477658551186323, 4762316.376910439692438 ], [ 8331612.59984671510756, 4762122.218478073365986 ], [ 8331638.70196573343128, 4761862.932176828384399 ], [ 8331667.276489664800465, 4761619.469511522911489 ], [ 8331695.634919481351972, 4761409.533509941771626 ], [ 8331732.535279465839267, 4761168.625274634920061 ], [ 8331769.226954785175622, 4760956.814915116876364 ], [ 8331805.980430494062603, 4760762.085126253776252 ], [ 8331860.785255333408713, 4760503.514649046584964 ], [ 8331906.732437808997929, 4760309.44083615206182 ], [ 8331956.550309432670474, 4760114.745041651651263 ], [ 8332011.193541890010238, 4759920.69287565536797 ], [ 8332070.683246764354408, 4759726.652447139844298 ], [ 8332135.602823995985091, 4759532.624459204263985 ], [ 8332206.503040160052478, 4759338.609724884852767 ], [ 8332284.014385896734893, 4759143.976825865916908 ], [ 8332370.942561560310423, 4758949.995300113223493 ], [ 8332445.951251103542745, 4758809.743387951515615 ], [ 8332561.725932084023952, 4758626.562626311555505 ], [ 8332657.232038120739162, 4758497.096467291936278 ], [ 8332765.709637322463095, 4758368.283906231634319 ], [ 8332898.312467345967889, 4758222.439184833317995 ], [ 8333027.509991301223636, 4758082.911932185292244 ], [ 8333156.59262961614877, 4757943.384915654547513 ], [ 8333285.744650444947183, 4757803.22582200076431 ], [ 8333414.897949400357902, 4757659.905760052613914 ], [ 8333531.391287818551064, 4757527.314467697404325 ], [ 8333642.366106138564646, 4757398.508507412858307 ], [ 8333750.118706403300166, 4757269.066011331044137 ], [ 8333867.337131101638079, 4757123.832896895706654 ], [ 8333996.436138734221458, 4756957.123445076867938 ], [ 8334102.143119432963431, 4756816.300051842816174 ], [ 8334196.188980922102928, 4756686.839851526543498 ], [ 8334319.46480712108314, 4756511.906529653817415 ], [ 8334421.009040112607181, 4756363.494016134180129 ], [ 8334513.176234306767583, 4756225.815973601303995 ], [ 8334635.64897733181715, 4756040.138542888686061 ], [ 8334719.764734008349478, 4755910.669103562831879 ], [ 8334836.223188653588295, 4755734.468953819945455 ], [ 8334942.268603973090649, 4755587.332872871309519 ], [ 8335043.839457169175148, 4755458.522763363085687 ], [ 8335159.12932635564357, 4755323.411555700004101 ], [ 8335288.215059138834476, 4755187.055108850821853 ], [ 8335417.541550379246473, 4755063.972634024918079 ], [ 8335561.790349702350795, 4754940.910196865908802 ], [ 8335733.5914407055825, 4754812.195008867420256 ], [ 8335869.245801020413637, 4754721.987009053118527 ], [ 8336048.168507039546967, 4754617.92869948875159 ], [ 8336191.82772324886173, 4754540.369401374831796 ], [ 8336385.220838152803481, 4754437.589410626329482 ], [ 8336528.881630341522396, 4754360.026801547035575 ], [ 8336707.629211062565446, 4754259.752414061687887 ], [ 8336864.588334020227194, 4754166.401536639779806 ], [ 8337030.387789893895388, 4754058.523287086747587 ], [ 8337159.158011486753821, 4753966.400687572546303 ], [ 8337497.592563394457102, 4753698.188412097282708 ], [ 8338027.896399178542197, 4753023.192956675775349 ] ] ] } },
{ "type": "Feature", "properties": { }, "geometry": { "type": "MultiPolygon", "coordinates": [ [ [ [ 8296925.330551122315228, 4865984.893367284908891 ], [ 8296320.726157234981656, 4865984.88844498898834 ], [ 8295702.266265693120658, 4865984.883842259645462 ], [ 8295083.806374841369689, 4865984.879238387569785 ], [ 8294465.346484681591392, 4865984.874633375555277 ], [ 8293846.88659521471709, 4865984.870027216151357 ], [ 8293228.426706440746784, 4865984.86541991494596 ], [ 8292609.966818357817829, 4865984.860811473801732 ], [ 8292199.995240967720747, 4865984.862080097198486 ], [ 8292199.995240967720747, 4865984.862080097198486 ], [ 8292211.628158843144774, 4865943.836629359051585 ], [ 8292280.615281719714403, 4865747.409395606257021 ], [ 8292364.036146370694041, 4865551.707195730879903 ], [ 8292446.683028794825077, 4865386.675957018509507 ], [ 8292540.165013048797846, 4865225.542566764168441 ], [ 8292644.033293047919869, 4865070.220931982621551 ], [ 8292775.340864564292133, 4864901.638100281357765 ], [ 8292895.778883109800518, 4864769.415792004205287 ], [ 8293035.053339092060924, 4864639.856174721382558 ], [ 8293168.456920902244747, 4864535.182253617793322 ], [ 8293310.05250411760062, 4864444.610564085654914 ], [ 8293495.232059337198734, 4864355.560179378837347 ], [ 8293691.200323631986976, 4864285.735525486990809 ], [ 8293886.975914736278355, 4864228.685052825137973 ], [ 8294082.772538988851011, 4864181.854021027684212 ], [ 8294343.681545281782746, 4864134.740348522551358 ], [ 8294539.308846808969975, 4864110.901078726164997 ], [ 8294800.09048049710691, 4864093.804412286728621 ], [ 8295060.713990941643715, 4864098.423468966968358 ], [ 8295314.915860013104975, 4864128.557870597578585 ], [ 8295516.527799529954791, 4864175.013829357922077 ], [ 8295711.658171303570271, 4864243.793673127889633 ], [ 8295884.471844379790127, 4864328.423835774883628 ], [ 8296036.554251785390079, 4864422.524914296343923 ], [ 8296171.683956020511687, 4864526.118310545571148 ], [ 8296315.97562529053539, 4864657.873982314020395 ], [ 8296438.397063803859055, 4864788.874133354052901 ], [ 8296555.211963878013194, 4864935.180240831337869 ], [ 8296679.281055770814419, 4865117.308877899311483 ], [ 8296754.770370403304696, 4865248.701770789921284 ], [ 8296843.207048107869923, 4865445.343030694872141 ], [ 8296901.728880510665476, 4865642.468859197571874 ], [ 8296933.421545593068004, 4865903.999902803450823 ], [ 8296925.330551122315228, 4865984.893367284908891 ] ] ] ] } },
{ "type": "Feature", "properties": { }, "geometry": { "type": "MultiPolygon", "coordinates": [ [ [ [ 8328315.883272567763925, 4865985.128781152889132 ], [ 8327862.181539067067206, 4865985.121666640043259 ], [ 8327243.72161247394979, 4865985.117122294381261 ], [ 8326625.261686567217112, 4865985.112576801329851 ], [ 8326006.801761341281235, 4865985.108030162751675 ], [ 8325388.341836800798774, 4865985.103482377715409 ], [ 8324769.881912940181792, 4865985.098933450877666 ], [ 8324151.421989765018225, 4865985.09438337571919 ], [ 8323532.962067276239395, 4865985.089832154102623 ], [ 8322914.502145470120013, 4865985.085279790684581 ], [ 8322296.0422243475914, 4865985.080726277083158 ], [ 8321855.478121367283165, 4865985.081446682102978 ], [ 8321855.478121367283165, 4865985.081446682102978 ], [ 8321872.575386808253825, 4865742.45190411247313 ], [ 8321880.416589715518057, 4865480.473606057465076 ], [ 8321881.709405760280788, 4865218.483285235241055 ], [ 8321879.078329587355256, 4864957.128640382550657 ], [ 8321876.130879925563931, 4864695.140963296405971 ], [ 8321875.695760583505034, 4864433.806257566437125 ], [ 8321880.910510708577931, 4864171.85489705670625 ], [ 8321894.692265605553985, 4863909.932911660522223 ], [ 8321912.089137207716703, 4863713.835119920782745 ], [ 8321948.116650886833668, 4863452.625333970412612 ], [ 8321986.274351310916245, 4863255.954162637703121 ], [ 8322043.394331770949066, 4863032.506155833601952 ], [ 8322109.152378748171031, 4862819.946642374619842 ], [ 8322174.788855111226439, 4862636.777241856791079 ], [ 8322241.367461310699582, 4862472.139194418676198 ], [ 8322330.633514317683876, 4862275.624445125460625 ], [ 8322431.394930683076382, 4862079.781180778518319 ], [ 8322505.63018792308867, 4861949.026913194917142 ], [ 8322628.868608941324055, 4861753.248698267154396 ], [ 8322720.31729422789067, 4861622.542881958186626 ], [ 8322829.301632366143167, 4861479.109317437745631 ], [ 8322871.700871063396335, 4861426.842632765881717 ], [ 8322960.145838122814894, 4861317.209692757576704 ], [ 8323080.722487261518836, 4861166.143559501506388 ], [ 8323180.812283472158015, 4861035.463136686943471 ], [ 8323287.005371725186706, 4860886.915529533289373 ], [ 8323403.30656205676496, 4860709.014835808426142 ], [ 8323483.014050428755581, 4860575.091657374985516 ], [ 8323587.663767940364778, 4860382.473212068900466 ], [ 8323679.667159083299339, 4860195.573725176043808 ], [ 8323744.928110331296921, 4860054.593516057357192 ], [ 8323831.800067389383912, 4859860.021145955659449 ], [ 8323916.319782398641109, 4859663.531009254045784 ], [ 8323998.576367020606995, 4859467.67578761652112 ], [ 8324072.781390923075378, 4859285.215067247860134 ], [ 8324138.094359590671957, 4859118.700634064152837 ], [ 8324204.472127467393875, 4858945.165741937234998 ], [ 8324277.470281977206469, 4858749.299575455486774 ], [ 8324348.827734863385558, 4858553.432326326146722 ], [ 8324418.609717606566846, 4858356.926456776447594 ], [ 8324487.624151678755879, 4858161.060309896245599 ], [ 8324556.166781746782362, 4857965.196605031378567 ], [ 8324625.207600358873606, 4857769.336916292086244 ], [ 8324695.128112319856882, 4857573.482989803887904 ], [ 8324766.79635495878756, 4857376.998153819702566 ], [ 8324841.04382798448205, 4857181.16141168680042 ], [ 8324919.175668057054281, 4856985.337092090398073 ], [ 8324990.387633549980819, 4856816.315540372394025 ], [ 8325061.140520147047937, 4856658.786327636800706 ], [ 8325162.737206540070474, 4856463.027693331241608 ], [ 8325252.182016596198082, 4856318.316518345847726 ], [ 8325380.469912306405604, 4856136.670926250517368 ], [ 8325484.421562512405217, 4856006.042004021815956 ], [ 8325597.725826220586896, 4855875.436292314901948 ], [ 8325727.42778929322958, 4855743.59216315113008 ], [ 8325727.42778929322958, 4855743.59216315113008 ], [ 8325977.651780006475747, 4855520.101531017571688 ], [ 8326426.931311153806746, 4855149.602192078717053 ], [ 8326622.633824224583805, 4855029.396204218268394 ], [ 8326752.911631211638451, 4854956.27933790627867 ], [ 8326948.342953758314252, 4854854.580983797088265 ], [ 8327124.004333634860814, 4854767.517177975736558 ], [ 8327274.271159620955586, 4854694.439659726805985 ], [ 8327469.755395553074777, 4854596.563465701416135 ], [ 8327640.094898661598563, 4854507.566464264877141 ], [ 8327795.924694117158651, 4854419.812936399132013 ], [ 8327968.339569321833551, 4854312.305841436609626 ], [ 8328121.900069956667721, 4854204.756747871637344 ], [ 8328252.176031840033829, 4854102.902848178520799 ], [ 8328383.711399836465716, 4853986.370282269082963 ], [ 8328513.072603072971106, 4853855.151960263028741 ], [ 8328643.529935400933027, 4853699.043878206983209 ], [ 8328762.193724405020475, 4853529.508574340492487 ], [ 8328839.544165739789605, 4853396.90942510496825 ], [ 8328937.437900838442147, 4853203.082081288099289 ], [ 8329027.425117748789489, 4853007.326913607306778 ], [ 8329101.14769134670496, 4852833.241127704270184 ], [ 8329166.59527778532356, 4852667.438118815422058 ], [ 8329234.696873158216476, 4852484.411521983332932 ], [ 8329303.07519712485373, 4852288.625192838720977 ], [ 8329368.400076130405068, 4852092.835277515463531 ], [ 8329429.781133558601141, 4851897.041839260607958 ], [ 8329493.876154068857431, 4851681.47414268925786 ], [ 8329559.285076935775578, 4851450.598633259534836 ], [ 8329616.079712213017046, 4851243.958755447529256 ], [ 8329668.195050619542599, 4851048.162239986471832 ], [ 8329719.960392275825143, 4850851.729626472108066 ], [ 8329770.903994261287153, 4850655.937489997595549 ], [ 8329821.61754837911576, 4850458.87254336848855 ], [ 8329887.099274968728423, 4850202.501152499578893 ], [ 8329937.749837476760149, 4850002.891587897203863 ], [ 8329986.301679973490536, 4849807.11025582626462 ], [ 8330034.414712785743177, 4849611.331654069013894 ], [ 8330083.864229253493249, 4849409.179631389677525 ], [ 8330147.090106570161879, 4849154.104482756927609 ], [ 8330196.618731296621263, 4848958.340266278013587 ], [ 8330247.280874946154654, 4848762.582378337159753 ], [ 8330300.254039595834911, 4848566.193608922883868 ], [ 8330355.066355894319713, 4848370.450188856571913 ], [ 8330412.306766357272863, 4848174.715023188851774 ], [ 8330477.070884134620428, 4847963.687440030276775 ], [ 8330542.60336209833622, 4847760.957665243186057 ], [ 8330607.780452414415777, 4847568.437563101761043 ], [ 8330673.272630926221609, 4847384.850822253152728 ], [ 8330743.498149712570012, 4847195.534993818961084 ], [ 8330818.862650976516306, 4846999.853402263484895 ], [ 8330896.814075241796672, 4846803.542124841362238 ], [ 8330979.629509233869612, 4846607.8802999118343 ], [ 8331065.390888642519712, 4846414.778529834002256 ], [ 8331130.832773299887776, 4846272.666448500007391 ], [ 8331218.292060099542141, 4846085.950883959420025 ], [ 8331312.204292308539152, 4845890.3198764603585 ], [ 8331392.019979373551905, 4845725.279763688333333 ], [ 8331470.317659353837371, 4845564.065546911209822 ], [ 8331565.426637306809425, 4845368.444778664037585 ], [ 8331652.899592532776296, 4845187.481701700948179 ], [ 8331723.245547590777278, 4845042.202790382318199 ], [ 8331817.050071239471436, 4844846.587851036339998 ], [ 8331910.550792681053281, 4844650.337026809342206 ], [ 8331979.46679365914315, 4844505.699461461044848 ], [ 8332064.965048073790967, 4844324.106792964972556 ], [ 8332156.763531261123717, 4844128.49895971827209 ], [ 8332240.615782234817743, 4843949.459194688126445 ], [ 8332308.787735848687589, 4843802.27795363496989 ], [ 8332399.227030866779387, 4843606.675714201293886 ], [ 8332489.163185179233551, 4843411.075054784305394 ], [ 8332566.853023088537157, 4843240.324271960183978 ], [ 8332637.283532911911607, 4843084.865924905054271 ], [ 8332722.891743823885918, 4842889.266331384889781 ], [ 8332803.361128888092935, 4842693.024394166655838 ], [ 8332880.143886174075305, 4842497.416482215747237 ], [ 8332952.692423566244543, 4842301.80529769975692 ], [ 8333021.785254466347396, 4842106.191824087873101 ], [ 8333087.628756897523999, 4841910.576641566120088 ], [ 8333150.724574209190905, 4841714.322750339284539 ], [ 8333211.284750973805785, 4841518.705924227833748 ], [ 8333270.19226713385433, 4841323.089382148347795 ], [ 8333327.366835286840796, 4841127.473906174302101 ], [ 8333383.364111453294754, 4840931.860395110212266 ], [ 8333439.217946550808847, 4840735.612168858759105 ], [ 8333495.227326796390116, 4840540.005126398056746 ], [ 8333551.99617257528007, 4840344.402915674261749 ], [ 8333612.006027203053236, 4840139.885797051712871 ], [ 8333677.452650772407651, 4839918.170635735616088 ], [ 8333742.714370185509324, 4839695.822593913413584 ], [ 8333800.852642048150301, 4839496.412881586700678 ], [ 8333856.696975433267653, 4839300.827756913378835 ], [ 8333911.429143969900906, 4839104.6070801531896 ], [ 8333964.697916192933917, 4838909.025206536054611 ], [ 8334016.758953238837421, 4838713.444685954600573 ], [ 8334069.531633767299354, 4838507.035041904076934 ], [ 8334131.230974838137627, 4838256.669055949896574 ], [ 8334177.31025527510792, 4838061.091733526438475 ], [ 8334221.817470919340849, 4837865.515160043723881 ], [ 8334265.994397611357272, 4837661.020478095859289 ], [ 8334317.77670265827328, 4837408.748098351992667 ], [ 8334355.748302492313087, 4837213.17425737157464 ], [ 8334396.940082686953247, 4836984.473815816454589 ], [ 8334430.687034154310822, 4836756.405011440627277 ], [ 8334461.078146849758923, 4836495.202331909909844 ], [ 8334478.829623371362686, 4836299.616494474932551 ], [ 8334498.634539972059429, 4836039.047389562241733 ], [ 8334515.702592402696609, 4835777.843860454857349 ], [ 8334528.970152644440532, 4835571.433935307897627 ], [ 8334546.956182620488107, 4835321.075056500732899 ], [ 8334571.476900088600814, 4835060.537930212914944 ], [ 8334595.52267602737993, 4834864.35158252902329 ], [ 8334639.346933234483004, 4834603.853838591836393 ], [ 8334683.225765529088676, 4834408.341955908574164 ], [ 8334739.738983172923326, 4834212.214418802410364 ], [ 8334811.818587347865105, 4834016.74927472230047 ], [ 8334902.429645995609462, 4833821.313967584632337 ], [ 8334986.544652613811195, 4833674.92143130954355 ], [ 8335112.91021678969264, 4833495.46611635107547 ], [ 8335223.113816309720278, 4833365.036865452304482 ], [ 8335349.666811021976173, 4833234.630810359492898 ], [ 8335494.740944647230208, 4833104.887076484970748 ], [ 8335637.156132710166276, 4832992.336869954131544 ], [ 8335767.17762085981667, 4832900.152010764926672 ], [ 8335958.336461769416928, 4832779.383992839604616 ], [ 8336092.156502963043749, 4832694.84520423412323 ], [ 8336263.819470472633839, 4832583.602308034896851 ], [ 8336417.391540804877877, 4832483.799635238945484 ], [ 8336563.461267089471221, 4832388.444647317752242 ], [ 8336742.422259902581573, 4832272.747713411226869 ], [ 8336872.452348770573735, 4832190.108561960980296 ], [ 8337067.509500639513135, 4832069.332421756349504 ], [ 8337197.378058369271457, 4831991.148879040032625 ], [ 8337392.529173643328249, 4831878.648249041289091 ], [ 8337530.63643825147301, 4831803.018944375216961 ], [ 8337717.254155867733061, 4831705.789487264119089 ], [ 8337912.484116048552096, 4831612.387894280254841 ], [ 8338073.024915032088757, 4831542.509882214479148 ], [ 8338239.085603685118258, 4831477.730250923894346 ], [ 8338432.547619038261473, 4831412.34060622472316 ], [ 8338686.101350876502693, 4831347.646704519167542 ], [ 8338887.025817743502557, 4831314.736285725608468 ], [ 8339146.944841902703047, 4831302.896228953264654 ], [ 8339406.599893227219582, 4831333.718431941233575 ], [ 8339601.516597528941929, 4831389.310318231582642 ], [ 8339796.226233720779419, 4831473.557460683397949 ], [ 8339926.190710284747183, 4831547.552723002620041 ], [ 8340103.748135597445071, 4831675.087036510929465 ], [ 8340250.525800665840507, 4831805.777055010199547 ], [ 8340373.194360251538455, 4831935.808792558498681 ], [ 8340478.427926849573851, 4832066.462810912169516 ], [ 8340575.094221459701657, 4832204.116164701059461 ], [ 8340688.683384745381773, 4832392.737963928841054 ], [ 8340769.836346413008869, 4832550.125755592249334 ], [ 8340845.161514789797366, 4832718.975596435368061 ], [ 8340919.91261091735214, 4832914.579222667962313 ], [ 8340983.064700320363045, 4833110.813464599661529 ], [ 8341035.449351132847369, 4833306.405733988620341 ], [ 8341090.481419602409005, 4833566.976832112297416 ], [ 8341121.377015667036176, 4833763.197441264055669 ], [ 8341150.439089361578226, 4834023.759465216659009 ], [ 8341166.149181942455471, 4834219.339825958013535 ], [ 8341180.436147973872721, 4834480.539157090708613 ], [ 8341188.950358002446592, 4834741.740453791804612 ], [ 8341192.721612876281142, 4835002.307884216308594 ], [ 8341193.41569104231894, 4835263.516479477286339 ], [ 8341191.547575820237398, 4835524.092888734303415 ], [ 8341188.028345050290227, 4835785.312044038437307 ], [ 8341184.398928265087306, 4836046.537531903013587 ], [ 8341180.443502489477396, 4836307.132707371376455 ], [ 8341178.003656316548586, 4836568.372641880996525 ], [ 8341177.007536087185144, 4836828.983448407612741 ], [ 8341178.390954336151481, 4837090.240073465742171 ], [ 8341180.853192460723221, 4837351.504399705678225 ], [ 8341183.022984512150288, 4837612.137842921540141 ], [ 8341184.692035801708698, 4837873.415069770999253 ], [ 8341186.234956383705139, 4838134.061599005013704 ], [ 8341187.777454395778477, 4838395.352165468037128 ], [ 8341189.550371455028653, 4838656.649597839452326 ], [ 8341191.29959471989423, 4838917.316624397411942 ], [ 8341193.667822966352105, 4839178.62805173266679 ], [ 8341196.520496950484812, 4839439.309352602809668 ], [ 8341199.745350516401231, 4839700.635239879600704 ], [ 8341204.209260238334537, 4839961.968525155447423 ], [ 8341209.443249195814133, 4840222.671943804249167 ], [ 8341216.27972206287086, 4840484.020958271808922 ], [ 8341225.715834588743746, 4840679.721501629799604 ], [ 8341242.704293185845017, 4840941.090176657773554 ], [ 8341263.932644941844046, 4841201.831330126151443 ], [ 8341282.696283335797489, 4841407.752913654781878 ], [ 8341306.806868648156524, 4841658.945861417800188 ], [ 8341331.991173338145018, 4841920.34584994520992 ], [ 8341349.582399206236005, 4842116.080614652484655 ], [ 8341370.029958318918943, 4842376.85143290553242 ], [ 8341385.263181173242629, 4842638.262374682351947 ], [ 8341392.685754965059459, 4842899.674201264977455 ], [ 8341390.305188106372952, 4843160.447723692283034 ], [ 8341375.976304615847766, 4843421.85647873673588 ], [ 8341347.674721283838153, 4843682.623641687445343 ], [ 8341320.175112816505134, 4843878.995614882558584 ], [ 8341280.390080276876688, 4844119.36054421775043 ], [ 8341240.511393533088267, 4844335.498949556611478 ], [ 8341200.003036660142243, 4844531.235660578124225 ], [ 8341149.92019263189286, 4844755.027046263217926 ], [ 8341093.126114880666137, 4844988.383654584176838 ], [ 8341041.948690194636583, 4845184.761399666778743 ], [ 8340987.442639042623341, 4845380.502377822063863 ], [ 8340929.488164379261434, 4845576.244155411608517 ], [ 8340868.260227667167783, 4845771.986546612344682 ], [ 8340803.194221904501319, 4845967.72938506025821 ], [ 8340734.226335240527987, 4846164.110062779858708 ], [ 8340660.896501954644918, 4846359.852726082317531 ], [ 8340583.133067076094449, 4846555.594625405035913 ], [ 8340499.672215017490089, 4846751.335134448483586 ], [ 8340432.528955969028175, 4846899.254878991283476 ], [ 8340345.249573390930891, 4847077.775358742102981 ], [ 8340239.185468960553408, 4847273.504146768711507 ], [ 8340163.695461138151586, 4847404.199705734848976 ], [ 8340043.718040334992111, 4847599.920284763909876 ], [ 8339960.288713489659131, 4847730.611478281207383 ], [ 8339846.20102225523442, 4847904.014793023467064 ], [ 8339744.049573909491301, 4848057.017826543189585 ], [ 8339650.747717372141778, 4848196.633923799730837 ], [ 8339526.557377954944968, 4848383.42873942758888 ], [ 8339441.875792933627963, 4848514.124436179175973 ], [ 8339324.826791462488472, 4848700.291520991362631 ], [ 8339240.84542487282306, 4848840.559692072682083 ], [ 8339129.760836289264262, 4849036.305727601051331 ], [ 8339062.11456910520792, 4849167.023646363988519 ], [ 8338972.414037903770804, 4849362.79593990650028 ], [ 8338893.767106115818024, 4849559.220139870420098 ], [ 8338823.77635483443737, 4849755.018389597535133 ], [ 8338760.669956609606743, 4849950.827270541340113 ], [ 8338703.431815166026354, 4850146.645523552782834 ], [ 8338647.986701220273972, 4850342.469236962497234 ], [ 8338592.03922566678375, 4850538.29557750094682 ], [ 8338535.508727801963687, 4850734.763108533807099 ], [ 8338476.712923277169466, 4850937.612802307121456 ], [ 8338411.517560957930982, 4851164.707251497544348 ], [ 8338347.84854621719569, 4851387.979534389451146 ], [ 8338292.858397315256298, 4851583.825782566331327 ], [ 8338238.740069583058357, 4851779.676480270922184 ], [ 8338185.803573686629534, 4851975.531859120354056 ], [ 8338134.183880019001663, 4852171.392326041124761 ], [ 8338084.190344288945198, 4852367.89630610588938 ], [ 8338020.854463544674218, 4852628.847192453220487 ], [ 8337976.037826766259968, 4852824.727310324087739 ], [ 8337934.333901762031019, 4853021.252363332547247 ], [ 8337888.26864006370306, 4853257.985520647838712 ], [ 8337850.67499850038439, 4853478.138790767639875 ], [ 8337820.139008757658303, 4853674.688775287941098 ], [ 8337782.727046187035739, 4853935.701046969741583 ], [ 8337756.011551770381629, 4854131.625915340147913 ], [ 8337722.139932995662093, 4854393.292257867753506 ], [ 8337691.42673762794584, 4854636.457359043881297 ], [ 8337664.702661434188485, 4854850.907131637446582 ], [ 8337631.184553663246334, 4855111.953918792307377 ], [ 8337604.827745730988681, 4855308.54020022880286 ], [ 8337567.848997512832284, 4855569.594679941423237 ], [ 8337538.01706360373646, 4855765.547074560075998 ], [ 8337494.557403254322708, 4856025.96724412497133 ], [ 8337458.044145733118057, 4856223.19740345235914 ], [ 8337418.41497868578881, 4856419.150521784089506 ], [ 8337363.763195269741118, 4856660.420268319547176 ], [ 8337308.26341697294265, 4856876.794134547002614 ], [ 8337251.878932423889637, 4857072.739963995292783 ], [ 8337189.091983588412404, 4857269.320171560160816 ], [ 8337119.52217910438776, 4857465.256805000826716 ], [ 8337041.856486896052957, 4857661.187280656769872 ], [ 8336971.623598022386432, 4857822.010750686749816 ], [ 8336891.857819979079068, 4857987.933264380320907 ], [ 8336788.09036201518029, 4858183.839785422198474 ], [ 8336710.417849641293287, 4858317.202550963498652 ], [ 8336586.658549952320755, 4858510.534434170462191 ], [ 8336494.585147363133729, 4858641.327347389422357 ], [ 8336384.061451653018594, 4858786.146948614157736 ], [ 8336253.586750771850348, 4858942.436331833712757 ], [ 8336123.124402804300189, 4859085.954220804385841 ], [ 8335992.93482053373009, 4859218.615976819768548 ], [ 8335862.491111360490322, 4859342.336940968409181 ], [ 8335731.936232098378241, 4859463.503167518414557 ], [ 8335601.594838575460017, 4859589.139618125744164 ], [ 8335471.171680339612067, 4859719.88516101334244 ], [ 8335340.472227503545582, 4859858.294518950395286 ], [ 8335209.979464979842305, 4860005.645399566739798 ], [ 8335094.716246326453984, 4860143.437754361890256 ], [ 8334990.15522788465023, 4860274.220225702039897 ], [ 8334883.657137819565833, 4860412.026644834317267 ], [ 8334753.370906265452504, 4860588.76001710165292 ], [ 8334651.22472582384944, 4860731.684057215228677 ], [ 8334557.429827390238643, 4860866.317670724354684 ], [ 8334426.736703922040761, 4861057.745520535856485 ], [ 8334338.388057573698461, 4861189.195704372599721 ], [ 8334230.866922845132649, 4861350.000933068804443 ], [ 8334119.23091010376811, 4861515.911340446211398 ], [ 8334030.398863197304308, 4861646.086488935165107 ], [ 8333904.432083687745035, 4861827.947646151296794 ], [ 8333800.1265221638605, 4861972.793102529831231 ], [ 8333702.934045731090009, 4862103.597203085198998 ], [ 8333578.213863112963736, 4862263.744588880799711 ], [ 8333447.498514320701361, 4862420.05078705959022 ], [ 8333320.406183851882815, 4862561.031108968891203 ], [ 8333191.982233671471477, 4862691.788385621272027 ], [ 8333055.89637194853276, 4862816.783920981921256 ], [ 8332925.395829353481531, 4862923.900083441287279 ], [ 8332793.513224136084318, 4863018.236008752137423 ], [ 8332599.290462807752192, 4863131.634460353292525 ], [ 8332407.724266464821994, 4863213.729643766768277 ], [ 8332208.207331677898765, 4863272.808919928967953 ], [ 8332012.629210120998323, 4863306.336093098856509 ], [ 8331751.984053250402212, 4863315.469028589315712 ], [ 8331491.187469880096614, 4863283.707006730139256 ], [ 8331295.939124363474548, 4863232.88852352462709 ], [ 8331100.414896475151181, 4863155.234206707216799 ], [ 8330958.031609544530511, 4863080.228185978718102 ], [ 8330775.074787619523704, 4862957.871254350990057 ], [ 8330645.095917470753193, 4862849.026132843457162 ], [ 8330514.964499928057194, 4862721.015147019177675 ], [ 8330384.917870089411736, 4862570.645107018761337 ], [ 8330274.838723964989185, 4862424.785330339334905 ], [ 8330185.438426147215068, 4862293.658028822392225 ], [ 8330062.170529531314969, 4862097.309197789989412 ], [ 8329984.276615433394909, 4861966.206549778580666 ], [ 8329870.799216411076486, 4861769.880522093735635 ], [ 8329794.397650731727481, 4861638.783965741284192 ], [ 8329674.644842800684273, 4861442.44992954749614 ], [ 8329586.215584935620427, 4861311.331932789646089 ], [ 8329475.352501599118114, 4861168.67352735158056 ], [ 8329345.363060830160975, 4861043.862323687411845 ], [ 8329150.08065088186413, 4860929.779191707260907 ], [ 8328954.809961150400341, 4860883.397636948153377 ], [ 8328712.982760190963745, 4860917.396679261699319 ], [ 8328563.734957018867135, 4860984.156505196355283 ], [ 8328372.979489083401859, 4861112.786146649159491 ], [ 8328237.48988008312881, 4861226.837616729550064 ], [ 8328106.707897861488163, 4861347.286916280165315 ], [ 8327976.285736818797886, 4861472.846083547919989 ], [ 8327845.595170418731868, 4861599.682534191757441 ], [ 8327715.240695823915303, 4861723.963754568248987 ], [ 8327584.447264181450009, 4861843.773297203704715 ], [ 8327450.204337069764733, 4861961.018901957198977 ], [ 8327292.084587854333222, 4862091.627050341106951 ], [ 8327127.763886876404285, 4862219.026628509163857 ], [ 8326997.009001282043755, 4862315.198197765275836 ], [ 8326849.637893713079393, 4862417.719540003687143 ], [ 8326670.874801433645189, 4862539.333630591630936 ], [ 8326540.354088322259486, 4862626.558561197482049 ], [ 8326369.507864767685533, 4862743.715769093483686 ], [ 8326214.092204367741942, 4862862.823700224049389 ], [ 8326083.513577341102064, 4862989.015533018857241 ], [ 8326002.360333058051765, 4863135.765852024778724 ], [ 8326009.354908822104335, 4863397.082255428656936 ], [ 8326082.163059151731431, 4863546.112347578629851 ], [ 8326212.201104910112917, 4863708.69242902379483 ], [ 8326342.248704291880131, 4863837.411319017410278 ], [ 8326472.297380289062858, 4863949.518241103738546 ], [ 8326602.4471723921597, 4864053.318896506913006 ], [ 8326777.303614840842783, 4864184.055033250711858 ], [ 8326927.609722431749105, 4864291.732443851418793 ], [ 8327057.864160567522049, 4864384.668531853705645 ], [ 8327233.320019103586674, 4864512.206981495022774 ], [ 8327383.195395638234913, 4864624.991992863826454 ], [ 8327513.10109231248498, 4864728.787605948746204 ], [ 8327643.325697101652622, 4864840.889235317707062 ], [ 8327781.238960114307702, 4864971.537648526020348 ], [ 8327903.552908039651811, 4865102.79137662332505 ], [ 8328033.521592571400106, 4865269.20687413867563 ], [ 8328135.499589544720948, 4865430.452377585694194 ], [ 8328228.26735136564821, 4865626.187680689617991 ], [ 8328289.830661127343774, 4865823.138327526859939 ], [ 8328315.994595354422927, 4865985.128781968727708 ], [ 8328315.883272567763925, 4865985.128781152889132 ] ] ] ] } },
{ "type": "Feature", "properties": { }, "geometry": { "type": "Polygon", "coordinates": [ [ [ 8314412.919132091104984, 4851298.311089290305972 ], [ 8314999.422892401926219, 4851400.524177881889045 ], [ 8315240.638367831707001, 4851446.016998309642076 ], [ 8315435.555652530863881, 4851478.585752966813743 ], [ 8315695.891964510083199, 4851519.027142043225467 ], [ 8315891.087258574552834, 4851547.758566621690989 ], [ 8316151.398035787977278, 4851584.997522115707397 ], [ 8316346.560416333377361, 4851612.443785062991083 ], [ 8316606.76124198641628, 4851650.309161735698581 ], [ 8316801.735048962756991, 4851680.299298126250505 ], [ 8317062.143717054277658, 4851723.896199843846262 ], [ 8317257.066457622684538, 4851758.344428394921124 ], [ 8317484.55018868483603, 4851800.548822900280356 ], [ 8317712.635486459359527, 4851846.579678933136165 ], [ 8317907.580814531072974, 4851888.035260878503323 ], [ 8318110.668226233683527, 4851933.340084407478571 ], [ 8318363.069092464633286, 4851993.471786758862436 ], [ 8318558.179640803486109, 4852042.572932586073875 ], [ 8318753.176938951015472, 4852092.946800675243139 ], [ 8318948.434757376089692, 4852144.593533417209983 ], [ 8319143.9827078608796, 4852198.152747103944421 ], [ 8319385.962961351498961, 4852263.971846802160144 ], [ 8319598.595415950752795, 4852321.403139129281044 ], [ 8319793.930005657486618, 4852374.310659384354949 ], [ 8319988.921595590189099, 4852431.043708804994822 ], [ 8320183.947787041775882, 4852490.326100436039269 ], [ 8320379.151916924864054, 4852552.157650176435709 ], [ 8320574.200165320187807, 4852616.538405798375607 ], [ 8320769.324995514005423, 4852682.830561649054289 ], [ 8320964.292427434585989, 4852752.310218391939998 ], [ 8321159.629176434129477, 4852824.339464779943228 ], [ 8321354.656055873259902, 4852900.194441548548639 ], [ 8321549.751351503655314, 4852981.152117190882564 ], [ 8321712.615000729449093, 4853054.997764407657087 ], [ 8321874.807101364247501, 4853137.135841957293451 ], [ 8322069.080970236100256, 4853251.910183205269277 ], [ 8322199.49636485055089, 4853350.55287110991776 ], [ 8322329.569919195026159, 4853483.020698055624962 ], [ 8322432.452773035503924, 4853645.415018561296165 ], [ 8322488.553493658080697, 4853841.514226696453989 ], [ 8322476.544193956069648, 4854102.540971103124321 ], [ 8322418.667138788849115, 4854298.981622854247689 ], [ 8322327.394266174174845, 4854494.698551536537707 ], [ 8322250.550102161243558, 4854625.347579967230558 ], [ 8322130.520691418088973, 4854798.649569074623287 ], [ 8322009.819091256707907, 4854951.523825440555811 ], [ 8321895.95579114370048, 4855081.436202672310174 ], [ 8321772.732849255204201, 4855211.962513753212988 ], [ 8321641.193035603500903, 4855342.465725797228515 ], [ 8321502.567991212010384, 4855472.94891831278801 ], [ 8321358.343673312105238, 4855603.416550965048373 ], [ 8321216.372920921072364, 4855728.145141089335084 ], [ 8321086.117788925766945, 4855843.328935488127172 ], [ 8320955.514186944812536, 4855959.788789866492152 ], [ 8320824.864897316321731, 4856080.078962999396026 ], [ 8320694.371845069341362, 4856208.66820693667978 ], [ 8320563.727754249237478, 4856350.02596075553447 ], [ 8320433.014227808453143, 4856514.367810311727226 ], [ 8320347.938392035663128, 4856646.281434529460967 ], [ 8320236.724067174829543, 4856841.328252154402435 ], [ 8320163.1791961658746, 4856972.639882559888065 ], [ 8320055.803356863558292, 4857168.340323535725474 ], [ 8319974.836680298671126, 4857318.787713435478508 ], [ 8319880.954205657355487, 4857494.73904543928802 ], [ 8319778.280965387821198, 4857687.907011024653912 ], [ 8319707.087334796786308, 4857821.148164628073573 ], [ 8319599.717140931636095, 4858016.861150098964572 ], [ 8319516.390923455357552, 4858164.755934781394899 ], [ 8319411.385953686200082, 4858343.238409256562591 ], [ 8319320.0021229730919, 4858490.474355426616967 ], [ 8319199.13452532608062, 4858669.551729162223637 ], [ 8319102.84887623321265, 4858800.1716399025172 ], [ 8318993.118129787966609, 4858935.222121477127075 ], [ 8318862.414134590886533, 4859076.595495308749378 ], [ 8318731.804269172251225, 4859198.810897534713149 ], [ 8318574.369710085913539, 4859321.583003655076027 ], [ 8318405.415066452696919, 4859429.628628741949797 ], [ 8318229.904167122207582, 4859517.216788960620761 ], [ 8318059.423166811466217, 4859581.826867555268109 ], [ 8317818.483758450485766, 4859645.573858792893589 ], [ 8317622.752774586901069, 4859676.888714279048145 ], [ 8317362.335363997146487, 4859697.773588855750859 ], [ 8317101.640063541010022, 4859700.769646423868835 ], [ 8316841.05912858620286, 4859692.902192670851946 ], [ 8316580.753830013796687, 4859678.641227765008807 ], [ 8316320.050047173164785, 4859662.457636102102697 ], [ 8316124.911093041300774, 4859635.626633929088712 ], [ 8315898.691887131892145, 4859574.840768990106881 ], [ 8315717.656317609362304, 4859509.092957066372037 ], [ 8315539.10058633890003, 4859432.494659259915352 ], [ 8315344.009342226199806, 4859339.232533313333988 ], [ 8315163.506359842605889, 4859245.378282032907009 ], [ 8315019.132047566585243, 4859166.972366923466325 ], [ 8314823.882911724969745, 4859057.737488300539553 ], [ 8314693.8646220266819, 4858981.932616725564003 ], [ 8314498.865195399150252, 4858866.9460902037099 ], [ 8314362.346446159295738, 4858784.729373140260577 ], [ 8314173.991322412155569, 4858670.400524832308292 ], [ 8314038.402454832568765, 4858587.54603258986026 ], [ 8313848.914393300190568, 4858471.93250472843647 ], [ 8313714.701887624338269, 4858390.356444372795522 ], [ 8313523.950410272926092, 4858276.650543277151883 ], [ 8313376.711536922492087, 4858193.10916287265718 ], [ 8313199.053267844952643, 4858097.325202085077763 ], [ 8313004.010198657400906, 4858004.029568080790341 ], [ 8312862.519125594757497, 4857929.443584414198995 ], [ 8312679.161551899276674, 4857816.391343981958926 ], [ 8312549.238786848261952, 4857723.327932558953762 ], [ 8312398.279517614282668, 4857600.814261810854077 ], [ 8312255.521178336814046, 4857469.391945663839579 ], [ 8312126.781829077750444, 4857338.020666449330747 ], [ 8312007.06620146241039, 4857207.321625949814916 ], [ 8311892.706096102483571, 4857076.003590303473175 ], [ 8311770.580782343633473, 4856934.442461770027876 ], [ 8311640.987591603770852, 4856788.383589277975261 ], [ 8311511.215968189761043, 4856650.624789261259139 ], [ 8311381.469692731276155, 4856528.188975788652897 ], [ 8311246.951834627427161, 4856419.780854817479849 ], [ 8311056.52014223113656, 4856289.451413245871663 ], [ 8310926.578888393007219, 4856210.426184237003326 ], [ 8310731.771491589024663, 4856099.866521562449634 ], [ 8310593.442742044106126, 4856024.636929714120924 ], [ 8310406.980948682874441, 4855924.319360990077257 ], [ 8310236.93978011701256, 4855827.256415113806725 ], [ 8310082.190010391175747, 4855733.443546033464372 ], [ 8309931.311582470312715, 4855630.069439558312297 ], [ 8309765.222735996358097, 4855498.543776070699096 ], [ 8309627.778336381539702, 4855370.322780534625053 ], [ 8309506.740821325220168, 4855236.422089926898479 ], [ 8309406.766037431545556, 4855105.15976276434958 ], [ 8309303.69937636423856, 4854942.606787144206464 ], [ 8309220.094075431115925, 4854777.578844621777534 ], [ 8309142.195328652858734, 4854581.298907079733908 ], [ 8309084.647118448279798, 4854384.465877367183566 ], [ 8309044.661661772988737, 4854188.345495617948472 ], [ 8309016.000358069315553, 4853927.170510237105191 ], [ 8309013.058757302351296, 4853665.465978612191975 ], [ 8309033.892947437241673, 4853403.865059990435839 ], [ 8309063.688731151632965, 4853208.045480211265385 ], [ 8309114.236421955749393, 4852947.21418447420001 ], [ 8309158.088204680010676, 4852750.821103476919234 ], [ 8309205.145877733826637, 4852555.082278587855399 ], [ 8309254.243547951802611, 4852359.356107519939542 ], [ 8309314.885505364276469, 4852127.304150641895831 ], [ 8309375.409462732262909, 4851902.275927100330591 ], [ 8309429.331314516253769, 4851706.579967249184847 ], [ 8309483.775310124270618, 4851510.890041735954583 ], [ 8309538.622240466997027, 4851315.205665163695812 ], [ 8309594.518498989753425, 4851118.889528333209455 ], [ 8309650.870515988208354, 4850923.21812703832984 ], [ 8309711.209394163452089, 4850719.27011280413717 ], [ 8309777.162126762792468, 4850503.22529111802578 ], [ 8309830.97157082054764, 4850336.267117481678724 ], [ 8309842.920940738171339, 4850297.393143366090953 ], [ 8309852.193386383354664, 4850270.631222376599908 ], [ 8309908.909435771405697, 4850099.221247573383152 ], [ 8309974.58809039182961, 4849912.536934740841389 ], [ 8310040.407332256436348, 4849746.271809092722833 ], [ 8310127.664510776288807, 4849553.297299315221608 ], [ 8310227.319671474397182, 4849357.822231882251799 ], [ 8310302.515611680224538, 4849225.415509946644306 ], [ 8310428.233740770258009, 4849031.959487811662257 ], [ 8310525.133150242269039, 4848901.55319282785058 ], [ 8310633.825059031136334, 4848771.19325914606452 ], [ 8310761.751678883098066, 4848640.906706660054624 ], [ 8310921.738911891356111, 4848510.744184886105359 ], [ 8311086.646909273229539, 4848411.858156250789762 ], [ 8311282.119164173491299, 4848347.534643084742129 ], [ 8311542.296345885843039, 4848363.830908726900816 ], [ 8311706.788475128822029, 4848448.657669343054295 ], [ 8311849.506465160287917, 4848579.970550403930247 ], [ 8311950.528782457113266, 4848711.127425260841846 ], [ 8312060.898945951834321, 4848892.718672476708889 ], [ 8312134.986033224500716, 4849038.450718666426837 ], [ 8312224.339236938394606, 4849234.641527712345123 ], [ 8312306.761182222515345, 4849430.810539582744241 ], [ 8312383.587607177905738, 4849618.028275470249355 ], [ 8312447.96173270046711, 4849774.579338086768985 ], [ 8312525.162601684220135, 4849954.148635010235012 ], [ 8312618.527592026628554, 4850150.367702738381922 ], [ 8312706.211163090541959, 4850301.90686550643295 ], [ 8312836.01295555010438, 4850474.655645393766463 ], [ 8312965.573751126416028, 4850600.826795938424766 ], [ 8313095.319666220806539, 4850687.43772657122463 ], [ 8313290.402595406398177, 4850792.148315381258726 ], [ 8313441.110244347713888, 4850872.450961344875395 ], [ 8313614.998060920275748, 4850958.577541522681713 ], [ 8314412.919132091104984, 4851298.311089290305972 ] ] ] } },
{ "type": "Feature", "properties": { }, "geometry": { "type": "Polygon", "coordinates": [ [ [ 8308509.768630658276379, 4845366.219287632964551 ], [ 8308560.372887093573809, 4845587.72370357811451 ], [ 8308600.621702292002738, 4845823.858303390443325 ], [ 8308625.176738081499934, 4846019.755588860251009 ], [ 8308647.451293169520795, 4846281.338329330086708 ], [ 8308656.721882915124297, 4846542.238033466041088 ], [ 8308652.927060004323721, 4846803.729186848737299 ], [ 8308637.346797154285014, 4847065.179633471183479 ], [ 8308618.678512814454734, 4847273.043525791727006 ], [ 8308590.123591570183635, 4847521.69575060904026 ], [ 8308553.748760038986802, 4847783.078604962676764 ], [ 8308522.426749402657151, 4847978.785799554549158 ], [ 8308484.937040762044489, 4848192.970179611817002 ], [ 8308438.139380533248186, 4848435.829196681268513 ], [ 8308398.020725281909108, 4848631.511790589429438 ], [ 8308351.931265718303621, 4848843.761367697268724 ], [ 8308296.247347264550626, 4849088.511990057304502 ], [ 8308249.935358391143382, 4849284.181694441474974 ], [ 8308202.501639788039029, 4849479.84991068392992 ], [ 8308153.543737102299929, 4849678.705477005802095 ], [ 8308088.898409298621118, 4849936.836871641688049 ], [ 8308039.51994395814836, 4850132.509416619315743 ], [ 8307984.552055117674172, 4850328.80136744491756 ], [ 8307922.681558284908533, 4850524.4283378245309 ], [ 8307852.99914155062288, 4850720.027220645919442 ], [ 8307775.210615377873182, 4850915.595705800689757 ], [ 8307692.013817261904478, 4851104.126183666288853 ], [ 8307625.621956665068865, 4851241.680218466557562 ], [ 8307522.131017481908202, 4851437.149997010827065 ], [ 8307429.725283437408507, 4851596.932075742632151 ], [ 8307323.727337000891566, 4851763.041515758261085 ], [ 8307233.116978062316775, 4851894.75668678432703 ], [ 8307102.320262274704874, 4852067.144824876450002 ], [ 8306974.910168003290892, 4852219.127474159933627 ], [ 8306854.548003632575274, 4852349.443054459989071 ], [ 8306722.335732884705067, 4852479.707842473872006 ], [ 8306579.322107188403606, 4852606.096663479693234 ], [ 8306448.439899357967079, 4852715.307005486451089 ], [ 8306317.994672834873199, 4852825.793192407116294 ], [ 8306187.355435386300087, 4852938.193638300523162 ], [ 8306044.352079377509654, 4853064.581949424929917 ], [ 8305902.489043081179261, 4853194.802212241105735 ], [ 8305764.936959625221789, 4853325.04237808752805 ], [ 8305630.075216797180474, 4853455.293603633530438 ], [ 8305494.455029684118927, 4853585.541342301294208 ], [ 8305355.941431983374059, 4853715.138382295146585 ], [ 8305212.367358554154634, 4853845.350574094802141 ], [ 8305076.220520914532244, 4853962.828640501014888 ], [ 8304945.429530295543373, 4854068.842274563387036 ], [ 8304810.864926097914577, 4854170.369404150173068 ], [ 8304621.978511883877218, 4854300.376711255870759 ], [ 8304488.4118208354339, 4854383.395758758299053 ], [ 8304292.580984433181584, 4854491.665545083582401 ], [ 8304154.123617021366954, 4854559.979205565527081 ], [ 8303966.417737923562527, 4854641.470481041818857 ], [ 8303770.780747348442674, 4854713.348697238601744 ], [ 8303575.193224270828068, 4854773.733763662166893 ], [ 8303379.504786348901689, 4854822.625296854414046 ], [ 8303118.760583031922579, 4854871.850477083586156 ], [ 8302923.384939840994775, 4854900.306923520751297 ], [ 8302662.95988945197314, 4854927.817211294546723 ], [ 8302422.559292876161635, 4854943.926236265338957 ], [ 8302206.864471792243421, 4854950.569949239492416 ], [ 8301946.661246804520488, 4854945.5064060036093 ], [ 8301751.417793611064553, 4854929.895250613801181 ], [ 8301491.229917922988534, 4854883.328641779720783 ], [ 8301296.232408473268151, 4854816.642745961435139 ], [ 8301163.950927717611194, 4854741.958699505776167 ], [ 8301020.81014162953943, 4854610.409392425790429 ], [ 8300907.287201844155788, 4854427.300183466635644 ], [ 8300843.151223504915833, 4854252.730547929182649 ], [ 8300791.938266573473811, 4854020.781069006770849 ], [ 8300765.58712144009769, 4853824.700984515249729 ], [ 8300744.240008160471916, 4853563.546620783396065 ], [ 8300731.796914288774133, 4853301.804129837080836 ], [ 8300726.911088357679546, 4853040.105794121511281 ], [ 8300730.715265960432589, 4852779.094261553138494 ], [ 8300742.023088899441063, 4852517.487309360876679 ], [ 8300759.810617186129093, 4852256.557403335347772 ], [ 8300783.996189313009381, 4851995.02720139361918 ], [ 8300805.726052138954401, 4851799.221044351346791 ], [ 8300840.031130117364228, 4851537.751247836276889 ], [ 8300869.266619566828012, 4851341.990310547873378 ], [ 8300913.300448593683541, 4851080.579370345920324 ], [ 8300949.595757110975683, 4850884.860789749771357 ], [ 8300990.345004732720554, 4850682.7877855617553 ], [ 8301046.05945020634681, 4850427.830507043749094 ], [ 8301092.358969420194626, 4850232.172475004568696 ], [ 8301141.905738324858248, 4850036.533166447654366 ], [ 8301197.590576210059226, 4849840.928615771234035 ], [ 8301262.654818264767528, 4849645.370571471750736 ], [ 8301335.050805606879294, 4849449.214754739776254 ], [ 8301414.335726445540786, 4849253.732205791398883 ], [ 8301499.08190175332129, 4849058.280576460063457 ], [ 8301584.788436781615019, 4848872.404391321353614 ], [ 8301651.823162181302905, 4848732.375148377381265 ], [ 8301749.363926655612886, 4848536.990970678627491 ], [ 8301847.628300408832729, 4848347.354394099675119 ], [ 8301920.363988291472197, 4848211.185759094543755 ], [ 8302027.973038797266781, 4848015.856203004717827 ], [ 8302110.03304819855839, 4847870.16583583317697 ], [ 8302213.814081219956279, 4847690.133559723384678 ], [ 8302306.861477572470903, 4847532.376893338747323 ], [ 8302408.029830515384674, 4847364.455193121917546 ], [ 8302503.582343954592943, 4847207.990294771268964 ], [ 8302608.561845547519624, 4847038.814122857525945 ], [ 8302700.026389724574983, 4846892.539635021239519 ], [ 8302815.210964852944016, 4846713.209019688889384 ], [ 8302907.326979181729257, 4846582.884164322167635 ], [ 8303027.611306388862431, 4846431.005337276495993 ], [ 8303158.437557150609791, 4846284.278937936760485 ], [ 8303289.107662720605731, 4846153.496894311159849 ], [ 8303484.86830481979996, 4845969.441400441341102 ], [ 8303615.777891845442355, 4845841.848038705065846 ], [ 8303746.441997958347201, 4845709.790141527540982 ], [ 8303877.036783494986594, 4845576.456934906542301 ], [ 8304007.63381877169013, 4845441.848288299515843 ], [ 8304138.33865428622812, 4845307.239695115946233 ], [ 8304269.034262469038367, 4845173.906579842790961 ], [ 8304399.792318015359342, 4845041.848714889027178 ], [ 8304530.620645461603999, 4844911.066585356369615 ], [ 8304661.203826162964106, 4844782.834627439267933 ], [ 8304791.894291455857456, 4844656.516131533309817 ], [ 8304922.533325458876789, 4844532.110316514037549 ], [ 8305053.157900009304285, 4844410.254954656586051 ], [ 8305183.728420357219875, 4844290.949779340997338 ], [ 8305314.213057096116245, 4844174.195051454938948 ], [ 8305458.47352325823158, 4844047.297933065332472 ], [ 8305610.421597795560956, 4843917.244231855496764 ], [ 8305765.76023209374398, 4843787.843743070028722 ], [ 8305901.716413841582835, 4843676.849110286682844 ], [ 8306032.196024875156581, 4843574.119233822450042 ], [ 8306183.063032308593392, 4843463.187154830433428 ], [ 8306358.421838498674333, 4843352.99735117983073 ], [ 8306553.908685734495521, 4843269.033528382889926 ], [ 8306748.967654420994222, 4843232.885773876681924 ], [ 8307008.950551491230726, 4843252.479672926478088 ], [ 8307204.010684501379728, 4843322.163613442331553 ], [ 8307340.870339570567012, 4843402.441370347514749 ], [ 8307503.21826686989516, 4843533.832722122780979 ], [ 8307634.966760767623782, 4843665.09564529825002 ], [ 8307751.642734480090439, 4843796.296362484805286 ], [ 8307856.336631823331118, 4843926.81010399479419 ], [ 8307980.985926631838083, 4844103.319141587242484 ], [ 8308074.487718005664647, 4844254.193642891943455 ], [ 8308174.689983203075826, 4844436.981010220944881 ], [ 8308388.20054636336863, 4844977.985576711595058 ], [ 8308509.768630658276379, 4845366.219287632964551 ] ] ] } },
{ "type": "Feature", "properties": { }, "geometry": { "type": "MultiPolygon", "coordinates": [ [ [ [ 8347359.67875146586448, 4827594.179664999246597 ], [ 8347266.788268744945526, 4827806.160140498541296 ], [ 8347201.843928008340299, 4827965.307845483534038 ], [ 8347125.001628102734685, 4828157.561349961906672 ], [ 8347048.631373177282512, 4828353.001338250003755 ], [ 8346974.001925291493535, 4828549.081548637710512 ], [ 8346901.073999108746648, 4828744.528669200837612 ], [ 8346829.926844445057213, 4828939.979420107789338 ], [ 8346760.600202180445194, 4829135.433848658576608 ], [ 8346693.332003902643919, 4829330.89204753562808 ], [ 8346628.082583333365619, 4829526.990788937546313 ], [ 8346565.209102933295071, 4829722.456732487305999 ], [ 8346504.870116850361228, 4829917.926689901389182 ], [ 8346447.422538934275508, 4830113.400797970592976 ], [ 8346393.183669519610703, 4830308.879189197905362 ], [ 8346342.668877987191081, 4830504.998853478580713 ], [ 8346292.028423116542399, 4830718.952832475304604 ], [ 8346239.475278467871249, 4830960.931042617186904 ], [ 8346200.252934959717095, 4831157.065740807913244 ], [ 8346161.938228835351765, 4831362.757176266983151 ], [ 8346116.98833392560482, 4831613.03163497056812 ], [ 8346083.390951855108142, 4831809.180154152214527 ], [ 8346039.028833928517997, 4832069.65589465200901 ], [ 8346005.032084882259369, 4832265.175994290038943 ], [ 8345966.705877183936536, 4832481.716994011774659 ], [ 8345920.242423930205405, 4832721.82679539732635 ], [ 8345879.183128205128014, 4832917.356935158371925 ], [ 8345834.27573577594012, 4833113.526448644697666 ], [ 8345771.58892135694623, 4833350.460562051273882 ], [ 8345706.528368557803333, 4833561.282275496050715 ], [ 8345656.676748902536929, 4833700.131466350518167 ], [ 8345605.319618428125978, 4833830.700661609880626 ], [ 8345446.45937624014914, 4834172.089394903741777 ], [ 8345349.275068753398955, 4834352.336351430043578 ], [ 8345251.415905608795583, 4834524.94066284224391 ], [ 8345161.888964608311653, 4834678.438199275173247 ], [ 8345056.365637349896133, 4834859.96229128818959 ], [ 8344973.657783592119813, 4835004.546711063943803 ], [ 8344867.051025747321546, 4835200.090359008871019 ], [ 8344796.278336826711893, 4835338.312026746571064 ], [ 8344706.80182480160147, 4835526.222176246345043 ], [ 8344623.109127092175186, 4835722.420242673717439 ], [ 8344549.170673579908907, 4835917.988617604598403 ], [ 8344484.709114304743707, 4836113.564512641169131 ], [ 8344429.28868802357465, 4836309.147914015688002 ], [ 8344382.513265423476696, 4836504.738790995441377 ], [ 8344340.764558931812644, 4836720.088563238270581 ], [ 8344304.436355443671346, 4836961.570831037126482 ], [ 8344277.895313465967774, 4837222.81733806990087 ], [ 8344263.95903679355979, 4837418.440822214819491 ], [ 8344252.371529535390437, 4837679.706165449693799 ], [ 8344247.845261981710792, 4837940.344351224601269 ], [ 8344249.626406095921993, 4838201.629557103849947 ], [ 8344257.358992775902152, 4838462.287054023705423 ], [ 8344270.765164993703365, 4838723.59128847066313 ], [ 8344284.321763443760574, 4838919.256882574409246 ], [ 8344307.132585414685309, 4839180.577342538163066 ], [ 8344335.65846137329936, 4839441.269825611263514 ], [ 8344360.803079270757735, 4839637.592021125368774 ], [ 8344399.767330257222056, 4839898.300975818186998 ], [ 8344433.326835121959448, 4840093.998349134810269 ], [ 8344470.85545938834548, 4840290.338625784032047 ], [ 8344527.285185072571039, 4840551.071857076138258 ], [ 8344575.33357606548816, 4840746.787892683409154 ], [ 8344631.717112479731441, 4840943.148599365726113 ], [ 8344701.873591681011021, 4841138.881263811141253 ], [ 8344793.701674282550812, 4841332.713909371756017 ], [ 8344880.716624827124178, 4841465.347885539755225 ], [ 8345004.285575499758124, 4841596.084991933777928 ], [ 8345183.70796019397676, 4841697.518266725353897 ], [ 8345443.80903195310384, 4841710.364111898466945 ], [ 8345638.89361659437418, 4841635.205600981600583 ], [ 8345813.347789104096591, 4841530.712347683496773 ], [ 8345964.064307102002203, 4841433.222367328591645 ], [ 8346108.626877277158201, 4841335.09178572986275 ], [ 8346289.187459303066134, 4841211.470684220083058 ], [ 8346419.25629844982177, 4841123.533364058472216 ], [ 8346592.505291206762195, 4841008.831960281357169 ], [ 8346744.436249889433384, 4840912.610376008786261 ], [ 8346908.468267299234867, 4840813.202633184380829 ], [ 8347069.559181301854551, 4840720.804506406188011 ], [ 8347263.664630337618291, 4840617.573831898160279 ], [ 8347394.626361695118248, 4840551.93928418494761 ], [ 8347589.755324080586433, 4840460.177853269502521 ], [ 8347784.800442558713257, 4840376.062502718530595 ], [ 8347979.841591294854879, 4840298.95563417673111 ], [ 8348174.879130343906581, 4840229.494502529501915 ], [ 8348369.873864443041384, 4840167.041536123491824 ], [ 8348564.945321021601558, 4840109.684388308785856 ], [ 8348759.974782607518137, 4840056.14815616980195 ], [ 8348890.006471836939454, 4840023.00160001590848 ], [ 8348890.006471836939454, 4840023.00160001590848 ], [ 8348890.011098580434918, 4839378.628287333063781 ], [ 8348890.016878724098206, 4838573.476039787754416 ], [ 8348890.022657259367406, 4837768.388862359337509 ], [ 8348890.028434187173843, 4836963.366736969910562 ], [ 8348890.034209507517517, 4836158.409645539708436 ], [ 8348890.039983219467103, 4835353.517569991759956 ], [ 8348890.045755326747894, 4834548.690492258407176 ], [ 8348890.051525827497244, 4833743.92839428037405 ], [ 8348890.057294723577797, 4832939.231257993727922 ], [ 8348890.063062014058232, 4832134.599065354093909 ], [ 8348890.068827700801194, 4831330.031798317097127 ], [ 8348890.074591783806682, 4830525.529438835568726 ], [ 8348890.080354263074696, 4829721.091968880034983 ], [ 8348890.086115138605237, 4828916.719370416365564 ], [ 8348890.091874413192272, 4828112.411625426262617 ], [ 8348890.097632085904479, 4827308.16871589422226 ], [ 8348890.103388156741858, 4826503.990623797290027 ], [ 8348890.109142625704408, 4825699.877331136725843 ], [ 8348890.109395979903638, 4825664.470762243494391 ], [ 8348890.109395979903638, 4825664.470762243494391 ], [ 8348825.206304880790412, 4825707.549536501057446 ], [ 8348681.014614464715123, 4825811.296328032389283 ], [ 8348516.57088166475296, 4825941.774736501276493 ], [ 8348370.746592692099512, 4826069.707148256711662 ], [ 8348240.887689048424363, 4826195.094093861989677 ], [ 8348111.658518763259053, 4826332.575169540010393 ], [ 8347999.901629950851202, 4826463.056130914017558 ], [ 8347897.731489593163133, 4826593.538552303798497 ], [ 8347786.362113525159657, 4826750.119631786830723 ], [ 8347569.66378877311945, 4827151.771759361028671 ], [ 8347359.67875146586448, 4827594.179664999246597 ] ] ] ] } },
{ "type": "Feature", "properties": { }, "geometry": { "type": "Polygon", "coordinates": [ [ [ 8316387.72423040214926, 4838959.938313241116703 ], [ 8316437.637655548751354, 4838932.696385072544217 ], [ 8316552.114550298079848, 4838867.426011324860156 ], [ 8316713.462828679941595, 4838772.353020554408431 ], [ 8316877.718564913608134, 4838672.826490420848131 ], [ 8317038.995077947154641, 4838575.838229016400874 ], [ 8317205.904097418300807, 4838478.228995832614601 ], [ 8317364.707007137127221, 4838388.875886920839548 ], [ 8317559.959949657320976, 4838283.705218610353768 ], [ 8317690.285332842729986, 4838217.838397774845362 ], [ 8317885.416547767817974, 4838124.133763044141233 ], [ 8318080.709205510094762, 4838038.710888095200062 ], [ 8318276.048687187954783, 4837960.294664424844086 ], [ 8318457.913182289339602, 4837894.579796760343015 ], [ 8318658.321966420859098, 4837830.192510361783206 ], [ 8318861.499405706301332, 4837772.820505425333977 ], [ 8319056.619146013632417, 4837726.890645686537027 ], [ 8319251.561511057429016, 4837689.241250585764647 ], [ 8319511.668899297714233, 4837653.055935082025826 ], [ 8319706.920282774604857, 4837636.42703071795404 ], [ 8319967.016344031319022, 4837616.798399610444903 ], [ 8320226.767926969565451, 4837597.799881680868566 ], [ 8320486.813279359601438, 4837581.343780318275094 ], [ 8320681.930581474676728, 4837571.705466367304325 ], [ 8320942.064457559026778, 4837562.884363423101604 ], [ 8321201.955803724937141, 4837561.06609658151865 ], [ 8321461.822555820457637, 4837568.162390993908048 ], [ 8321656.990917670540512, 4837580.17113375198096 ], [ 8321916.880223277024925, 4837605.735473115928471 ], [ 8322168.443995816633105, 4837644.652859243564308 ], [ 8322371.535285527817905, 4837685.346314115449786 ], [ 8323605.066784173250198, 4838271.041483045555651 ], [ 8323734.829165455885231, 4838384.173320861533284 ], [ 8323864.373428734019399, 4838509.413265958428383 ], [ 8323994.146665897220373, 4838649.311319560743868 ], [ 8324123.772636407986283, 4838805.142632902599871 ], [ 8324234.856449849903584, 4838955.192741639912128 ], [ 8324322.345403607003391, 4839085.427645310759544 ], [ 8324438.773450242355466, 4839282.018875264562666 ], [ 8324512.305463927797973, 4839423.694087522104383 ], [ 8324595.351395046338439, 4839608.736094085499644 ], [ 8324668.796081744134426, 4839804.59233773779124 ], [ 8324727.356098300777376, 4840000.415224614553154 ], [ 8324770.926957535557449, 4840196.205303421244025 ], [ 8324806.642771784216166, 4840457.634847288951278 ], [ 8324823.624164467677474, 4840718.387758385390043 ], [ 8324825.508679148741066, 4840979.748935439623892 ], [ 8324815.814184210263193, 4841241.087628497742116 ], [ 8324796.182832829654217, 4841501.772198121063411 ], [ 8324769.238841625861824, 4841763.082877814769745 ], [ 8324745.389371258206666, 4841958.742632552050054 ], [ 8324710.140176134184003, 4842220.044444486498833 ], [ 8324681.644800319336355, 4842415.7015540311113 ], [ 8324642.090846914798021, 4842676.367676404304802 ], [ 8324612.385031137615442, 4842872.66751433070749 ], [ 8324572.628972507081926, 4843133.344684018753469 ], [ 8324543.993654711171985, 4843329.018238944932818 ], [ 8324507.519229772500694, 4843590.352388076484203 ], [ 8324478.452405333518982, 4843786.033835737034678 ], [ 8324435.892168895341456, 4844018.670059063471854 ], [ 8324387.586579932831228, 4844243.00726274214685 ], [ 8324339.699016680009663, 4844438.654306333512068 ], [ 8324286.577208201400936, 4844634.2921651173383 ], [ 8324228.306446185335517, 4844830.558951312676072 ], [ 8324165.60500639397651, 4845026.17958705034107 ], [ 8324098.454668214544654, 4845221.79246379993856 ], [ 8324027.02953537274152, 4845417.398486671037972 ], [ 8323952.068139099515975, 4845612.998870837502182 ], [ 8323874.354937001131475, 4845809.233007822185755 ], [ 8323794.853626403957605, 4846004.828035836108029 ], [ 8323715.095387353561819, 4846200.425001785159111 ], [ 8323649.458857098594308, 4846362.258447332307696 ], [ 8323584.109290103428066, 4846529.196728977374732 ], [ 8323513.417794373817742, 4846722.274722409434617 ], [ 8323450.157834348268807, 4846917.926966637372971 ], [ 8323387.360189636237919, 4847152.491595152765512 ], [ 8323338.544060260057449, 4847374.97854380030185 ], [ 8323304.375808788463473, 4847570.717429197393358 ], [ 8323270.537825230509043, 4847832.163329525850713 ], [ 8323252.719922658987343, 4848027.953014090657234 ], [ 8323235.970950742252171, 4848289.45556868519634 ], [ 8323224.608120182529092, 4848550.340361739508808 ], [ 8323212.424657200463116, 4848811.8683040747419 ], [ 8323191.661983022466302, 4849073.380714140832424 ], [ 8323162.27496344037354, 4849269.163985586725175 ], [ 8323112.353042322210968, 4849464.897416213527322 ], [ 8323024.08518863003701, 4849660.534944568760693 ], [ 8322925.062676971778274, 4849793.619904696010053 ], [ 8322760.411221939139068, 4849921.428617448545992 ], [ 8322598.964387041516602, 4849998.202564236707985 ], [ 8322403.776478682644665, 4850054.465687783434987 ], [ 8322143.400977116078138, 4850088.85625955183059 ], [ 8321883.10330559220165, 4850093.890479299239814 ], [ 8321622.67228774074465, 4850077.862525353208184 ], [ 8321362.581253031268716, 4850048.429319166578352 ], [ 8321167.176419463939965, 4850019.810046228580177 ], [ 8320936.942412330769002, 4849981.517114947549999 ], [ 8320711.892930905334651, 4849941.958336414769292 ], [ 8320516.770816657692194, 4849907.584483556449413 ], [ 8320256.844773635268211, 4849862.172278428450227 ], [ 8320061.456071282736957, 4849830.341692831367254 ], [ 8319801.251300451345742, 4849791.935931532643735 ], [ 8319606.331711583770812, 4849766.476852548308671 ], [ 8319345.890729727223516, 4849733.801478615961969 ], [ 8319150.937567375600338, 4849707.057449966669083 ], [ 8318890.777409447357059, 4849669.266392974182963 ], [ 8318695.657375266775489, 4849638.04766695946455 ], [ 8318435.303499794565141, 4849591.950911824591458 ], [ 8318240.321315602399409, 4849553.067490110173821 ], [ 8318045.350543841719627, 4849510.990405106917024 ], [ 8317796.394229655154049, 4849449.6003681672737 ], [ 8317590.092454602941871, 4849392.167933939024806 ], [ 8317395.186107807792723, 4849331.577195222489536 ], [ 8317200.044132280163467, 4849263.327108038589358 ], [ 8317005.195782342925668, 4849186.142140028066933 ], [ 8316853.899126723408699, 4849119.941492399200797 ], [ 8316680.328667600639164, 4849035.164513155817986 ], [ 8316485.472943089902401, 4848928.62499963119626 ], [ 8316355.585978169925511, 4848849.091081594116986 ], [ 8316185.454206921160221, 4848726.042221570387483 ], [ 8316039.579178013838828, 4848594.779311851598322 ], [ 8315918.53635832015425, 4848463.599187414161861 ], [ 8315815.828198842704296, 4848332.479908556677401 ], [ 8315707.049515908583999, 4848169.445773297920823 ], [ 8315615.179925455711782, 4848005.193450968712568 ], [ 8315523.356326452456415, 4847809.049131782725453 ], [ 8315448.527697742916644, 4847614.241043755784631 ], [ 8315386.878233241848648, 4847416.928598621860147 ], [ 8315337.86396621633321, 4847220.300750881433487 ], [ 8315299.578189956955612, 4847024.351172059774399 ], [ 8315264.944416935555637, 4846763.357945486903191 ], [ 8315254.624275570735335, 4846566.874696434475482 ], [ 8315258.525130298919976, 4846371.07993183657527 ], [ 8315281.529945098794997, 4846109.662873702123761 ], [ 8315322.183402042835951, 4845848.94947393424809 ], [ 8315362.067910637706518, 4845653.291434933431447 ], [ 8315408.239145659841597, 4845457.659068909473717 ], [ 8315459.977295257151127, 4845261.409864936955273 ], [ 8315522.228973988443613, 4845040.330141260288656 ], [ 8315588.125970550812781, 4844813.526686402969062 ], [ 8315646.641211880370975, 4844609.022252921946347 ], [ 8315699.534853940829635, 4844413.430633361451328 ], [ 8315746.956124104559422, 4844217.824566408991814 ], [ 8315787.056066988036036, 4844022.196828874759376 ], [ 8315824.180228245444596, 4843760.887039831839502 ], [ 8315838.286923766136169, 4843500.14315577223897 ], [ 8315825.943587634712458, 4843238.681153231300414 ], [ 8315790.341882535256445, 4842977.14814461953938 ], [ 8315750.301162987016141, 4842781.276231383904815 ], [ 8315700.101480583660305, 4842585.373896112665534 ], [ 8315640.520750377327204, 4842389.444720419123769 ], [ 8315573.410340121947229, 4842193.492159482091665 ], [ 8315499.342958989553154, 4841996.883083335123956 ], [ 8315420.379431801848114, 4841800.89750063046813 ], [ 8315338.880411500111222, 4841606.819387759082019 ], [ 8315274.235614865086973, 4841454.876324706710875 ], [ 8315199.978270625695586, 4841278.039907904341817 ], [ 8315122.621312328614295, 4841082.071795317344368 ], [ 8315055.560656483285129, 4840886.142855739220977 ], [ 8315006.663669105619192, 4840689.641268556006253 ], [ 8314986.383646085858345, 4840428.860299640335143 ], [ 8315020.038227533921599, 4840233.288267244584858 ], [ 8315099.06370437797159, 4840037.236349660903215 ], [ 8315214.627994515001774, 4839855.972319061867893 ], [ 8315334.118632169440389, 4839711.691916153766215 ], [ 8315465.357488259673119, 4839582.110245008952916 ], [ 8315606.101104131899774, 4839461.484322278760374 ], [ 8315736.232872355729342, 4839361.85587686765939 ], [ 8315885.948199049569666, 4839257.191704815253615 ], [ 8316062.164806707762182, 4839144.966867332346737 ], [ 8316201.835106682963669, 4839061.937872933223844 ], [ 8316322.693567236885428, 4838994.777641798369586 ], [ 8316387.72423040214926, 4838959.938313241116703 ] ] ] } },
{ "type": "Feature", "properties": { }, "geometry": { "type": "Polygon", "coordinates": [ [ [ 8301805.201390458270907, 4832132.006165734492242 ], [ 8301728.246098997071385, 4832313.157714642584324 ], [ 8301620.17181012313813, 4832478.878517391160131 ], [ 8301502.905746546573937, 4832608.88875200226903 ], [ 8301344.400728375650942, 4832738.701612116768956 ], [ 8301206.08509264793247, 4832824.661465348675847 ], [ 8301010.75259810872376, 4832917.988358897157013 ], [ 8300815.313323439098895, 4832986.471571516245604 ], [ 8300620.396673996001482, 4833038.390871262177825 ], [ 8300425.172356341034174, 4833076.293593796901405 ], [ 8300165.133854550309479, 4833108.778086989186704 ], [ 8299970.262329684570432, 4833127.563852051272988 ], [ 8299710.223559344187379, 4833153.030522384680808 ], [ 8299450.221835725009441, 4833177.216147564351559 ], [ 8299255.209414044395089, 4833193.43997700419277 ], [ 8298995.172112564556301, 4833209.970537395216525 ], [ 8298735.355351252481341, 4833218.850680883973837 ], [ 8298475.586371041834354, 4833218.169734034687281 ], [ 8298215.813621769659221, 4833204.106201247312129 ], [ 8297978.986618855968118, 4833178.688903926871717 ], [ 8297761.241279448382556, 4833142.535472704097629 ], [ 8297566.466079231351614, 4833098.216393451206386 ], [ 8297372.049323029816151, 4833041.791627492755651 ], [ 8297177.52428831346333, 4832971.35098662879318 ], [ 8296983.121048235334456, 4832885.620918465778232 ], [ 8296788.512171725742519, 4832782.0535057047382 ], [ 8296659.264559934847057, 4832700.481271790340543 ], [ 8296497.039165808819234, 4832583.704481638967991 ], [ 8296336.988327231258154, 4832452.288167485035956 ], [ 8296206.414776570163667, 4832331.854542666114867 ], [ 8296077.112967296503484, 4832199.32741473056376 ], [ 8295953.311094149947166, 4832059.185780035331845 ], [ 8295848.082388510927558, 4831928.062096216715872 ], [ 8295751.83320415019989, 4831796.98533770814538 ], [ 8295625.692298457957804, 4831606.520109053701162 ], [ 8295544.354032387956977, 4831469.794461648911238 ], [ 8295439.349944316782057, 4831273.715697296895087 ], [ 8295368.388921446166933, 4831124.949148719199002 ], [ 8295293.067754848860204, 4830946.866745908744633 ], [ 8295221.341029279865324, 4830750.976202799938619 ], [ 8295161.469725653529167, 4830555.15316834487021 ], [ 8295112.464816644787788, 4830357.481523751281202 ], [ 8295049.093955332413316, 4830108.792465694248676 ], [ 8294990.747134444303811, 4829902.163641426712275 ], [ 8294931.39298758096993, 4829706.357917982153594 ], [ 8294868.952903026714921, 4829509.90210828743875 ], [ 8294804.069535206072032, 4829314.074351263232529 ], [ 8294738.816786218434572, 4829118.246749230660498 ], [ 8294675.389747815206647, 4828922.432498899288476 ], [ 8294617.308132401667535, 4828726.650277262553573 ], [ 8294569.57641208358109, 4828530.291505701839924 ], [ 8294539.050998423248529, 4828334.667849192395806 ], [ 8294540.218310085125268, 4828108.027042696252465 ], [ 8294606.550614799372852, 4827881.108908507972956 ], [ 8294697.045824996195734, 4827749.186224252916873 ], [ 8294853.250654995441437, 4827619.530444850213826 ], [ 8294997.751695733517408, 4827545.8330840440467 ], [ 8295192.880398736335337, 4827481.32008018810302 ], [ 8295452.862598493695259, 4827434.977928469888866 ], [ 8295647.728791061788797, 4827418.836944557726383 ], [ 8295907.700742170214653, 4827415.770791293121874 ], [ 8296167.32979301456362, 4827427.975671187974513 ], [ 8296361.906325032003224, 4827445.559712380170822 ], [ 8296621.577980459667742, 4827478.760388653725386 ], [ 8296816.086773814633489, 4827509.704033982008696 ], [ 8296881.050809761509299, 4827521.503071047365665 ], [ 8297140.290194774977863, 4827574.424900927580893 ], [ 8297371.573443886823952, 4827632.922386780381203 ], [ 8297594.292722756043077, 4827697.101886436343193 ], [ 8297788.908567005768418, 4827759.857734023593366 ], [ 8297983.241918666288257, 4827827.066260171122849 ], [ 8298175.049901188351214, 4827897.440557100810111 ], [ 8298344.630059068091214, 4827963.880330918356776 ], [ 8298508.002954967319965, 4828029.647232783026993 ], [ 8298695.952303862199187, 4828108.90805237274617 ], [ 8298890.540306997485459, 4828194.563666634261608 ], [ 8299084.896330227144063, 4828282.762794048525393 ], [ 8299247.621812643483281, 4828359.34188315551728 ], [ 8299408.804004461504519, 4828437.818974636495113 ], [ 8299602.939294561743736, 4828535.560215428471565 ], [ 8299770.26618330553174, 4828622.976857113651931 ], [ 8299926.9621123354882, 4828707.793353403918445 ], [ 8300121.117344649508595, 4828818.260465355589986 ], [ 8300250.627468670718372, 4828895.2994818771258 ], [ 8300431.164041030220687, 4829017.155399494804442 ], [ 8300574.13545348122716, 4829126.094044612720609 ], [ 8300703.685744251124561, 4829234.327752401120961 ], [ 8300832.858966843225062, 4829352.111604085192084 ], [ 8300962.285271473228931, 4829480.719762193970382 ], [ 8301091.509151118807495, 4829620.788794158957899 ], [ 8301220.518899914808571, 4829774.866132303141057 ], [ 8301341.91917069721967, 4829934.637470686808228 ], [ 8301432.151747914962471, 4830065.60662710852921 ], [ 8301542.94096802547574, 4830245.707936652004719 ], [ 8301622.385551449842751, 4830392.546608806587756 ], [ 8301711.026436474174261, 4830588.466382289305329 ], [ 8301781.142668191343546, 4830784.300146047025919 ], [ 8301834.675647458061576, 4830980.057500930503011 ], [ 8301872.415658899582922, 4831175.745092417113483 ], [ 8301887.768106770701706, 4831593.593226218596101 ], [ 8301872.161517199128866, 4831826.615136967971921 ], [ 8301805.201390458270907, 4832132.006165734492242 ] ] ] } },
{ "type": "Feature", "properties": { }, "geometry": { "type": "Polygon", "coordinates": [ [ [ 8277495.844295307062566, 4823470.778754389844835 ], [ 8277538.374542318284512, 4823273.818444943986833 ], [ 8277584.431885053403676, 4823078.793686569668353 ], [ 8277638.404257063753903, 4822883.196124462410808 ], [ 8277717.664954711683095, 4822688.417952483519912 ], [ 8277891.312189547345042, 4822599.942376994527876 ], [ 8277981.495349865406752, 4822755.842201632447541 ], [ 8278050.466709982603788, 4822951.682710188440979 ], [ 8278103.985084844753146, 4823147.415650594048202 ], [ 8278150.494296740740538, 4823343.102190705016255 ], [ 8278204.583866065368056, 4823604.391008752398193 ], [ 8278241.280517485924065, 4823800.016947037540376 ], [ 8278276.663787456229329, 4823995.636414526961744 ], [ 8278318.107768218964338, 4824256.850023536011577 ], [ 8278346.798988872207701, 4824452.430546671152115 ], [ 8278382.413372343406081, 4824713.617464177310467 ], [ 8278408.318778554908931, 4824909.185305296443403 ], [ 8278441.271243400871754, 4825169.7269047787413 ], [ 8278465.659380860626698, 4825365.932298340834677 ], [ 8278498.124202628619969, 4825626.480466261506081 ], [ 8278523.098196270875633, 4825822.060676684603095 ], [ 8278556.210425895638764, 4826083.263112812303007 ], [ 8278582.256424297578633, 4826278.859621850773692 ], [ 8278617.392413843423128, 4826540.088009773753583 ], [ 8278645.461571981199086, 4826735.707528680562973 ], [ 8278683.731137086637318, 4826996.969681446440518 ], [ 8278714.34644481819123, 4827192.616656334139407 ], [ 8278757.545291445218027, 4827453.2893848689273 ], [ 8278791.393305981531739, 4827649.602852808311582 ], [ 8278828.124789745546877, 4827854.217309360392392 ], [ 8279183.406956493854523, 4829868.659757728688419 ], [ 8279213.200295422226191, 4830064.354357465170324 ], [ 8279250.513155058026314, 4830325.694638669490814 ], [ 8279277.883450984954834, 4830521.38012976385653 ], [ 8279314.890062063932419, 4830782.730645576491952 ], [ 8279343.325497474521399, 4830978.431516079232097 ], [ 8279380.922434039413929, 4831239.796990873292089 ], [ 8279409.050817764364183, 4831435.505174999125302 ], [ 8279445.545449648052454, 4831696.23766541108489 ], [ 8279472.323925202712417, 4831892.581964937970042 ], [ 8279506.33165592700243, 4832153.309429242275655 ], [ 8279530.745663972571492, 4832349.009803565219045 ], [ 8279561.470314576290548, 4832610.359745403751731 ], [ 8279582.754157112911344, 4832806.046988263726234 ], [ 8279608.342192855663598, 4833067.374298050068319 ], [ 8279630.565573737956583, 4833328.04785040486604 ], [ 8279644.527428712695837, 4833524.336300054565072 ], [ 8279660.638484835624695, 4833784.978148438036442 ], [ 8279674.572573522105813, 4834046.249310150742531 ], [ 8279686.615938591770828, 4834306.877771119587123 ], [ 8279694.56151114217937, 4834503.14011884201318 ], [ 8279703.10839331522584, 4834763.755196664482355 ], [ 8279709.120799507945776, 4835024.997177634388208 ], [ 8279712.639363884925842, 4835285.591429901309311 ], [ 8279713.592443137429655, 4835546.809303387068212 ], [ 8279711.355943759903312, 4835808.014018380083144 ], [ 8279705.824077340774238, 4836068.564583986997604 ], [ 8279696.948094081133604, 4836329.734926859848201 ], [ 8279684.117260938510299, 4836590.248017299920321 ], [ 8279671.70711718685925, 4836786.415823592804372 ], [ 8279651.64041365031153, 4837046.888591583818197 ], [ 8279625.601518843322992, 4837307.965873437002301 ], [ 8279602.706039445474744, 4837503.435495474375784 ], [ 8279568.373834636993706, 4837764.466472587548196 ], [ 8279537.181392907164991, 4837982.190284795127809 ], [ 8279500.807790016755462, 4838220.275414914824069 ], [ 8279469.134685372933745, 4838417.613612648099661 ], [ 8279426.152690690942109, 4838676.694453611038625 ], [ 8279393.165285985916853, 4838872.118597245775163 ], [ 8279348.388312013819814, 4839133.110981815494597 ], [ 8279314.770694970153272, 4839328.540062365122139 ], [ 8279270.450222982093692, 4839589.545545282773674 ], [ 8279237.241638440638781, 4839784.987640438601375 ], [ 8279197.913313839584589, 4840023.730828622356057 ], [ 8279162.316370328888297, 4840241.472804985940456 ], [ 8279130.086392877623439, 4840439.480615806765854 ], [ 8279086.550771809183061, 4840697.972140528261662 ], [ 8279052.922477168031037, 4840893.430574068799615 ], [ 8279006.457172335125506, 4841153.823564358055592 ], [ 8278970.162482764571905, 4841349.909222079440951 ], [ 8278926.870547601021826, 4841575.911304303444922 ], [ 8278880.677040370181203, 4841805.72123371809721 ], [ 8278839.496089707128704, 4842001.784553403034806 ], [ 8278792.508589751087129, 4842216.298900069668889 ], [ 8278736.575549841858447, 4842457.532852161675692 ], [ 8278689.340921238064766, 4842653.56376769579947 ], [ 8278640.21930905431509, 4842848.94888598844409 ], [ 8278589.206136725842953, 4843044.32569845020771 ], [ 8278524.817536665126681, 4843281.05266410112381 ], [ 8278462.055537642911077, 4843500.580701707862318 ], [ 8278401.017548261210322, 4843695.896296974271536 ], [ 8278335.293385734781623, 4843891.181914746761322 ], [ 8278264.525534591637552, 4844086.434909799136221 ], [ 8278192.613402889110148, 4844270.205843380652368 ], [ 8278126.437990239821374, 4844427.237459284253418 ], [ 8278042.38104834407568, 4844607.736702479422092 ], [ 8277938.654256673529744, 4844802.765381374396384 ], [ 8277853.972324831411242, 4844932.8879608893767 ], [ 8277731.708459582179785, 4845065.291568323969841 ], [ 8277499.469399932771921, 4845060.432269282639027 ], [ 8277398.720548056066036, 4844929.61105924192816 ], [ 8277310.02482239343226, 4844732.559768862091005 ], [ 8277241.890145878307521, 4844536.298006336204708 ], [ 8277184.928677847608924, 4844340.11809638235718 ], [ 8277134.455014280974865, 4844143.990303135477006 ], [ 8277088.325338768772781, 4843947.899183440953493 ], [ 8277034.152714483439922, 4843686.075136569328606 ], [ 8276997.061095871031284, 4843490.056470278650522 ], [ 8276961.237829873338342, 4843293.412285280413926 ], [ 8276914.591842407360673, 4843032.299276350997388 ], [ 8276879.711935989558697, 4842836.307361276820302 ], [ 8276838.886114442721009, 4842609.675461948849261 ], [ 8276798.912251682952046, 4842378.590272158384323 ], [ 8276765.044402498751879, 4842182.619666233658791 ], [ 8276721.373915756121278, 4841920.917100707069039 ], [ 8276689.945235596969724, 4841724.97453817166388 ], [ 8276652.020954076200724, 4841479.260980642400682 ], [ 8276621.424521430395544, 4841267.396014605648816 ], [ 8276590.19953743647784, 4841039.591089591383934 ], [ 8276561.544768120162189, 4840809.899270173162222 ], [ 8276531.331942920573056, 4840548.967202786356211 ], [ 8276511.17972850613296, 4840353.133113902062178 ], [ 8276488.068669760599732, 4840091.626405384391546 ], [ 8276468.838617106899619, 4839842.265072043985128 ], [ 8276455.109421682544053, 4839634.379876781255007 ], [ 8276439.701288990676403, 4839373.586175105534494 ], [ 8276426.202849842607975, 4839112.175825132988393 ], [ 8276414.140956462360919, 4838850.783556248992682 ], [ 8276406.356318768113852, 4838655.07106623146683 ], [ 8276396.829673711210489, 4838394.346463859081268 ], [ 8276388.13345196004957, 4838132.996582539752126 ], [ 8276380.255290482193232, 4837871.657827461138368 ], [ 8276372.046568588353693, 4837610.963920106180012 ], [ 8276364.335451511666179, 4837349.64072245080024 ], [ 8276358.374231844209135, 4837153.332654590718448 ], [ 8276350.111448653973639, 4836892.655283913016319 ], [ 8276340.817764289677143, 4836631.977103954181075 ], [ 8276330.220245161093771, 4836370.658950770273805 ], [ 8276318.206082623451948, 4836109.975967293605208 ], [ 8276306.126791104674339, 4835848.65884692966938 ], [ 8276296.997549565508962, 4835652.994711588136852 ], [ 8276285.219829389825463, 4835391.694060507230461 ], [ 8276274.215875454246998, 4835131.041290718130767 ], [ 8276264.104804615490139, 4834869.766345215030015 ], [ 8276255.929675824940205, 4834608.511523565277457 ], [ 8276249.614049640484154, 4834347.914118945598602 ], [ 8276246.752309259958565, 4834152.324958698824048 ], [ 8276245.509661132469773, 4833891.138669337145984 ], [ 8276247.414783348329365, 4833629.983824842609465 ], [ 8276252.995007918216288, 4833369.498812522739172 ], [ 8276259.284838817082345, 4833173.994819934479892 ], [ 8276270.023390432819724, 4832912.922390047460794 ], [ 8276283.536676759831607, 4832651.877010762691498 ], [ 8276299.121447610668838, 4832391.492062263190746 ], [ 8276317.296123541891575, 4832130.492600702680647 ], [ 8276332.011315238662064, 4831935.07662917394191 ], [ 8276353.918357663787901, 4831674.117008531466126 ], [ 8276377.365660254843533, 4831413.812192515470088 ], [ 8276401.88962100353092, 4831153.522710276767612 ], [ 8276421.506448529660702, 4830957.522872379980981 ], [ 8276448.029847119003534, 4830696.62445711158216 ], [ 8276471.712722285650671, 4830468.822641042992473 ], [ 8276496.226880826987326, 4830241.031971528194845 ], [ 8276526.179510273970664, 4829980.175247208215296 ], [ 8276550.669672123156488, 4829784.871015611104667 ], [ 8276586.240082167088985, 4829524.066023939289153 ], [ 8276614.128884701058269, 4829328.794401121325791 ], [ 8276653.904683463275433, 4829068.032372548244894 ], [ 8276684.406593966297805, 4828872.788382414728403 ], [ 8276726.948287864215672, 4828612.694622336886823 ], [ 8276759.123975014314055, 4828416.835513995960355 ], [ 8276802.84301028214395, 4828156.760909902863204 ], [ 8276835.835723801515996, 4827961.552146748639643 ], [ 8276879.008012189529836, 4827700.849145513959229 ], [ 8276911.180587469600141, 4827505.644600965082645 ], [ 8276949.303999188356102, 4827262.103533769026399 ], [ 8276982.129284980706871, 4827049.721983325667679 ], [ 8277017.620021056383848, 4826799.17202156689018 ], [ 8277046.991860876791179, 4826593.777805808000267 ], [ 8277082.17603104468435, 4826333.687123587355018 ], [ 8277108.703055027872324, 4826137.829381931573153 ], [ 8277142.480164301581681, 4825877.74245894048363 ], [ 8277167.922852056100965, 4825682.521245243959129 ], [ 8277201.757944623939693, 4825421.807371534407139 ], [ 8277226.373777512460947, 4825226.58964853733778 ], [ 8277261.084817211143672, 4824965.894455584697425 ], [ 8277292.125425735488534, 4824726.182354494929314 ], [ 8277323.139579933136702, 4824510.021402744576335 ], [ 8277360.257393718697131, 4824249.998081462457776 ], [ 8277391.688181791454554, 4824054.852451464161277 ], [ 8277428.456787835806608, 4823831.110463685356081 ], [ 8277472.4600670626387, 4823599.153445067815483 ], [ 8277484.264121252112091, 4823533.694398690015078 ], [ 8277495.844295307062566, 4823470.778754389844835 ] ] ] } },
{ "type": "Feature", "properties": { }, "geometry": { "type": "MultiPolygon", "coordinates": [ [ [ [ 8304979.164711363613605, 4865984.952763062901795 ], [ 8305597.62461326085031, 4865984.95734863076359 ], [ 8306216.084515846334398, 4865984.961933053098619 ], [ 8306834.54441912099719, 4865984.966516331769526 ], [ 8307453.004323083907366, 4865984.971098467707634 ], [ 8308071.464227735996246, 4865984.975679459050298 ], [ 8308689.92413307633251, 4865984.980259304866195 ], [ 8309308.3840391067788, 4865984.98483800701797 ], [ 8309926.843945821747184, 4865984.989415565505624 ], [ 8310545.303853225894272, 4865984.993991977535188 ], [ 8311163.763761318288743, 4865984.998567244969308 ], [ 8311782.223670098930597, 4865985.003141366876662 ], [ 8312400.683579563163221, 4865985.007714343257248 ], [ 8313019.143489714711905, 4865985.012286177836359 ], [ 8313637.603400556370616, 4865985.016856867820024 ], [ 8314256.063312083482742, 4865985.021426412276924 ], [ 8314874.523224298842251, 4865985.025994809344411 ], [ 8315492.98313719779253, 4865985.030562061816454 ], [ 8316111.443050783127546, 4865985.035128171555698 ], [ 8316729.902965055778623, 4865985.03969313390553 ], [ 8317348.362880013883114, 4865985.044256953522563 ], [ 8317966.822795656509697, 4865985.048819628544152 ], [ 8318585.282711983658373, 4865985.053381156176329 ], [ 8319203.742629, 4865985.057941539213061 ], [ 8319822.202546699903905, 4865985.062500779516995 ], [ 8320440.662465085275471, 4865985.067058872431517 ], [ 8321059.122384153306484, 4865985.071615818887949 ], [ 8321677.582303908653557, 4865985.076171622611582 ], [ 8322296.0422243475914, 4865985.080726277083158 ], [ 8322914.502145470120013, 4865985.085279790684581 ], [ 8323532.962067276239395, 4865985.089832154102623 ], [ 8324151.421989765018225, 4865985.09438337571919 ], [ 8324769.881912940181792, 4865985.098933450877666 ], [ 8325388.341836800798774, 4865985.103482377715409 ], [ 8326006.801761341281235, 4865985.108030162751675 ], [ 8326625.261686567217112, 4865985.112576801329851 ], [ 8327243.72161247394979, 4865985.117122294381261 ], [ 8327862.181539067067206, 4865985.121666640043259 ], [ 8327955.196716642938554, 4865985.124822457320988 ], [ 8327955.308039429597557, 4865985.124823275953531 ], [ 8328583.57180312089622, 4865502.956326933577657 ], [ 8329398.369424626231194, 4864831.738673792220652 ], [ 8330188.894488650374115, 4864157.89727495983243 ], [ 8330969.553422535769641, 4863483.380524613894522 ], [ 8331733.891707845032215, 4862806.902595303021371 ], [ 8332438.77854347974062, 4862124.563040103763342 ], [ 8333262.762579832226038, 4861163.274426941759884 ], [ 8333823.113483716733754, 4860379.802893367595971 ], [ 8334451.894674734212458, 4859312.269197977147996 ], [ 8334920.409606934525073, 4858228.618935845792294 ], [ 8335250.29666368290782, 4857130.824950098060071 ], [ 8335530.802434926852584, 4855651.307352280244231 ], [ 8335671.690298293717206, 4854157.770398334600031 ], [ 8335782.710385081358254, 4852661.222575931809843 ], [ 8335850.443066525273025, 4851160.372105858288705 ], [ 8335874.636209993623197, 4850032.293309652246535 ], [ 8335769.604170568287373, 4848515.019207897596061 ], [ 8335457.875531179830432, 4847352.340286223217845 ], [ 8334884.422279613092542, 4846540.847129084169865 ], [ 8334051.913583148270845, 4845986.022099561989307 ], [ 8332977.6186214806512, 4845482.427921027876437 ], [ 8331894.285640015266836, 4845066.732504050247371 ], [ 8330464.662146364338696, 4844581.424479998648167 ], [ 8329355.682895754463971, 4844209.440046686679125 ], [ 8328259.784405143000185, 4843920.904083443805575 ], [ 8326786.720001633279026, 4843653.735781928524375 ], [ 8325293.754849184304476, 4843580.145172254182398 ], [ 8324157.448233709670603, 4843687.039955022744834 ], [ 8323016.007639921270311, 4843841.615875691175461 ], [ 8321793.297571331262589, 4844064.068253520876169 ], [ 8319205.915583027526736, 4844412.458948200568557 ], [ 8318077.679641621187329, 4844438.341692274436355 ], [ 8316589.092899240553379, 4844320.723914372734725 ], [ 8315480.511114939115942, 4844156.987523353658617 ], [ 8314004.406064507551491, 4843919.148821168579161 ], [ 8312523.640213853679597, 4843726.98855372145772 ], [ 8311354.511684067547321, 4843730.912631046026945 ], [ 8309875.721291474066675, 4843934.976755409501493 ], [ 8308922.102425205521286, 4844228.957618111744523 ], [ 8307923.134704931639135, 4844667.42309389077127 ], [ 8307027.285151383839548, 4845160.448668409138918 ], [ 8306056.296343745663762, 4845811.896673116832972 ], [ 8305156.039419841952622, 4846470.618783819489181 ], [ 8304289.199642978608608, 4847124.349857919849455 ], [ 8303468.321516470983624, 4847794.844099686481059 ], [ 8302705.277947088703513, 4848473.240149532444775 ], [ 8301957.637688804417849, 4849147.868169510737062 ], [ 8301210.976687210611999, 4849822.490028874948621 ], [ 8300491.844757217913866, 4850500.425691389478743 ], [ 8299726.958095184527338, 4851248.955560374073684 ], [ 8298896.967457187362015, 4851999.706587532535195 ], [ 8298082.551511352881789, 4852601.185005459934473 ], [ 8297085.601368889212608, 4853155.725392915308475 ], [ 8296107.398867157287896, 4853522.646350232884288 ], [ 8294957.78245098143816, 4853737.918764766305685 ], [ 8293450.710147288627923, 4853780.006675255484879 ], [ 8291956.03066083882004, 4853703.857701296918094 ], [ 8290763.14846664108336, 4853613.305237448774278 ], [ 8289342.716854269616306, 4853551.239546617493033 ], [ 8287839.447325148619711, 4853557.391333974897861 ], [ 8286701.987572886049747, 4853654.978039514273405 ], [ 8285557.063697154633701, 4853823.234961057081819 ], [ 8284404.153541252017021, 4854065.351008865982294 ], [ 8283245.30402269680053, 4854362.193077832460403 ], [ 8282082.631400216370821, 4854692.714153409004211 ], [ 8280918.275025145150721, 4855040.969923824071884 ], [ 8279753.324487706646323, 4855391.013016072101891 ], [ 8278684.561915869824588, 4855709.694081986322999 ], [ 8277731.471667287871242, 4855983.776622988283634 ], [ 8276651.215992998331785, 4856283.657786507159472 ], [ 8275488.264095469377935, 4856612.824664546176791 ], [ 8274328.08592629339546, 4856913.795492024160922 ], [ 8273170.169058757834136, 4857196.775499108247459 ], [ 8272016.026827175170183, 4857442.625817482359707 ], [ 8270872.247558397240937, 4857591.375542575493455 ], [ 8269359.679479815997183, 4857671.908445131033659 ], [ 8268238.483012984506786, 4857613.657964856363833 ], [ 8267126.3390958243981, 4857469.160703497007489 ], [ 8265652.378257251344621, 4857196.994615118019283 ], [ 8264186.793447045609355, 4856844.883588790893555 ], [ 8263084.701741565950215, 4856610.646391132846475 ], [ 8261613.648116021417081, 4856314.305302157066762 ], [ 8260145.075859514065087, 4855992.882032155059278 ], [ 8259046.76252867653966, 4855725.690835359506309 ], [ 8257692.115714429877698, 4855301.541665943339467 ], [ 8256511.08219719864428, 4854853.317322971299291 ], [ 8255435.761358174495399, 4854378.52176181320101 ], [ 8254367.939670603722334, 4853836.047548670321703 ], [ 8253366.757216560654342, 4853313.917743722908199 ], [ 8252485.032424337230623, 4852838.193251575343311 ], [ 8251529.364776820875704, 4852309.353796295821667 ], [ 8250467.977508557029068, 4851713.669678837992251 ], [ 8249408.9168730834499, 4851094.96305231936276 ], [ 8248432.061073110438883, 4850501.260182381607592 ], [ 8247650.985700069926679, 4850002.654697889462113 ], [ 8246601.067084885202348, 4849307.28735267650336 ], [ 8245635.423040443100035, 4848680.997849712148309 ], [ 8244848.292144406586885, 4848173.269078796729445 ], [ 8243794.046829704195261, 4847519.148932049050927 ], [ 8242732.548076358623803, 4846930.57997471280396 ], [ 8241664.507882894948125, 4846403.086725885979831 ], [ 8240587.335762559436262, 4845957.042196010239422 ], [ 8239492.369327561929822, 4845672.050727218389511 ], [ 8238003.978290713392198, 4845548.996296231634915 ], [ 8236862.335707879625261, 4845683.466157540678978 ], [ 8235707.343991820700467, 4845933.728711641393602 ], [ 8234572.546241852454841, 4846306.545166400261223 ], [ 8233749.18352207262069, 4846649.706182532943785 ], [ 8232671.25618689879775, 4847223.271052291616797 ], [ 8231772.739447809755802, 4847876.061410614289343 ], [ 8230974.730180948972702, 4848540.210970900021493 ], [ 8230226.174706592224538, 4849209.400776104070246 ], [ 8229588.82187688536942, 4849892.043591210618615 ], [ 8228822.873409024439752, 4850936.823291869834065 ], [ 8228792.009442493319511, 4850983.667709330096841 ], [ 8228846.647622252814472, 4851241.475824245251715 ], [ 8228859.916092587634921, 4851704.905268043279648 ], [ 8228815.989654606208205, 4852096.185503276996315 ], [ 8228649.2861911021173, 4852407.49756726436317 ], [ 8228482.906181978993118, 4852718.816284076310694 ], [ 8228121.366305347532034, 4853007.980067042633891 ], [ 8227752.460243704728782, 4853362.147575647570193 ], [ 8227513.288243020884693, 4853731.312066253274679 ], [ 8227476.757893434725702, 4854057.650417752563953 ], [ 8227562.272679520770907, 4854463.374086005613208 ], [ 8227713.314150931313634, 4854876.932421972975135 ], [ 8227864.065757011063397, 4855290.504714464768767 ], [ 8228223.049941857345402, 4856189.899091178551316 ], [ 8228770.129322784021497, 4857177.19826028868556 ], [ 8229309.817563033662736, 4858229.605858020484447 ], [ 8229929.212980382144451, 4859159.167344449087977 ], [ 8230433.414488307200372, 4859943.063236255198717 ], [ 8230836.861393394879997, 4860451.795442433096468 ], [ 8231240.5874676220119, 4860959.900441231206059 ], [ 8231586.783730605617166, 4861395.791912512853742 ], [ 8231932.787505384534597, 4861831.690694763325155 ], [ 8232219.051988855935633, 4862109.633227752521634 ], [ 8232551.634550360031426, 4862139.770241196267307 ], [ 8232763.082680281251669, 4862201.243455353192985 ], [ 8232942.517800346948206, 4862349.178740399889648 ], [ 8233082.885076845064759, 4862619.548897858709097 ], [ 8233174.044943837448955, 4862789.758216711692512 ], [ 8233261.554232290945947, 4862992.708460289984941 ], [ 8233397.972723388113081, 4863406.760864253155887 ], [ 8233612.473874902352691, 4864101.028810201212764 ], [ 8233787.983115248382092, 4864468.31101443618536 ], [ 8233950.158127424307168, 4864869.826820645481348 ], [ 8234179.609858111478388, 4865396.757935994304717 ], [ 8234369.074244590476155, 4865781.482590952888131 ], [ 8234410.786359249614179, 4865963.98290148563683 ], [ 8234422.022201789543033, 4865983.964835998602211 ], [ 8234421.910879022441804, 4865983.964835149236023 ], [ 8234474.740454374812543, 4865984.422518480569124 ], [ 8235093.200276617892087, 4865984.427234212867916 ], [ 8235711.660099567845464, 4865984.431948805227876 ], [ 8236330.119923225603998, 4865984.436662261374295 ], [ 8236948.579747592099011, 4865984.441374575719237 ], [ 8237567.039572664536536, 4865984.446085749194026 ], [ 8238185.499398447573185, 4865984.450795784592628 ], [ 8238803.959224937483668, 4865984.455504679121077 ], [ 8239422.41905212868005, 4865984.460212437435985 ], [ 8240040.878880033269525, 4865984.464919054880738 ], [ 8240659.33870864380151, 4865984.469624530524015 ], [ 8241277.79853795748204, 4865984.474328867159784 ], [ 8241896.258367981761694, 4865984.479032064788043 ], [ 8242514.71819871198386, 4865984.483734121546149 ], [ 8243133.178030147217214, 4865984.488435038365424 ], [ 8243751.637862289324403, 4865984.493134818039834 ], [ 8244370.097695135511458, 4865984.497833456844091 ], [ 8244988.557528690434992, 4865984.502530954778194 ], [ 8245607.017362947575748, 4865984.507227311842144 ], [ 8246225.47719791252166, 4865984.511922529898584 ], [ 8246843.937033583410084, 4865984.516616605222225 ], [ 8247462.396869957447052, 4865984.521309543401003 ], [ 8248080.856707035563886, 4865984.526001342572272 ], [ 8248699.316544821485877, 4865984.530692 ], [ 8249317.776383309625089, 4865984.535381516441703 ], [ 8249936.23622250277549, 4865984.540069891139865 ], [ 8250554.696062400005758, 4865984.544757130555809 ], [ 8251173.155903000384569, 4865984.549443223513663 ], [ 8251791.615744306705892, 4865984.554128181189299 ], [ 8252410.075586315244436, 4865984.558811996132135 ], [ 8253028.535429028794169, 4865984.563494668342173 ], [ 8253646.995272445492446, 4865984.568176203407347 ], [ 8254265.455116564407945, 4865984.572856596671045 ], [ 8254883.914961387403309, 4865984.577535849064589 ], [ 8255502.37480691075325, 4865984.582213957794011 ], [ 8256120.834653137251735, 4865984.586890929378569 ], [ 8256739.294500069692731, 4865984.591566761955619 ], [ 8257357.754347703419626, 4865984.596241449937224 ], [ 8257976.214196037501097, 4865984.600915000773966 ], [ 8258594.674045075662434, 4865984.605587405152619 ], [ 8259213.13389481510967, 4865984.610258670523763 ], [ 8259831.593745256774127, 4865984.614928796887398 ], [ 8260450.053596397861838, 4865984.619597784243524 ], [ 8261068.513448242098093, 4865984.624265624210238 ], [ 8261686.973300786688924, 4865984.628932326100767 ], [ 8262305.433154032565653, 4865984.633597887121141 ], [ 8262923.893007979728281, 4865984.638262307271361 ], [ 8263542.352862627245486, 4865984.64292558375746 ], [ 8264160.812717977911234, 4865984.647587724030018 ], [ 8264779.272574025206268, 4865984.652248716913164 ], [ 8265397.732430774718523, 4865984.656908570788801 ], [ 8266016.192288223654032, 4865984.661567281931639 ], [ 8266634.652146372944117, 4865984.666224854066968 ], [ 8267253.112005221657455, 4865984.670881282538176 ], [ 8267871.571864767931402, 4865984.67553657386452 ], [ 8268490.031725017353892, 4865984.680190717801452 ], [ 8269108.491585963405669, 4865984.684843721799552 ], [ 8269726.951447608880699, 4865984.689495584927499 ], [ 8270345.411309953778982, 4865984.69414630625397 ], [ 8270963.871172995306551, 4865984.698795883916318 ], [ 8271582.331036735326052, 4865984.703444321639836 ], [ 8272200.790901176631451, 4865984.708091618493199 ], [ 8272819.250766316428781, 4865984.712737771682441 ], [ 8273437.710632153786719, 4865984.717382781207561 ], [ 8274056.170498684979975, 4865984.722026652656496 ], [ 8274674.630365916527808, 4865984.726669379509985 ], [ 8275293.090233845636249, 4865984.731310963630676 ], [ 8275911.550102475099266, 4865984.735951408743858 ], [ 8276530.009971797466278, 4865984.740590710192919 ], [ 8277148.469841819256544, 4865984.74522886890918 ], [ 8277766.929712534882128, 4865984.749865882098675 ], [ 8278385.389583948999643, 4865984.754501757211983 ], [ 8279003.849456059746444, 4865984.75913648866117 ], [ 8279622.309328868053854, 4865984.763770077377558 ], [ 8280240.769202370196581, 4865984.768402526155114 ], [ 8280859.229076569899917, 4865984.773033829405904 ], [ 8281477.688951465301216, 4865984.777663989923894 ], [ 8282096.148827055469155, 4865984.782293008640409 ], [ 8282714.608703340403736, 4865984.786920886486769 ], [ 8283333.068580321036279, 4865984.791547620669007 ], [ 8283951.528457998298109, 4865984.796173209324479 ], [ 8284569.988336369395256, 4865984.80079765804112 ], [ 8285188.448215435259044, 4865984.805420963093638 ], [ 8285806.908095195889473, 4865984.810043126344681 ], [ 8286425.367975652217865, 4865984.814664145000279 ], [ 8287043.827856799587607, 4865984.819284022785723 ], [ 8287662.287738644517958, 4865984.823902752250433 ], [ 8288280.747621180489659, 4865984.828520345501602 ], [ 8288899.207504412159324, 4865984.833136795088649 ], [ 8289517.667388337664306, 4865984.837752099148929 ], [ 8290136.127272956073284, 4865984.842366258613765 ], [ 8290754.587158265523612, 4865984.846979277208447 ], [ 8291373.047044270671904, 4865984.851591152139008 ], [ 8291991.506930967792869, 4865984.856201882474124 ], [ 8292609.966818357817829, 4865984.860811473801732 ], [ 8293228.426706440746784, 4865984.86541991494596 ], [ 8293846.88659521471709, 4865984.870027216151357 ], [ 8294164.640162652358413, 4865984.877227812074125 ], [ 8294869.098998689092696, 4865253.259750576689839 ], [ 8295683.445173650048673, 4864664.070069952867925 ], [ 8296868.844399640336633, 4864124.089154440909624 ], [ 8298022.657312051393092, 4863877.729586400091648 ], [ 8299145.286926618777215, 4863932.006517706438899 ], [ 8300249.895787197165191, 4864155.383591072633862 ], [ 8301334.911179536022246, 4864563.844476535916328 ], [ 8302409.760861252434552, 4865074.390676368959248 ], [ 8303476.982513316906989, 4865655.744236759841442 ], [ 8304007.710413549095392, 4865984.950296524912119 ], [ 8304360.704810155555606, 4865984.948176351375878 ], [ 8304979.164711363613605, 4865984.952763062901795 ] ] ], [ [ [ 8304007.599093176424503, 4865984.950297193601727 ], [ 8304007.710415959358215, 4865984.950298018753529 ], [ 8304007.710413549095392, 4865984.950296524912119 ], [ 8304007.599093176424503, 4865984.950297193601727 ] ] ] ] } },
{ "type": "Feature", "properties": { }, "geometry": { "type": "MultiPolygon", "coordinates": [ [ [ [ 8248254.997571160085499, 4721709.54761680867523 ], [ 8248081.923427877016366, 4721709.553136520087719 ], [ 8247463.463847761973739, 4721709.548607873730361 ], [ 8246845.004272074438632, 4721709.506179888732731 ], [ 8246226.544696527533233, 4721709.539547465741634 ], [ 8245608.085118498653173, 4721709.535015515983105 ], [ 8244989.625544895417988, 4721709.492584015242755 ], [ 8244371.165971436537802, 4721709.525948511436582 ], [ 8243752.706395494751632, 4721709.52141326200217 ], [ 8243134.246823978610337, 4721709.478978238999844 ], [ 8242515.787252607755363, 4721709.512339657172561 ], [ 8241897.327678750269115, 4721709.50780110899359 ], [ 8241278.868109326809645, 4721709.465362562797964 ], [ 8240660.408540041185915, 4721709.498720905743539 ], [ 8240041.948968276381493, 4721709.494179056957364 ], [ 8239423.489400940947235, 4721709.451736980117857 ], [ 8238805.029833748005331, 4721709.485092256218195 ], [ 8238186.570264073088765, 4721709.480547112412751 ], [ 8237568.110698827542365, 4721709.438101500272751 ], [ 8236949.651133726350963, 4721709.471453712321818 ], [ 8236331.191566145978868, 4721709.466905267909169 ], [ 8235712.732002994976938, 4721709.424456124193966 ], [ 8235094.272439985536039, 4721709.457805273123085 ], [ 8234475.812874497845769, 4721709.4532535308972 ], [ 8233857.353313440456986, 4721709.410800850018859 ], [ 8233857.353313440456986, 4721709.410800850018859 ], [ 8233379.570759146474302, 4721709.410612810403109 ], [ 8233379.570759146474302, 4721709.410612810403109 ], [ 8233558.074263821355999, 4721872.881354252807796 ], [ 8234583.853537337854505, 4722644.388930205255747 ], [ 8235360.953446052037179, 4723125.097071236930788 ], [ 8236330.742727902717888, 4723606.660845482721925 ], [ 8237759.007153302431107, 4724091.957921141758561 ], [ 8238846.193372377194464, 4724318.137608233839273 ], [ 8240316.655142664909363, 4724432.386952961795032 ], [ 8241433.723056259565055, 4724390.159529150463641 ], [ 8242562.729442846961319, 4724240.805632743053138 ], [ 8243705.199985818937421, 4723969.848198446445167 ], [ 8244858.030723198316991, 4723604.355497629381716 ], [ 8245832.365502630360425, 4723183.992210374213755 ], [ 8246815.419319361448288, 4722668.4987370101735 ], [ 8247609.335111155174673, 4722193.249937598593533 ], [ 8248254.997571160085499, 4721709.54761680867523 ] ] ] ] } },
{ "type": "Feature", "properties": { }, "geometry": { "type": "Polygon", "coordinates": [ [ [ 8338476.918497730977833, 4756891.363001670688391 ], [ 8338067.140672309324145, 4758004.289188493974507 ], [ 8337590.06404681969434, 4759074.877750728279352 ], [ 8337014.882322289980948, 4760136.586169089190662 ], [ 8336319.320092195644975, 4761185.571840234100819 ], [ 8335830.804518555290997, 4761881.944214200600982 ], [ 8335003.495008922182024, 4762915.662865629419684 ], [ 8334338.198276969604194, 4763596.650905474089086 ], [ 8333581.160100814886391, 4764266.111526779830456 ], [ 8332699.455653080716729, 4764923.336966994218528 ], [ 8331766.819764732383192, 4765484.264016131870449 ], [ 8330977.995964590460062, 4765866.955164804123342 ], [ 8329824.692084693349898, 4766291.306229972280562 ], [ 8328678.735729379579425, 4766582.035772158764303 ], [ 8327545.125682154670358, 4766753.066726639866829 ], [ 8326052.610560626722872, 4766792.166200269944966 ], [ 8324938.250651794485748, 4766774.37036662735045 ], [ 8323459.867318006232381, 4766674.532937980256975 ], [ 8321986.631300501525402, 4766526.399296077899635 ], [ 8320514.268872727639973, 4766372.358179625123739 ], [ 8319034.915516740642488, 4766284.524686069227755 ], [ 8317542.005971740931273, 4766325.518775703385472 ], [ 8316413.660914869047701, 4766441.516194224357605 ], [ 8315273.922615144401789, 4766668.722093855962157 ], [ 8314120.374605938792229, 4767026.749875845387578 ], [ 8313208.179980521090329, 4767389.951333134435117 ], [ 8312172.326936620287597, 4767869.077237315475941 ], [ 8311344.858898063190281, 4768315.993106262758374 ], [ 8310220.902748920023441, 4768945.902534274384379 ], [ 8309409.374334064312279, 4769381.373248391784728 ], [ 8308482.819247713312507, 4769884.695521594025195 ], [ 8307447.103351805359125, 4770351.423201088793576 ], [ 8306293.27226036041975, 4770704.878648882731795 ], [ 8305151.269003252498806, 4770941.780859686434269 ], [ 8304023.53998308815062, 4771045.041362199932337 ], [ 8302538.55698358360678, 4771002.186317014507949 ], [ 8301070.452056710608304, 4770800.292618341743946 ], [ 8299696.913336074911058, 4770453.687932505272329 ], [ 8298541.051334017887712, 4770066.857572805136442 ], [ 8297473.177577937953174, 4769599.340168366208673 ], [ 8296417.75667289365083, 4769014.067222934216261 ], [ 8295724.054542263038456, 4768531.910332398489118 ], [ 8294883.911479604430497, 4767699.590915756300092 ], [ 8294390.4413195354864, 4766899.539222845807672 ], [ 8294075.34435351844877, 4765744.89505868870765 ], [ 8294201.851612891070545, 4764263.810007646679878 ], [ 8294585.719341799616814, 4763183.488419120199978 ], [ 8294748.931260787881911, 4762827.601563430391252 ], [ 8294860.181105330586433, 4762611.868077244609594 ], [ 8294931.745101158507168, 4762473.092705668881536 ], [ 8295360.761241542175412, 4761772.034249402582645 ], [ 8296128.391350059770048, 4760733.170813188888133 ], [ 8296704.816826504655182, 4760047.492764028720558 ], [ 8297442.75943364854902, 4759288.672815424390137 ], [ 8298265.106231193989515, 4758543.559638616628945 ], [ 8299080.707020408473909, 4757859.729368107393384 ], [ 8299887.430630714632571, 4757260.550768485292792 ], [ 8300701.548402106389403, 4756737.24146434571594 ], [ 8301805.715397373773158, 4756107.791860222816467 ], [ 8302657.708453705534339, 4755662.309189880266786 ], [ 8303693.291771477088332, 4755187.263825530186296 ], [ 8304604.849673026241362, 4754815.244100194424391 ], [ 8305764.379294922575355, 4754391.764490711502731 ], [ 8306882.559217965230346, 4754030.564972155727446 ], [ 8307812.466359079815447, 4753755.068551992066205 ], [ 8308834.40484496857971, 4753464.694217372685671 ], [ 8309980.865223465487361, 4753162.067778144963086 ], [ 8311126.000178564339876, 4752871.321798427030444 ], [ 8312272.020390103571117, 4752569.714287869632244 ], [ 8313418.423418970778584, 4752262.930888283997774 ], [ 8314567.347685889340937, 4751932.654049293138087 ], [ 8315713.699037455022335, 4751596.561057449318469 ], [ 8316624.778064832091331, 4751318.355663008987904 ], [ 8317637.611200247891247, 4750986.055525473318994 ], [ 8318793.627447716891766, 4750583.332201568409801 ], [ 8319901.644232720136642, 4750167.085249261930585 ], [ 8320728.00140131264925, 4749837.12876989133656 ], [ 8321890.629016690887511, 4749367.148943131789565 ], [ 8322883.79944031778723, 4748984.42507544066757 ], [ 8323821.978475206531584, 4748643.171253048814833 ], [ 8324973.348103228956461, 4748278.980760894715786 ], [ 8326118.424768798053265, 4747977.820928794331849 ], [ 8327257.258422875776887, 4747735.899477775208652 ], [ 8328389.438486065715551, 4747555.740181125700474 ], [ 8329516.191628666594625, 4747430.395741309039295 ], [ 8331006.358330158516765, 4747384.532613544724882 ], [ 8332481.065616190433502, 4747488.74760946072638 ], [ 8333938.407753802835941, 4747763.89279336668551 ], [ 8335017.095218040049076, 4748110.956419596448541 ], [ 8336078.415974092669785, 4748629.711413160897791 ], [ 8337004.408828041516244, 4749315.627592094242573 ], [ 8337783.459587005898356, 4750131.488169239833951 ], [ 8338309.153199651278555, 4750940.137987712398171 ], [ 8338713.501059093512595, 4751957.224131416529417 ], [ 8338966.567640364170074, 4753129.708509032614529 ], [ 8338996.296171721071005, 4754367.201938010752201 ], [ 8338768.8277518004179, 4755836.578112953342497 ], [ 8338476.918497730977833, 4756891.363001670688391 ] ] ] } },
{ "type": "Feature", "properties": { }, "geometry": { "type": "Polygon", "coordinates": [ [ [ 8295462.312995909713209, 4841844.645799469202757 ], [ 8294443.347964197397232, 4842020.152003049850464 ], [ 8293533.971821996383369, 4842120.301914852112532 ], [ 8292453.458869892172515, 4842135.87994088139385 ], [ 8290171.708231464028358, 4842204.857467478141189 ], [ 8289043.632994937710464, 4842227.432398473843932 ], [ 8287834.812036098912358, 4842369.239482230506837 ], [ 8286719.740312459878623, 4842626.250401228666306 ], [ 8285575.735142879188061, 4843080.608392731286585 ], [ 8284718.411345514468849, 4843541.179596331901848 ], [ 8283754.620760508812964, 4844191.018721712753177 ], [ 8282920.505019726231694, 4844855.062184385955334 ], [ 8282141.899015901610255, 4845525.192969936877489 ], [ 8281379.37856989633292, 4846196.692144953645766 ], [ 8280620.734009468927979, 4846868.20461920555681 ], [ 8279841.399051338434219, 4847563.158923861570656 ], [ 8279012.071119035594165, 4848294.108843467198312 ], [ 8278185.60080555640161, 4848996.992028125561774 ], [ 8277365.006487459875643, 4849641.840516 ], [ 8276550.744414147920907, 4850229.282835084944963 ], [ 8275556.62497522495687, 4850844.072767215780914 ], [ 8274550.301495472900569, 4851366.822162318043411 ], [ 8273689.299785764887929, 4851773.1819177120924 ], [ 8272578.867424281314015, 4852231.168899524025619 ], [ 8271411.156651210971177, 4852605.001810321584344 ], [ 8270255.670465807430446, 4852869.670236949808896 ], [ 8269112.088586619123816, 4853021.343313227407634 ], [ 8267978.427831573411822, 4853079.150629010982811 ], [ 8266480.045615506358445, 4853038.698337995447218 ], [ 8264992.948948577977717, 4852892.812194796279073 ], [ 8263516.761931169778109, 4852647.240705861710012 ], [ 8262417.267317500896752, 4852393.267692010849714 ], [ 8260964.263024087063968, 4851935.664251836948097 ], [ 8259888.422417188994586, 4851465.316508595831692 ], [ 8258837.80552813783288, 4850900.667606429196894 ], [ 8258121.965431905351579, 4850441.738924263976514 ], [ 8257078.251621678471565, 4849683.068386418744922 ], [ 8256362.96888997592032, 4849118.809993920847774 ], [ 8255388.062518001534045, 4848256.727049391716719 ], [ 8254682.155907984822989, 4847557.287970189005136 ], [ 8254009.00134264677763, 4846847.956330968998373 ], [ 8253339.548711960203946, 4846106.13851185515523 ], [ 8252651.612714370712638, 4845314.407285868190229 ], [ 8251942.016574176028371, 4844481.671275665983558 ], [ 8251254.962306804955006, 4843651.72432223148644 ], [ 8250603.970465742051601, 4842825.342047143727541 ], [ 8250003.059156426228583, 4842004.588585641235113 ], [ 8249387.168029899708927, 4841091.283002814278007 ], [ 8248755.644753132946789, 4840014.05351002048701 ], [ 8248346.7946966458112, 4839182.621522963047028 ], [ 8247865.071659038774669, 4837998.723528842441738 ], [ 8247570.075506841763854, 4837161.575309693813324 ], [ 8247234.671727132983506, 4836045.006774013862014 ], [ 8246976.087150902487338, 4834886.015492523089051 ], [ 8246744.473228523507714, 4833730.61702651809901 ], [ 8246516.820515595376492, 4832575.38432574737817 ], [ 8246248.593972590751946, 4831416.039487184025347 ], [ 8245779.539754672907293, 4830234.362531462684274 ], [ 8245283.392031946219504, 4829426.261295897886157 ], [ 8244659.601679638028145, 4828603.494712362065911 ], [ 8243935.831386440433562, 4827770.14993769209832 ], [ 8243075.286845198832452, 4826965.921570647507906 ], [ 8242381.955096188932657, 4826460.093957556411624 ], [ 8241327.005103204399347, 4825837.038366375491023 ], [ 8240247.356017881073058, 4825436.401076282374561 ], [ 8239125.136657034978271, 4825417.699510850943625 ], [ 8237612.243454966694117, 4825540.254494061693549 ], [ 8236469.168375683017075, 4825708.77784560713917 ], [ 8234999.910650322213769, 4825440.636178940534592 ], [ 8234032.463978396728635, 4824775.234402315691113 ], [ 8233667.25434388499707, 4823956.420233214274049 ], [ 8234023.470257872715592, 4822892.773280501365662 ], [ 8234729.728850657120347, 4822220.093180298805237 ], [ 8235798.203257104381919, 4821657.142831120640039 ], [ 8235938.262440137565136, 4821604.021546163596213 ], [ 8236187.061176533810794, 4821529.86201199889183 ], [ 8236571.176580613479018, 4821443.868882561102509 ], [ 8237328.803691642358899, 4821370.329080357216299 ], [ 8238844.349743135273457, 4821216.721494760364294 ], [ 8239968.830176927149296, 4820929.461968190036714 ], [ 8240782.562585514038801, 4820631.710665461607277 ], [ 8241828.806160381063819, 4820010.072888560593128 ], [ 8242795.269865319132805, 4819366.518473369069397 ], [ 8243603.268716944381595, 4818841.448953838087618 ], [ 8244413.281207448802888, 4818292.190840690396726 ], [ 8245231.213535877875984, 4817669.84231683332473 ], [ 8246051.40410480927676, 4817025.865858862176538 ], [ 8246867.868072942830622, 4816414.890753728337586 ], [ 8247738.431561743840575, 4815784.089012291282415 ], [ 8248589.002346720546484, 4815126.979806261137128 ], [ 8249488.619585116393864, 4814475.413105065003037 ], [ 8250519.346958862617612, 4813858.164254673756659 ], [ 8251311.103905253112316, 4813464.183452855795622 ], [ 8252487.070655979216099, 4812982.341061178594828 ], [ 8253462.929558510892093, 4812662.469793738797307 ], [ 8254450.865217776037753, 4812396.655125522054732 ], [ 8255838.139333367347717, 4812174.534928282722831 ], [ 8257071.073218545876443, 4812130.050000342540443 ], [ 8258551.901472105644643, 4812274.543866201303899 ], [ 8259922.578514466062188, 4812625.061881368979812 ], [ 8261093.309345875866711, 4812986.351278332062066 ], [ 8262174.120104033499956, 4813366.443926119245589 ], [ 8263258.290672778151929, 4813743.915952735580504 ], [ 8264702.996641160920262, 4814199.999435345642269 ], [ 8265793.550809746608138, 4814495.266816288232803 ], [ 8267261.793062730692327, 4814757.926196748390794 ], [ 8268729.901509259827435, 4815022.282464838586748 ], [ 8269827.041678640060127, 4815259.958975046873093 ], [ 8271279.726371646858752, 4815668.804758917540312 ], [ 8272358.830013389699161, 4816073.314044480212033 ], [ 8273434.26475084759295, 4816510.76403006631881 ], [ 8274506.313453899696469, 4816983.06674962118268 ], [ 8275577.249051850289106, 4817465.444567551836371 ], [ 8276771.003411054611206, 4817848.135911984369159 ], [ 8278122.535614925436676, 4818161.221982214599848 ], [ 8279208.464029998518527, 4818506.623755022883415 ], [ 8280534.160379039123654, 4819006.863278379663825 ], [ 8281722.380812431685627, 4819499.660631006583571 ], [ 8282793.429935070686042, 4819986.473531513474882 ], [ 8283863.396782429888844, 4820481.4593660319224 ], [ 8284913.083489204756916, 4820982.583139058202505 ], [ 8285926.997822238132358, 4821467.491148130968213 ], [ 8286985.259911897592247, 4821956.412613135762513 ], [ 8288065.938375786878169, 4822448.563455778174102 ], [ 8289171.682011784054339, 4822942.682174570858479 ], [ 8290289.077606338076293, 4823432.952367632649839 ], [ 8291361.556914262473583, 4823913.31525179836899 ], [ 8292434.081887297332287, 4824395.49441721662879 ], [ 8293486.4627008093521, 4824908.01867189258337 ], [ 8294342.993477043695748, 4825374.830417961813509 ], [ 8295268.245321952737868, 4825927.88983937446028 ], [ 8296317.334707954898477, 4826634.95848348736763 ], [ 8297017.180011230520904, 4827163.811526209115982 ], [ 8298019.788677506148815, 4828022.064456779509783 ], [ 8298720.243919617496431, 4828716.409280140884221 ], [ 8299388.837120736949146, 4829485.091306885704398 ], [ 8300047.401701032184064, 4830349.256024703383446 ], [ 8300671.189721215516329, 4831312.630228959955275 ], [ 8301074.421572148799896, 4832108.127501925453544 ], [ 8301512.335110237821937, 4833282.83006663993001 ], [ 8301689.380167472176254, 4834430.92764047998935 ], [ 8301569.301816900260746, 4835923.701936492696404 ], [ 8301214.310101656243205, 4837084.846926539205015 ], [ 8300712.626315098255873, 4838091.817784488201141 ], [ 8299982.977342299185693, 4839143.627871294505894 ], [ 8299341.219647008925676, 4839828.792381094768643 ], [ 8298524.373413406312466, 4840495.864110159687698 ], [ 8297471.440579771995544, 4841136.82608562335372 ], [ 8296623.649746215902269, 4841505.952789098024368 ], [ 8295462.312995909713209, 4841844.645799469202757 ] ] ] } },
{ "type": "Feature", "properties": { }, "geometry": { "type": "MultiPolygon", "coordinates": [ [ [ [ 8281619.588479784317315, 4721709.762500229291618 ], [ 8282097.201271877624094, 4721709.762618287466466 ], [ 8282715.660886912606657, 4721709.804980122484267 ], [ 8283334.120506362058222, 4721709.809445966035128 ], [ 8283952.580123310908675, 4721709.776015848852694 ], [ 8284571.039740404114127, 4721709.818374237045646 ], [ 8285189.49936190713197, 4721709.822836775332689 ], [ 8285807.958980911411345, 4721709.789403485134244 ], [ 8286426.418600058183074, 4721709.831758429296315 ], [ 8287044.878223615698516, 4721709.836217658594251 ], [ 8287663.337844672612846, 4721709.802781192585826 ], [ 8288281.797465871088207, 4721709.845132702030241 ], [ 8288900.257091481238604, 4721709.84958862233907 ], [ 8289518.716714589856565, 4721709.816148972138762 ], [ 8290137.17633784096688, 4721709.858497044071555 ], [ 8290755.635965500026941, 4721709.862949653528631 ], [ 8291374.095590659417212, 4721709.829506820067763 ], [ 8291992.555215959437191, 4721709.871851458214223 ], [ 8292611.014845669269562, 4721709.876300755888224 ], [ 8293229.474472877569497, 4721709.842854732647538 ], [ 8293847.93410022277385, 4721709.885195944458246 ], [ 8294466.393731981515884, 4721709.889641933143139 ], [ 8295084.853361235000193, 4721709.856192716397345 ], [ 8295703.312990631908178, 4721709.898530503734946 ], [ 8296321.772624431177974, 4721709.902973179705441 ], [ 8296940.232255730777979, 4721709.869520762935281 ], [ 8297558.691887171939015, 4721709.911855131387711 ], [ 8298177.151523021049798, 4721709.91629449557513 ], [ 8298795.611156363040209, 4721709.882838875055313 ], [ 8299414.070789849385619, 4721709.925169827416539 ], [ 8300032.530427739024162, 4721709.929605876095593 ], [ 8300650.990063125267625, 4721709.896147051826119 ], [ 8301269.449698652140796, 4721709.938474587164819 ], [ 8301887.909338581375778, 4721709.942907327786088 ], [ 8302506.368976007215679, 4721709.909445294179022 ], [ 8303124.828613573685288, 4721709.951769415289164 ], [ 8303743.288255548104644, 4721709.956198842264712 ], [ 8304361.747895012609661, 4721709.922733593732119 ], [ 8304980.207534619607031, 4721709.965054307132959 ], [ 8305598.667178628966212, 4721709.969480424188077 ], [ 8306217.126820133067667, 4721709.936011955142021 ], [ 8306835.586461777798831, 4721709.978329264558852 ], [ 8307454.046107822097838, 4721709.982752067036927 ], [ 8308072.505751361139119, 4721709.949280372820795 ], [ 8308690.965395041741431, 4721709.991594282910228 ], [ 8309309.425043125636876, 4721709.996013772673905 ], [ 8309927.884688697755337, 4721709.962538850493729 ], [ 8310546.344334413297474, 4721710.004849364049733 ], [ 8311164.803984529338777, 4721710.009265539236367 ], [ 8311783.263632137328386, 4721709.975787385366857 ], [ 8312401.723279885016382, 4721710.018094507046044 ], [ 8313020.182932031340897, 4721710.022507363930345 ], [ 8313638.642581670545042, 4721709.989025974646211 ], [ 8314257.102231450378895, 4721710.031329708173871 ], [ 8314875.561885630711913, 4721710.035739250481129 ], [ 8315494.021537299267948, 4721710.00225461833179 ], [ 8316112.481189108453691, 4721710.044554968364537 ], [ 8316730.940845317207277, 4721710.048961196094751 ], [ 8317349.400499016046524, 4721710.01547331828624 ], [ 8317535.785192965529859, 4721710.028402947820723 ], [ 8317535.673870226368308, 4721710.028402155265212 ], [ 8317182.238035869784653, 4721952.13152610976249 ], [ 8316182.034118687734008, 4722591.59530180785805 ], [ 8315320.383939320221543, 4723141.986050771549344 ], [ 8314525.02354306075722, 4723666.723349235020578 ], [ 8313727.295324343256652, 4724215.362858808599412 ], [ 8312855.626105286180973, 4724848.783450192771852 ], [ 8312029.079792095348239, 4725506.283204603940248 ], [ 8311274.414944160729647, 4726170.958087987266481 ], [ 8310481.039179393090308, 4726933.176004531793296 ], [ 8309654.354192798025906, 4727754.515405680052936 ], [ 8308873.732162224128842, 4728524.339178254827857 ], [ 8308188.122877389192581, 4729196.818912000395358 ], [ 8307509.412842817604542, 4729869.955315390601754 ], [ 8306761.108102486468852, 4730616.575808419845998 ], [ 8305933.444471220485866, 4731442.313876223750412 ], [ 8305124.203610131517053, 4732225.244554805569351 ], [ 8304387.513245133683085, 4732892.43954458180815 ], [ 8303600.731835181824863, 4733553.721743176691234 ], [ 8302713.688394307158887, 4734205.063298075459898 ], [ 8301882.039973580278456, 4734717.214086143299937 ], [ 8301091.345680950209498, 4735151.289335562847555 ], [ 8299919.412562089972198, 4735744.979030521586537 ], [ 8299137.689101400785148, 4736120.944804661907256 ], [ 8297988.766543825156987, 4736684.924284296110272 ], [ 8297178.992746314033866, 4737107.320285233668983 ], [ 8296250.086650650016963, 4737618.01772287953645 ], [ 8295206.136772534810007, 4738220.803669459186494 ], [ 8294413.395772970281541, 4738699.29708731174469 ], [ 8293616.288062995299697, 4739216.85507089830935 ], [ 8292693.529262899421155, 4739847.277709297835827 ], [ 8291732.613022188656032, 4740490.062848932109773 ], [ 8290824.344175431877375, 4741045.990122823044658 ], [ 8290038.62150476500392, 4741453.611407338641584 ], [ 8288880.418047520332038, 4741871.595724492333829 ], [ 8287757.861345207318664, 4741953.839611984789371 ], [ 8286666.578586023300886, 4741740.721167196519673 ], [ 8285605.671156072989106, 4741244.255574309267104 ], [ 8284573.695806667208672, 4740477.108963304199278 ], [ 8283900.900937968865037, 4739823.322668113745749 ], [ 8283245.587812582962215, 4739009.979251044802368 ], [ 8282606.042403628118336, 4738045.948414113372564 ], [ 8282145.333696755580604, 4737225.75310539919883 ], [ 8281687.300415492616594, 4736228.333421058952808 ], [ 8281358.906290917657316, 4735277.913676675409079 ], [ 8281072.427507366985083, 4734129.155635489150882 ], [ 8280901.031251781620085, 4732993.279356964863837 ], [ 8280839.97138832975179, 4731496.919940543361008 ], [ 8280907.712632302194834, 4730014.888769435696304 ], [ 8281087.943603595718741, 4728544.546767917461693 ], [ 8281265.179858459159732, 4727075.023297635838389 ], [ 8281392.539121909067035, 4725599.700874175876379 ], [ 8281456.095481711439788, 4724490.29903797712177 ], [ 8281459.291256011463702, 4723001.912550628185272 ], [ 8281619.699802516028285, 4721709.762501035816967 ], [ 8281619.588479784317315, 4721709.762500229291618 ] ] ] ] } }
]
}
