{
"type": "FeatureCollection",
"name": "overlay_polygons",
"crs": { "type": "name", "properties": { "name": "urn:ogc:def:crs:EPSG::3857" } },
"features": [
{ "type": "Feature", "properties": { "layer": "LDZOFBB009" }, "geometry": { "type": "MultiPolygon", "coordinates": [ [ [ [ 8230539.697098000906408, 4799085.004044210538268 ], [ 8230539.808046898804605, 4799085.010510164313018 ], [ 8230539.808420745655894, 4799085.00404504686594 ], [ 8230539.697098000906408, 4799085.004044210538268 ] ] ], [ [ [ 8230512.233505630865693, 4800385.659966063685715 ], [ 8231425.882200341671705, 4800438.870979061350226 ], [ 8232074.436230208724737, 4800460.241877961903811 ], [ 8232662.988415017724037, 4800522.085890025831759 ], [ 8233115.657714773900807, 4800602.998755499720573 ], [ 8233776.061002150177956, 4800791.476540235802531 ], [ 8234369.810848840512335, 4801004.728420582599938 ], [ 8235020.518368993885815, 4801291.1823571305722 ], [ 8235302.085157197900116, 4801394.540589727461338 ], [ 8235737.352483603172004, 4801532.21598469093442 ], [ 8236320.216355870477855, 4801647.935376721434295 ], [ 8236672.631323095411062, 4801726.539297715760767 ], [ 8236958.936817358247936, 4801803.487706111744046 ], [ 8237016.938319193199277, 4801824.246150488033891 ], [ 8237134.257662882097065, 4801859.474779875017703 ], [ 8237241.327368964441121, 4801889.500043797306716 ], [ 8237349.044039320200682, 4801917.52789977286011 ], [ 8237457.370730253867805, 4801943.548716173507273 ], [ 8237565.936357837170362, 4801967.553548359312117 ], [ 8237675.037615429610014, 4801989.534149263985455 ], [ 8237784.52575901709497, 4802009.482963934540749 ], [ 8237894.474573793821037, 4802027.39313995745033 ], [ 8237997.447357466444373, 4802042.256964537315071 ], [ 8238353.500775321386755, 4802094.665198635309935 ], [ 8239189.876382110640407, 4802197.946706600487232 ], [ 8239755.205106754787266, 4802254.705979587510228 ], [ 8240559.064640080556273, 4802403.077628414146602 ], [ 8240853.394158929586411, 4802472.777597654610872 ], [ 8241344.901209672912955, 4802668.17587330751121 ], [ 8242022.604118753224611, 4802986.694415492005646 ], [ 8242209.34701812081039, 4803077.069862326607108 ], [ 8242748.186944404616952, 4803355.739948470145464 ], [ 8243288.365357082337141, 4803622.899192820303142 ], [ 8243862.543286807835102, 4804116.157125307247043 ], [ 8244514.024233865551651, 4804592.391448919661343 ], [ 8244922.934437640942633, 4804856.389309430494905 ], [ 8245685.581660438328981, 4805302.318448805250227 ], [ 8246180.051795745268464, 4805596.645593984983861 ], [ 8246461.250748001970351, 4805794.744910134933889 ], [ 8246857.222646264359355, 4806087.608784526586533 ], [ 8247389.420854651369154, 4806476.979726291261613 ], [ 8247907.477470676414669, 4806855.886057018302381 ], [ 8248467.607770175673068, 4807283.12363236118108 ], [ 8248913.606030941009521, 4807564.122474589385092 ], [ 8249339.981756485998631, 4807778.152773846872151 ], [ 8249729.40953871794045, 4808004.616609186865389 ], [ 8249908.170920305885375, 4808084.221768416464329 ], [ 8250497.60193726606667, 4808452.980856664478779 ], [ 8251094.545054702088237, 4808867.796667521819472 ], [ 8251494.013618485070765, 4809143.815040159039199 ], [ 8251983.653123689815402, 4809492.409362431615591 ], [ 8252324.219187875278294, 4809749.382647999562323 ], [ 8252859.518508429639041, 4810170.363880879245698 ], [ 8253631.118810569867492, 4810782.164434303529561 ], [ 8254175.922951896674931, 4811178.051065759733319 ], [ 8254891.010489632375538, 4811624.765065401792526 ], [ 8255743.250107738189399, 4812070.809224187396467 ], [ 8256464.430793340317905, 4812450.36035409476608 ], [ 8256897.274562352336943, 4812620.803032143972814 ], [ 8257796.636295158416033, 4813064.059669644571841 ], [ 8258131.170260986313224, 4813209.023443822748959 ], [ 8258254.029675527475774, 4813282.582550599239767 ], [ 8258546.219389775767922, 4813503.656989650800824 ], [ 8259065.131256951019168, 4813832.351252412423491 ], [ 8259375.944446992129087, 4814016.022160002030432 ], [ 8259527.187960076145828, 4814089.253727209754288 ], [ 8261021.693256133235991, 4814961.767855487763882 ], [ 8262140.288141563534737, 4815559.710320968180895 ], [ 8262569.17039786465466, 4815843.133000378496945 ], [ 8263203.383144550956786, 4816275.952953468076885 ], [ 8263738.615486918017268, 4816710.88008538633585 ], [ 8264251.434535764157772, 4817199.939902612939477 ], [ 8264973.030151975341141, 4817887.863514157012105 ], [ 8265153.524113751016557, 4818040.041497540660203 ], [ 8265233.897043705917895, 4818111.434859285131097 ], [ 8265326.153426803648472, 4818190.376491536386311 ], [ 8265419.751328982412815, 4818267.713372929021716 ], [ 8265514.440391047857702, 4818343.422511781565845 ], [ 8265614.939078600145876, 4818420.796596445143223 ], [ 8265808.818595174700022, 4818560.070999671705067 ], [ 8266056.412540465593338, 4818669.858296405524015 ], [ 8266231.61918461881578, 4818745.921647596172988 ], [ 8266429.008911012671888, 4818822.51210957672447 ], [ 8266658.441862183623016, 4818897.02833026368171 ], [ 8266962.668911795131862, 4818961.341325928457081 ], [ 8267159.205939300358295, 4818977.391343948431313 ], [ 8267229.567646201699972, 4818985.374110413715243 ], [ 8267285.287740007974207, 4819007.900914028286934 ], [ 8267408.774586179293692, 4819041.432190433144569 ], [ 8267478.476270595565438, 4819054.115187824703753 ], [ 8267513.242426348850131, 4819064.219966528005898 ], [ 8267573.237958295270801, 4819082.700890311971307 ], [ 8267723.518032000400126, 4819139.076274821534753 ], [ 8268246.535940986126661, 4819321.372931128367782 ], [ 8268715.039501249790192, 4819481.607879851013422 ], [ 8268956.113962047733366, 4819532.206068180501461 ], [ 8269414.037432178854942, 4819630.969098643399775 ], [ 8269607.982154657132924, 4819660.920041291043162 ], [ 8269796.147916002199054, 4819677.79802109953016 ], [ 8270630.179086703807116, 4819736.887972002848983 ], [ 8270918.007574573159218, 4819723.384341730736196 ], [ 8271169.901530695147812, 4819705.122402342036366 ], [ 8271248.512352502904832, 4819697.862323054112494 ], [ 8271323.921738761477172, 4819717.978389006108046 ], [ 8271518.685597956180573, 4819746.838982718065381 ], [ 8271677.294365724548697, 4819746.54354505892843 ], [ 8271833.497581804171205, 4819746.250531327910721 ], [ 8271898.04049617704004, 4819744.824651380069554 ], [ 8271975.602221078239381, 4819765.182781834155321 ], [ 8272150.507902415469289, 4819799.687378938309848 ], [ 8272307.814176011830568, 4819824.308637704700232 ], [ 8272525.116877934895456, 4819841.113681667484343 ], [ 8272709.834937208332121, 4819848.065964620560408 ], [ 8272891.851621952839196, 4819859.249657286331058 ], [ 8272996.288181161507964, 4819876.569852277636528 ], [ 8273085.995338815264404, 4819904.811075439676642 ], [ 8273272.596387931145728, 4819984.478108162991703 ], [ 8273899.687854540534317, 4820119.845826673321426 ], [ 8274292.874808398075402, 4820183.389953782781959 ], [ 8274551.342993912287056, 4820211.150741825811565 ], [ 8275125.653992964886129, 4820264.274377792142332 ], [ 8275301.679685339331627, 4820282.232478677295148 ], [ 8275445.758504454046488, 4820297.726729444228113 ], [ 8275725.904177518561482, 4820350.934840429574251 ], [ 8275769.363082439638674, 4820364.541422938928008 ], [ 8275906.451455154456198, 4820405.195195194333792 ], [ 8276121.669068006798625, 4820458.615315556526184 ], [ 8276254.004804286174476, 4820489.627411669120193 ], [ 8276412.889786856248975, 4820511.506591197103262 ], [ 8276935.298788269981742, 4820618.33544813003391 ], [ 8277112.231575316749513, 4820654.848674866370857 ], [ 8277208.857297560200095, 4820694.633206887170672 ], [ 8277247.025813155807555, 4820722.423056879080832 ], [ 8277278.808205855078995, 4820765.76246088091284 ], [ 8277364.064321726560593, 4820920.037787033244967 ], [ 8277500.18353624548763, 4821159.07370881922543 ], [ 8277593.454037837684155, 4821348.432623725384474 ], [ 8277702.728850503452122, 4821542.604877368547022 ], [ 8277826.554493103176355, 4821728.421262674964964 ], [ 8278187.160162014886737, 4822307.900051586329937 ], [ 8278280.032964700832963, 4822464.705082693137228 ], [ 8278494.722164644859731, 4822711.737825400196016 ], [ 8278653.421502715907991, 4822862.917796825990081 ], [ 8279067.503030128777027, 4823165.453537170775235 ], [ 8279173.504173181951046, 4823260.576589649543166 ], [ 8279331.840641608461738, 4823436.610421891324222 ], [ 8279909.179568622261286, 4823969.527156511321664 ], [ 8280396.438451543450356, 4824365.048687168397009 ], [ 8280605.826235846616328, 4824523.211364707909524 ], [ 8280790.843386695720255, 4824662.969552922993898 ], [ 8280960.247357022017241, 4824783.600297081284225 ], [ 8281315.245602127164602, 4824983.009581526741385 ], [ 8281663.097233945503831, 4825138.82844836357981 ], [ 8282453.761553001590073, 4825387.999153994955122 ], [ 8283692.168195414356887, 4825798.211351322941482 ], [ 8284480.734458900988102, 4826061.107110263779759 ], [ 8285628.789166286587715, 4826489.401410312391818 ], [ 8285904.913555669598281, 4826551.151072174310684 ], [ 8286282.58662087097764, 4826686.549826960079372 ], [ 8286468.105387690477073, 4826765.710647882893682 ], [ 8286604.868396506644785, 4826834.519738548435271 ], [ 8286687.815317898057401, 4826893.832585735246539 ], [ 8286800.588719248771667, 4826980.173743490129709 ], [ 8286915.503420190885663, 4827064.72057812102139 ], [ 8287027.169841750524938, 4827172.050275387242436 ], [ 8287171.253356239758432, 4827288.103801508434117 ], [ 8287360.503768677823246, 4827427.330178579315543 ], [ 8287514.064320623874664, 4827512.376982972957194 ], [ 8287693.89776239451021, 4827606.774056018330157 ], [ 8287935.296993497759104, 4827687.571120763197541 ], [ 8288199.751925758086145, 4827767.462537351064384 ], [ 8288573.576640469022095, 4826518.954714790917933 ], [ 8288573.687963234260678, 4826518.954715612344444 ], [ 8288327.60101471375674, 4826444.685339445248246 ], [ 8288203.349621959030628, 4826403.08520407602191 ], [ 8288128.340908267535269, 4826363.717550628818572 ], [ 8288060.40475887991488, 4826326.125480170361698 ], [ 8287961.490919530391693, 4826253.368742282502353 ], [ 8287883.891110901720822, 4826190.875824138522148 ], [ 8287751.654977515339851, 4826063.796978951431811 ], [ 8287578.425915684551001, 4825936.367955589666963 ], [ 8287458.238084667362273, 4825844.183091945014894 ], [ 8287275.449301840737462, 4825713.846326012164354 ], [ 8287013.405769641511142, 4825582.025564633309841 ], [ 8286755.392981913872063, 4825471.881290118210018 ], [ 8286265.79329265281558, 4825296.327810666523874 ], [ 8285997.495903333649039, 4825236.387437215074897 ], [ 8284911.419834082014859, 4824831.265683211386204 ], [ 8284100.000726121477783, 4824560.789929633028805 ], [ 8282851.635274316184223, 4824147.261936402879655 ], [ 8282123.319031849503517, 4823917.839535652659833 ], [ 8281897.680242368020117, 4823816.779875701293349 ], [ 8281654.849822072312236, 4823680.398111203685403 ], [ 8281556.957202168181539, 4823610.609008513391018 ], [ 8281385.938297227956355, 4823481.523475943133235 ], [ 8281194.783023162744939, 4823337.233533036895096 ], [ 8280757.523457051254809, 4822982.195914573967457 ], [ 8280254.470758873037994, 4822517.932787181809545 ], [ 8280089.989447944797575, 4822335.358086154796183 ], [ 8279884.05213872436434, 4822150.392804280854762 ], [ 8279485.428348717279732, 4821859.279974978417158 ], [ 8279432.426960808224976, 4821808.763442119583488 ], [ 8279335.36834030225873, 4821697.163144892081618 ], [ 8279295.530463805422187, 4821629.837449173443019 ], [ 8278916.258447107858956, 4821020.512469433248043 ], [ 8278808.246642408892512, 4820858.611036736518145 ], [ 8278740.725362026132643, 4820738.66305667348206 ], [ 8278646.074855885468423, 4820546.558167117647827 ], [ 8278494.814385930076241, 4820280.786218649707735 ], [ 8278372.551862373016775, 4820059.604206025600433 ], [ 8278171.209419453516603, 4819786.064187628217041 ], [ 8277844.973173392005265, 4819548.576486520469189 ], [ 8277492.485035821795464, 4819403.297565286979079 ], [ 8277195.193905449472368, 4819341.995149205438793 ], [ 8276630.768385145813227, 4819226.589017174206674 ], [ 8276490.120863034389913, 4819207.197486496530473 ], [ 8276424.644381053745747, 4819191.88117999304086 ], [ 8276246.075644377619028, 4819147.518271104432642 ], [ 8276146.814553402364254, 4819118.133970169350505 ], [ 8276041.615110727027059, 4819085.031535935588181 ], [ 8275635.590996035374701, 4819007.987731746397913 ], [ 8275436.405056977644563, 4818986.554238791577518 ], [ 8275250.729663227684796, 4818967.614369326271117 ], [ 8274679.786890379153192, 4818914.820620788261294 ], [ 8274465.150789314880967, 4818891.761251615360379 ], [ 8274139.417902022600174, 4818839.11100450437516 ], [ 8273666.359042852185667, 4818737.028150227852166 ], [ 8273534.816322602331638, 4818680.874330815859139 ], [ 8273297.452073599211872, 4818606.2510602530092 ], [ 8273037.865351734682918, 4818563.114472640678287 ], [ 8272773.624178844504058, 4818546.901638186536729 ], [ 8272599.253373450599611, 4818540.336298750713468 ], [ 8272457.646481662988663, 4818529.392575493082404 ], [ 8272375.551858778111637, 4818516.544985079206526 ], [ 8272264.877315080724657, 4818494.700824244879186 ], [ 8272163.949476311914623, 4818468.250740514136851 ], [ 8271987.469542665407062, 4818439.890406392514706 ], [ 8271817.897541834041476, 4818443.637469951063395 ], [ 8271674.877815751358867, 4818443.906027410179377 ], [ 8271612.709859416820109, 4818444.022123225964606 ], [ 8271586.269122431054711, 4818440.100104436278343 ], [ 8271455.54784844815731, 4818405.23261128552258 ], [ 8271240.318037869408727, 4818390.511141049675643 ], [ 8271063.848591464571655, 4818406.785133664496243 ], [ 8270840.879409065470099, 4818422.941214809194207 ], [ 8270645.683941093273461, 4818432.10570193361491 ], [ 8269899.640037917532027, 4818379.255070416256785 ], [ 8269764.391107157804072, 4818367.132737079635262 ], [ 8269648.956397739239037, 4818349.31882833968848 ], [ 8269225.129475330933928, 4818257.899171004071832 ], [ 8269058.21721057407558, 4818222.872181835584342 ], [ 8268668.398615073412657, 4818089.565850847400725 ], [ 8268163.203155879862607, 4817913.543796201236546 ], [ 8267990.795036504045129, 4817848.876085978932679 ], [ 8267884.853186527267098, 4817816.246671382337809 ], [ 8267776.511499421671033, 4817784.558317061513662 ], [ 8267696.441244064830244, 4817769.991186086088419 ], [ 8267646.356121700257063, 4817749.745005516335368 ], [ 8267490.654288786463439, 4817704.200064961798489 ], [ 8267284.736051203683019, 4817680.805296731181443 ], [ 8267149.59528236463666, 4817669.777731296606362 ], [ 8266992.676783650182188, 4817636.585686643607914 ], [ 8266862.763172973878682, 4817594.43840029463172 ], [ 8266723.403085379861295, 4817540.31096637994051 ], [ 8266575.909225959330797, 4817476.287793763913214 ], [ 8266454.813431416638196, 4817422.624651297926903 ], [ 8266387.30048094689846, 4817374.161552523262799 ], [ 8266313.236645008437335, 4817317.085859422571957 ], [ 8266235.920931467786431, 4817255.350614171475172 ], [ 8266159.676289353519678, 4817192.287862581200898 ], [ 8266084.525343719869852, 4817127.916359865106642 ], [ 8266000.198620326817036, 4817053.127467668615282 ], [ 8265837.553924415260553, 4816916.022616643458605 ], [ 8265144.756590243428946, 4816255.568953152745962 ], [ 8264594.522402887232602, 4815731.034137618727982 ], [ 8263977.283898469060659, 4815229.553721021860838 ], [ 8263290.414560279808939, 4814760.792221631854773 ], [ 8262803.044399781152606, 4814438.767613335512578 ], [ 8261652.620013386011124, 4813823.908244176767766 ], [ 8260135.512508619576693, 4812938.459064889699221 ], [ 8259987.532585345208645, 4812866.819099401123822 ], [ 8259740.239473497495055, 4812720.601660997606814 ], [ 8259283.465505314990878, 4812431.437424744479358 ], [ 8258978.440963331609964, 4812200.599623623304069 ], [ 8258722.520516824908555, 4812047.396735034883022 ], [ 8258339.305806666612625, 4811881.419784526340663 ], [ 8257420.399551435373724, 4811428.592907100915909 ], [ 8257003.539390199817717, 4811264.470430274493992 ], [ 8256343.702346527948976, 4810917.253065042197704 ], [ 8255533.866673868149519, 4810493.467744549736381 ], [ 8254899.112599893473089, 4810096.999302574433386 ], [ 8254413.021400191821158, 4809743.833691005595028 ], [ 8253660.706624578684568, 4809147.422930819913745 ], [ 8253113.30450513958931, 4808716.994986195117235 ], [ 8252748.129094198346138, 4808441.31770836841315 ], [ 8252236.022933067753911, 4808076.95317305997014 ], [ 8251830.655999941751361, 4807796.904223238117993 ], [ 8251209.654797825030982, 4807365.27724186796695 ], [ 8250516.492393305525184, 4806931.686759878881276 ], [ 8250318.414762355387211, 4806843.549227891489863 ], [ 8249955.035949391312897, 4806632.263576587662101 ], [ 8249549.143054771237075, 4806428.547653431072831 ], [ 8249205.201210534200072, 4806211.93659498449415 ], [ 8248680.816462236456573, 4805812.027465944178402 ], [ 8248152.282305840402842, 4805425.521148256026208 ], [ 8247622.913513558916748, 4805038.283374481834471 ], [ 8247217.699728546664119, 4804738.548317383974791 ], [ 8246883.541117772459984, 4804503.177044557407498 ], [ 8246341.995102826505899, 4804180.806839528493583 ], [ 8245599.525009522214532, 4803746.869967411272228 ], [ 8245246.383732622489333, 4803518.788973679766059 ], [ 8244665.984477320685983, 4803094.657491529360414 ], [ 8244006.650562697090209, 4802528.443078091368079 ], [ 8243331.016082793474197, 4802194.277592509053648 ], [ 8242787.201240004971623, 4801913.075673654675484 ], [ 8242578.318571551702917, 4801812.000546710565686 ], [ 8241858.181558378040791, 4801473.642044582404196 ], [ 8241242.393187517300248, 4801228.869182338938117 ], [ 8240824.866463712416589, 4801130.010222272016108 ], [ 8239937.14687964040786, 4800966.137094520032406 ], [ 8239333.226233034394681, 4800905.538190486840904 ], [ 8238526.455510780215263, 4800805.927100895904005 ], [ 8238183.50030177552253, 4800755.422220751643181 ], [ 8238090.133160717785358, 4800741.976027915254235 ], [ 8238003.964406285434961, 4800727.927304340526462 ], [ 8237918.069576889276505, 4800712.279433676972985 ], [ 8237832.478140998631716, 4800695.037792343646288 ], [ 8237747.219445427879691, 4800676.208301141858101 ], [ 8237662.322722421959043, 4800655.797426010482013 ], [ 8237577.817079579457641, 4800633.812175776809454 ], [ 8237493.731489804573357, 4800610.260099738836288 ], [ 8237420.804315988905728, 4800588.364723525941372 ], [ 8237345.28142446000129, 4800561.23483073618263 ], [ 8236980.73532610014081, 4800463.272521224804223 ], [ 8236586.379380543716252, 4800375.326614924706519 ], [ 8236058.502347177825868, 4800270.541270109824836 ], [ 8235718.989569372497499, 4800163.222486997954547 ], [ 8235503.198073450475931, 4800084.020665207877755 ], [ 8234848.383324415422976, 4799795.797572079114616 ], [ 8234171.604188287630677, 4799552.714001193642616 ], [ 8233406.761585957370698, 4799334.496221392415464 ], [ 8232843.97113689314574, 4799233.914536823518574 ], [ 8232163.060233528725803, 4799162.376393351703882 ], [ 8231484.498035123571754, 4799140.023191013373435 ], [ 8230587.161997586488724, 4799087.77023509517312 ], [ 8230539.808046898804605, 4799085.010510164313018 ], [ 8230464.762512765824795, 4800382.892957192845643 ], [ 8230512.233505630865693, 4800385.659966063685715 ] ] ] ] } },
{ "type": "Feature", "properties": { "layer": "LDZOFBB009" }, "geometry": { "type": "MultiPolygon", "coordinates": [ [ [ [ 8303369.512580625712872, 4814903.657552345655859 ], [ 8303369.401257861405611, 4814903.657551528885961 ], [ 8303369.428016198799014, 4814903.705297883599997 ], [ 8303369.512580625712872, 4814903.657552345655859 ] ] ], [ [ [ 8302125.183084666728973, 4815663.857356932014227 ], [ 8301527.87929318472743, 4816031.454609481617808 ], [ 8301051.338591961190104, 4816349.015087249688804 ], [ 8300689.364011690020561, 4816621.078460656106472 ], [ 8300354.985214190557599, 4816934.025492367334664 ], [ 8300285.140249544754624, 4817008.037124281749129 ], [ 8300239.010900562629104, 4817051.615324671380222 ], [ 8300190.500205264426768, 4817092.504453619942069 ], [ 8300139.65215081628412, 4817130.573543381877244 ], [ 8300086.963135907426476, 4817165.700670340098441 ], [ 8300027.479771411046386, 4817200.515944935381413 ], [ 8299672.565600673668087, 4817389.984922443516552 ], [ 8299334.582475923001766, 4817567.915499836206436 ], [ 8299040.166837267577648, 4817725.09439470153302 ], [ 8298713.960828303359449, 4817953.657486172392964 ], [ 8298384.551842253655195, 4818219.450959306210279 ], [ 8298199.028454217128456, 4818402.720323484390974 ], [ 8297524.445325485430658, 4819122.224788974970579 ], [ 8297017.892787841148674, 4819665.750858712941408 ], [ 8296722.885894709266722, 4819999.031899012625217 ], [ 8296517.845375902950764, 4820201.562969457358122 ], [ 8296296.664218452759087, 4820395.934722203761339 ], [ 8296134.243725663982332, 4820535.309302516281605 ], [ 8295987.886249664239585, 4820644.066937087103724 ], [ 8295652.388151811435819, 4820885.5740159265697 ], [ 8294819.698199842125177, 4821444.896746462211013 ], [ 8294242.614836232736707, 4821795.01110798958689 ], [ 8293696.742005783133209, 4822113.764369410462677 ], [ 8293477.122774320654571, 4822256.639217073097825 ], [ 8293284.387309233658016, 4822395.665407524444163 ], [ 8292906.642655332572758, 4822726.75763966422528 ], [ 8292813.545811912044883, 4822843.365930654108524 ], [ 8292761.595924464985728, 4822903.670882537961006 ], [ 8292707.721346128731966, 4822962.046427588909864 ], [ 8292651.547975244931877, 4823018.415511223487556 ], [ 8292584.337747905403376, 4823081.150771712884307 ], [ 8292417.33727996237576, 4823237.932031653821468 ], [ 8292257.619796042330563, 4823359.689597865566611 ], [ 8291666.020964669063687, 4823728.122610926628113 ], [ 8291042.549744637683034, 4824104.409897997044027 ], [ 8290784.204066471196711, 4824282.145292802713811 ], [ 8290528.834085144102573, 4824469.827231965959072 ], [ 8290324.973652822896838, 4824676.002028510905802 ], [ 8290123.924905602820218, 4824914.80698055587709 ], [ 8289539.18887925054878, 4825804.780990631319582 ], [ 8289432.581583542749286, 4825942.378937189467251 ], [ 8289330.603278871625662, 4826053.390424955636263 ], [ 8289172.702838296070695, 4826198.859028236009181 ], [ 8288994.025614337064326, 4826341.475023389793932 ], [ 8288685.08189201913774, 4826557.121261957101524 ], [ 8288684.970569252036512, 4826557.121261133812368 ], [ 8289426.234371589496732, 4827627.521527614444494 ], [ 8289769.074760681949556, 4827388.176900193095207 ], [ 8290016.772683201357722, 4827190.683864461258054 ], [ 8290248.311414830386639, 4826977.186866048723459 ], [ 8290424.150356754660606, 4826785.944657268002629 ], [ 8290595.383299145847559, 4826564.657013935036957 ], [ 8291165.195466878823936, 4825697.035523283295333 ], [ 8291282.64649944473058, 4825557.499573352746665 ], [ 8291378.217291852459311, 4825460.931985448114574 ], [ 8291534.871229677461088, 4825345.681003076024354 ], [ 8291744.427485875785351, 4825201.489418433047831 ], [ 8292342.539336417801678, 4824840.452035369351506 ], [ 8292993.640784359537065, 4824434.89938439335674 ], [ 8293255.035211147740483, 4824235.737057094462216 ], [ 8293469.942354533821344, 4824034.080654999241233 ], [ 8293553.473821667023003, 4823955.967649296857417 ], [ 8293642.846984968520701, 4823866.088675639592111 ], [ 8293728.909199791029096, 4823773.011077757924795 ], [ 8293811.546983156353235, 4823676.85777597501874 ], [ 8293847.178996663540602, 4823632.218172945082188 ], [ 8294091.350752079859376, 4823418.164934403263032 ], [ 8294209.223700378090143, 4823333.223956883884966 ], [ 8294376.45095472689718, 4823224.3061164310202 ], [ 8294904.549931786954403, 4822915.94770447537303 ], [ 8295516.53193490114063, 4822544.604454211890697 ], [ 8296391.813789860345423, 4821956.661189198493958 ], [ 8296751.96019047498703, 4821697.198392206802964 ], [ 8296942.881638954393566, 4821555.41028490755707 ], [ 8297145.602541957981884, 4821381.305382170714438 ], [ 8297401.055680463090539, 4821156.88993036467582 ], [ 8297663.84554791636765, 4820897.128391877748072 ], [ 8297976.860457914881408, 4820543.702701514586806 ], [ 8298470.575857889838517, 4820013.617566600441933 ], [ 8299126.748390105552971, 4819313.735071686096489 ], [ 8299248.204176994971931, 4819193.733653282746673 ], [ 8299492.496221915818751, 4818996.519951026886702 ], [ 8299718.36143571138382, 4818838.238554891198874 ], [ 8299940.226246632635593, 4818719.774155258201063 ], [ 8300278.300552874803543, 4818541.828464671969414 ], [ 8300659.453175152651966, 4818338.322414480149746 ], [ 8300772.882085036486387, 4818271.798744469881058 ], [ 8300886.895951961167157, 4818195.935721659101546 ], [ 8300996.452180529013276, 4818113.719700046814978 ], [ 8301101.199984170496464, 4818025.414160791784525 ], [ 8301200.804015886038542, 4817931.302074340172112 ], [ 8301268.589938197284937, 4817859.573620527051389 ], [ 8301522.970820558257401, 4817621.535115778446198 ], [ 8301799.354691055603325, 4817413.640839129686356 ], [ 8302225.665896481834352, 4817129.575090875849128 ], [ 8302825.728612979874015, 4816760.291699591092765 ], [ 8303336.136790487915277, 4816416.619229211471975 ], [ 8304005.399048433639109, 4816038.56731335632503 ], [ 8303369.428016198799014, 4814903.705297883599997 ], [ 8302655.78637730050832, 4815306.63939394056797 ], [ 8302125.183084666728973, 4815663.857356932014227 ] ] ] ] } },
{ "type": "Feature", "properties": { "layer": "LDZOFBB009" }, "geometry": { "type": "MultiPolygon", "coordinates": [ [ [ [ 8305868.15250635985285, 4813872.724222400225699 ], [ 8305868.041183594614267, 4813872.724221584387124 ], [ 8305868.094319486059248, 4813872.78004312235862 ], [ 8305868.15250635985285, 4813872.724222400225699 ] ] ], [ [ [ 8305391.679734637960792, 4814304.805250116623938 ], [ 8305205.2802664777264, 4814413.043592283502221 ], [ 8305103.639924838207662, 4814450.885487638413906 ], [ 8304978.881349137984216, 4814474.988403511233628 ], [ 8304978.992671902291477, 4814474.988404327072203 ], [ 8305224.501463631168008, 4815753.611968168057501 ], [ 8305454.147953470237553, 4815709.1588632799685 ], [ 8305759.301764018833637, 4815595.531116232275963 ], [ 8306123.768196780234575, 4815383.862062918953598 ], [ 8306400.085116118192673, 4815163.293178616091609 ], [ 8306764.04931452870369, 4814814.06358440220356 ], [ 8305868.094319486059248, 4813872.78004312235862 ], [ 8305546.879347890615463, 4814180.937676559202373 ], [ 8305391.679734637960792, 4814304.805250116623938 ] ] ] ] } },
{ "type": "Feature", "properties": { "layer": "LDZOFBB009" }, "geometry": { "type": "MultiPolygon", "coordinates": [ [ [ [ 8340831.677769736386836, 4809705.470061781816185 ], [ 8340675.260019736364484, 4809719.458571087568998 ], [ 8339661.821523861028254, 4809941.068996493704617 ], [ 8338994.05229713767767, 4810063.737476988695562 ], [ 8338015.60687860660255, 4810257.644779450260103 ], [ 8337073.211315353401005, 4810364.213310753926635 ], [ 8336386.881772452965379, 4810463.230328930541873 ], [ 8335749.558422156609595, 4810514.616454316303134 ], [ 8335154.824747954495251, 4810600.970394961535931 ], [ 8334895.151802832260728, 4810600.024184182286263 ], [ 8334544.109168429858983, 4810598.734275639057159 ], [ 8334133.833845041692257, 4810545.12966004665941 ], [ 8333747.62853129580617, 4810486.319578140974045 ], [ 8333145.263756781816483, 4810361.465273798443377 ], [ 8332627.469402124173939, 4810285.139163137413561 ], [ 8332414.267528717406094, 4810248.614657000638545 ], [ 8332139.639496914111078, 4810220.144417517818511 ], [ 8331689.239424552768469, 4810072.190061083994806 ], [ 8331522.530269319191575, 4810040.088950696401298 ], [ 8331386.395587593317032, 4810029.153499841690063 ], [ 8331162.85315150860697, 4810028.645331298932433 ], [ 8330818.63199744746089, 4810110.639175169169903 ], [ 8330269.212685940787196, 4810294.351487025618553 ], [ 8329821.563609435223043, 4810431.837396867573261 ], [ 8329601.798348440788686, 4810523.823299248702824 ], [ 8329393.790915872901678, 4810631.318095227703452 ], [ 8329076.359257224015892, 4810823.702046621590853 ], [ 8328726.012766857631505, 4810997.519498186185956 ], [ 8328408.097520352341235, 4811090.309584259055555 ], [ 8328096.197380273602903, 4811121.60034759528935 ], [ 8327859.771169195882976, 4811121.339515994302928 ], [ 8327791.84740836918354, 4811121.263543115928769 ], [ 8327639.495832836255431, 4811121.091453124769032 ], [ 8327349.483069508336484, 4811071.678464200347662 ], [ 8327098.846488457173109, 4810982.237060084939003 ], [ 8326769.036285731941462, 4810803.636636916548014 ], [ 8326478.806080848909914, 4810580.949834848754108 ], [ 8326463.739130557514727, 4810573.616433889605105 ], [ 8326454.903309028595686, 4810577.499041338451207 ], [ 8326309.706796267069876, 4810676.593307861126959 ], [ 8326125.145156191661954, 4810847.847306744195521 ], [ 8325583.423831961117685, 4811234.141051946207881 ], [ 8325112.920732337981462, 4811456.205511158332229 ], [ 8324797.505245128646493, 4811510.905847938731313 ], [ 8324680.405306499451399, 4811510.41759476531297 ], [ 8324567.578067742288113, 4811509.945854624733329 ], [ 8324361.168069016188383, 4811509.079529565759003 ], [ 8323998.142308089882135, 4811435.393118691630661 ], [ 8323559.303592418320477, 4811301.803293209522963 ], [ 8323027.277205565944314, 4811089.557617610320449 ], [ 8322624.230692601762712, 4810924.341267864219844 ], [ 8322546.861854595132172, 4810896.976656023412943 ], [ 8322541.713613052852452, 4810896.615413077175617 ], [ 8322541.529034635983407, 4810896.614860570989549 ], [ 8322276.877179556526244, 4811049.442803526297212 ], [ 8321945.285014289431274, 4811193.055631568655372 ], [ 8321580.388633622787893, 4811258.747168148867786 ], [ 8321206.58038495387882, 4811278.590398951433599 ], [ 8320686.138962836936116, 4811210.405179048888385 ], [ 8320159.102686096914113, 4811067.729514529928565 ], [ 8319740.687885110266507, 4810956.686963650397956 ], [ 8319620.060358989052474, 4810920.143179663456976 ], [ 8319577.751614154316485, 4810924.522472641430795 ], [ 8319459.593170577660203, 4810958.296914418227971 ], [ 8319285.060125614516437, 4811033.352656381204724 ], [ 8318972.813078982755542, 4811167.68932471703738 ], [ 8318485.270991348661482, 4811291.787036374211311 ], [ 8318048.65649748314172, 4811371.6080874633044 ], [ 8317316.352111516520381, 4811403.603436876088381 ], [ 8316928.720870749093592, 4811375.345836493186653 ], [ 8316471.235901843756437, 4811316.586203953251243 ], [ 8316163.608874414116144, 4811267.879830626770854 ], [ 8316107.415143156424165, 4811267.687191070988774 ], [ 8316103.198473686352372, 4811267.673282966949046 ], [ 8316089.124078528955579, 4811271.815816207788885 ], [ 8316032.171905640512705, 4811293.570334863848984 ], [ 8315711.112930960021913, 4811532.78864555619657 ], [ 8315268.341583197005093, 4811872.764720411971211 ], [ 8314853.375343038700521, 4812120.882427368313074 ], [ 8314054.566256855614483, 4812498.148588111624122 ], [ 8313473.302388697862625, 4812739.370574881322682 ], [ 8313059.730712508782744, 4812911.170193306170404 ], [ 8312844.810105468146503, 4813022.221784399822354 ], [ 8312667.446084700524807, 4813148.999072039499879 ], [ 8312452.305790780112147, 4813329.626913348212838 ], [ 8312038.492034829221666, 4813659.96409345138818 ], [ 8311799.185672884806991, 4813844.631176670081913 ], [ 8311799.185672884806991, 4813844.631176670081913 ], [ 8311008.995768332853913, 4812812.328788615763187 ], [ 8311008.995768332853913, 4812812.328788615763187 ], [ 8311239.856181560084224, 4812634.208186028525233 ], [ 8311632.691879639402032, 4812320.579891107976437 ], [ 8311874.476735931821167, 4812117.801535110920668 ], [ 8312168.580477423034608, 4811907.453480938449502 ], [ 8312514.405529333278537, 4811728.903697188943624 ], [ 8312977.829151471145451, 4811536.376945382915437 ], [ 8313530.821957329288125, 4811306.96602897066623 ], [ 8314244.423344602808356, 4810969.990978185087442 ], [ 8314540.558795619755983, 4810792.951428664848208 ], [ 8314930.896672714501619, 4810493.111009560525417 ], [ 8315403.713094382546842, 4810141.036521802656353 ], [ 8315675.662611718289554, 4810037.131075361743569 ], [ 8315919.296196771785617, 4809965.462578361853957 ], [ 8316111.647579197771847, 4809966.099372055381536 ], [ 8316267.51408932171762, 4809966.631999985314906 ], [ 8316654.607135093770921, 4810027.914275357499719 ], [ 8317058.114662576466799, 4810079.734384710900486 ], [ 8317335.073543400503695, 4810099.938184472732246 ], [ 8317903.675237412564456, 4810075.103328239172697 ], [ 8318209.661509753204882, 4810019.190271006897092 ], [ 8318555.790102377533913, 4809931.10010323766619 ], [ 8318774.456279058009386, 4809836.940361513756216 ], [ 8319025.161963244900107, 4809729.18921013455838 ], [ 8319332.047188394702971, 4809641.511928400024772 ], [ 8319566.672791843302548, 4809617.229709375649691 ], [ 8319809.131203250959516, 4809617.942706570029259 ], [ 8320093.785401912406087, 4809704.101955372840166 ], [ 8320493.485409455373883, 4809810.192478383891284 ], [ 8320939.878874235786498, 4809931.022806766442955 ], [ 8321256.52715920470655, 4809972.517774981446564 ], [ 8321431.077718432992697, 4809963.252705377526581 ], [ 8321569.097032311372459, 4809938.409032947383821 ], [ 8321695.072238355875015, 4809883.904339167289436 ], [ 8321818.498283293098211, 4809812.704661037772894 ], [ 8321952.967983647249639, 4809704.937141426838934 ], [ 8322194.963533468544483, 4809630.640775045379996 ], [ 8322358.638954861089587, 4809594.509323783218861 ], [ 8322588.997282369993627, 4809595.199648723937571 ], [ 8322812.287317370064557, 4809610.863898444920778 ], [ 8323084.870840856805444, 4809707.302215873263776 ], [ 8323511.747222135774791, 4809882.217570884153247 ], [ 8323987.473466600291431, 4810072.02207749709487 ], [ 8324315.261160274036229, 4810171.826548060402274 ], [ 8324493.686305630020797, 4810207.993584236130118 ], [ 8324572.872324778698385, 4810208.326283418573439 ], [ 8324685.907586135901511, 4810208.79785106703639 ], [ 8324689.1562972785905, 4810208.811412022449076 ], [ 8324719.916885912418365, 4810203.477592627517879 ], [ 8324927.041695757769048, 4810105.628458206541836 ], [ 8325306.413556501269341, 4809835.145603034645319 ], [ 8325500.82679982110858, 4809654.779509101063013 ], [ 8325825.438596908934414, 4809433.423042735084891 ], [ 8326041.643968109972775, 4809338.383287175558507 ], [ 8326164.606018591672182, 4809303.31835116352886 ], [ 8326375.858514787629247, 4809223.883229293860495 ], [ 8326679.311352119781077, 4809287.038510291837156 ], [ 8326893.738883295096457, 4809336.466188852675259 ], [ 8327161.984191341325641, 4809467.06247622705996 ], [ 8327474.562941740266979, 4809706.947720103897154 ], [ 8327626.807165713049471, 4809789.259040820412338 ], [ 8327677.571790426038206, 4809807.372289352118969 ], [ 8327749.540100225247443, 4809819.632758002728224 ], [ 8327793.407026555389166, 4809819.682045351713896 ], [ 8327861.09933905582875, 4809819.757969645783305 ], [ 8328032.416191984899342, 4809819.947194862179458 ], [ 8328160.53454399574548, 4809807.073598220013082 ], [ 8328254.4038852956146, 4809779.744490832090378 ], [ 8328453.270109518431127, 4809681.094380241818726 ], [ 8328761.598294232971966, 4809494.253912922926247 ], [ 8329055.010594723746181, 4809342.644994189962745 ], [ 8329381.639305657707155, 4809205.948587487451732 ], [ 8329874.667937922291458, 4809054.479180765338242 ], [ 8330463.646510523743927, 4808857.637855938635767 ], [ 8331012.641129978001118, 4808726.854614972136915 ], [ 8331439.627096251584589, 4808727.827196883969009 ], [ 8331696.925334152765572, 4808748.483534382656217 ], [ 8332014.047075568698347, 4808809.582312135025859 ], [ 8332410.80934142973274, 4808939.867186269722879 ], [ 8332590.146140557713807, 4808958.443099498748779 ], [ 8332830.774194876663387, 4808999.661356347613037 ], [ 8333370.749287388287485, 4809079.245098456740379 ], [ 8333976.010063989087939, 4809204.70831448584795 ], [ 8334314.681706826202571, 4809256.272964905947447 ], [ 8334630.346883255988359, 4809297.526462350971997 ], [ 8334899.761631737463176, 4809298.515125374309719 ], [ 8335063.929692549631, 4809299.113591720350087 ], [ 8335604.65536090824753, 4809220.591629733331501 ], [ 8336242.56506837438792, 4809169.167327789589763 ], [ 8336908.45770154055208, 4809073.125089867971838 ], [ 8337817.11195916403085, 4808970.375988081097603 ], [ 8338751.993810296989977, 4808785.167279188521206 ], [ 8339407.311013556085527, 4808664.802858672104776 ], [ 8340479.044059988111258, 4808430.445684890262783 ], [ 8340716.670707055367529, 4808409.198308429680765 ], [ 8340716.670707055367529, 4808409.198308429680765 ], [ 8340831.677769736386836, 4809705.470061781816185 ] ] ] ] } },
{ "type": "Feature", "properties": { "layer": "LDZOFBB009" }, "geometry": { "type": "MultiPolygon", "coordinates": [ [ [ [ 8287005.10498077608645, 4779406.635945720598102 ], [ 8287868.124492869712412, 4781853.18112816195935 ], [ 8287868.124492869712412, 4781853.18112816195935 ], [ 8287282.612287736497819, 4782061.394055170938373 ], [ 8286673.13873085565865, 4782145.096304959617555 ], [ 8286225.972655127756298, 4782141.142790732905269 ], [ 8285709.036975789815187, 4782163.13091438356787 ], [ 8285397.131818379275501, 4782163.657810819335282 ], [ 8285287.917887243442237, 4782126.33338428568095 ], [ 8285054.463934110477567, 4782124.844707293435931 ], [ 8284529.902058560401201, 4781923.495616256259382 ], [ 8284072.102728627622128, 4781722.99462076369673 ], [ 8283463.644109164364636, 4781181.411163443699479 ], [ 8283030.778595334850252, 4780347.338110965676606 ], [ 8282685.420298499986529, 4779602.690288229845464 ], [ 8282435.786539115011692, 4778908.274231534451246 ], [ 8282325.194520652294159, 4778636.731415886431932 ], [ 8282076.829825771972537, 4778267.029628321528435 ], [ 8281849.563685507513583, 4778211.803354748524725 ], [ 8281039.932599587365985, 4778131.945290136151016 ], [ 8280344.808484768494964, 4778154.96844729501754 ], [ 8279754.29679830186069, 4778239.586336224339902 ], [ 8279154.261979421600699, 4778360.261633567512035 ], [ 8278413.348295650444925, 4778354.265090488828719 ], [ 8278010.932098588906229, 4778192.657898066565394 ], [ 8277577.986082943156362, 4778058.010745487175882 ], [ 8277021.433767783455551, 4777672.086494236253202 ], [ 8276574.435762993991375, 4777243.722597253508866 ], [ 8276574.435762993991375, 4777243.722597253508866 ], [ 8278358.371826713904738, 4775366.910022364929318 ], [ 8278358.371826713904738, 4775366.910022364929318 ], [ 8278657.598674581386149, 4775653.671191587112844 ], [ 8278720.689308228902519, 4775697.252062129788101 ], [ 8278874.230832047760487, 4775745.055837778374553 ], [ 8278916.686222375370562, 4775762.012741012498736 ], [ 8279317.687261460348964, 4775681.356278960593045 ], [ 8280119.134119190275669, 4775566.552875373512506 ], [ 8281124.007891940884292, 4775533.27125771343708 ], [ 8282281.941022727638483, 4775647.440249160863459 ], [ 8282992.015286978334188, 4775819.992163682356477 ], [ 8283543.384397581219673, 4776037.949852494522929 ], [ 8284026.866297845728695, 4776529.827522675506771 ], [ 8284616.431537431664765, 4777407.020361238159239 ], [ 8284848.219450265169144, 4777976.034270421601832 ], [ 8285077.083567653782666, 4778612.196973011828959 ], [ 8285349.568281341344118, 4779199.117018374614418 ], [ 8285518.498973570764065, 4779524.235620210878551 ], [ 8285539.716834983788431, 4779532.378103449009359 ], [ 8285723.85416760481894, 4779533.54338107444346 ], [ 8285804.639950730837882, 4779561.224457387812436 ], [ 8286182.725054488517344, 4779545.149949455633759 ], [ 8286508.628483205102384, 4779548.033961887471378 ], [ 8286669.711134479381144, 4779525.917569332756102 ], [ 8287004.993658024817705, 4779406.635944907553494 ], [ 8287005.10498077608645, 4779406.635945720598102 ] ] ] ] } },
{ "type": "Feature", "properties": { "layer": "LDZOFBB009" }, "geometry": { "type": "MultiPolygon", "coordinates": [ [ [ [ 8274699.397023748606443, 4776553.52972408477217 ], [ 8277211.516568379476666, 4777161.460453595966101 ], [ 8277211.516568379476666, 4777161.460453595966101 ], [ 8277060.343681021593511, 4777791.507011934183538 ], [ 8276808.857318999245763, 4778571.569048373959959 ], [ 8276296.494280749000609, 4779354.657450274564326 ], [ 8275593.225405764766037, 4779822.488030853681266 ], [ 8275043.700258444063365, 4780101.392962806858122 ], [ 8274330.838131033815444, 4780309.862907593138516 ], [ 8273795.153670188970864, 4780372.7448735171929 ], [ 8273201.258203770034015, 4780363.77740818541497 ], [ 8272934.863379381597042, 4780328.120155396871269 ], [ 8272934.863379381597042, 4780328.120155396871269 ], [ 8273276.395239586941898, 4777755.862907038070261 ], [ 8273276.395239586941898, 4777755.862907038070261 ], [ 8273392.003184941597283, 4777771.348622596822679 ], [ 8273663.849694591015577, 4777775.451755300164223 ], [ 8273815.86835262272507, 4777757.624426448717713 ], [ 8274091.324424738995731, 4777677.090771104209125 ], [ 8274292.180126843973994, 4777575.176410999149084 ], [ 8274427.621393504552543, 4777485.182083467021585 ], [ 8274457.596332482993603, 4777439.219484200701118 ], [ 8274571.300704860128462, 4777086.81873862631619 ], [ 8274699.397023748606443, 4776553.52972408477217 ] ] ] ] } },
{ "type": "Feature", "properties": { "layer": "LDZOFBB009" }, "geometry": { "type": "MultiPolygon", "coordinates": [ [ [ [ 8245903.32930126413703, 4776226.29276767373085 ], [ 8245903.43407325912267, 4776226.319065771065652 ], [ 8245903.440624004229903, 4776226.292768498882651 ], [ 8245903.32930126413703, 4776226.29276767373085 ] ] ], [ [ [ 8246206.579651270993054, 4778976.810988689772785 ], [ 8246829.778569516725838, 4779055.281864646822214 ], [ 8247318.791617041453719, 4779101.443794788792729 ], [ 8247805.063158795237541, 4779118.647668284364045 ], [ 8248163.22506218124181, 4779148.784346437081695 ], [ 8248754.273699041455984, 4779137.251433961093426 ], [ 8249294.884748286567628, 4779055.587059068493545 ], [ 8249513.650441931560636, 4779020.587092264555395 ], [ 8249546.72183249425143, 4779022.784548085182905 ], [ 8249618.324019019491971, 4779043.260850301012397 ], [ 8249903.461073490791023, 4779154.451010640710592 ], [ 8250312.374776359647512, 4779345.09653745777905 ], [ 8250798.645286338403821, 4779384.937288000248373 ], [ 8251205.511910757981241, 4779361.557335287332535 ], [ 8251405.417210356332362, 4779305.885127916932106 ], [ 8251441.848611590452492, 4779310.666577747091651 ], [ 8251675.706324987113476, 4779366.323138491250575 ], [ 8251924.860848778858781, 4779456.877347503788769 ], [ 8252299.900864847004414, 4779539.497052864171565 ], [ 8252525.214724966324866, 4779587.230488566681743 ], [ 8253038.560676033608615, 4779564.268770784139633 ], [ 8253543.518397935666144, 4779525.756172238849103 ], [ 8254168.052028587087989, 4779552.40236602909863 ], [ 8254763.403165347874165, 4779589.001842476427555 ], [ 8255404.845030763186514, 4779472.063769102096558 ], [ 8255738.23893266543746, 4779350.765921534970403 ], [ 8255867.488413343206048, 4779335.115317338146269 ], [ 8256227.707354896701872, 4779403.514724968932569 ], [ 8256861.248243876732886, 4779492.761915727518499 ], [ 8257268.406251298263669, 4779574.157278981991112 ], [ 8257946.091481012292206, 4779639.001745548099279 ], [ 8258504.205579947680235, 4779644.103920568712056 ], [ 8259264.967098620720208, 4779518.719616455957294 ], [ 8260316.945089472457767, 4779292.064746145159006 ], [ 8261407.759843184612691, 4779098.361231428571045 ], [ 8262269.264769028872252, 4778922.337134843692183 ], [ 8262580.842659395188093, 4778834.537445052526891 ], [ 8263003.844851824454963, 4778763.959976127371192 ], [ 8263485.711399352177978, 4778758.292550547979772 ], [ 8264115.703793036751449, 4778823.760985799133778 ], [ 8264595.008490333333611, 4778903.258901192806661 ], [ 8265201.931956979446113, 4778943.177802152000368 ], [ 8265679.193315743468702, 4778873.429487821646035 ], [ 8265966.255920390598476, 4778855.975224491208792 ], [ 8266699.969763146713376, 4778728.816339501179755 ], [ 8267496.189996717497706, 4778417.328204268589616 ], [ 8267949.185271063819528, 4778229.71335162781179 ], [ 8268486.140630014240742, 4778133.829682362265885 ], [ 8268794.570464947260916, 4778095.177172220312059 ], [ 8269369.241020389832556, 4778039.095793470740318 ], [ 8269515.966140608303249, 4778003.603160565719008 ], [ 8268910.77490520849824, 4775481.346954596228898 ], [ 8268939.674753786064684, 4775474.384514187462628 ], [ 8268509.66227566357702, 4775516.334801640361547 ], [ 8268099.535681162029505, 4775567.691487641073763 ], [ 8267221.834175130352378, 4775724.374602740630507 ], [ 8266534.501927807927132, 4776009.070939431898296 ], [ 8266004.308892218396068, 4776216.438638250343502 ], [ 8265667.62929994892329, 4776274.772065285593271 ], [ 8265414.412121971137822, 4776290.148576917126775 ], [ 8265099.153479622676969, 4776336.232843809761107 ], [ 8264890.860589629970491, 4776322.528230598196387 ], [ 8264459.471594603732228, 4776251.030009491369128 ], [ 8263604.091951524838805, 4776162.138911467976868 ], [ 8262775.702467929571867, 4776171.880117285996675 ], [ 8262018.391375089995563, 4776298.208730257116258 ], [ 8261661.675626462325454, 4776398.675431875512004 ], [ 8260925.122987538576126, 4776549.152845863252878 ], [ 8259820.571741530671716, 4776745.204585555940866 ], [ 8258784.211638789623976, 4776968.445678657852113 ], [ 8258305.335070089437068, 4777047.393177221529186 ], [ 8258080.779278571717441, 4777045.340382781811059 ], [ 8257644.263729689642787, 4777003.59561600163579 ], [ 8257293.400019723922014, 4776933.469947391189635 ], [ 8256647.451044037006795, 4776842.520641134120524 ], [ 8255884.120661376044154, 4776697.554751988500357 ], [ 8255542.04894273262471, 4776758.00545409321785 ], [ 8255109.950639575719833, 4776819.58255878649652 ], [ 8254728.955412225797772, 4776958.091782279312611 ], [ 8254609.207275357097387, 4776979.917824772186577 ], [ 8254301.983208009973168, 4776961.018168788403273 ], [ 8253500.361463233828545, 4776926.827613661065698 ], [ 8252883.040679377503693, 4776973.897746187634766 ], [ 8252741.196919344365597, 4776980.248297178186476 ], [ 8252644.735165779478848, 4776958.979856573976576 ], [ 8252415.999158272519708, 4776875.866299004293978 ], [ 8251908.652723561041057, 4776755.155263899825513 ], [ 8251359.27877154853195, 4776683.066185191273689 ], [ 8250892.831159153953195, 4776756.724659232422709 ], [ 8250441.648677410557866, 4776580.919831847772002 ], [ 8249990.990000532008708, 4776452.012284740805626 ], [ 8249394.263102550059557, 4776412.374185236170888 ], [ 8248899.447600944899023, 4776491.527947852388024 ], [ 8248536.139655198901892, 4776546.399157798849046 ], [ 8248246.356713424436748, 4776552.052752381190658 ], [ 8247958.529568867757916, 4776527.848081514239311 ], [ 8247485.359594766050577, 4776511.117103015072644 ], [ 8247111.530596945434809, 4776475.838170916773379 ], [ 8246682.335196337662637, 4776421.827579404227436 ], [ 8245903.43407325912267, 4776226.319065771065652 ], [ 8245276.522568290121853, 4778743.303718824870884 ], [ 8246206.579651270993054, 4778976.810988689772785 ] ] ] ] } },
{ "type": "Feature", "properties": { "layer": "LDZOFBB009" }, "geometry": { "type": "MultiPolygon", "coordinates": [ [ [ [ 8290407.729413820430636, 4779069.328386705368757 ], [ 8290779.299961483106017, 4779194.408651457168162 ], [ 8291242.816316104494035, 4779312.508378837257624 ], [ 8291733.549612230621278, 4779349.936352713033557 ], [ 8292294.152311128564179, 4779340.127991956658661 ], [ 8292778.397305120714009, 4779286.872623750008643 ], [ 8293041.89939421787858, 4779272.548525189049542 ], [ 8293194.577475022524595, 4779270.121193872764707 ], [ 8293430.554853923618793, 4779244.301850187592208 ], [ 8293663.136964718811214, 4779196.657560368999839 ], [ 8293827.085940917022526, 4779146.821753272786736 ], [ 8294227.82632424402982, 4779029.153976171277463 ], [ 8294692.022080705501139, 4778877.279905082657933 ], [ 8295327.489174856804311, 4778690.520263195969164 ], [ 8295745.363104573450983, 4778328.563593883998692 ], [ 8296106.062277260236442, 4777874.581560982391238 ], [ 8296303.146131601184607, 4777296.821377916261554 ], [ 8296329.785248143598437, 4776584.253823579289019 ], [ 8296168.10942629352212, 4776040.114858976565301 ], [ 8295953.043874245136976, 4775473.513499391265213 ], [ 8295625.934449460357428, 4774906.787238623946905 ], [ 8295281.63151207473129, 4774472.666150315664709 ], [ 8295081.102410786785185, 4774198.463805241510272 ], [ 8294992.305885792709887, 4774077.076189721003175 ], [ 8294865.417284650728106, 4773871.101178689859807 ], [ 8294752.042898868210614, 4773640.755523849278688 ], [ 8294671.56424346845597, 4773437.011566114611924 ], [ 8294659.973903181031346, 4773398.922348259016871 ], [ 8294661.259319489821792, 4773369.553645057603717 ], [ 8294661.256811382248998, 4773350.974835889413953 ], [ 8294749.384969406761229, 4773229.611448764801025 ], [ 8294924.211083112284541, 4773007.413881924003363 ], [ 8295093.548526786267757, 4772842.169572272337973 ], [ 8293293.550926546566188, 4770982.390956910327077 ], [ 8293293.439603798091412, 4770982.390956100076437 ], [ 8293002.654819725081325, 4771266.151862510479987 ], [ 8292691.784675505943596, 4771661.097373293712735 ], [ 8292426.215748561546206, 4772026.502868429757655 ], [ 8292272.821094036102295, 4772306.700494249351323 ], [ 8292176.213275770656765, 4772591.321490439586341 ], [ 8292110.68534327391535, 4772845.600943982601166 ], [ 8292077.964773215353489, 4773147.920337467454374 ], [ 8292078.167557623237371, 4773312.436318395659328 ], [ 8292064.397694301791489, 4773620.151079566217959 ], [ 8292155.668394475243986, 4774045.483659005723894 ], [ 8292231.350665879435837, 4774295.14925304800272 ], [ 8292389.255511116236448, 4774694.906716571189463 ], [ 8292603.642134236171842, 4775130.508162562735379 ], [ 8292849.106686956249177, 4775529.160197827033699 ], [ 8292998.404969591647387, 4775733.650294502265751 ], [ 8293228.914625315926969, 4776048.679657915607095 ], [ 8293485.694483457133174, 4776372.865407686680555 ], [ 8293568.435445151291788, 4776515.905088069848716 ], [ 8293464.799960711970925, 4776549.801697772927582 ], [ 8293090.148323773406446, 4776659.779707722365856 ], [ 8293031.288847547955811, 4776677.599418457597494 ], [ 8292951.660089024342597, 4776678.86808835528791 ], [ 8292567.576521254144609, 4776699.730027095414698 ], [ 8292130.496455217711627, 4776747.791165645234287 ], [ 8291808.958361698314548, 4776753.416126334108412 ], [ 8291661.600959765724838, 4776742.172727041877806 ], [ 8291508.960192242637277, 4776703.26248992793262 ], [ 8291285.743834932334721, 4776628.217327773571014 ], [ 8290693.232493850402534, 4776397.685640943236649 ], [ 8289759.272123467177153, 4778816.960914590395987 ], [ 8290407.729413820430636, 4779069.328386705368757 ] ] ], [ [ [ 8290693.135709604248405, 4776397.647984988987446 ], [ 8290693.232493850402534, 4776397.685640943236649 ], [ 8290693.247032352723181, 4776397.647985799238086 ], [ 8290693.135709604248405, 4776397.647984988987446 ] ] ] ] } },
{ "type": "Feature", "properties": { "layer": "LDZOFBB009" }, "geometry": { "type": "MultiPolygon", "coordinates": [ [ [ [ 8197578.065647031180561, 4771255.812497804872692 ], [ 8197864.401004293002188, 4771225.102394834160805 ], [ 8198388.732993344776332, 4771053.785342119634151 ], [ 8199315.016493990086019, 4770750.913339532911777 ], [ 8200218.498995695263147, 4770579.957573408260942 ], [ 8200821.877308507449925, 4770533.820697984658182 ], [ 8201523.143367751501501, 4770511.376377984881401 ], [ 8201936.168919743038714, 4770586.221500338986516 ], [ 8202539.996745195239782, 4770723.211801902391016 ], [ 8203195.864597265608609, 4770992.232386947609484 ], [ 8203793.210389211773872, 4771246.304782149381936 ], [ 8204516.273613864555955, 4771583.552648478187621 ], [ 8205083.477504367008805, 4771859.88176872394979 ], [ 8205395.238425781950355, 4771983.857398356311023 ], [ 8205782.371151716448367, 4772103.881471308879554 ], [ 8206224.809210264123976, 4772273.010532584041357 ], [ 8206719.47968007158488, 4772491.533159582875669 ], [ 8206959.448481569997966, 4772612.475040641613305 ], [ 8207139.338504509069026, 4772687.252329349517822 ], [ 8207429.936850889585912, 4772799.579193997196853 ], [ 8207818.333449193276465, 4772892.877742637880147 ], [ 8208110.537972632795572, 4772970.41044803429395 ], [ 8208349.256061056628823, 4773024.822740690782666 ], [ 8208617.989809561520815, 4773078.251319929026067 ], [ 8208617.989809561520815, 4773078.251319929026067 ], [ 8208116.387113688513637, 4775622.432377022691071 ], [ 8208116.387113688513637, 4775622.432377022691071 ], [ 8207811.991957153193653, 4775561.920841948129237 ], [ 8207494.437401177361608, 4775489.450517090968788 ], [ 8207187.699130887165666, 4775408.101447441615164 ], [ 8206661.678922776132822, 4775281.665967104956508 ], [ 8206181.496946152299643, 4775095.936986141838133 ], [ 8205884.651450157165527, 4774972.658993951044977 ], [ 8205619.036649685353041, 4774838.692132698372006 ], [ 8205244.325697761960328, 4774673.150942983105779 ], [ 8204940.746587304398417, 4774557.040556592866778 ], [ 8204537.264140649698675, 4774431.90796488430351 ], [ 8204042.718021294102073, 4774235.188716770149767 ], [ 8203408.123166682198644, 4773926.001405564136803 ], [ 8202745.080557513982058, 4773616.562539282254875 ], [ 8202203.677781517617404, 4773386.259717010892928 ], [ 8201761.72148294467479, 4773204.901570872403681 ], [ 8201421.957163249142468, 4773127.808677883818746 ], [ 8201332.829402195289731, 4773111.653953465633094 ], [ 8200961.159601934254169, 4773123.546325960196555 ], [ 8200556.898412896320224, 4773154.470894885249436 ], [ 8199956.787025837227702, 4773268.049871906638145 ], [ 8199188.271335486322641, 4773519.361449623480439 ], [ 8198407.148219752125442, 4773774.687643180601299 ], [ 8197852.053848074749112, 4773834.196050536818802 ], [ 8197852.053848074749112, 4773834.196050536818802 ], [ 8197577.954324302263558, 4771255.812496962957084 ], [ 8197578.065647031180561, 4771255.812497804872692 ] ] ] ] } },
{ "type": "Feature", "properties": { "layer": "LDZOFBB009" }, "geometry": { "type": "MultiPolygon", "coordinates": [ [ [ [ 8226235.77261633053422, 4771340.820725025609136 ], [ 8225279.153386629186571, 4773749.565745784901083 ], [ 8225279.153386629186571, 4773749.565745784901083 ], [ 8225011.108571900054812, 4773642.234095914289355 ], [ 8224458.004109282046556, 4773426.122546434402466 ], [ 8223895.90944604948163, 4773240.171972268261015 ], [ 8223536.998751049861312, 4773187.548901272937655 ], [ 8223020.305739343166351, 4773181.06518195476383 ], [ 8222569.089458375237882, 4773220.635055092163384 ], [ 8220919.707061148248613, 4773472.131700905971229 ], [ 8220013.846996651962399, 4773608.715934978798032 ], [ 8219273.795561515726149, 4773725.762349762953818 ], [ 8217795.371406354941428, 4773998.778756030835211 ], [ 8216031.009353897534311, 4774088.511393857188523 ], [ 8215317.340092067606747, 4774195.428565602749586 ], [ 8212718.728392058983445, 4774677.366979620419443 ], [ 8211915.168892670422792, 4774949.845621666871011 ], [ 8211256.938797445036471, 4775245.20622069761157 ], [ 8210733.338302209042013, 4775536.114924945868552 ], [ 8210733.338302209042013, 4775536.114924945868552 ], [ 8209482.823445736430585, 4773266.710060454905033 ], [ 8209482.934768470004201, 4773266.710061294026673 ], [ 8210102.553382123820484, 4772922.42346394341439 ], [ 8210973.077291709370911, 4772532.005951520055532 ], [ 8212067.87802514154464, 4772160.860653020441532 ], [ 8214892.093018307350576, 4771637.222964896820486 ], [ 8215774.691588615067303, 4771505.023802535608411 ], [ 8217495.052042470313609, 4771417.556759263388813 ], [ 8218839.186490669846535, 4771169.403395976871252 ], [ 8219621.291264604777098, 4771045.752362778410316 ], [ 8220534.025585462339222, 4770908.129508350044489 ], [ 8222262.604210174642503, 4770644.643040605820715 ], [ 8222923.855261746793985, 4770586.654267548583448 ], [ 8223740.687494467012584, 4770596.894612126983702 ], [ 8224491.103893269784749, 4770706.885843584313989 ], [ 8225331.04675218462944, 4770984.681442919187248 ], [ 8225957.590553457848728, 4771229.506270762532949 ], [ 8226235.661293595097959, 4771340.820724193006754 ], [ 8226235.77261633053422, 4771340.820725025609136 ] ] ] ] } },
{ "type": "Feature", "properties": { "layer": "LDZOFBB009" }, "geometry": { "type": "MultiPolygon", "coordinates": [ [ [ [ 8238431.564988197758794, 4773160.150611764751375 ], [ 8238105.943212426267564, 4775733.180163100361824 ], [ 8238105.943212426267564, 4775733.180163100361824 ], [ 8238063.033472867682576, 4775727.705130496993661 ], [ 8237719.10141518432647, 4775682.201578064821661 ], [ 8237629.52998888771981, 4775670.497900209389627 ], [ 8237551.310271623544395, 4775661.841416953131557 ], [ 8237472.936457932926714, 4775654.728183003142476 ], [ 8237394.438737002201378, 4775649.160934484563768 ], [ 8237286.536169155500829, 4775643.642696551978588 ], [ 8236971.861303209327161, 4775619.358660726808012 ], [ 8236675.277516421861947, 4775572.531592031009495 ], [ 8236367.85267907846719, 4775508.490520882420242 ], [ 8236326.364624168723822, 4775491.448295742273331 ], [ 8236253.823060834780335, 4775492.258560995571315 ], [ 8236077.732501287944615, 4775513.264737093821168 ], [ 8235595.685117278248072, 4775508.056563321501017 ], [ 8235185.835071157664061, 4775365.110167355276644 ], [ 8234875.06535127479583, 4775242.979054628871381 ], [ 8234348.030955445952713, 4775130.425020115450025 ], [ 8233712.803553749807179, 4775013.460580865852535 ], [ 8233137.008372544310987, 4774864.081299257464707 ], [ 8232603.682814109139144, 4774725.794991387054324 ], [ 8231949.29656274151057, 4774622.3667207127437 ], [ 8231332.288210916332901, 4774581.824128247797489 ], [ 8230632.314611058682203, 4774638.552533939480782 ], [ 8230038.40881909802556, 4774682.686647709459066 ], [ 8229646.800306079909205, 4774631.585473862476647 ], [ 8229646.800306079909205, 4774631.585473862476647 ], [ 8229979.705735039897263, 4772059.816153394989669 ], [ 8229979.705735039897263, 4772059.816153394989669 ], [ 8230110.381394074298441, 4772076.850302720442414 ], [ 8230432.990260655991733, 4772052.860700884833932 ], [ 8231312.49518602527678, 4771981.587953353300691 ], [ 8232235.132625548169017, 4772042.181966759264469 ], [ 8233128.604595179669559, 4772183.375447791069746 ], [ 8233782.979413649998605, 4772353.005215843208134 ], [ 8234269.642686565406621, 4772479.198873795568943 ], [ 8234849.85637516900897, 4772585.999583437107503 ], [ 8235619.29990544822067, 4772750.317192009650171 ], [ 8236020.973565047606826, 4772908.135006440803409 ], [ 8236086.706157854758203, 4772900.320641561411321 ], [ 8236549.302304494194686, 4772895.150306157767773 ], [ 8236947.132330129854381, 4772944.131336062215269 ], [ 8237125.52651132363826, 4773017.441736482083797 ], [ 8237138.645973959937692, 4773020.127462144009769 ], [ 8237271.815282689407468, 4773041.182725067250431 ], [ 8237451.327240627259016, 4773055.013887009583414 ], [ 8237551.255538634955883, 4773060.122289394028485 ], [ 8237680.110993064939976, 4773069.273928779177368 ], [ 8237808.985523548908532, 4773080.967080665752292 ], [ 8237937.82952594012022, 4773095.197254763916135 ], [ 8238054.392493246123195, 4773110.452533956617117 ], [ 8238394.663532968610525, 4773155.429380333982408 ], [ 8238431.676310936920345, 4773160.150612591765821 ], [ 8238431.564988197758794, 4773160.150611764751375 ] ] ] ] } },
{ "type": "Feature", "properties": { "layer": "LDZOFBB009" }, "geometry": { "type": "MultiPolygon", "coordinates": [ [ [ [ 8308661.996977948583663, 4772020.108968560583889 ], [ 8308662.10618079546839, 4772020.124237838201225 ], [ 8308662.108300701715052, 4772020.108969364315271 ], [ 8308661.996977948583663, 4772020.108968560583889 ] ] ], [ [ [ 8308518.186970289796591, 4772765.882000669836998 ], [ 8308392.774498046375811, 4773043.65801031049341 ], [ 8308353.299148476682603, 4773117.103506845422089 ], [ 8308335.741357413120568, 4773116.974331365898252 ], [ 8308197.039720522239804, 4772978.776531309820712 ], [ 8307947.271592188626528, 4772780.953136954456568 ], [ 8307502.636969734914601, 4772478.729681439697742 ], [ 8306939.318512515164912, 4772165.627092871814966 ], [ 8306273.41304974257946, 4771902.903468361124396 ], [ 8305762.844315849244595, 4771827.799274121411145 ], [ 8305319.346974377520382, 4771889.514942358247936 ], [ 8304992.111529191024601, 4772020.295230680145323 ], [ 8304688.173882419243455, 4772192.18961305078119 ], [ 8304407.871664601378143, 4772398.271440016105771 ], [ 8304032.535535677336156, 4772711.226360511034727 ], [ 8303700.115451143123209, 4773062.020098863169551 ], [ 8303527.369044076651335, 4773247.687276816926897 ], [ 8303388.856578844599426, 4773388.478722021915019 ], [ 8303277.299932536669075, 4773497.153830584138632 ], [ 8302939.082507622428238, 4773828.669122897088528 ], [ 8302466.14040553662926, 4774163.827031662687659 ], [ 8302116.267207738943398, 4774355.597872225567698 ], [ 8301703.559497843496501, 4774538.526759137399495 ], [ 8301434.609172249212861, 4774632.390403603203595 ], [ 8300907.726863756775856, 4774794.023907640017569 ], [ 8300869.993670666590333, 4774802.109462833032012 ], [ 8300489.908297676593065, 4774444.484823293983936 ], [ 8300075.60324105527252, 4774301.804795428179204 ], [ 8299723.545590984635055, 4774175.289790921844542 ], [ 8299377.012747950851917, 4774172.956544652581215 ], [ 8299060.751856967806816, 4774170.816658229567111 ], [ 8298983.148977926932275, 4774198.801106535829604 ], [ 8298809.027140447869897, 4774061.174700512550771 ], [ 8298320.247182773426175, 4773649.475678795017302 ], [ 8297800.425010747276247, 4773337.391319808550179 ], [ 8297495.128849582746625, 4773205.02747411839664 ], [ 8296471.098510810174048, 4775586.443826574832201 ], [ 8296620.420769267715514, 4775651.179903857409954 ], [ 8296817.395496894605458, 4775769.47320223134011 ], [ 8297178.726671677082777, 4776073.988333907909691 ], [ 8297665.688180607743561, 4776459.247123656794429 ], [ 8297922.348289562389255, 4776574.848408812656999 ], [ 8298069.567344929091632, 4776639.818361303769052 ], [ 8298310.946921548806131, 4776723.002472002990544 ], [ 8298493.674759940244257, 4776763.212535247206688 ], [ 8298765.565412876196206, 4776830.635320861823857 ], [ 8299090.954402356408536, 4776832.847042765468359 ], [ 8299236.381445808336139, 4776820.45991285238415 ], [ 8299242.571585402823985, 4776826.287640815600753 ], [ 8299773.338654999621212, 4777204.263454029336572 ], [ 8300076.494754210114479, 4777308.675361561588943 ], [ 8300387.863736961036921, 4777400.857208424247801 ], [ 8300709.591965257190168, 4777418.72606185823679 ], [ 8301029.359750377945602, 4777420.962061465717852 ], [ 8301556.720303041860461, 4777307.602607342414558 ], [ 8302236.471774191595614, 4777099.064812826924026 ], [ 8302651.353813262656331, 4776954.291364632546902 ], [ 8303259.297130567021668, 4776684.606479376554489 ], [ 8303834.643931359983981, 4776369.158165222965181 ], [ 8304596.530021689832211, 4775829.065554987639189 ], [ 8305079.165757591836154, 4775356.144178288057446 ], [ 8305208.582237891852856, 4775230.025619993917644 ], [ 8305391.398348641581833, 4775043.834923683665693 ], [ 8305579.910860620439053, 4774841.147531902417541 ], [ 8305799.373777572065592, 4774609.471161475405097 ], [ 8305880.666466522961855, 4774541.707659642212093 ], [ 8306149.957256197929382, 4774691.426936731673777 ], [ 8306420.647592263296247, 4774875.567535573616624 ], [ 8306481.780703577212989, 4774924.002778546884656 ], [ 8306697.791202371008694, 4775139.127915689721704 ], [ 8307047.229016972705722, 4775413.261744292452931 ], [ 8307452.386769905686378, 4775587.442951139993966 ], [ 8307797.94496213644743, 4775690.754947283305228 ], [ 8308100.000560794956982, 4775709.207340522669256 ], [ 8308285.580418113619089, 4775710.584481324069202 ], [ 8308636.047703235410154, 4775713.175828571431339 ], [ 8309104.518588354811072, 4775676.852065537124872 ], [ 8309516.959870927035809, 4775571.015700586140156 ], [ 8309893.577860836870968, 4775382.239453110843897 ], [ 8310362.995116925798357, 4774964.673260204493999 ], [ 8310535.268330926075578, 4774517.987766952253878 ], [ 8310708.071243764832616, 4774198.11437867116183 ], [ 8310963.09479166008532, 4773631.902907350100577 ], [ 8311143.287898789159954, 4772933.159944546408951 ], [ 8311220.247827954590321, 4772377.822526629082859 ], [ 8308662.10618079546839, 4772020.124237838201225 ], [ 8308605.555797043256462, 4772427.432746182195842 ], [ 8308518.186970289796591, 4772765.882000669836998 ] ] ] ] } },
{ "type": "Feature", "properties": { "layer": "LDZOFBB009" }, "geometry": { "type": "MultiPolygon", "coordinates": [ [ [ [ 8196922.73617145512253, 4771314.990755693987012 ], [ 8196922.741908585652709, 4771315.015462906099856 ], [ 8196922.847494185902178, 4771314.990756535902619 ], [ 8196922.73617145512253, 4771314.990755693987012 ] ] ], [ [ [ 8183684.169116077944636, 4773243.056186212226748 ], [ 8184497.470793218351901, 4772913.950291487388313 ], [ 8184916.876130493357778, 4772781.912462333217263 ], [ 8185226.09915164578706, 4772727.681587185710669 ], [ 8185745.616322287358344, 4772665.164601812139153 ], [ 8186327.45944282412529, 4772568.804168558679521 ], [ 8186809.988176449202001, 4772426.973292956128716 ], [ 8187788.329805720597506, 4772168.731467118486762 ], [ 8188378.48422456625849, 4772032.484796384349465 ], [ 8188824.386639316566288, 4771956.371367426589131 ], [ 8189067.988060898147523, 4771941.552523353137076 ], [ 8189068.961405425332487, 4771942.280621866695583 ], [ 8189355.236829495988786, 4772181.263040855526924 ], [ 8190134.619141722097993, 4772898.980380658991635 ], [ 8190657.703323822468519, 4773268.442157820798457 ], [ 8191209.267187098972499, 4773626.089346941560507 ], [ 8191763.663825371302664, 4773861.27808672375977 ], [ 8192404.278493902646005, 4774037.571044473908842 ], [ 8193044.71225555613637, 4774144.497971946373582 ], [ 8193643.335799266584218, 4774176.645695368759334 ], [ 8194704.661682765930891, 4774197.257527630776167 ], [ 8195456.385143144056201, 4774191.760919823311269 ], [ 8196151.066964882425964, 4774098.394033242948353 ], [ 8196889.443210388533771, 4773985.335931948386133 ], [ 8197509.055518680252135, 4773840.318596124649048 ], [ 8196922.741908585652709, 4771315.015462906099856 ], [ 8196401.027595383115113, 4771437.094093973748386 ], [ 8195784.950354390777647, 4771531.36895786691457 ], [ 8195275.052276157774031, 4771599.91937342658639 ], [ 8194720.31586357485503, 4771603.974289821460843 ], [ 8193737.42982516810298, 4771584.896982952952385 ], [ 8193326.225969817489386, 4771562.836295537650585 ], [ 8192958.837546814233065, 4771501.496344659477472 ], [ 8192611.298481378704309, 4771405.853366356343031 ], [ 8192421.248971078544855, 4771325.348206195048988 ], [ 8192101.47244512103498, 4771118.059523212723434 ], [ 8191756.996114554814994, 4770874.674717124551535 ], [ 8191054.139778668060899, 4770227.853075610473752 ], [ 8190666.835273589938879, 4769904.456224729306996 ], [ 8190313.660397561267018, 4769640.348344857804477 ], [ 8189874.639579991810024, 4769446.837335628457367 ], [ 8189441.757113026455045, 4769349.157408184371889 ], [ 8189082.402479398995638, 4769343.425980421714485 ], [ 8188528.96895694732666, 4769377.081543092615902 ], [ 8187872.520327487029135, 4769489.149522940628231 ], [ 8187170.528734912164509, 4769651.127535369247198 ], [ 8186119.051553457975388, 4769928.666742946021259 ], [ 8185752.636396110989153, 4770036.345543518662453 ], [ 8185381.594424160197377, 4770097.742430591955781 ], [ 8184849.95943514443934, 4770161.701188674196601 ], [ 8184305.743815056979656, 4770257.120582872070372 ], [ 8183871.385516803711653, 4770566.549861020408571 ], [ 8183403.596313290297985, 4770970.322654782794416 ], [ 8182919.375466663390398, 4771593.093324843794107 ], [ 8182919.486789387650788, 4771593.093325690366328 ], [ 8182931.23522580601275, 4773512.873283034190536 ], [ 8183684.169116077944636, 4773243.056186212226748 ] ] ] ] } },
{ "type": "Feature", "properties": { "layer": "LDZOFBB009" }, "geometry": { "type": "MultiPolygon", "coordinates": [ [ [ [ 8310191.177780623547733, 4767540.406562608666718 ], [ 8310888.927353537641466, 4767471.210903728380799 ], [ 8310954.540157772600651, 4767461.449505098164082 ], [ 8311186.908476512879133, 4767336.398112353868783 ], [ 8311431.250303938053548, 4767256.446474449709058 ], [ 8311702.9755122596398, 4767197.719471559859812 ], [ 8311889.153899249620736, 4767187.168089725077152 ], [ 8312211.021333569660783, 4767163.626729163341224 ], [ 8312584.15828547719866, 4767196.908014677464962 ], [ 8312797.209598228335381, 4767259.050831694155931 ], [ 8312968.02588595636189, 4767311.309419980272651 ], [ 8313394.366550887003541, 4767474.944153482094407 ], [ 8314213.187715847045183, 4767745.150325513444841 ], [ 8314341.77605505939573, 4767804.59388530254364 ], [ 8314457.978228881955147, 4767831.843608868308365 ], [ 8314507.712286387570202, 4767841.73051305487752 ], [ 8314509.214324711821973, 4767782.667625692673028 ], [ 8314482.349183353595436, 4767639.045666589401662 ], [ 8314462.870203469879925, 4767501.41414562240243 ], [ 8314445.433270992711186, 4767224.645367883145809 ], [ 8314464.094828186556697, 4767011.973493874073029 ], [ 8314477.096826401539147, 4766864.481218351982534 ], [ 8314500.536410978063941, 4766705.278487246483564 ], [ 8314523.395370868034661, 4766583.763752348721027 ], [ 8314552.027553990483284, 4766457.090021526440978 ], [ 8314623.072732208296657, 4766244.498741672374308 ], [ 8314709.588112369179726, 4766056.888290862552822 ], [ 8314782.88922977168113, 4765900.962217685766518 ], [ 8314865.869834491983056, 4765770.179873010143638 ], [ 8315025.662953427061439, 4765529.560995114967227 ], [ 8315398.61491775047034, 4765280.067795781418681 ], [ 8315637.977316274307668, 4765200.372387636452913 ], [ 8315994.165400113910437, 4765111.822161174379289 ], [ 8316550.152785389684141, 4765231.775135038420558 ], [ 8317155.283860739320517, 4765531.155815159901977 ], [ 8317413.462263406254351, 4765656.28708918672055 ], [ 8317742.155653665773571, 4765840.345952030271292 ], [ 8317833.976800475269556, 4765912.956516891717911 ], [ 8317930.193197866901755, 4765975.514237173832953 ], [ 8318329.724904585629702, 4766305.492015164345503 ], [ 8318592.743815028108656, 4766506.28769454639405 ], [ 8318810.96069595310837, 4766650.738215794786811 ], [ 8318812.437505567446351, 4766651.96846036426723 ], [ 8318837.655345048755407, 4766664.63294527027756 ], [ 8318938.142013515345752, 4766725.858004442416131 ], [ 8318978.933911954052746, 4766747.612011841498315 ], [ 8319038.488572332076728, 4766777.672802428714931 ], [ 8319356.491838591173291, 4766938.839249362237751 ], [ 8319552.238676496781409, 4767112.615450852550566 ], [ 8319618.652197456918657, 4767171.342121312394738 ], [ 8319746.394875342026353, 4767282.354597483761609 ], [ 8319856.16001152805984, 4767410.00825373083353 ], [ 8320202.957618026062846, 4767787.855329536832869 ], [ 8320451.970092945732176, 4768279.498085683211684 ], [ 8320537.903432768769562, 4768519.22862820327282 ], [ 8320611.49717425275594, 4768888.186743684113026 ], [ 8320629.415197466500103, 4768976.165179024450481 ], [ 8320859.717818260192871, 4769073.896721848286688 ], [ 8321312.427181670442224, 4769156.577119110152125 ], [ 8321897.85193170979619, 4769267.51508953794837 ], [ 8322229.989853976294398, 4769289.784123538061976 ], [ 8322797.67199469357729, 4769330.758542817085981 ], [ 8323356.072028711438179, 4769426.548692491836846 ], [ 8323989.420766078867018, 4769620.982127778232098 ], [ 8324825.581703420728445, 4769918.49395926296711 ], [ 8325499.39293088298291, 4770161.391706771217287 ], [ 8325876.903543446213007, 4770279.793396955356002 ], [ 8326417.043749241158366, 4770370.809020706452429 ], [ 8326899.61121946759522, 4770475.494102976284921 ], [ 8327217.261531735770404, 4770519.208723725751042 ], [ 8327509.756805488839746, 4770481.518834818154573 ], [ 8327770.928741991519928, 4770397.141809445805848 ], [ 8328252.980029562488198, 4770196.183927801437676 ], [ 8328606.726759852841496, 4770012.525925454683602 ], [ 8328660.513691730797291, 4769978.479573141783476 ], [ 8328825.394083675928414, 4769675.761601290665567 ], [ 8329276.683267729356885, 4769336.356858810409904 ], [ 8329623.190425732173026, 4769213.116341789253056 ], [ 8329948.890673422254622, 4769120.867185115814209 ], [ 8330664.016445649787784, 4769041.806374493055046 ], [ 8331303.443273097276688, 4768974.004329615272582 ], [ 8331892.810854245908558, 4768988.058422008529305 ], [ 8332165.220283807255328, 4768960.396575609222054 ], [ 8332654.942145024426281, 4768897.405167437158525 ], [ 8332857.714776513166726, 4768843.936578591354191 ], [ 8333171.201132598333061, 4768877.894944364205003 ], [ 8333171.201132598333061, 4768877.894944364205003 ], [ 8332894.193117275834084, 4771455.791274373419583 ], [ 8332894.193117275834084, 4771455.791274373419583 ], [ 8332999.233600746840239, 4771467.170530000701547 ], [ 8332459.207622362300754, 4771536.633612236939371 ], [ 8331992.547050372697413, 4771584.048950194381177 ], [ 8331408.933353742584586, 4771570.135054256767035 ], [ 8330940.973472476005554, 4771619.755451471544802 ], [ 8330661.491830823011696, 4771650.667282935231924 ], [ 8330321.140455667860806, 4771992.220271740108728 ], [ 8329892.116938753053546, 4772264.436620480380952 ], [ 8329343.279888654127717, 4772549.462962043471634 ], [ 8328663.094315812923014, 4772833.031510891392827 ], [ 8328074.429583912715316, 4773023.258252942934632 ], [ 8327205.976881024427712, 4773135.187381851486862 ], [ 8326450.689876057207584, 4773031.227675788104534 ], [ 8325930.091636555269361, 4772918.266767401248217 ], [ 8325275.288972760550678, 4772807.870422560721636 ], [ 8324677.384615559130907, 4772620.35333666484803 ], [ 8323957.86127213947475, 4772360.822697845287621 ], [ 8323180.009401937946677, 4772084.057789166457951 ], [ 8322758.414030063897371, 4771954.59854971896857 ], [ 8322486.687903448939323, 4771907.972719219513237 ], [ 8322051.427318823523819, 4771876.532892750576138 ], [ 8321571.115695746615529, 4771844.327367047779262 ], [ 8320841.960744535550475, 4771706.095703347586095 ], [ 8320116.878670919686556, 4771573.689849806018174 ], [ 8319278.684643540531397, 4771217.889149409718812 ], [ 8318606.183905113488436, 4770850.713901662267745 ], [ 8318265.321765875443816, 4770324.04698346182704 ], [ 8318146.504762620665133, 4770001.415350226685405 ], [ 8318087.600424810312688, 4769706.249364572577178 ], [ 8318075.21078447252512, 4769405.482602852396667 ], [ 8318077.375447669066489, 4769386.679196769371629 ], [ 8318054.659694029949605, 4769272.647308338433504 ], [ 8317929.667819247581065, 4769136.321790749207139 ], [ 8317896.066160327754915, 4769102.542979849502444 ], [ 8317875.098137541674078, 4769091.918673041276634 ], [ 8317662.924236250109971, 4768980.958301225677133 ], [ 8317585.32306079659611, 4768933.768171614035964 ], [ 8317467.535355952568352, 4768874.068692849949002 ], [ 8317344.538911433890462, 4768785.004554166458547 ], [ 8317098.919774865731597, 4768622.36278201919049 ], [ 8317052.892306387424469, 4768587.214130555279553 ], [ 8317049.411663486622274, 4768613.104260867461562 ], [ 8317007.4266691301018, 4768813.545188672840595 ], [ 8316915.351897927001119, 4769103.739763632416725 ], [ 8316681.155055707320571, 4769487.353819533251226 ], [ 8316511.468681042082608, 4769640.948548475280404 ], [ 8316415.344259941019118, 4769744.40771247446537 ], [ 8316177.069566804915667, 4769932.691506816074252 ], [ 8316092.686076052486897, 4769996.852180973626673 ], [ 8315994.049994507804513, 4770072.942468326538801 ], [ 8315765.79289934784174, 4770217.028055609203875 ], [ 8315482.465590707026422, 4770364.890268066897988 ], [ 8315165.662515291012824, 4770451.718292886391282 ], [ 8314872.856462651863694, 4770494.526485107839108 ], [ 8314576.18970054667443, 4770493.247081399895251 ], [ 8314358.802904048003256, 4770458.652398705482483 ], [ 8314227.998499200679362, 4770428.814929596148431 ], [ 8313914.30900507606566, 4770366.719114611856639 ], [ 8313622.677869768813252, 4770298.311194934882224 ], [ 8313391.542113928124309, 4770219.623748616315424 ], [ 8313266.283112298697233, 4770161.604381467215717 ], [ 8312529.981864671222866, 4769918.555000689812005 ], [ 8312149.725133643485606, 4769772.647154207341373 ], [ 8312002.365110591985285, 4769856.158386584371328 ], [ 8311759.495784836821258, 4769935.95550003927201 ], [ 8311546.02572950720787, 4769994.218533677048981 ], [ 8311205.305096661671996, 4770044.923655331134796 ], [ 8310444.768251742236316, 4770120.354445822536945 ], [ 8310444.768251742236316, 4770120.354445822536945 ], [ 8310191.066457873210311, 4767540.406561804935336 ], [ 8310191.177780623547733, 4767540.406562608666718 ] ] ] ] } },
{ "type": "Feature", "properties": { "layer": "LDZOFBB009" }, "geometry": { "type": "MultiPolygon", "coordinates": [ [ [ [ 8339573.342578754760325, 4767524.173687567934394 ], [ 8340542.659527219831944, 4769927.057241202332079 ], [ 8340542.659527219831944, 4769927.057241202332079 ], [ 8340409.053580743260682, 4769981.395502233877778 ], [ 8340170.044755003415048, 4770091.665255304425955 ], [ 8340116.383083835244179, 4770113.5025615375489 ], [ 8340078.932302091270685, 4770133.045045956969261 ], [ 8339912.056296480819583, 4770212.486146043986082 ], [ 8339733.850917656905949, 4770268.583764392882586 ], [ 8339623.818782667629421, 4770296.581038871780038 ], [ 8339570.994569586589932, 4770315.250739388167858 ], [ 8339270.962397219613194, 4770414.221475472673774 ], [ 8339159.214238353073597, 4770445.201532045379281 ], [ 8339091.408509169705212, 4770482.892560761421919 ], [ 8338993.511001644656062, 4770536.329100029543042 ], [ 8338895.207279699854553, 4770589.009750922210515 ], [ 8338796.503138169646263, 4770640.931392888538539 ], [ 8338697.404395787976682, 4770692.09095024317503 ], [ 8338597.91689486708492, 4770742.485392336733639 ], [ 8338498.046500914730132, 4770792.111733769997954 ], [ 8338397.799102286808193, 4770840.967034560628235 ], [ 8338297.18060986045748, 4770889.048400317318738 ], [ 8338196.196956673637033, 4770936.352982414886355 ], [ 8338076.151523678563535, 4770991.463915284723043 ], [ 8337996.59646875038743, 4771024.235268794000149 ], [ 8337661.280616111122072, 4771135.362844520248473 ], [ 8337155.221497859805822, 4771233.858006541617215 ], [ 8336801.438232928514481, 4771280.931631119921803 ], [ 8336364.903065090067685, 4771287.459187032654881 ], [ 8335888.28174417745322, 4771243.892239543609321 ], [ 8335517.697354746982455, 4771153.367366898804903 ], [ 8335193.447107510641217, 4771096.584927131421864 ], [ 8335028.426203543320298, 4771063.647183741442859 ], [ 8334755.484342576004565, 4771053.687355129048228 ], [ 8334334.742406843230128, 4771008.265101715922356 ], [ 8334054.66181446518749, 4770950.850981594063342 ], [ 8334054.66181446518749, 4770950.850981594063342 ], [ 8334571.203306333161891, 4768410.517538641579449 ], [ 8334571.314629088155925, 4768410.517539438791573 ], [ 8334732.016386843286455, 4768443.452366643585265 ], [ 8334940.614129099994898, 4768465.977876232005656 ], [ 8335329.058423068374395, 4768480.138804255053401 ], [ 8335667.181932986713946, 4768547.613759081810713 ], [ 8336045.409498573280871, 4768613.829134350642562 ], [ 8336312.744685909710824, 4768679.1736217783764 ], [ 8336463.001019694842398, 4768692.894067928195 ], [ 8336612.062566085718572, 4768690.667404460720718 ], [ 8336739.668754865415394, 4768673.692230603657663 ], [ 8337008.266108461655676, 4768621.407630745321512 ], [ 8337081.593898318707943, 4768597.11222692579031 ], [ 8337113.369135330431163, 4768582.477570151910186 ], [ 8337196.504013580270112, 4768543.597080583684146 ], [ 8337279.227576425299048, 4768504.078072498552501 ], [ 8337361.646271406672895, 4768463.922884786501527 ], [ 8337443.866564218886197, 4768423.133893932215869 ], [ 8337525.660970710217953, 4768381.713511473499238 ], [ 8337607.024670977145433, 4768339.664187820628285 ], [ 8337688.286832431331277, 4768296.988412930630147 ], [ 8337768.886059684678912, 4768253.688707387074828 ], [ 8337849.596850021742284, 4768209.767638179473579 ], [ 8337952.796538990922272, 4768152.356694282032549 ], [ 8338067.392041061073542, 4768093.595585712231696 ], [ 8338194.138180700130761, 4768039.266512036323547 ], [ 8338327.534444808028638, 4767989.203513597138226 ], [ 8338440.328180186450481, 4767954.868309548124671 ], [ 8338523.899176536127925, 4767931.67547979298979 ], [ 8338739.199356945231557, 4767860.67359659075737 ], [ 8338876.646631612442434, 4767812.1861936384812 ], [ 8338975.663090135902166, 4767786.971326353959739 ], [ 8339033.758906301110983, 4767756.663859982043505 ], [ 8339145.502210891805589, 4767711.158825406804681 ], [ 8339384.855810263194144, 4767600.810673790052533 ], [ 8339573.231255997903645, 4767524.17368677444756 ], [ 8339573.342578754760325, 4767524.173687567934394 ] ] ] ] } },
{ "type": "Feature", "properties": { "layer": "LDZOFBB009" }, "geometry": { "type": "MultiPolygon", "coordinates": [ [ [ [ 8202634.442575610242784, 4767209.281469505280256 ], [ 8202841.396253349259496, 4769792.967174716293812 ], [ 8202841.396253349259496, 4769792.967174716293812 ], [ 8202342.32158762589097, 4769833.257436661049724 ], [ 8201777.78709171526134, 4769868.382138607092202 ], [ 8201475.547296492382884, 4769858.662429243326187 ], [ 8201138.79875232744962, 4769836.266317406669259 ], [ 8200713.627138921059668, 4769804.976200602017343 ], [ 8200306.068473304621875, 4769767.84341287240386 ], [ 8199562.168322136625648, 4769661.773147832602262 ], [ 8199190.745333454571664, 4769615.7624635938555 ], [ 8198501.669363914988935, 4769472.1722058262676 ], [ 8198008.586746968328953, 4769378.747793942689896 ], [ 8197546.327441037632525, 4769223.161160943098366 ], [ 8196858.717850847169757, 4768976.159438729286194 ], [ 8196329.069172107614577, 4768752.675172974355519 ], [ 8195755.075140596367419, 4768589.99961148109287 ], [ 8195363.649989012628794, 4768501.66301498003304 ], [ 8195363.649989012628794, 4768501.66301498003304 ], [ 8195929.692970815114677, 4765973.079387747682631 ], [ 8195929.692970815114677, 4765973.079387747682631 ], [ 8196389.001824663951993, 4766076.729622549377382 ], [ 8197182.720057620666921, 4766301.609232338145375 ], [ 8197794.144200162962079, 4766559.48389935027808 ], [ 8198391.452734319493175, 4766773.94478690251708 ], [ 8198661.049786598421633, 4766864.736441252753139 ], [ 8199003.305835391394794, 4766929.540372518822551 ], [ 8199611.618754207156599, 4767056.291811194270849 ], [ 8199901.827526881359518, 4767092.201596998609602 ], [ 8200604.336603536270559, 4767192.359258128330112 ], [ 8200924.736136587336659, 4767221.530840117484331 ], [ 8201318.553814807906747, 4767250.503599395044148 ], [ 8201602.309389859437943, 4767269.36938766669482 ], [ 8201739.202656800858676, 4767273.773941418156028 ], [ 8202159.137590362690389, 4767247.65523180551827 ], [ 8202634.442575610242784, 4767209.281469505280256 ] ] ] ] } },
{ "type": "Feature", "properties": { "layer": "LDZOFBB009" }, "geometry": { "type": "MultiPolygon", "coordinates": [ [ [ [ 8292832.268031383864582, 4755037.095183038152754 ], [ 8292338.479336072690785, 4755243.806090736761689 ], [ 8291203.33230506721884, 4755688.510157181881368 ], [ 8290727.995858157984912, 4755874.683379529044032 ], [ 8290670.209853485226631, 4755897.314429564401507 ], [ 8289583.966032934375107, 4756267.95675106626004 ], [ 8288947.022271092049778, 4756485.230108257383108 ], [ 8287568.166582116857171, 4756916.518591308034956 ], [ 8286010.194157686084509, 4757366.504784791730344 ], [ 8285669.298914158716798, 4757448.36164187733084 ], [ 8285311.510432140901685, 4757573.398761811666191 ], [ 8284800.504316228441894, 4757710.903211343102157 ], [ 8284469.470622334629297, 4757795.766728677786887 ], [ 8284238.629693384282291, 4757869.606034295633435 ], [ 8283720.411750277504325, 4757999.133496576920152 ], [ 8282834.853744798339903, 4758123.338556028902531 ], [ 8282001.698598707094789, 4758263.814382283948362 ], [ 8281724.359721810556948, 4758324.116191931068897 ], [ 8281420.041700121946633, 4758383.517998121678829 ], [ 8281163.615261430852115, 4758413.89239158667624 ], [ 8280930.342271627858281, 4758427.854913108050823 ], [ 8280219.059390491805971, 4758424.774476168677211 ], [ 8279674.308287159539759, 4758412.228041002526879 ], [ 8279343.509555891156197, 4758417.857881030067801 ], [ 8278989.350839242339134, 4758444.491989810951054 ], [ 8278303.157529169693589, 4758495.39160826895386 ], [ 8277967.261681276373565, 4758527.889704667031765 ], [ 8276709.603105064481497, 4758696.919715886935592 ], [ 8276130.242748050950468, 4758757.127166800200939 ], [ 8274793.904524841345847, 4758998.979435558430851 ], [ 8274265.224156160838902, 4759104.605796344578266 ], [ 8273808.41914221458137, 4759204.951463848352432 ], [ 8272024.577175094746053, 4759580.740561896003783 ], [ 8270275.205243766307831, 4759795.373036329634488 ], [ 8268343.699088544584811, 4760168.795765801332891 ], [ 8268016.379909683950245, 4760228.096453056670725 ], [ 8267656.099390071816742, 4760284.044222513213754 ], [ 8267377.209469316527247, 4760327.260409777052701 ], [ 8266713.293598651885986, 4760464.205651650205255 ], [ 8266383.936086640693247, 4760525.49199708737433 ], [ 8265175.858104311861098, 4760800.675904747098684 ], [ 8263953.964051890186965, 4761119.615259691141546 ], [ 8263230.524661623872817, 4761268.185864516533911 ], [ 8262109.451817937195301, 4761541.526409788988531 ], [ 8261065.399512829259038, 4761826.571436293423176 ], [ 8259766.85733082331717, 4762177.001466372981668 ], [ 8259402.150469412095845, 4762271.85747444909066 ], [ 8257905.389829438179731, 4762708.363560802303255 ], [ 8257101.68307314068079, 4762929.315498679876328 ], [ 8256519.783267561346292, 4763072.656239873729646 ], [ 8255496.845687893219292, 4763257.111838319338858 ], [ 8254616.421677861362696, 4763369.952476263977587 ], [ 8253506.81611730158329, 4763466.307862723246217 ], [ 8253057.37064750213176, 4763486.317622100934386 ], [ 8252337.741653540171683, 4763513.606158626265824 ], [ 8251418.32334391400218, 4763545.999933023937047 ], [ 8250794.131001523695886, 4763532.261309971101582 ], [ 8250582.532356459647417, 4763504.718933157622814 ], [ 8249836.716196060180664, 4763461.743886307813227 ], [ 8249514.735686542466283, 4763401.558976271189749 ], [ 8248810.578434197232127, 4763285.148183378390968 ], [ 8248518.076942113228142, 4763240.693151618354023 ], [ 8248312.513879375532269, 4763188.380540075711906 ], [ 8247816.271950153633952, 4763057.089951066300273 ], [ 8246869.974005220457911, 4762689.714011061005294 ], [ 8246720.350803012959659, 4762641.089958919212222 ], [ 8246708.658847751095891, 4762651.147985486313701 ], [ 8246367.86112108733505, 4762930.83184642996639 ], [ 8245954.088373810984194, 4763222.148574497550726 ], [ 8245356.932403572835028, 4763597.474389699287713 ], [ 8244410.163229373283684, 4764082.371977516449988 ], [ 8244208.544529835693538, 4764190.075117392465472 ], [ 8243932.19174120016396, 4764334.938384070061147 ], [ 8243816.158154415898025, 4764396.354083163663745 ], [ 8243697.848252598196268, 4764469.567391693592072 ], [ 8243385.535596158355474, 4764614.500843651592731 ], [ 8242811.151790146715939, 4764733.067443693056703 ], [ 8242540.294354186393321, 4764783.38550943415612 ], [ 8242297.75217992067337, 4764828.484351685270667 ], [ 8241716.645273379050195, 4764924.492943771183491 ], [ 8241512.593141172081232, 4764972.467685214243829 ], [ 8240986.343731448054314, 4765081.880422589369118 ], [ 8240215.76863413117826, 4765185.909149521030486 ], [ 8239904.592900210991502, 4765196.501436689868569 ], [ 8239708.503961194306612, 4765206.550013883970678 ], [ 8239456.342910748906434, 4765210.766824575141072 ], [ 8239070.380455926991999, 4765206.98618324380368 ], [ 8238551.462997764348984, 4765157.265010573901236 ], [ 8237957.181779964827001, 4765095.836240829899907 ], [ 8237296.742493276484311, 4764977.106191957369447 ], [ 8236845.864388684742153, 4764859.666091849096119 ], [ 8236647.324679221026599, 4764795.822904335334897 ], [ 8236145.448811939917505, 4764646.479951079934835 ], [ 8235887.15727555565536, 4764590.978425203822553 ], [ 8235752.4704485014081, 4764581.940278680995107 ], [ 8235510.54055844899267, 4764570.702291369438171 ], [ 8235252.564261661842465, 4764562.992840972729027 ], [ 8234881.845229764468968, 4764557.61763134598732 ], [ 8234534.11108810082078, 4764556.44671571161598 ], [ 8234292.923595076426864, 4764563.288021672517061 ], [ 8234035.761273135431111, 4764582.65976273920387 ], [ 8233545.377595233730972, 4764648.534271649084985 ], [ 8233379.447228382341564, 4764672.224345244467258 ], [ 8231723.645291781052947, 4765018.750454807654023 ], [ 8230166.107366293668747, 4765307.878369268961251 ], [ 8229232.323367944918573, 4765585.406697161495686 ], [ 8227749.101246108300984, 4766155.807567521929741 ], [ 8226981.182820150628686, 4766519.471344059333205 ], [ 8226556.402610953897238, 4766645.77094170358032 ], [ 8226356.279943149536848, 4766693.309129059314728 ], [ 8226163.809889941476285, 4766756.167990569956601 ], [ 8225752.848022586666048, 4766902.426959106698632 ], [ 8224628.24184051528573, 4767515.445870544761419 ], [ 8224269.981715152971447, 4767671.917317681014538 ], [ 8223895.609852286987007, 4767822.831212868914008 ], [ 8222818.82427600491792, 4768187.055961639620364 ], [ 8221902.855442401021719, 4768492.79988955706358 ], [ 8220738.162711021490395, 4768792.324191161431372 ], [ 8219855.44498613383621, 4768984.945393593981862 ], [ 8219434.816842920146883, 4769101.15820468403399 ], [ 8219140.19947783369571, 4769176.471095222979784 ], [ 8218766.380947002209723, 4769243.985480622388422 ], [ 8217527.4349061595276, 4769263.710793267004192 ], [ 8217202.902931074611843, 4769248.687106964178383 ], [ 8216883.033365928567946, 4769232.87415239866823 ], [ 8216211.416350862942636, 4769136.573404509574175 ], [ 8215727.427060561254621, 4769120.976091796532273 ], [ 8215454.457418421283364, 4769120.633590310811996 ], [ 8215165.219383431598544, 4769127.963005843572319 ], [ 8214877.984493949450552, 4769138.966128521598876 ], [ 8214727.833605288527906, 4769149.206840616650879 ], [ 8214718.659110929816961, 4769150.960995450615883 ], [ 8214210.411102883517742, 4769362.836212358437479 ], [ 8213932.619610610418022, 4769468.884432077407837 ], [ 8213518.057266233488917, 4769533.893739962950349 ], [ 8213209.449915035627782, 4769514.200649788603187 ], [ 8212894.526524750515819, 4769495.444036754779518 ], [ 8212521.84138598293066, 4769395.178792347200215 ], [ 8212292.24250736925751, 4769305.530510100536048 ], [ 8211863.989740424789488, 4769156.12715292070061 ], [ 8211817.091554272919893, 4769145.296131543815136 ], [ 8211728.369928914122283, 4769141.063611004501581 ], [ 8211594.036158354952931, 4769141.50533306133002 ], [ 8211357.425120374187827, 4769172.766035715118051 ], [ 8211327.288045578636229, 4769179.097494832240045 ], [ 8211286.792219137772918, 4769195.017088786698878 ], [ 8211152.173236422240734, 4769255.981966051273048 ], [ 8210649.925174528732896, 4769513.012714483775198 ], [ 8209827.446514938957989, 4769836.032221126370132 ], [ 8209536.756328523159027, 4769949.597647475078702 ], [ 8209107.361033003777266, 4770088.968350096605718 ], [ 8208697.330914460122585, 4770150.525804742239416 ], [ 8208331.272850004024804, 4770146.46887075714767 ], [ 8208020.372382005676627, 4770088.805027367547154 ], [ 8207768.610220871865749, 4770026.459940917789936 ], [ 8206917.917207855731249, 4769728.095806444063783 ], [ 8206633.584467157721519, 4769621.513415178284049 ], [ 8206245.867569207213819, 4769521.083826409652829 ], [ 8205931.116340825334191, 4769475.916100543923676 ], [ 8205681.250117626972497, 4769467.594375354237854 ], [ 8205440.428614257834852, 4769465.387905426323414 ], [ 8205377.410346367396414, 4769467.345073417760432 ], [ 8204977.317554541863501, 4769550.003405255265534 ], [ 8204644.752760076895356, 4769618.993281769566238 ], [ 8204331.937998162582517, 4769648.361816690303385 ], [ 8203736.135455002076924, 4769696.685366043820977 ], [ 8203118.303069650195539, 4769723.009778598323464 ], [ 8203118.303069650195539, 4769723.009778598323464 ], [ 8203008.933416059240699, 4767133.325902639888227 ], [ 8203008.933416059240699, 4767133.325902639888227 ], [ 8203577.539631690829992, 4767109.108045340515673 ], [ 8204107.935894320718944, 4767066.096533237956464 ], [ 8204262.385682286694646, 4767051.599882684648037 ], [ 8204455.937897923402488, 4767011.409617030061781 ], [ 8205075.020604699850082, 4766883.531166803091764 ], [ 8205412.184704303741455, 4766873.063498859293759 ], [ 8205735.704348548315465, 4766876.025474352762103 ], [ 8206157.176412368193269, 4766890.050593042746186 ], [ 8206752.428600937128067, 4766975.445718890056014 ], [ 8207409.539322727359831, 4767145.60768957901746 ], [ 8207795.220399438403547, 4767290.100658654235303 ], [ 8208505.036432998254895, 4767538.987197239883244 ], [ 8208542.054423032328486, 4767548.206607047468424 ], [ 8208671.063231227919459, 4767506.415263021364808 ], [ 8208889.150633867830038, 4767421.148154706694186 ], [ 8209591.171700550243258, 4767145.600615810602903 ], [ 8210034.869997854344547, 4766918.590899484232068 ], [ 8210284.948554653674364, 4766805.317614277824759 ], [ 8210587.274649750441313, 4766686.496447515673935 ], [ 8210924.004514150321484, 4766615.748546865768731 ], [ 8211420.7183359535411, 4766550.150666359812021 ], [ 8211785.42201884649694, 4766548.951627866365016 ], [ 8212170.339442623779178, 4766567.309780579060316 ], [ 8212578.89717607293278, 4766661.640247168019414 ], [ 8213184.021112992428243, 4766872.613195743411779 ], [ 8213315.405679536052048, 4766923.943193379789591 ], [ 8213326.777341389097273, 4766924.626743226312101 ], [ 8213974.585947873070836, 4766654.722591442987323 ], [ 8214397.855727083049715, 4766573.814935295842588 ], [ 8214741.396594050340354, 4766550.390705414116383 ], [ 8215083.442750195041299, 4766537.285610813647509 ], [ 8215423.383475540205836, 4766528.668700665235519 ], [ 8215770.46004862524569, 4766529.102067530155182 ], [ 8216436.07156459800899, 4766550.536619428545237 ], [ 8217129.351908490993083, 4766649.955521279014647 ], [ 8217325.921149065718055, 4766659.657443673349917 ], [ 8217566.616792991757393, 4766670.796921306289732 ], [ 8218515.723034252412617, 4766655.689624187536538 ], [ 8218592.566654605790973, 4766641.813839457929134 ], [ 8218774.020720070227981, 4766595.467899785377085 ], [ 8219238.391749861650169, 4766467.137314068153501 ], [ 8220143.769973575137556, 4766269.672201543115079 ], [ 8221174.588087379001081, 4766004.614592189900577 ], [ 8221999.693320143036544, 4765729.266223277896643 ], [ 8223002.037287203595042, 4765390.311091251671314 ], [ 8223274.107517554424703, 4765280.61952374689281 ], [ 8223495.68908071052283, 4765183.918196186423302 ], [ 8224699.463891007937491, 4764527.846004984341562 ], [ 8225333.421878004446626, 4764302.327062812633812 ], [ 8225659.005366427823901, 4764196.056586073711514 ], [ 8225892.445347323082387, 4764140.593096736818552 ], [ 8226059.01013776473701, 4764091.081928840838373 ], [ 8226735.784145879559219, 4763770.657131197862327 ], [ 8228403.225787322968245, 4763129.534521589055657 ], [ 8229563.843609811738133, 4762784.739306631498039 ], [ 8231225.672316231764853, 4762476.296469269320369 ], [ 8232934.138494686223567, 4762118.870651964098215 ], [ 8233192.8043606095016, 4762081.949890916235745 ], [ 8233767.922306036576629, 4762004.693239797838032 ], [ 8234159.897352392785251, 4761975.172298619523644 ], [ 8234501.888560727238655, 4761965.469823850318789 ], [ 8234904.68484131898731, 4761966.824572711251676 ], [ 8235309.674517231062055, 4761972.69009308423847 ], [ 8235608.652802844531834, 4761981.621266168542206 ], [ 8235898.234521366655827, 4761995.067993919365108 ], [ 8236245.023946151137352, 4762018.336533822119236 ], [ 8236783.089187672361732, 4762133.901675234548748 ], [ 8237407.588646148331463, 4762319.683893755078316 ], [ 8237564.007810326293111, 4762369.969320555217564 ], [ 8237848.905458041466773, 4762444.185157191939652 ], [ 8238317.178775285370648, 4762528.344862046651542 ], [ 8238806.143041300587356, 4762578.870270202867687 ], [ 8239205.87482975423336, 4762617.151292031630874 ], [ 8239447.317114125937223, 4762619.515951536595821 ], [ 8239621.333337057381868, 4762616.609756766818464 ], [ 8239795.221613432280719, 4762607.699815604835749 ], [ 8239999.505584115162492, 4762600.740953601896763 ], [ 8240552.36712153442204, 4762526.149689984507859 ], [ 8240956.837425136007369, 4762442.075033196248114 ], [ 8241212.478986491449177, 4762381.957962135784328 ], [ 8241853.280739795416594, 4762276.115035094320774 ], [ 8242070.534430435858667, 4762235.706948483362794 ], [ 8242316.707523815333843, 4762190.027050849981606 ], [ 8242537.093813738785684, 4762144.548417134210467 ], [ 8242733.409056308679283, 4762040.552339229732752 ], [ 8243005.406573728658259, 4761898.012031068094075 ], [ 8243217.867020064033568, 4761784.548678815364838 ], [ 8244083.932090928778052, 4761341.227985021658242 ], [ 8244527.925275638699532, 4761062.109032465144992 ], [ 8244808.90459700115025, 4760864.502894655801356 ], [ 8245052.927156660705805, 4760664.303534584119916 ], [ 8245188.102346231229603, 4760548.055145313031971 ], [ 8245311.500818733125925, 4760466.55354524590075 ], [ 8245393.111261396668851, 4760409.932229420170188 ], [ 8245531.350542639382184, 4760327.84311574883759 ], [ 8245643.165439940989017, 4760272.53681265655905 ], [ 8245833.541693608276546, 4760178.555733131244779 ], [ 8245978.474123313091695, 4760136.200098194181919 ], [ 8246098.05192119255662, 4760097.186545017175376 ], [ 8246195.033016676083207, 4760080.313674746081233 ], [ 8246313.202038526535034, 4760049.026920645497739 ], [ 8246466.94925063662231, 4760036.454226648434997 ], [ 8246615.114846131764352, 4760019.230469767935574 ], [ 8246864.326655031181872, 4760021.771173150278628 ], [ 8247208.291497766040266, 4760076.933911104686558 ], [ 8247733.183482960797846, 4760247.434512610547245 ], [ 8248612.575462818145752, 4760588.792490048334002 ], [ 8248958.2209392497316, 4760680.182625609450042 ], [ 8249029.284621570259333, 4760698.290945582091808 ], [ 8249213.356127301231027, 4760726.24040284473449 ], [ 8249960.419657732360065, 4760849.727750928141177 ], [ 8250148.097602209076285, 4760884.779908103868365 ], [ 8250822.551347685046494, 4760923.628298142924905 ], [ 8250988.93370268214494, 4760945.266431828960776 ], [ 8251401.356681778095663, 4760954.341226982884109 ], [ 8252243.912844530306756, 4760924.660915871150792 ], [ 8252951.631826282478869, 4760897.828399365767837 ], [ 8253338.374583916738629, 4760880.604155723005533 ], [ 8254341.913278639316559, 4760793.497158231213689 ], [ 8255105.357860180549324, 4760695.672123140655458 ], [ 8255983.965478388592601, 4760537.280449182726443 ], [ 8256453.688191123306751, 4760421.599989954382181 ], [ 8256809.213180283084512, 4760323.861606300808489 ], [ 8259108.556515706703067, 4759672.332395904697478 ], [ 8260392.06195723079145, 4759326.046325961127877 ], [ 8261466.675898356363177, 4759032.789540523663163 ], [ 8262667.630347172729671, 4758740.043941584415734 ], [ 8263370.655307034030557, 4758595.682126523926854 ], [ 8264474.685292438603938, 4758307.549789917655289 ], [ 8265259.433035680092871, 4758067.35153232794255 ], [ 8265971.38173177279532, 4757968.184316286817193 ], [ 8266218.862667457200587, 4757922.185535592027009 ], [ 8266920.693228526040912, 4757777.42880820389837 ], [ 8267262.407142251729965, 4757724.508427255786955 ], [ 8267590.317336203530431, 4757673.600005861371756 ], [ 8269859.193530672229826, 4757237.368526518344879 ], [ 8269908.231774502433836, 4757231.362184586003423 ], [ 8269962.711417507380247, 4757224.6845329599455 ], [ 8271614.939410679973662, 4757022.012053742073476 ], [ 8272319.16135479696095, 4756880.831251648254693 ], [ 8272380.176760848611593, 4756868.550011208280921 ], [ 8274313.41857335716486, 4756454.590382832102478 ], [ 8275768.313962026499212, 4756191.380067781545222 ], [ 8276405.647964081726968, 4756125.144276823848486 ], [ 8277672.470151806250215, 4755954.947168565355241 ], [ 8278084.59251448046416, 4755915.083548582158983 ], [ 8278797.914249481633306, 4755862.167723399586976 ], [ 8279225.361146660521626, 4755830.044213395565748 ], [ 8279682.149410386569798, 4755822.271448960527778 ], [ 8280254.088202882558107, 4755835.446474552154541 ], [ 8280859.181359460577369, 4755838.065568540245295 ], [ 8280935.630517588928342, 4755833.483986765146255 ], [ 8281022.478457464836538, 4755823.212296758778393 ], [ 8281205.4623720087111, 4755787.50259290728718 ], [ 8281514.937178586609662, 4755720.180334139615297 ], [ 8282442.880009901709855, 4755563.780423695221543 ], [ 8283229.310107942670584, 4755453.527325043454766 ], [ 8283534.945940255187452, 4755377.097033933736384 ], [ 8283758.543877088464797, 4755305.626767625100911 ], [ 8284147.672009478323162, 4755205.86863265093416 ], [ 8284552.928374071605504, 4755096.87915766146034 ], [ 8284943.684263095259666, 4754960.313024981878698 ], [ 8285353.531882472336292, 4754861.927706949412823 ], [ 8286828.113062188960612, 4754436.133728767745197 ], [ 8288148.835011324845254, 4754023.205269663594663 ], [ 8288754.510722952894866, 4753816.612924157641828 ], [ 8289786.387200601398945, 4753464.578573864884675 ], [ 8289791.227028053253889, 4753462.770790581591427 ], [ 8290266.244068970903754, 4753276.685037528164685 ], [ 8291373.850955851376057, 4752842.974623534828424 ], [ 8291840.152874808758497, 4752647.775535297580063 ], [ 8291840.152874808758497, 4752647.775535297580063 ], [ 8292832.268031383864582, 4755037.095183038152754 ] ] ] ] } },
{ "type": "Feature", "properties": { "layer": "LDZOFBB009" }, "geometry": { "type": "MultiPolygon", "coordinates": [ [ [ [ 8182940.352329042740166, 4764386.95011027995497 ], [ 8182940.472354207187891, 4764386.953082649037242 ], [ 8182940.463651767000556, 4764386.950111125595868 ], [ 8182940.352329042740166, 4764386.95011027995497 ] ] ], [ [ [ 8183317.208296590484679, 4764549.993815379217267 ], [ 8183705.918609599582851, 4765169.150885221548378 ], [ 8184258.449302726425231, 4766649.944280292838812 ], [ 8184365.051612274721265, 4767014.061430845409632 ], [ 8185230.150493557564914, 4767082.370019243098795 ], [ 8185450.035477604717016, 4767085.175238088704646 ], [ 8185696.819362212903798, 4767097.587462906725705 ], [ 8185805.894658005796373, 4767112.334716492332518 ], [ 8185965.277482914738357, 4767151.97999956831336 ], [ 8186858.673854464665055, 4767475.862598286010325 ], [ 8187120.037286679260433, 4767578.846307841129601 ], [ 8188292.291925015859306, 4767957.511834124103189 ], [ 8188537.076064915396273, 4768040.215369866229594 ], [ 8188846.152308792807162, 4768132.935926713980734 ], [ 8189191.958980617113411, 4768212.440748061053455 ], [ 8189941.812765399925411, 4768299.785064558498561 ], [ 8190318.347525531426072, 4768318.136704975739121 ], [ 8190629.557605768553913, 4768321.229090007022023 ], [ 8191096.063969274051487, 4768310.032705544494092 ], [ 8191416.273862383328378, 4768256.116969326511025 ], [ 8191583.905787243507802, 4768250.220269446261227 ], [ 8191875.965663775801659, 4768245.635634829290211 ], [ 8192254.263291276060045, 4768242.405033669434488 ], [ 8192634.763084251433611, 4768243.250454663299024 ], [ 8192975.445437118411064, 4768247.436676159501076 ], [ 8193257.416664682328701, 4768264.353326274082065 ], [ 8194352.278199196793139, 4768365.806197742000222 ], [ 8194602.386825680732727, 4768411.774195047095418 ], [ 8194854.972877979278564, 4768446.114613394252956 ], [ 8194986.649006164632738, 4768457.762036993168294 ], [ 8195213.124354939907789, 4765876.112434691749513 ], [ 8195213.235677666962147, 4765876.112435533665121 ], [ 8195141.522276890464127, 4765869.78112336806953 ], [ 8195008.228265940211713, 4765851.649407565593719 ], [ 8194703.752769567072392, 4765795.743730080313981 ], [ 8193453.182731600478292, 4765679.883496741764247 ], [ 8193068.358346324414015, 4765656.804058677516878 ], [ 8192653.511670108884573, 4765651.711299666203558 ], [ 8192246.024501278996468, 4765650.809061186388135 ], [ 8191844.926591135561466, 4765654.237907594069839 ], [ 8191518.43389683123678, 4765659.359961302019656 ], [ 8191156.648366873152554, 4765672.090464293956757 ], [ 8190850.435613607056439, 4765723.60599778406322 ], [ 8190611.376141968183219, 4765729.341857302002609 ], [ 8190393.588989692740142, 4765727.179722301661968 ], [ 8190153.18195332121104, 4765715.467593532986939 ], [ 8189629.918887066654861, 4765654.537237574346364 ], [ 8189504.407671600580215, 4765625.637586954981089 ], [ 8189318.378066906705499, 4765569.8457300523296 ], [ 8189098.898769882507622, 4765495.787602618336678 ], [ 8187987.614052922464907, 4765136.853739750571549 ], [ 8187768.499895170331001, 4765050.541014361195266 ], [ 8186715.909089629538357, 4764669.050506670027971 ], [ 8186289.900344585999846, 4764563.114387836307287 ], [ 8185933.850001164712012, 4764515.020759028382599 ], [ 8185531.002893272787333, 4764494.762480424717069 ], [ 8185349.558113241568208, 4764492.452032420784235 ], [ 8184657.835249551571906, 4764436.828379045240581 ], [ 8184447.412113943137228, 4764424.271824185736477 ], [ 8182940.472354207187891, 4764386.953082649037242 ], [ 8183140.967052537016571, 4764455.413956422358751 ], [ 8183317.208296590484679, 4764549.993815379217267 ] ] ] ] } },
{ "type": "Feature", "properties": { "layer": "LDZOFBB009" }, "geometry": { "type": "MultiPolygon", "coordinates": [ [ [ [ 8344812.351235617883503, 4761298.993306211195886 ], [ 8344812.239912861026824, 4761298.993305419571698 ], [ 8344812.311544479802251, 4761299.046807895414531 ], [ 8344812.351235617883503, 4761298.993306211195886 ] ] ], [ [ [ 8344530.04286143463105, 4761665.624701723456383 ], [ 8344340.714388436637819, 4761897.372110502794385 ], [ 8344155.316462918184698, 4762289.126196382567286 ], [ 8344032.235010635107756, 4762472.995674845762551 ], [ 8343885.234997532330453, 4762728.581294653937221 ], [ 8343769.17596535012126, 4762879.977258646860719 ], [ 8343337.253726284019649, 4763506.457256198860705 ], [ 8342906.638951661996543, 4764122.392260141670704 ], [ 8342786.298912908881903, 4764302.442423393949866 ], [ 8342738.397658728063107, 4764367.223112761043012 ], [ 8342701.60053460393101, 4764417.314155704341829 ], [ 8342697.611545156687498, 4764421.846352389082313 ], [ 8342682.703591304831207, 4764435.45542783010751 ], [ 8342519.074268051423132, 4764571.566550189629197 ], [ 8342356.287485017441213, 4764725.010029996745288 ], [ 8341963.292566271498799, 4765082.036218089051545 ], [ 8341738.009810298681259, 4765320.193138599395752 ], [ 8341404.447752103209496, 4765671.499714118428528 ], [ 8341001.214638628996909, 4766142.524075425229967 ], [ 8340910.212173933163285, 4766267.759271247312427 ], [ 8340891.687909583561122, 4766294.762731734663248 ], [ 8340873.329277693293989, 4766317.262806352227926 ], [ 8340758.554955123923719, 4766462.972247914411128 ], [ 8340404.55958853289485, 4766836.801411036401987 ], [ 8340404.448265775106847, 4766836.801410240121186 ], [ 8342275.690050545148551, 4768622.81846315972507 ], [ 8342710.657056807540357, 4768163.307029517367482 ], [ 8342879.801949269138277, 4767948.486077935434878 ], [ 8342952.796388915739954, 4767860.060884241946042 ], [ 8343016.716002440080047, 4767766.841900723986328 ], [ 8343026.475004483014345, 4767753.406050455756485 ], [ 8343319.26089334115386, 4767411.167881455272436 ], [ 8343608.321395150385797, 4767106.514450441114604 ], [ 8343767.512511917389929, 4766938.164870799519122 ], [ 8344106.44601191394031, 4766630.317851050756872 ], [ 8344227.589658748358488, 4766515.931817260570824 ], [ 8344374.849882607348263, 4766393.561552121303976 ], [ 8344552.116923467256129, 4766231.682203995995224 ], [ 8344722.15575909242034, 4766032.864603636786342 ], [ 8344814.265768592245877, 4765907.42423945851624 ], [ 8344896.187852783128619, 4765796.328279284760356 ], [ 8345034.638699343428016, 4765589.087170021608472 ], [ 8345454.644465716555715, 4764988.369000487029552 ], [ 8345855.027871693484485, 4764407.376185243017972 ], [ 8346035.248620945960283, 4764171.728844536468387 ], [ 8346222.595889927819371, 4763845.830649522133172 ], [ 8346338.642997161485255, 4763672.701800302602351 ], [ 8346434.185016705654562, 4763511.222207471728325 ], [ 8346525.627922390587628, 4763317.889017723500729 ], [ 8346557.844587523490191, 4763283.698239984922111 ], [ 8346882.528021502308547, 4762845.433879100717604 ], [ 8344812.311544479802251, 4761299.046807895414531 ], [ 8344578.498473520390689, 4761614.220158244483173 ], [ 8344530.04286143463105, 4761665.624701723456383 ] ] ] ] } },
{ "type": "Feature", "properties": { "layer": "LDZOFBB009" }, "geometry": { "type": "MultiPolygon", "coordinates": [ [ [ [ 8310156.950980864465237, 4743906.071808950975537 ], [ 8312094.456682573072612, 4745610.471394080668688 ], [ 8312094.456682573072612, 4745610.471394080668688 ], [ 8311902.8873979030177, 4745830.047295931726694 ], [ 8311727.783386799506843, 4746023.208759476430714 ], [ 8311384.412151767872274, 4746331.977267797105014 ], [ 8311354.617398865520954, 4746356.962109159678221 ], [ 8310839.667831785045564, 4746788.757003433071077 ], [ 8310315.911090168170631, 4747231.403984358534217 ], [ 8309848.596641136333346, 4747626.41175365075469 ], [ 8308967.848337707109749, 4748137.315386930480599 ], [ 8308286.345560915768147, 4748530.525216102600098 ], [ 8307708.478224974125624, 4748863.891613074578345 ], [ 8307291.340651020407677, 4749104.506865876726806 ], [ 8307005.743550357408822, 4749249.146941308863461 ], [ 8306642.008038462139666, 4749423.272732820361853 ], [ 8305780.350515204481781, 4749819.627896246500313 ], [ 8305238.994937068782747, 4750036.032521183602512 ], [ 8304945.835502864792943, 4750164.100779592990875 ], [ 8304642.272363887168467, 4750415.841781546361744 ], [ 8303984.963841901160777, 4750813.570671235211194 ], [ 8303529.674877997487783, 4750925.680111078545451 ], [ 8302492.871855175122619, 4751213.221787137910724 ], [ 8301432.094761120155454, 4751597.083719528280199 ], [ 8300813.966032458469272, 4751831.281149200163782 ], [ 8300550.283517120406032, 4751931.172262771986425 ], [ 8299902.944542031735182, 4752278.294229510240257 ], [ 8298876.469601586461067, 4752565.079842961393297 ], [ 8298565.632451343350112, 4752682.765032733790576 ], [ 8298345.452799747698009, 4752766.119967443868518 ], [ 8297667.148505000397563, 4753022.875543830916286 ], [ 8296787.506117793731391, 4753355.764553335495293 ], [ 8294862.971419016830623, 4754173.25656103156507 ], [ 8294652.235124374739826, 4754265.822030615992844 ], [ 8294652.235124374739826, 4754265.822030615992844 ], [ 8293619.096491452306509, 4751894.301439172588289 ], [ 8293619.096491452306509, 4751894.301439172588289 ], [ 8293771.495043253526092, 4751827.428310030139983 ], [ 8294567.492442823946476, 4751429.673788707703352 ], [ 8294636.431179052218795, 4751403.605261632241309 ], [ 8295878.6608244497329, 4750933.775030083954334 ], [ 8296758.121547194197774, 4750601.043108994141221 ], [ 8297436.063151612877846, 4750344.408696485683322 ], [ 8297656.419997038319707, 4750261.093100151978433 ], [ 8298074.898509057238698, 4750102.693619070574641 ], [ 8298939.004134466871619, 4749861.351812817156315 ], [ 8299483.964518990367651, 4749569.197193718515337 ], [ 8299904.178337641060352, 4749410.011068062856793 ], [ 8300540.261118398979306, 4749169.074583863839507 ], [ 8301711.803580232895911, 4748745.237194975838065 ], [ 8302879.570105666294694, 4748421.461457299999893 ], [ 8302990.458562162704766, 4748394.138470178470016 ], [ 8303148.572545814327896, 4748298.559257048182189 ], [ 8303584.749651715159416, 4747936.853389772586524 ], [ 8304248.320126308128238, 4747647.156905941665173 ], [ 8304766.697326833382249, 4747439.996334824711084 ], [ 8305550.910072322934866, 4747079.311120214872062 ], [ 8305871.112780101597309, 4746926.1210643267259 ], [ 8306068.665163660421968, 4746826.099568493664265 ], [ 8306425.003429514355958, 4746620.54868798982352 ], [ 8307002.78417604137212, 4746287.328679027035832 ], [ 8307681.790510852821171, 4745895.736919138580561 ], [ 8308363.325639707036316, 4745500.516057618893683 ], [ 8308657.041282659396529, 4745252.323917623609304 ], [ 8309184.75898499507457, 4744806.476159607060254 ], [ 8309981.61968266684562, 4744107.086571865715086 ], [ 8310156.950980864465237, 4743906.071808950975537 ] ] ] ] } },
{ "type": "Feature", "properties": { "layer": "LDZOFBB010" }, "geometry": { "type": "MultiPolygon", "coordinates": [ [ [ [ 8231971.030945853330195, 4811298.567419862374663 ], [ 8231742.306442890316248, 4811731.950788871385157 ], [ 8231597.303937399759889, 4812083.015211482532322 ], [ 8231534.437980083748698, 4812289.258375506848097 ], [ 8231512.963131372816861, 4812516.174541096203029 ], [ 8231491.853761767968535, 4812722.917323557659984 ], [ 8231469.859058174304664, 4812929.002893996424973 ], [ 8231428.251400386914611, 4813073.67288129683584 ], [ 8231324.389383246190846, 4813321.115294182673097 ], [ 8231199.660697936080396, 4813651.63805219437927 ], [ 8231095.270244655199349, 4813899.081955594941974 ], [ 8230949.920121383853257, 4814250.211695280857384 ], [ 8230908.30685880035162, 4814394.247235232032835 ], [ 8230887.180567042902112, 4814518.343951511196792 ], [ 8230844.711347431875765, 4814765.890817895531654 ], [ 8230802.97741368971765, 4814951.601619312539697 ], [ 8230656.899917125701904, 4815385.442815801128745 ], [ 8230635.545570326969028, 4815509.551065130159259 ], [ 8230634.800879870541394, 4815736.779907075688243 ], [ 8230655.152230230160058, 4815942.778457405045629 ], [ 8230674.798233278095722, 4816066.727082133293152 ], [ 8230694.957991954870522, 4816232.361025507561862 ], [ 8230671.376748029142618, 4816851.995659539476037 ], [ 8230650.875815256498754, 4816996.319348042830825 ], [ 8230588.147696222178638, 4817223.49574551358819 ], [ 8230525.082766061648726, 4817388.809917634353042 ], [ 8230275.474119734019041, 4818111.328883404843509 ], [ 8230191.485345492139459, 4818359.115411603823304 ], [ 8230149.875676709227264, 4818503.857516749761999 ], [ 8229962.160526431165636, 4818978.376970834098756 ], [ 8229816.78816088475287, 4819226.101112294942141 ], [ 8229464.171705129556358, 4819742.312288075685501 ], [ 8229319.185421755537391, 4820010.893066014163196 ], [ 8229235.946074691601098, 4820196.844197510741651 ], [ 8229173.058485979214311, 4820403.237208658829331 ], [ 8229131.34120817668736, 4820650.930941560305655 ], [ 8229110.2146564302966, 4820816.141685762442648 ], [ 8229087.266067768447101, 4821229.543531022034585 ], [ 8229066.027372308075428, 4821394.763621119782329 ], [ 8228992.979066819883883, 4821542.982180403545499 ], [ 8228992.867744067683816, 4821542.982179561629891 ], [ 8228952.068600165657699, 4821717.386633398011327 ], [ 8228960.233460615389049, 4821843.801089538261294 ], [ 8228986.240403393283486, 4822096.752048552036285 ], [ 8229003.036323633976281, 4822310.729109399951994 ], [ 8228989.754195685498416, 4822611.804778692312539 ], [ 8228938.574884825386107, 4822844.408098468557 ], [ 8228906.632751859724522, 4823086.966444338671863 ], [ 8228823.153227468952537, 4823591.300556718371809 ], [ 8228761.003900821320713, 4823930.697827385738492 ], [ 8228640.89339658152312, 4824259.685977020300925 ], [ 8228590.280223983339965, 4824443.735757414251566 ], [ 8228558.323899758048356, 4824686.331529216840863 ], [ 8228546.191911404952407, 4824890.294383976608515 ], [ 8228534.877351433970034, 4825026.232811111956835 ], [ 8228562.515324575826526, 4825143.205253284424543 ], [ 8228648.466871509328485, 4825241.445091595873237 ], [ 8228735.206700537353754, 4825359.364401385188103 ], [ 8228789.862383441068232, 4825412.270922913216054 ], [ 8228825.085302196443081, 4825458.411665593273938 ], [ 8228910.76369224768132, 4825521.270836230367422 ], [ 8228956.884293650276959, 4825602.889853656291962 ], [ 8229009.490603979676962, 4825704.853447663597763 ], [ 8229061.855476811528206, 4825827.080724705010653 ], [ 8229113.898145519196987, 4825976.327010926790535 ], [ 8229165.883779568597674, 4826148.774466130882502 ], [ 8229174.234790088608861, 4826244.168691951781511 ], [ 8229165.645400342531502, 4826347.009338641539216 ], [ 8229153.316988628357649, 4826405.917681191116571 ], [ 8229082.596626792103052, 4826478.925720539875329 ], [ 8228924.407108545303345, 4826498.451519189402461 ], [ 8228876.955683790147305, 4826497.87828282918781 ], [ 8228695.664859376847744, 4826474.250960790552199 ], [ 8228553.72561527043581, 4826421.409983445890248 ], [ 8228350.201642584986985, 4826408.717558166012168 ], [ 8228218.201238604262471, 4826376.441842804662883 ], [ 8228106.072469199076295, 4826385.303123370744288 ], [ 8227983.761448065750301, 4826394.039206030778587 ], [ 8227840.715276279486716, 4826433.194894178770483 ], [ 8227735.340110005810857, 4826712.7321946779266 ], [ 8227517.129880279302597, 4827083.630834067240357 ], [ 8227403.007612741552293, 4827256.06354016251862 ], [ 8227319.183559680357575, 4827449.320046111010015 ], [ 8227203.31440544128418, 4827764.895454216748476 ], [ 8227107.929721798747778, 4828070.504304849542677 ], [ 8227052.279598707333207, 4828458.420614019967616 ], [ 8227038.734821744263172, 4828734.373557901009917 ], [ 8226983.825214708223939, 4829060.961256835609674 ], [ 8226910.910558371804655, 4829193.01909663528204 ], [ 8226767.944678925909102, 4829221.943105457350612 ], [ 8226524.001479629427195, 4829178.030794362537563 ], [ 8226055.237069169059396, 4829192.697241386398673 ], [ 8225796.745920611545444, 4829209.844116806052625 ], [ 8225202.609515866264701, 4829248.903395746834576 ], [ 8225202.609515866264701, 4829248.903395746834576 ], [ 8225200.410528442822397, 4829257.542641132138669 ], [ 8225002.516148760914803, 4829217.259869869798422 ], [ 8224771.470685069449246, 4829218.938190338201821 ], [ 8224548.939179006963968, 4829195.290203047916293 ], [ 8224341.731204392388463, 4829163.353705180808902 ], [ 8224119.186297668144107, 4829114.920696491375566 ], [ 8223920.462548027746379, 4829083.082293393090367 ], [ 8223681.775248430669308, 4829076.163328997790813 ], [ 8223459.254281444475055, 4829094.21812014002353 ], [ 8223252.868164801038802, 4829178.32253417186439 ], [ 8223113.593093513511121, 4829328.473113987594843 ], [ 8222991.268129295669496, 4829486.010969011113048 ], [ 8222909.737497886642814, 4829668.844135172665119 ], [ 8222844.298500238917768, 4829859.708602360449731 ], [ 8222870.647170444019139, 4830075.215362011454999 ], [ 8222863.840298662893474, 4830274.004369540140033 ], [ 8222848.54268962610513, 4830473.341555239632726 ], [ 8222767.001102362759411, 4830656.191241949796677 ], [ 8222602.237231387756765, 4830781.253161509521306 ], [ 8222379.688247129321098, 4830824.065704637207091 ], [ 8222132.544552878476679, 4830850.257031564600766 ], [ 8221934.669631149619818, 4830826.209191457368433 ], [ 8221711.25852894410491, 4830827.913993271999061 ], [ 8221397.884019507095218, 4830846.06522499024868 ], [ 8221134.570632728748024, 4830888.978541182354093 ], [ 8220903.569418448954821, 4830890.567480666562915 ], [ 8220664.056595834903419, 4830834.004713984206319 ], [ 8220539.198621637187898, 4830668.717259484343231 ], [ 8220373.586180117912591, 4830528.986302656121552 ], [ 8220309.048449080437422, 4830402.301377738825977 ], [ 8220273.354904448613524, 4830125.367536270059645 ], [ 8220202.033081539906561, 4830002.511343673802912 ], [ 8220056.797094655223191, 4830024.753101149573922 ], [ 8219813.041087623685598, 4830094.615531585179269 ], [ 8219569.283080184832215, 4830164.472415944561362 ], [ 8219446.966907526366413, 4830284.812111834064126 ], [ 8219445.280369098298252, 4830430.851806445047259 ], [ 8219491.128878610208631, 4830576.861281350255013 ], [ 8219515.74277416523546, 4830707.598000951111317 ], [ 8219599.811226538382471, 4830905.624545645900071 ], [ 8219584.532550944946706, 4831129.749236909672618 ], [ 8219602.347318834625185, 4831328.225003259256482 ], [ 8219611.710272252559662, 4831527.246703890152276 ], [ 8219596.391685801558197, 4831751.384701530449092 ], [ 8219597.252118919044733, 4831958.129971757531166 ], [ 8219581.947574083693326, 4832165.321057208813727 ], [ 8219566.662937824614346, 4832364.690337382256985 ], [ 8219501.267058213241398, 4832580.367623351514339 ], [ 8219428.204469228163362, 4832779.643604920245707 ], [ 8219404.431392571888864, 4832978.914012025110424 ], [ 8219364.499166410416365, 4833177.977384647354484 ], [ 8219307.577873538248241, 4833393.781348649412394 ], [ 8219209.899793183431029, 4833567.96401101257652 ], [ 8219112.214949388056993, 4833792.374281817115843 ], [ 8219071.473454469814897, 4833999.921746282838285 ], [ 8219040.015411001630127, 4834199.114781938493252 ], [ 8219090.151012673974037, 4834397.422485183924437 ], [ 8219124.934923253953457, 4834620.974161968566477 ], [ 8219233.65853370539844, 4834861.15372852422297 ], [ 8219276.118720773607492, 4835060.025603822432458 ], [ 8219310.093081335537136, 4835258.790390139445662 ], [ 8219401.814269843511283, 4835448.527085251174867 ], [ 8219435.76831846870482, 4835680.571475624106824 ], [ 8219544.495159088633955, 4835887.499621734023094 ], [ 8219627.731095311231911, 4836077.787899984046817 ], [ 8219670.170708219520748, 4836276.029454958625138 ], [ 8219696.49418418481946, 4836483.199227634817362 ], [ 8219705.834203200414777, 4836690.804470300674438 ], [ 8219756.797632480040193, 4836905.48086345102638 ], [ 8219749.164532766677439, 4837163.116241095587611 ], [ 8219733.845158815383911, 4837386.727213268168271 ], [ 8219744.060048919171095, 4837602.192790455184877 ], [ 8219670.151396612636745, 4837801.558637981303036 ], [ 8219713.441074825823307, 4838091.855797484517097 ], [ 8219681.169034119695425, 4838291.121138821355999 ], [ 8219772.885072258301079, 4838480.911629508249462 ], [ 8219848.469383335672319, 4838671.147535105235875 ], [ 8219890.968006088398397, 4838878.576592897064984 ], [ 8219941.9131118953228, 4839076.982844905927777 ], [ 8220009.006978063844144, 4839267.771032649092376 ], [ 8220067.587056892924011, 4839482.599857496097684 ], [ 8220143.184235552325845, 4839672.852673221379519 ], [ 8220152.535284273326397, 4839880.523431527428329 ], [ 8220211.127805450931191, 4840079.047400338575244 ], [ 8220228.951990216970444, 4840294.668904541060328 ], [ 8220288.401143477298319, 4840493.211719303391874 ], [ 8220346.992647052742541, 4840692.399712647311389 ], [ 8220414.105967842042446, 4840898.881948057562113 ], [ 8220465.062670146115124, 4841097.978329450823367 ], [ 8220565.256249241530895, 4841279.438455662690103 ], [ 8220648.49278399720788, 4841461.987028982490301 ], [ 8220707.9447828149423, 4841652.064154958352447 ], [ 8220708.803534165024757, 4841851.178959262557328 ], [ 8220702.008333103731275, 4842067.171994174830616 ], [ 8220793.715161901898682, 4842249.190405500121415 ], [ 8220876.93890924192965, 4842455.909768372774124 ], [ 8221018.770623807795346, 4842596.144958359189332 ], [ 8221151.26731918938458, 4842761.068589966744184 ], [ 8221317.718377173878253, 4842893.133775612339377 ], [ 8221467.228575092740357, 4843024.980091803707182 ], [ 8221674.465437625534832, 4843181.724171543493867 ], [ 8221799.286140162497759, 4843338.062549221329391 ], [ 8221941.125885587185621, 4843511.595608926378191 ], [ 8221991.253505337052047, 4843718.560548048466444 ], [ 8222149.197813102975488, 4843850.515523238107562 ], [ 8222298.703651256859303, 4844007.173829727806151 ], [ 8222481.300449253991246, 4844106.14168222155422 ], [ 8222679.206376210786402, 4844113.235426939092577 ], [ 8222804.046160333789885, 4844270.228973058052361 ], [ 8223011.276143386028707, 4844302.247528186999261 ], [ 8223210.023955152370036, 4844375.291288148611784 ], [ 8223416.417809095233679, 4844432.104090949520469 ], [ 8223648.255537899211049, 4844505.559070310555398 ], [ 8223855.49825887940824, 4844579.351779850199819 ], [ 8224071.246687901206315, 4844668.919616644270718 ], [ 8224162.956550349481404, 4844850.954400938004255 ], [ 8224196.951252491213381, 4845074.711264971643686 ], [ 8224264.855766566470265, 4845265.595181210897863 ], [ 8224331.958020401187241, 4845455.819137276150286 ], [ 8224399.079201859422028, 4845654.536176649853587 ], [ 8224474.65794600173831, 4845853.362936707213521 ], [ 8224648.774300779215991, 4845984.856470238417387 ], [ 8224839.024034560658038, 4846058.426492873579264 ], [ 8225070.851735150441527, 4846123.370094860903919 ], [ 8225269.60815268009901, 4846163.731752349995077 ], [ 8225476.845810703001916, 4846195.705115973949432 ], [ 8225667.103183899074793, 4846252.933597091585398 ], [ 8225881.994494931772351, 4846284.3409095518291 ], [ 8226080.715239665471017, 4846308.35910735744983 ], [ 8226287.112851432524621, 4846290.0171277243644 ], [ 8226518.120691756717861, 4846197.522506051696837 ], [ 8226732.191623534075916, 4846146.611878557130694 ], [ 8226930.937228714115918, 4846178.450053569860756 ], [ 8227105.046866020187736, 4846293.577379620634019 ], [ 8227246.86253902874887, 4846450.105102801695466 ], [ 8227305.462460255250335, 4846649.370886335149407 ], [ 8227356.431101027876139, 4846847.893502542749047 ], [ 8227423.52074976451695, 4847038.126646531745791 ], [ 8227516.088232412002981, 4847253.495227553881705 ], [ 8227616.321586064063013, 4847427.158515979535878 ], [ 8227765.780476323328912, 4847558.969369429163635 ], [ 8227866.021189752966166, 4847732.635532134212554 ], [ 8227925.440743243321776, 4847939.771599526517093 ], [ 8227960.255359450355172, 4848147.264331995509565 ], [ 8227985.760664386674762, 4848354.647557768039405 ], [ 8228020.564879112876952, 4848569.987444503232837 ], [ 8228046.013843225315213, 4848768.886209328658879 ], [ 8228089.353706710040569, 4848968.007157579995692 ], [ 8228090.192474435083568, 4849184.252017484046519 ], [ 8228108.039756349287927, 4849383.070021980442107 ], [ 8228158.973729900084436, 4849590.135211445391178 ], [ 8228243.054676876403391, 4849780.622040981426835 ], [ 8228260.897970233112574, 4849980.10486422944814 ], [ 8228344.949389925226569, 4850186.931592959910631 ], [ 8228429.022722720168531, 4850402.255861656740308 ], [ 8228471.50844292063266, 4850626.225468913093209 ], [ 8228522.477663149125874, 4850824.820799604058266 ], [ 8228573.400623630732298, 4851024.072640622965991 ], [ 8228649.00119845289737, 4851214.480187592096627 ], [ 8228682.967358919791877, 4851413.533181186765432 ], [ 8228693.15991036221385, 4851637.785560114309192 ], [ 8228744.118073601275682, 4851844.894574937410653 ], [ 8228704.172887188382447, 4852077.696336376480758 ], [ 8228672.747000662609935, 4852302.111486307345331 ], [ 8228574.22636276204139, 4852476.703518841415644 ], [ 8228468.045775937847793, 4852651.857876766473055 ], [ 8228361.049175803549588, 4852827.004186980426311 ], [ 8228171.623966419138014, 4852927.951771681196988 ], [ 8227990.740981283597648, 4853012.009243374690413 ], [ 8227792.823484438471496, 4853088.013180097565055 ], [ 8227602.592334539629519, 4853164.107939675450325 ], [ 8227446.297922127880156, 4853289.632351191714406 ], [ 8227323.140419364906847, 4853456.737304257228971 ], [ 8227299.353646127507091, 4853655.783122304826975 ], [ 8227267.927174185402691, 4853863.889128187671304 ], [ 8227269.591218548826873, 4854071.098977142013609 ], [ 8227287.438661966472864, 4854279.165647358633578 ], [ 8227338.40552881360054, 4854494.179872818291187 ], [ 8227405.496674445457757, 4854685.211728894151747 ], [ 8227481.059666036628187, 4854875.697101172059774 ], [ 8227548.160256207920611, 4855083.077043542638421 ], [ 8227649.243843010626733, 4855256.886084787547588 ], [ 8227757.093757298775017, 4855430.126292743720114 ], [ 8227865.792292213998735, 4855604.032414902001619 ], [ 8227983.022027005441487, 4855769.546405798755586 ], [ 8228083.230590206570923, 4855959.695352768525481 ], [ 8228191.919637314975262, 4856142.105563335120678 ], [ 8228300.634683107025921, 4856316.019508800469339 ], [ 8228433.995086280629039, 4856464.738935937173665 ], [ 8228534.219082340598106, 4856654.896736798807979 ], [ 8228626.774570883251727, 4856853.46305515896529 ], [ 8228710.855149323120713, 4857036.238383214920759 ], [ 8228835.718470991589129, 4857226.049606713466346 ], [ 8228912.121057609096169, 4857425.082296812906861 ], [ 8229020.869001568295062, 4857615.356857598759234 ], [ 8229096.423822495155036, 4857814.385592272505164 ], [ 8229172.042018220759928, 4858004.918323296122253 ], [ 8229264.582005631178617, 4858203.505294195376337 ], [ 8229347.838057612068951, 4858402.636981599032879 ], [ 8229440.418244930915534, 4858584.883293634280562 ], [ 8229515.988510953262448, 4858783.928295914083719 ], [ 8229633.188300471752882, 4858974.324043340049684 ], [ 8229725.778879576362669, 4859156.57823371514678 ], [ 8229817.484511766582727, 4859355.172849305905402 ], [ 8229910.049533307552338, 4859553.780902564525604 ], [ 8230002.631055219098926, 4859744.544577623717487 ], [ 8230144.456848710775375, 4859909.743403006345034 ], [ 8230302.438394453376532, 4860041.783199378289282 ], [ 8230476.550943912006915, 4860173.361486024223268 ], [ 8230610.718613629229367, 4860346.971133046783507 ], [ 8230719.448155546560884, 4860537.282468053512275 ], [ 8230852.790741967968643, 4860719.3877506935969 ], [ 8230986.126446823589504, 4860868.138153302483261 ], [ 8231086.350449999794364, 4861042.002511965110898 ], [ 8231236.690847079269588, 4861223.660363357514143 ], [ 8231370.041623286902905, 4861389.41932843066752 ], [ 8231520.341417607851326, 4861554.726471441797912 ], [ 8231637.577594908885658, 4861744.497674765996635 ], [ 8231779.407388920895755, 4861893.353469567373395 ], [ 8231962.848558812402189, 4862049.897247310727835 ], [ 8232153.103026492521167, 4862115.596634935587645 ], [ 8232351.824633363634348, 4862122.521090283989906 ], [ 8232559.069517504423857, 4862145.895092234946787 ], [ 8232757.824946440756321, 4862202.525719036348164 ], [ 8232925.115407626144588, 4862359.520881342701614 ], [ 8233016.860287021845579, 4862541.796219904907048 ], [ 8233117.910390664823353, 4862715.67890783958137 ], [ 8233202.006756650283933, 4862897.869405698031187 ], [ 8233286.071617379784584, 4863097.071077863685787 ], [ 8233354.005290981382132, 4863303.937825770117342 ], [ 8233421.113623092882335, 4863494.443313547410071 ], [ 8233480.5508535169065, 4863693.367342803627253 ], [ 8233548.517682706937194, 4863883.889408390969038 ], [ 8233615.623519878834486, 4864099.920536196790636 ], [ 8233708.18485364690423, 4864298.587431808002293 ], [ 8233784.590594676323235, 4864489.217795013450086 ], [ 8233860.215218232944608, 4864730.222853149287403 ], [ 8233961.251530596986413, 4864911.986548088490963 ], [ 8234062.337708242237568, 4865135.629718931391835 ], [ 8234154.90867215860635, 4865359.832287828437984 ], [ 8234263.595950131304562, 4865575.065134215168655 ], [ 8234364.655633403919637, 4865773.853834219276905 ], [ 8234407.905506075359881, 4865961.696318029426038 ], [ 8234407.905506075359881, 4865961.696318029426038 ], [ 8234420.907124620862305, 4865984.423645894043148 ], [ 8234420.907124620862305, 4865984.423645894043148 ], [ 8234474.740454374812543, 4865984.422518480569124 ], [ 8235093.200276617892087, 4865984.427234212867916 ], [ 8235711.660099567845464, 4865984.431948805227876 ], [ 8236330.119923225603998, 4865984.436662261374295 ], [ 8236948.579747592099011, 4865984.441374575719237 ], [ 8237567.039572664536536, 4865984.446085749194026 ], [ 8238185.499398447573185, 4865984.450795784592628 ], [ 8238803.959224937483668, 4865984.455504679121077 ], [ 8239422.41905212868005, 4865984.460212437435985 ], [ 8240040.878880033269525, 4865984.464919054880738 ], [ 8240659.33870864380151, 4865984.469624530524015 ], [ 8241277.79853795748204, 4865984.474328867159784 ], [ 8241896.258367981761694, 4865984.479032064788043 ], [ 8242514.71819871198386, 4865984.483734121546149 ], [ 8243133.178030147217214, 4865984.488435038365424 ], [ 8243751.637862289324403, 4865984.493134818039834 ], [ 8244370.097695135511458, 4865984.497833456844091 ], [ 8244988.557528690434992, 4865984.502530954778194 ], [ 8245607.017362947575748, 4865984.507227311842144 ], [ 8246225.47719791252166, 4865984.511922529898584 ], [ 8246843.937033583410084, 4865984.516616605222225 ], [ 8247462.396869957447052, 4865984.521309543401003 ], [ 8248080.856707035563886, 4865984.526001342572272 ], [ 8248699.316544821485877, 4865984.530692 ], [ 8249317.776383309625089, 4865984.535381516441703 ], [ 8249936.23622250277549, 4865984.540069891139865 ], [ 8250554.696062400005758, 4865984.544757130555809 ], [ 8251173.155903000384569, 4865984.549443223513663 ], [ 8251791.615744306705892, 4865984.554128181189299 ], [ 8252410.075586315244436, 4865984.558811996132135 ], [ 8253028.535429028794169, 4865984.563494668342173 ], [ 8253646.995272445492446, 4865984.568176203407347 ], [ 8254265.455116564407945, 4865984.572856596671045 ], [ 8254883.914961387403309, 4865984.577535849064589 ], [ 8255502.37480691075325, 4865984.582213957794011 ], [ 8256120.834653137251735, 4865984.586890929378569 ], [ 8256739.294500069692731, 4865984.591566761955619 ], [ 8257357.754347703419626, 4865984.596241449937224 ], [ 8257976.214196037501097, 4865984.600915000773966 ], [ 8258594.674045075662434, 4865984.605587405152619 ], [ 8259213.13389481510967, 4865984.610258670523763 ], [ 8259831.593745256774127, 4865984.614928796887398 ], [ 8260450.053596397861838, 4865984.619597784243524 ], [ 8261068.513448242098093, 4865984.624265624210238 ], [ 8261686.973300786688924, 4865984.628932326100767 ], [ 8262305.433154032565653, 4865984.633597887121141 ], [ 8262923.893007979728281, 4865984.638262307271361 ], [ 8263542.352862627245486, 4865984.64292558375746 ], [ 8264160.812717977911234, 4865984.647587724030018 ], [ 8264779.272574025206268, 4865984.652248716913164 ], [ 8265397.732430774718523, 4865984.656908570788801 ], [ 8266016.192288223654032, 4865984.661567281931639 ], [ 8266634.652146372944117, 4865984.666224854066968 ], [ 8266881.372441449202597, 4865984.672722707502544 ], [ 8266881.483764224685729, 4865984.672723544761539 ], [ 8265944.90733824018389, 4864885.73419239744544 ], [ 8264302.547750300727785, 4862725.45443123485893 ], [ 8262164.838405410759151, 4859298.548107056878507 ], [ 8260916.586811479181051, 4857068.731387293897569 ], [ 8260211.9967753412202, 4854023.594252742826939 ], [ 8260866.311234573833644, 4851561.802008497528732 ], [ 8261698.749417252838612, 4849041.356525158509612 ], [ 8260495.183698032051325, 4848268.949910410679877 ], [ 8257633.084310344420373, 4846060.967866943217814 ], [ 8254831.253048261627555, 4844031.85760591365397 ], [ 8251931.562973140738904, 4841519.691314809024334 ], [ 8250262.189310533925891, 4838720.278105858713388 ], [ 8249116.884179907850921, 4837275.038723786361516 ], [ 8248047.461231527850032, 4836181.484346844255924 ], [ 8246925.644298695959151, 4834867.530100253410637 ], [ 8246589.712628827430308, 4832818.755334213376045 ], [ 8246487.520248427055776, 4830039.489556533284485 ], [ 8245461.795238186605275, 4828655.349615020677447 ], [ 8245466.242383720353246, 4827465.70660435128957 ], [ 8245012.109079758636653, 4825358.622140187770128 ], [ 8244431.237842959351838, 4822383.550044878385961 ], [ 8243939.8489650785923, 4820824.265370529145002 ], [ 8243960.163137185387313, 4818661.066392945125699 ], [ 8244145.154012993909419, 4818263.636918161995709 ], [ 8244308.050416599027812, 4817438.321034407243133 ], [ 8244111.311777562834322, 4816178.022767493501306 ], [ 8243723.944874478504062, 4815356.753011875785887 ], [ 8243143.951442667283118, 4813828.003851604647934 ], [ 8242483.410890986211598, 4812919.388474605046213 ], [ 8242219.295044332742691, 4812339.027474853210151 ], [ 8241597.015156182460487, 4811387.460724703036249 ], [ 8240871.05002879910171, 4810930.113011979497969 ], [ 8240279.24858261551708, 4810205.974070656113327 ], [ 8239932.094243050552905, 4809326.946623860858381 ], [ 8239342.474404854699969, 4808157.484273128211498 ], [ 8238972.743153042159975, 4807434.426983999088407 ], [ 8238160.283065911382437, 4806486.916020018048584 ], [ 8236852.703812942840159, 4805243.474664241075516 ], [ 8235497.763612929731607, 4803674.890218648128211 ], [ 8234824.050088494084775, 4802652.524565589614213 ], [ 8233480.59168307762593, 4801658.379281464964151 ], [ 8232800.38541586138308, 4801112.3017224278301 ], [ 8231288.83483271766454, 4800188.515165084041655 ], [ 8230433.695274495519698, 4799765.081334206275642 ], [ 8230433.695274495519698, 4799765.081334206275642 ], [ 8229546.741096628829837, 4799325.798460607416928 ], [ 8225550.041853720322251, 4798198.227755591273308 ], [ 8225549.930530975572765, 4798198.227754754014313 ], [ 8225400.666751965880394, 4798436.798583099618554 ], [ 8225237.723198543302715, 4798625.369984979741275 ], [ 8224994.742717220447958, 4798790.956706246361136 ], [ 8224839.358187249861658, 4798957.630056071095169 ], [ 8224255.453777869231999, 4799529.491998028941453 ], [ 8223593.455236813053489, 4799917.083770728670061 ], [ 8223114.763664847239852, 4800240.975298003293574 ], [ 8222996.291208148002625, 4800371.450570994988084 ], [ 8222907.664857832714915, 4800450.980357186868787 ], [ 8222840.75728085078299, 4800545.448237296193838 ], [ 8222788.543655240908265, 4800632.770646005868912 ], [ 8222728.843239223584533, 4800734.663006138987839 ], [ 8222756.025370439514518, 4800896.311871023848653 ], [ 8222908.533795449882746, 4800964.229389129206538 ], [ 8223586.95630345121026, 4801024.104933281429112 ], [ 8224002.521334543824196, 4801080.64502655621618 ], [ 8224447.480417733080685, 4801122.870576621033251 ], [ 8224957.166636725887656, 4801246.537023244425654 ], [ 8225256.097175364382565, 4801286.910485900938511 ], [ 8225649.417738149873912, 4801372.437649246305227 ], [ 8225940.874078781343997, 4801427.36367962975055 ], [ 8226260.915553421713412, 4801533.962001778185368 ], [ 8226653.017439978197217, 4801786.76345154363662 ], [ 8227361.457058360800147, 4802324.724530938081443 ], [ 8227776.782362102530897, 4802581.211932025849819 ], [ 8227957.988621793687344, 4802744.329481900669634 ], [ 8228081.967398394830525, 4802906.75288615655154 ], [ 8228330.625643465667963, 4803174.138280081562698 ], [ 8228455.166848024353385, 4803290.591156124137342 ], [ 8228534.059067557565868, 4803394.997959996573627 ], [ 8228623.29894981905818, 4803591.491069161333144 ], [ 8228598.614084106869996, 4803740.630970667116344 ], [ 8228489.90135663934052, 4803849.166650772094727 ], [ 8228008.613909045234323, 4804386.089880080893636 ], [ 8227914.291890491731465, 4804587.966499305330217 ], [ 8227834.212539684958756, 4804791.57701484952122 ], [ 8227805.031428104266524, 4804911.727022881619632 ], [ 8227781.613943769596517, 4805036.13887185882777 ], [ 8227749.386941789649427, 4805285.144323934800923 ], [ 8227756.783502642996609, 4805579.780893601477146 ], [ 8227793.362050753086805, 4805765.342591335996985 ], [ 8227868.871542845852673, 4805941.637153626419604 ], [ 8227934.445251924917102, 4806137.300790808163583 ], [ 8228102.639155116863549, 4806287.084926743991673 ], [ 8228247.872332707978785, 4806362.20556456502527 ], [ 8228473.911627180874348, 4806401.62109013646841 ], [ 8228649.075533542782068, 4806418.409180590882897 ], [ 8229838.240222311578691, 4806813.06860829424113 ], [ 8230283.793984198011458, 4807208.332259777002037 ], [ 8230501.170728357508779, 4807364.990627289749682 ], [ 8230930.792770933359861, 4807494.814863826148212 ], [ 8231397.217189676128328, 4807603.045700380578637 ], [ 8232050.009005066007376, 4807735.759341645985842 ], [ 8232447.179028445854783, 4807806.140902935527265 ], [ 8232599.604540839791298, 4807895.96815212816 ], [ 8232685.844777632504702, 4808021.708215674385428 ], [ 8232720.512473761104047, 4808183.53489603381604 ], [ 8232671.99759370367974, 4808586.535219999030232 ], [ 8232528.90282101277262, 4808951.756954207085073 ], [ 8232428.198366173543036, 4809442.236293686553836 ], [ 8232396.4959986358881, 4809654.679592770524323 ], [ 8232357.484250140376389, 4809867.041409605182707 ], [ 8232265.775628897361457, 4810210.890391828492284 ], [ 8232120.165743844583631, 4810788.97247445769608 ], [ 8231970.919623103924096, 4811298.567419024184346 ], [ 8231971.030945853330195, 4811298.567419862374663 ] ] ] ] } },
{ "type": "Feature", "properties": { "layer": "LDZOFBB010" }, "geometry": { "type": "MultiPolygon", "coordinates": [ [ [ [ 8267871.571864767931402, 4865984.67553657386452 ], [ 8268490.031725017353892, 4865984.680190717801452 ], [ 8269108.491585963405669, 4865984.684843721799552 ], [ 8269726.951447608880699, 4865984.689495584927499 ], [ 8270345.411309953778982, 4865984.69414630625397 ], [ 8270963.871172995306551, 4865984.698795883916318 ], [ 8271582.331036735326052, 4865984.703444321639836 ], [ 8272200.790901176631451, 4865984.708091618493199 ], [ 8272819.250766316428781, 4865984.712737771682441 ], [ 8273437.710632153786719, 4865984.717382781207561 ], [ 8274056.170498684979975, 4865984.722026652656496 ], [ 8274674.630365916527808, 4865984.726669379509985 ], [ 8275293.090233845636249, 4865984.731310963630676 ], [ 8275911.550102475099266, 4865984.735951408743858 ], [ 8276530.009971797466278, 4865984.740590710192919 ], [ 8277148.469841819256544, 4865984.74522886890918 ], [ 8277766.929712534882128, 4865984.749865882098675 ], [ 8278385.389583948999643, 4865984.754501757211983 ], [ 8279003.849456059746444, 4865984.75913648866117 ], [ 8279622.309328868053854, 4865984.763770077377558 ], [ 8280240.769202370196581, 4865984.768402526155114 ], [ 8280859.229076569899917, 4865984.773033829405904 ], [ 8281477.688951465301216, 4865984.777663989923894 ], [ 8282096.148827055469155, 4865984.782293008640409 ], [ 8282714.608703340403736, 4865984.786920886486769 ], [ 8283333.068580321036279, 4865984.791547620669007 ], [ 8283951.528457998298109, 4865984.796173209324479 ], [ 8284569.988336369395256, 4865984.80079765804112 ], [ 8285188.448215435259044, 4865984.805420963093638 ], [ 8285806.908095195889473, 4865984.810043126344681 ], [ 8286425.367975652217865, 4865984.814664145000279 ], [ 8287043.827856799587607, 4865984.819284022785723 ], [ 8287662.287738644517958, 4865984.823902752250433 ], [ 8288280.747621180489659, 4865984.828520345501602 ], [ 8288899.207504412159324, 4865984.833136795088649 ], [ 8289517.667388337664306, 4865984.837752099148929 ], [ 8290136.127272956073284, 4865984.842366258613765 ], [ 8290754.587158265523612, 4865984.846979277208447 ], [ 8291373.047044270671904, 4865984.851591152139008 ], [ 8291991.506930967792869, 4865984.856201882474124 ], [ 8292609.966818357817829, 4865984.860811473801732 ], [ 8293228.426706440746784, 4865984.86541991494596 ], [ 8293846.88659521471709, 4865984.870027216151357 ], [ 8294465.346484681591392, 4865984.874633375555277 ], [ 8295083.806374841369689, 4865984.879238387569785 ], [ 8295702.266265693120658, 4865984.883842259645462 ], [ 8296320.726157234981656, 4865984.88844498898834 ], [ 8296939.186049466952682, 4865984.893046569079161 ], [ 8297557.645942392759025, 4865984.897647011093795 ], [ 8298176.105836009606719, 4865984.902246306650341 ], [ 8298794.565730317495763, 4865984.906844458542764 ], [ 8299413.025625316426158, 4865984.911441463977098 ], [ 8300031.485521007329226, 4865984.916037332266569 ], [ 8300649.945417387410998, 4865984.920632053166628 ], [ 8301268.405314455740154, 4865984.925225629471242 ], [ 8301886.86521221511066, 4865984.929818061180413 ], [ 8302505.325110665522516, 4865984.934409350156784 ], [ 8303123.7850098060444, 4865984.938999495469034 ], [ 8303742.244909636676311, 4865984.943588495254517 ], [ 8304360.704810155555606, 4865984.948176351375878 ], [ 8304979.164711363613605, 4865984.952763062901795 ], [ 8305597.62461326085031, 4865984.95734863076359 ], [ 8306216.084515846334398, 4865984.961933053098619 ], [ 8306834.54441912099719, 4865984.966516331769526 ], [ 8307453.004323083907366, 4865984.971098467707634 ], [ 8308071.464227735996246, 4865984.975679459050298 ], [ 8308689.92413307633251, 4865984.980259304866195 ], [ 8309308.3840391067788, 4865984.98483800701797 ], [ 8309926.843945821747184, 4865984.989415565505624 ], [ 8310545.303853225894272, 4865984.993991977535188 ], [ 8311163.763761318288743, 4865984.998567244969308 ], [ 8311782.223670098930597, 4865985.003141366876662 ], [ 8312400.683579563163221, 4865985.007714343257248 ], [ 8313019.143489714711905, 4865985.012286177836359 ], [ 8313637.603400556370616, 4865985.016856867820024 ], [ 8314256.063312083482742, 4865985.021426412276924 ], [ 8314874.523224298842251, 4865985.025994809344411 ], [ 8315492.98313719779253, 4865985.030562061816454 ], [ 8316111.443050783127546, 4865985.035128171555698 ], [ 8316729.902965055778623, 4865985.03969313390553 ], [ 8317348.362880013883114, 4865985.044256953522563 ], [ 8317966.822795656509697, 4865985.048819628544152 ], [ 8318585.282711983658373, 4865985.053381156176329 ], [ 8319203.742629, 4865985.057941539213061 ], [ 8319822.202546699903905, 4865985.062500779516995 ], [ 8320440.662465085275471, 4865985.067058872431517 ], [ 8321059.122384153306484, 4865985.071615818887949 ], [ 8321677.582303908653557, 4865985.076171622611582 ], [ 8322296.0422243475914, 4865985.080726277083158 ], [ 8322914.502145470120013, 4865985.085279790684581 ], [ 8323532.962067276239395, 4865985.089832154102623 ], [ 8324151.421989765018225, 4865985.09438337571919 ], [ 8324769.881912940181792, 4865985.098933450877666 ], [ 8325388.341836800798774, 4865985.103482377715409 ], [ 8326006.801761341281235, 4865985.108030162751675 ], [ 8326625.261686567217112, 4865985.112576801329851 ], [ 8327243.72161247394979, 4865985.117122294381261 ], [ 8327862.181539067067206, 4865985.121666640043259 ], [ 8328480.641466340050101, 4865985.12620984017849 ], [ 8329099.101394293829799, 4865985.130751893855631 ], [ 8329717.561322933062911, 4865985.135292803868651 ], [ 8330336.021252254024148, 4865985.139832565560937 ], [ 8330954.481182259507477, 4865985.144371183589101 ], [ 8331572.941112943924963, 4865985.148908655159175 ], [ 8332191.401044310070574, 4865985.153444977477193 ], [ 8332809.860976359806955, 4865985.157980155199766 ], [ 8333428.320909088477492, 4865985.162514189258218 ], [ 8334046.780842498876154, 4865985.16704707313329 ], [ 8334665.240776589140296, 4865985.171578815206885 ], [ 8335283.700711361132562, 4865985.176109408028424 ], [ 8335902.160646814852953, 4865985.180638852529228 ], [ 8336520.620582951232791, 4865985.18516715336591 ], [ 8337139.080519764684141, 4865985.189694307744503 ], [ 8337757.540457259863615, 4865985.194220315665007 ], [ 8338376.000395433977246, 4865985.198745176196098 ], [ 8338994.460334287956357, 4865985.203268892131746 ], [ 8339612.920273820869625, 4865985.207791460677981 ], [ 8340231.380214032717049, 4865985.212312881834805 ], [ 8340849.840154926292598, 4865985.216833157464862 ], [ 8341468.300096498802304, 4865985.221352283842862 ], [ 8342086.760038750246167, 4865985.225870264694095 ], [ 8342705.219981678761542, 4865985.230387099087238 ], [ 8343323.679925287142396, 4865985.23490278609097 ], [ 8343942.139869574457407, 4865985.239417326636612 ], [ 8344560.599814539775252, 4865985.243930720724165 ], [ 8345179.059760182164609, 4865985.248442967422307 ], [ 8345797.519706500694156, 4865985.252954068593681 ], [ 8346415.979653500020504, 4865985.257464018650353 ], [ 8347034.439601177349687, 4865985.261972824111581 ], [ 8347652.899549532681704, 4865985.266480484977365 ], [ 8348271.359498562291265, 4865985.270986995659769 ], [ 8348889.819448270834982, 4865985.275492358021438 ], [ 8348889.825281770899892, 4865177.965748267248273 ], [ 8348889.831113647669554, 4864370.721674268133938 ], [ 8348889.836943899281323, 4863563.543252083472908 ], [ 8348889.842772525735199, 4862756.430463450960815 ], [ 8348889.848599529825151, 4861949.38329011015594 ], [ 8348889.854424911551178, 4861142.401713802479208 ], [ 8348889.860248670913279, 4860335.485716289840639 ], [ 8348889.866070807911456, 4859528.635279313661158 ], [ 8348889.871891322545707, 4858721.850384648889303 ], [ 8348889.877710217610002, 4857915.13101405929774 ], [ 8348889.883527492173016, 4857108.477149319835007 ], [ 8348889.889343145303428, 4856301.888772211968899 ], [ 8348889.895157180726528, 4855495.365864518098533 ], [ 8348889.900969596579671, 4854688.908408029936254 ], [ 8348889.906780394725502, 4853882.516384545713663 ], [ 8348889.912589574232697, 4853076.189775863662362 ], [ 8348889.918397136963904, 4852269.928563797846437 ], [ 8348889.924203081056476, 4851463.732730156742036 ], [ 8348889.930007410235703, 4850657.602256763726473 ], [ 8348889.935810123570263, 4849851.53712543938309 ], [ 8348889.941611221991479, 4849045.537318017333746 ], [ 8348889.947410704568028, 4848239.602816333994269 ], [ 8348889.953208574093878, 4847433.733602229505777 ], [ 8348889.959004827775061, 4846627.929657556116581 ], [ 8348889.964799469336867, 4845822.190964159555733 ], [ 8348889.970592497847974, 4845016.517503904178739 ], [ 8348889.976383915171027, 4844210.909258649684489 ], [ 8348889.982173717580736, 4843405.366210270673037 ], [ 8348889.987961911596358, 4842599.888340642675757 ], [ 8348889.993748493492603, 4841794.47563164588064 ], [ 8348889.99953346606344, 4840989.128065163269639 ], [ 8348890.005316827446222, 4840183.845623095519841 ], [ 8348890.011098580434918, 4839378.628287333063781 ], [ 8348890.016878724098206, 4838573.476039787754416 ], [ 8348890.022657259367406, 4837768.388862359337509 ], [ 8348890.028434187173843, 4836963.366736969910562 ], [ 8348890.034209507517517, 4836158.409645539708436 ], [ 8348890.039983219467103, 4835353.517569991759956 ], [ 8348890.045755326747894, 4834548.690492258407176 ], [ 8348890.051525827497244, 4833743.92839428037405 ], [ 8348890.057294723577797, 4832939.231257993727922 ], [ 8348890.063062014058232, 4832134.599065354093909 ], [ 8348890.068827700801194, 4831330.031798317097127 ], [ 8348890.074591783806682, 4830525.529438835568726 ], [ 8348890.080354263074696, 4829721.091968880034983 ], [ 8348890.086115138605237, 4828916.719370416365564 ], [ 8348890.091874413192272, 4828112.411625426262617 ], [ 8348890.097632085904479, 4827308.16871589422226 ], [ 8348890.103388156741858, 4826503.990623797290027 ], [ 8348890.109142625704408, 4825699.877331136725843 ], [ 8348890.114895495586097, 4824895.828819910995662 ], [ 8348890.120646764524281, 4824091.84507212229073 ], [ 8348890.126396435312927, 4823287.926069782115519 ], [ 8348890.132144507020712, 4822484.07179490569979 ], [ 8348890.137890978716314, 4821680.282229513861239 ], [ 8348890.143635854125023, 4820876.557355635799468 ], [ 8348890.149379131384194, 4820072.897155301645398 ], [ 8348890.155120813287795, 4819269.301610546186566 ], [ 8348890.160860896110535, 4818465.770703412592411 ], [ 8348890.166599384509027, 4817662.304415958933532 ], [ 8348890.172336276620626, 4816858.902730230242014 ], [ 8348890.178071575239301, 4816055.565628289245069 ], [ 8348890.183805278502405, 4815252.293092202395201 ], [ 8348890.189537388272583, 4814449.085104040801525 ], [ 8348890.195267902687192, 4813645.941645877435803 ], [ 8348890.200996826402843, 4812842.862699799239635 ], [ 8348890.206724157556891, 4812039.848247893154621 ], [ 8348890.212449895218015, 4811236.898272251710296 ], [ 8348890.218174041248858, 4810434.012754971161485 ], [ 8348890.223896598443389, 4809631.191678159870207 ], [ 8348890.229597528465092, 4808831.246479795314372 ], [ 8348890.229617563076317, 4808828.435023922473192 ], [ 8348890.235336938872933, 4808025.742774379439652 ], [ 8348890.241054724901915, 4807223.114911650307477 ], [ 8348890.246770920231938, 4806420.551417855545878 ], [ 8348890.252485529519618, 4805618.052275136113167 ], [ 8348890.258198549970984, 4804815.617465620860457 ], [ 8348890.263909981586039, 4804013.246971460990608 ], [ 8348890.269619827158749, 4803210.94077479839325 ], [ 8348890.275328086689115, 4802408.698857787996531 ], [ 8348890.281034759245813, 4801606.521202591247857 ], [ 8348890.286739845760167, 4800804.407791373319924 ], [ 8348890.292443347163498, 4800002.358606303110719 ], [ 8348890.298145264387131, 4799200.37362955044955 ], [ 8348890.303845598362386, 4798398.452843307517469 ], [ 8348890.30954434722662, 4797596.596229755319655 ], [ 8348890.315241513773799, 4796794.803771084174514 ], [ 8348890.320937098003924, 4795993.075449496507645 ], [ 8348890.326631098985672, 4795191.411247191019356 ], [ 8348890.332323517650366, 4794389.811146384105086 ], [ 8348890.338014356791973, 4793588.275129280984402 ], [ 8348890.343703614547849, 4792786.803178107365966 ], [ 8348890.349391290917993, 4791985.395275083370507 ], [ 8348890.355077390559018, 4791184.051402444019914 ], [ 8348890.359280748292804, 4790591.568438674323261 ], [ 8327050.991864023730159, 4793490.733599420636892 ], [ 8306407.242001018486917, 4795162.932681802660227 ], [ 8291103.271010736003518, 4795955.492665934376419 ], [ 8281863.57668471056968, 4796187.520990205928683 ], [ 8271474.380966003984213, 4795677.516620074398816 ], [ 8261091.320667595602572, 4794577.152202849276364 ], [ 8247396.419666440226138, 4792998.334511172026396 ], [ 8236875.095910065807402, 4791871.697542463429272 ], [ 8221954.782502047717571, 4790670.795564716681838 ], [ 8222295.073712574318051, 4790743.631768933497369 ], [ 8222664.451057830825448, 4790825.047168367542326 ], [ 8223035.120100831612945, 4790909.144324841909111 ], [ 8223252.119870684109628, 4790955.568236661143601 ], [ 8223523.649022990837693, 4790997.392391182482243 ], [ 8223546.026592936366796, 4791014.448569721542299 ], [ 8223562.715885737910867, 4791036.702813886106014 ], [ 8223577.322170469909906, 4791065.945168218575418 ], [ 8223584.057800629176199, 4791086.070460619404912 ], [ 8223586.071353798732162, 4791123.120683260262012 ], [ 8223563.708271803334355, 4791320.433508875779808 ], [ 8223524.391783304512501, 4791644.62593143992126 ], [ 8223510.942032050341368, 4791780.237816250883043 ], [ 8223442.078724328428507, 4792115.880659966729581 ], [ 8223421.717724674381316, 4792334.066006126813591 ], [ 8223414.754604391753674, 4793758.32908930350095 ], [ 8223417.743024239316583, 4794688.932199938222766 ], [ 8223432.68907785974443, 4795246.034786527976394 ], [ 8223603.45067414175719, 4795599.931878788396716 ], [ 8224667.244925181381404, 4796932.412919261492789 ], [ 8224846.732920381240547, 4797176.51471692789346 ], [ 8225084.894106657244265, 4797399.358770818449557 ], [ 8225309.188069389201701, 4797563.392620185390115 ], [ 8225489.152585159987211, 4797770.854711917228997 ], [ 8225552.510307152755558, 4797962.216577817685902 ], [ 8225564.502385372295976, 4798174.936875374987721 ], [ 8225549.930530975572765, 4798198.227754754014313 ], [ 8225550.041853720322251, 4798198.227755591273308 ], [ 8229546.741096628829837, 4799325.798460607416928 ], [ 8230433.695274495519698, 4799765.081334206275642 ], [ 8231288.83483271766454, 4800188.515165084041655 ], [ 8232800.38541586138308, 4801112.3017224278301 ], [ 8233480.59168307762593, 4801658.379281464964151 ], [ 8234824.050088494084775, 4802652.524565589614213 ], [ 8235497.763612929731607, 4803674.890218648128211 ], [ 8236852.703812942840159, 4805243.474664241075516 ], [ 8238160.283065911382437, 4806486.916020018048584 ], [ 8238972.743153042159975, 4807434.426983999088407 ], [ 8239342.474404854699969, 4808157.484273128211498 ], [ 8239932.094243050552905, 4809326.946623860858381 ], [ 8240279.24858261551708, 4810205.974070656113327 ], [ 8240871.05002879910171, 4810930.113011979497969 ], [ 8241597.015156182460487, 4811387.460724703036249 ], [ 8242219.295044332742691, 4812339.027474853210151 ], [ 8242483.410890986211598, 4812919.388474605046213 ], [ 8243143.951442667283118, 4813828.003851604647934 ], [ 8243723.944874478504062, 4815356.753011875785887 ], [ 8244111.311777562834322, 4816178.022767493501306 ], [ 8244308.050416599027812, 4817438.321034407243133 ], [ 8244145.154012993909419, 4818263.636918161995709 ], [ 8243960.163137185387313, 4818661.066392945125699 ], [ 8243939.8489650785923, 4820824.265370529145002 ], [ 8244431.237842959351838, 4822383.550044878385961 ], [ 8245012.109079758636653, 4825358.622140187770128 ], [ 8245466.242383720353246, 4827465.70660435128957 ], [ 8245461.795238186605275, 4828655.349615020677447 ], [ 8246487.520248427055776, 4830039.489556533284485 ], [ 8246589.712628827430308, 4832818.755334213376045 ], [ 8246925.644298695959151, 4834867.530100253410637 ], [ 8248047.461231527850032, 4836181.484346844255924 ], [ 8249116.884179907850921, 4837275.038723786361516 ], [ 8250262.189310533925891, 4838720.278105858713388 ], [ 8251931.562973140738904, 4841519.691314809024334 ], [ 8254831.253048261627555, 4844031.85760591365397 ], [ 8257633.084310344420373, 4846060.967866943217814 ], [ 8260495.183698032051325, 4848268.949910410679877 ], [ 8261698.749417252838612, 4849041.356525158509612 ], [ 8260866.311234573833644, 4851561.802008497528732 ], [ 8260211.9967753412202, 4854023.594252742826939 ], [ 8260916.586811479181051, 4857068.731387293897569 ], [ 8262164.838405410759151, 4859298.548107056878507 ], [ 8264302.547750300727785, 4862725.45443123485893 ], [ 8265944.90733824018389, 4864885.73419239744544 ], [ 8266881.483763040974736, 4865984.672722155228257 ], [ 8267253.112005221657455, 4865984.670881282538176 ], [ 8267871.571864767931402, 4865984.67553657386452 ] ] ], [ [ [ 8266881.483764224685729, 4865984.672723544761539 ], [ 8266881.483763040974736, 4865984.672722155228257 ], [ 8266881.372441449202597, 4865984.672722707502544 ], [ 8266881.483764224685729, 4865984.672723544761539 ] ] ] ] } },
{ "type": "Feature", "properties": { "layer": "LDZOFBB010" }, "geometry": { "type": "MultiPolygon", "coordinates": [ [ [ [ 8310671.272943507879972, 4721709.968988798558712 ], [ 8310700.959247699007392, 4721709.968915022909641 ], [ 8310855.57415961753577, 4721709.972102511674166 ], [ 8311010.189071635715663, 4721709.972921612672508 ], [ 8311164.803983647376299, 4721709.971372311003506 ], [ 8311319.418895626440644, 4721709.976028671488166 ], [ 8311474.033807774074376, 4721709.978316636756063 ], [ 8311628.648719978518784, 4721709.978236206807196 ], [ 8311783.263632137328386, 4721709.975787385366857 ], [ 8311937.878544286824763, 4721709.980443463660777 ], [ 8312092.493456603959203, 4721709.982731153257191 ], [ 8312247.108368978835642, 4721709.982650448568165 ], [ 8312401.723281304351985, 4721709.980201350525022 ], [ 8312556.338193622417748, 4721709.984857155941427 ], [ 8312710.953106108121574, 4721709.987144568935037 ], [ 8312865.568018652498722, 4721709.987063586711884 ], [ 8313020.182931147515774, 4721709.984614215791225 ], [ 8313174.797843637876213, 4721709.989269741810858 ], [ 8313329.412756291218102, 4721709.991556870751083 ], [ 8313484.027669006027281, 4721709.991475618444383 ], [ 8313638.642581670545042, 4721709.989025974646211 ], [ 8313793.257494326680899, 4721709.993681220337749 ], [ 8313947.872407152317464, 4721709.995968076400459 ], [ 8314102.487320034764707, 4721709.995886544696987 ], [ 8314257.102232870645821, 4721709.9934366280213 ], [ 8314411.717145696282387, 4721709.99809159617871 ], [ 8314566.332058691419661, 4721710.000378176569939 ], [ 8314720.946971743367612, 4721710.000296370126307 ], [ 8314875.56188474688679, 4721709.997846177779138 ], [ 8315030.176797742024064, 4721710.002500863745809 ], [ 8315184.791710904799402, 4721710.004787163808942 ], [ 8315339.406624126248062, 4721710.004705084487796 ], [ 8315494.021537299267948, 4721710.00225461833179 ], [ 8315648.636450465768576, 4721710.006909028626978 ], [ 8315803.251363796181977, 4721710.009195054881275 ], [ 8315957.866277187131345, 4721710.009112698957324 ], [ 8316112.481190527789295, 4721710.006661958061159 ], [ 8316267.096103862859309, 4721710.011316088028252 ], [ 8316421.711017363704741, 4721710.013601838611066 ], [ 8316576.32593092136085, 4721710.013519204221666 ], [ 8316730.940844433382154, 4721710.011068187654018 ], [ 8316885.555757936090231, 4721710.015722041018307 ], [ 8317040.170671606436372, 4721710.018007515929639 ], [ 8317194.785585335455835, 4721710.017924606800079 ], [ 8317349.400499016046524, 4721710.01547331828624 ], [ 8317504.015412687323987, 4721710.020126889459789 ], [ 8317658.630326524376869, 4721710.022412086836994 ], [ 8317813.245240423828363, 4721710.022328900173306 ], [ 8317967.860154271125793, 4721710.019877339713275 ], [ 8318122.475068111903965, 4721710.024530633352697 ], [ 8318277.089982118457556, 4721710.026815552264452 ], [ 8318431.704896185547113, 4721710.026732096448541 ], [ 8318586.319810204207897, 4721710.024280259385705 ], [ 8318740.934724214486778, 4721710.028933273628354 ], [ 8318895.549638389609754, 4721710.031217915005982 ], [ 8319050.164552625268698, 4721710.031134176999331 ], [ 8319204.779466811567545, 4721710.028682067990303 ], [ 8319359.394380990415812, 4721710.033334805630147 ], [ 8319514.009295335970819, 4721710.035619168542325 ], [ 8319668.624209740199149, 4721710.035535160452127 ], [ 8319823.23912409786135, 4721710.03308277297765 ], [ 8319977.85403844434768, 4721710.03773523401469 ], [ 8320132.468952959403396, 4721710.040019321255386 ], [ 8320287.083867532201111, 4721710.039935034699738 ], [ 8320441.698782056570053, 4721710.037482373416424 ], [ 8320596.313696573488414, 4721710.042134555056691 ], [ 8320750.928611255250871, 4721710.044418366625905 ], [ 8320905.543525997549295, 4721710.044333803467453 ], [ 8321060.158440689556301, 4721710.041880873031914 ], [ 8321214.77335537597537, 4721710.046532776206732 ], [ 8321369.388270226307213, 4721710.048816307447851 ], [ 8321524.003185138106346, 4721710.048731466755271 ], [ 8321678.61809999961406, 4721710.046278260648251 ], [ 8321833.233014853671193, 4721710.050929886288941 ], [ 8321987.847929873503745, 4721710.053213143721223 ], [ 8322142.462844952009618, 4721710.053128028288484 ], [ 8322297.077759983949363, 4721710.050674541853368 ], [ 8322451.69267500564456, 4721710.055325893685222 ], [ 8322606.307590196840465, 4721710.057608870789409 ], [ 8322760.922505443915725, 4721710.057523481547832 ], [ 8322915.537420642562211, 4721710.055069724097848 ], [ 8323070.152335832826793, 4721710.059720792807639 ], [ 8323224.767251190729439, 4721710.062003493309021 ], [ 8323379.382166607305408, 4721710.06191782746464 ], [ 8323533.997081974521279, 4721710.059463793411851 ], [ 8323688.611997333355248, 4721710.064114585518837 ], [ 8323843.22691285982728, 4721710.06639701128006 ], [ 8323997.841828444041312, 4721710.066311068832874 ], [ 8324152.45674397982657, 4721710.063856761902571 ], [ 8324307.071659510023892, 4721710.068507275544107 ], [ 8324461.686575203202665, 4721710.070789424702525 ], [ 8324616.301490955986083, 4721710.07070320751518 ], [ 8324770.916406662203372, 4721710.068248621188104 ], [ 8324925.531322358176112, 4721710.072898858226836 ], [ 8325080.146238222718239, 4721710.075180729851127 ], [ 8325234.761154144071043, 4721710.075094236060977 ], [ 8325389.37607001978904, 4721710.072639377787709 ], [ 8325543.990985884331167, 4721710.077289335429668 ], [ 8325698.605901915580034, 4721710.07957092858851 ], [ 8325853.220818005502224, 4721710.0794841600582 ], [ 8326007.835734046064317, 4721710.077029029838741 ], [ 8326162.450650080107152, 4721710.081678707152605 ], [ 8326317.065566279925406, 4721710.083960024639964 ], [ 8326471.680482540279627, 4721710.083872978575528 ], [ 8326626.295398748479784, 4721710.081417571753263 ], [ 8326780.910314952023327, 4721710.086066972464323 ], [ 8326935.525231319479644, 4721710.0883480142802 ], [ 8327090.140147747471929, 4721710.088260691612959 ], [ 8327244.755064124241471, 4721710.085805010050535 ], [ 8327399.369980494491756, 4721710.090454132296145 ], [ 8327553.984897031448781, 4721710.092734895646572 ], [ 8327708.599813627079129, 4721710.092647298239172 ], [ 8327863.214730174280703, 4721710.090191342867911 ], [ 8328017.829646711237729, 4721710.094840186648071 ], [ 8328172.444563417695463, 4721710.097120672464371 ], [ 8328327.059480180963874, 4721710.097032800316811 ], [ 8328481.674396895803511, 4721710.094576567411423 ], [ 8328636.289313602261245, 4721710.099225135520101 ], [ 8328790.90423047542572, 4721710.101505342870951 ], [ 8328945.519147406332195, 4721710.101417194120586 ], [ 8329100.134064287878573, 4721710.098960686475039 ], [ 8329254.748981163837016, 4721710.103608978912234 ], [ 8329409.363898205570877, 4721710.105888908728957 ], [ 8329563.97881530597806, 4721710.105800485238433 ], [ 8329718.593732356093824, 4721710.103343700058758 ], [ 8329873.208649400621653, 4721710.107991713099182 ], [ 8330027.823566609062254, 4721710.110271368175745 ], [ 8330182.438483877107501, 4721710.110182668082416 ], [ 8330337.053401096723974, 4721710.107725607231259 ], [ 8330491.668318307027221, 4721710.112373342737556 ], [ 8330646.283235684968531, 4721710.114652723073959 ], [ 8330800.898153121583164, 4721710.114563742652535 ], [ 8330955.513070509769022, 4721710.112106408923864 ], [ 8331110.127987890504301, 4721710.116753865964711 ], [ 8331264.742905436083674, 4721710.11903296969831 ], [ 8331419.357823039405048, 4721710.118943715468049 ], [ 8331573.972740593366325, 4721710.116486106067896 ], [ 8331728.587658141739666, 4721710.121133285574615 ], [ 8331883.202575854957104, 4721710.123412108980119 ], [ 8332037.817493627779186, 4721710.123322580009699 ], [ 8332192.432411351241171, 4721710.120864694938064 ], [ 8332347.047329066321254, 4721710.125511597841978 ], [ 8332501.662246948108077, 4721710.127790144644678 ], [ 8332656.277164888568223, 4721710.12770033814013 ], [ 8332810.892082779668272, 4721710.125242175534368 ], [ 8332965.507000662386417, 4721710.129888803698123 ], [ 8333120.121918711811304, 4721710.132167072035372 ], [ 8333274.736836819909513, 4721710.132076990790665 ], [ 8333429.351754879578948, 4721710.129618552513421 ], [ 8333583.96667293086648, 4721710.134264899417758 ], [ 8333738.581591148860753, 4721710.136542892083526 ], [ 8333893.196509423665702, 4721710.136452536098659 ], [ 8334047.811427650973201, 4721710.133993822149932 ], [ 8334202.426345868967474, 4721710.138639893382788 ], [ 8334357.04126425459981, 4721710.140917610377073 ], [ 8334511.656182697974145, 4721710.140826975926757 ], [ 8334666.271101091988385, 4721710.138367985375226 ], [ 8334820.886019480414689, 4721710.143013780005276 ], [ 8334975.500938032753766, 4721710.145291220396757 ], [ 8335130.115856644697487, 4721710.145200303755701 ], [ 8335284.73077520634979, 4721710.142741043120623 ], [ 8335439.345693761482835, 4721710.147386555559933 ], [ 8335593.960612482391298, 4721710.149663722142577 ], [ 8335748.575531261973083, 4721710.149572532624006 ], [ 8335903.190449992194772, 4721710.147112995386124 ], [ 8336057.805368714034557, 4721710.151758230291307 ], [ 8336212.420287604443729, 4721710.154035119339824 ], [ 8336367.035206549800932, 4721710.153943652287126 ], [ 8336521.650125450454652, 4721710.151483837515116 ], [ 8336676.265044339001179, 4721710.156128799542785 ], [ 8336830.879963394254446, 4721710.158405407331884 ], [ 8336985.494882510043681, 4721710.158313666470349 ], [ 8337140.109801575541496, 4721710.155853576026857 ], [ 8337294.724720633588731, 4721710.160498254932463 ], [ 8337449.339639857411385, 4721710.162774589844048 ], [ 8337603.954559138976038, 4721710.162682572379708 ], [ 8337758.569478373043239, 4721710.160222208127379 ], [ 8337913.184397598728538, 4721710.164866611361504 ], [ 8338067.799316989257932, 4721710.167142668738961 ], [ 8338222.414236438460648, 4721710.167050373740494 ], [ 8338377.029155840165913, 4721710.164589730091393 ], [ 8338531.644075232557952, 4721710.169233858585358 ], [ 8338686.258994792588055, 4721710.171509637497365 ], [ 8338840.873914408497512, 4721710.171417065896094 ], [ 8338995.488833977840841, 4721710.168956149369478 ], [ 8339150.103753537870944, 4721710.173599999397993 ], [ 8339304.71867326553911, 4721710.175875501707196 ], [ 8339459.333593050017953, 4721710.17578265350312 ], [ 8339613.9485127851367, 4721710.173321457579732 ], [ 8339768.563432511873543, 4721710.177965032868087 ], [ 8339923.178352407179773, 4721710.180240258574486 ], [ 8340077.793272357434034, 4721710.180147134698927 ], [ 8340232.408192261122167, 4721710.17768566403538 ], [ 8340387.023112156428397, 4721710.182328959926963 ], [ 8340541.638032218441367, 4721710.184603907167912 ], [ 8340696.252952337265015, 4721710.184510508552194 ], [ 8340850.867872407659888, 4721710.182048762217164 ], [ 8341005.482792470604181, 4721710.18669178057462 ], [ 8341160.097712699323893, 4721710.188966452144086 ], [ 8341314.712632985785604, 4721710.188872775994241 ], [ 8341469.327553224749863, 4721710.186410750262439 ], [ 8341623.942473454400897, 4721710.191053493879735 ], [ 8341778.557393852621317, 4721710.193327888846397 ], [ 8341933.172314303927124, 4721710.193233935162425 ], [ 8342087.787234711460769, 4721710.190771635621786 ], [ 8342242.402155107818544, 4721710.195414101704955 ], [ 8342397.017075671814382, 4721710.197688215412199 ], [ 8342551.63199629355222, 4721710.197593989782035 ], [ 8342706.246916865929961, 4721710.195131412707269 ], [ 8342860.861837431788445, 4721710.199773600324988 ], [ 8343015.476758161559701, 4721710.202047437429428 ], [ 8343170.09167895000428, 4721710.201952934265137 ], [ 8343324.706599689088762, 4721710.199490081518888 ], [ 8343479.321520422585309, 4721710.204131993465126 ], [ 8343633.936441319063306, 4721710.206405554898083 ], [ 8343788.551362275145948, 4721710.206310772337019 ], [ 8343943.166283182799816, 4721710.203847642987967 ], [ 8344097.781204081140459, 4721710.208489278331399 ], [ 8344252.396125147119164, 4721710.210762562230229 ], [ 8344407.011046269908547, 4721710.210667504929006 ], [ 8344561.625967345200479, 4721710.208204098045826 ], [ 8344716.240888410247862, 4721710.212845456786454 ], [ 8344870.855809642001987, 4721710.215118464082479 ], [ 8345025.470730932429433, 4721710.215023132041097 ], [ 8345180.08565217256546, 4721710.212559448555112 ], [ 8345334.70057340618223, 4721710.217200526967645 ], [ 8345489.315494803711772, 4721710.219473258592188 ], [ 8345643.930416262708604, 4721710.219377649016678 ], [ 8345798.545337670482695, 4721710.216913687996566 ], [ 8345953.160259070806205, 4721710.221554489806294 ], [ 8346107.775180636905134, 4721710.223826944828033 ], [ 8346262.390102261677384, 4721710.223731060512364 ], [ 8346417.005023836158216, 4721710.221266822889447 ], [ 8346571.619945402257144, 4721710.225907349027693 ], [ 8346726.234867136925459, 4721710.228179526515305 ], [ 8346880.849788927473128, 4721710.228083363734186 ], [ 8347035.464710670523345, 4721710.225618848577142 ], [ 8347190.079632404260337, 4721710.230259099975228 ], [ 8347344.694554305635393, 4721710.232531002722681 ], [ 8347499.309476264752448, 4721710.232434560544789 ], [ 8347653.924398175440729, 4721710.22996976878494 ], [ 8347808.539320074021816, 4721710.234609743580222 ], [ 8347963.154242140240967, 4721710.236881366930902 ], [ 8348117.769164267927408, 4721710.236784647218883 ], [ 8348272.384086342528462, 4721710.234319580718875 ], [ 8348426.999008411541581, 4721710.238959277048707 ], [ 8348581.613930644467473, 4721710.241230627521873 ], [ 8348736.22885293699801, 4721710.241133631207049 ], [ 8348890.843775179237127, 4721710.238668289035559 ], [ 8348890.843775179237127, 4721710.238668289035559 ], [ 8348890.838224685750902, 4722506.079304709099233 ], [ 8348890.83267265278846, 4723301.982446215115488 ], [ 8348890.827119081281126, 4724097.948110107332468 ], [ 8348890.821563971228898, 4724893.976313692517579 ], [ 8348890.816007320769131, 4725690.067074286751449 ], [ 8348890.810449129901826, 4726486.220409214496613 ], [ 8348890.804889399558306, 4727282.436335788108408 ], [ 8348890.799328127875924, 4728078.714871344156563 ], [ 8348890.793765313923359, 4728875.056033221073449 ], [ 8348890.788200958631933, 4729671.459838749840856 ], [ 8348890.782635059207678, 4730467.926305280998349 ], [ 8348890.777067618444562, 4731264.455450168810785 ], [ 8348890.771498633548617, 4732061.047290761955082 ], [ 8348890.765928105451167, 4732857.701844428665936 ], [ 8348890.760356031358242, 4733654.419128530658782 ], [ 8348890.754782414063811, 4734451.199160438962281 ], [ 8348890.749207250773907, 4735248.041957534849644 ], [ 8348890.743630543351173, 4736044.94753719959408 ], [ 8348890.738052287138999, 4736841.915916820056736 ], [ 8348890.732472485862672, 4737638.947113786824048 ], [ 8348890.726891135796905, 4738436.041145504452288 ], [ 8348890.72130823880434, 4739233.198029370978475 ], [ 8348890.715723793953657, 4740030.417782793752849 ], [ 8348890.710137801244855, 4740827.700423194095492 ], [ 8348890.704550256952643, 4741625.045967985875905 ], [ 8348890.698961165733635, 4742422.454434596933424 ], [ 8348890.693370522931218, 4743219.925840456970036 ], [ 8348890.687778330408037, 4744017.460202996619046 ], [ 8348890.682184586301446, 4744815.057539661414921 ], [ 8348890.676589290611446, 4745612.717867898754776 ], [ 8348890.670992443338037, 4746410.441205156035721 ], [ 8348890.665394042618573, 4747208.227568892762065 ], [ 8348890.6597940903157, 4748006.076976565644145 ], [ 8348890.654192585498095, 4748803.989445649087429 ], [ 8348890.64858952537179, 4749601.964993611909449 ], [ 8348890.642984910868108, 4750400.003637933172286 ], [ 8348890.63737874198705, 4751198.105396094731987 ], [ 8348890.631771018728614, 4751996.270285588689148 ], [ 8348890.626161737367511, 4752794.4983239043504 ], [ 8348890.620550902560353, 4753592.789528544992208 ], [ 8348890.614938509650528, 4754391.143917012028396 ], [ 8348890.609324558638036, 4755189.561506817117333 ], [ 8348890.603709052316844, 4755988.042315478436649 ], [ 8348890.59809198603034, 4756786.586360511370003 ], [ 8348890.592473361641169, 4757585.193659446202219 ], [ 8348890.586853178218007, 4758383.864229809492826 ], [ 8348890.581231434829533, 4759182.598089141771197 ], [ 8348890.575608133338392, 4759981.395254986360669 ], [ 8348890.56998326908797, 4760780.255744888447225 ], [ 8348890.564356843940914, 4761579.179576401598752 ], [ 8348890.558728858828545, 4762378.166767085902393 ], [ 8348890.553099310956895, 4763177.217334498651326 ], [ 8348890.547468201257288, 4763976.331296213902533 ], [ 8348890.541835527867079, 4764775.508669805712998 ], [ 8348890.536201291717589, 4765574.749472850002348 ], [ 8348890.530565490946174, 4766374.053722940385342 ], [ 8348890.524928125552833, 4767173.421437659300864 ], [ 8348890.519937294535339, 4767880.979911263100803 ], [ 8348890.519937294535339, 4767880.979911263100803 ], [ 8348890.519289197400212, 4767972.852634608745575 ], [ 8348890.513648701831698, 4768772.34733138140291 ], [ 8348890.508006640709937, 4769571.90554559417069 ], [ 8348890.502363014034927, 4770371.527294848114252 ], [ 8348890.496717821806669, 4771171.212596770375967 ], [ 8348890.491071061231196, 4771970.961468981578946 ], [ 8348890.48542273323983, 4772770.773929102346301 ], [ 8348890.479772835038602, 4773570.649994775652885 ], [ 8348890.474121370352805, 4774370.589683637022972 ], [ 8348890.468468335457146, 4775170.593013334088027 ], [ 8348890.462813732214272, 4775970.660001509822905 ], [ 8348890.457157557830215, 4776770.790665824897587 ], [ 8348890.451499813236296, 4777570.985023934394121 ], [ 8348890.445840498432517, 4778371.243093512952328 ], [ 8348890.440179610624909, 4779171.564892226830125 ], [ 8348890.434517150744796, 4779971.950437751598656 ], [ 8348890.428853119723499, 4780772.399747772142291 ], [ 8348890.423187514767051, 4781572.912839972414076 ], [ 8348890.417520336806774, 4782373.489732052199543 ], [ 8348890.411851584911346, 4783174.130441706627607 ], [ 8348890.406181258149445, 4783974.834986642003059 ], [ 8348890.40050935652107, 4784775.603384562768042 ], [ 8348890.394835879094899, 4785576.435653186403215 ], [ 8348890.389160826802254, 4786377.33181023504585 ], [ 8348890.38348419778049, 4787178.291873431764543 ], [ 8348890.377805991098285, 4787979.315860509872437 ], [ 8348890.372126208618283, 4788780.403789199888706 ], [ 8348890.366444846615195, 4789581.555677260272205 ], [ 8348890.360761907882988, 4790382.771542420610785 ], [ 8348890.359280748292804, 4790591.568438674323261 ], [ 8348890.359280748292804, 4790591.568438674323261 ], [ 8327050.991864023730159, 4793490.733599420636892 ], [ 8306407.242001018486917, 4795162.932681802660227 ], [ 8291103.271010736003518, 4795955.492665934376419 ], [ 8281863.57668471056968, 4796187.520990205928683 ], [ 8271474.380966003984213, 4795677.516620074398816 ], [ 8261091.320667595602572, 4794577.152202849276364 ], [ 8247396.419666440226138, 4792998.334511172026396 ], [ 8236875.095910065807402, 4791871.697542463429272 ], [ 8221954.782502047717571, 4790670.795564716681838 ], [ 8221954.782502047717571, 4790670.795564716681838 ], [ 8221943.263243349269032, 4790668.329762027598917 ], [ 8221673.68019435275346, 4790599.967500344850123 ], [ 8221450.90248379483819, 4790549.903921502642334 ], [ 8220982.140995365567505, 4790425.854170641861856 ], [ 8220344.584844778291881, 4790169.753925047814846 ], [ 8219608.653630247339606, 4789794.29821249563247 ], [ 8219351.777455095201731, 4789655.215423105284572 ], [ 8219006.896301471628249, 4789503.179352632723749 ], [ 8218550.811292557045817, 4789314.269920457154512 ], [ 8218058.866075580008328, 4789172.090379443019629 ], [ 8217877.050770430825651, 4789140.196794560179114 ], [ 8217667.340857213363051, 4789149.41058243624866 ], [ 8217389.305575410835445, 4789127.884263341315091 ], [ 8216725.783948362804949, 4789071.90976036619395 ], [ 8216044.171466646715999, 4789051.062387195415795 ], [ 8215457.981631783768535, 4788928.158369529992342 ], [ 8215004.474020838737488, 4788854.4875442776829 ], [ 8214516.975399076938629, 4788805.689596738666296 ], [ 8213732.696968542411923, 4788921.859406314790249 ], [ 8213464.343208839185536, 4788922.353512427769601 ], [ 8213257.754265738651156, 4788854.735444794408977 ], [ 8213092.784807916730642, 4788778.420446102507412 ], [ 8212955.103973862715065, 4788730.25189802236855 ], [ 8212863.213242202065885, 4788705.85309028532356 ], [ 8212678.994807851500809, 4788689.453949723392725 ], [ 8212503.99729429744184, 4788673.177183822728693 ], [ 8212310.434365221299231, 4788665.902510483749211 ], [ 8212104.00082475040108, 4788620.832429171539843 ], [ 8211501.032815626822412, 4788401.309499693103135 ], [ 8210670.328504644334316, 4788220.85404447466135 ], [ 8209905.335142991505563, 4788159.541182492859662 ], [ 8209247.276902213692665, 4788127.538970632478595 ], [ 8207393.19964930228889, 4787862.338173063471913 ], [ 8205830.925896611064672, 4788017.026211539283395 ], [ 8203983.829051144421101, 4788523.224116189405322 ], [ 8203698.352716834284365, 4788476.82913919351995 ], [ 8203547.506450713612139, 4788432.386556346900761 ], [ 8203463.36447583977133, 4788431.161798313260078 ], [ 8203211.06132538523525, 4788419.035165085457265 ], [ 8203060.340264803729951, 4788366.13714403193444 ], [ 8202968.274793961085379, 4788330.993855970911682 ], [ 8202716.588226807303727, 4788276.615907641127706 ], [ 8202212.115750856697559, 4788243.871543315239251 ], [ 8201080.42738875374198, 4788514.478446624241769 ], [ 8200075.021193037740886, 4788778.396787106990814 ], [ 8199732.987826705910265, 4788857.79569607321173 ], [ 8199428.312633618712425, 4788971.542905068956316 ], [ 8199140.836885300464928, 4789060.189033225178719 ], [ 8198835.897707166150212, 4789190.817069360986352 ], [ 8198598.520768891088665, 4789305.553494938649237 ], [ 8198343.57708001229912, 4789431.912562737241387 ], [ 8198261.287410425953567, 4789484.985398938879371 ], [ 8198080.348246910609305, 4789567.978857033886015 ], [ 8197891.803174695931375, 4789626.825664395466447 ], [ 8197686.259090481325984, 4789643.848044627346098 ], [ 8197480.720767230726779, 4789636.187828458845615 ], [ 8197267.539966688491404, 4789620.614173891954124 ], [ 8197062.01832636911422, 4789579.824683426879346 ], [ 8196831.832036653533578, 4789539.305042430758476 ], [ 8196650.069487213157117, 4789432.628166910260916 ], [ 8196444.536069541238248, 4789326.235718335956335 ], [ 8196247.515167611651123, 4789269.325242142193019 ], [ 8196033.475852311588824, 4789228.385889668017626 ], [ 8195810.953532276675105, 4789163.284211989492178 ], [ 8195613.898273760452867, 4789106.361672600731254 ], [ 8195416.875536940991879, 4789081.905846511013806 ], [ 8195202.814439601264894, 4789008.479536768049002 ], [ 8195013.41270353551954, 4788943.22179751470685 ], [ 8194824.033910038881004, 4788844.842777598649263 ], [ 8194610.009539730846882, 4788672.052054601721466 ], [ 8194485.988034097477794, 4788482.469466710463166 ], [ 8194444.380323548801243, 4788243.514766130596399 ], [ 8194362.001153193414211, 4788053.933165698312223 ], [ 8194188.739610581658781, 4787955.150889947079122 ], [ 8194007.856595902703702, 4787873.780006255954504 ], [ 8193826.916081852279603, 4787783.31524914689362 ], [ 8193629.899746873416007, 4787726.362194960936904 ], [ 8193440.491421636193991, 4787661.083025372587144 ], [ 8193243.431846235878766, 4787628.146552789956331 ], [ 8193117.720223636366427, 4787649.561910254880786 ], [ 8193117.720223636366427, 4787649.561910254880786 ], [ 8193054.043386857025325, 4787627.141738921403885 ], [ 8192906.236622489057481, 4787480.690810609608889 ], [ 8192766.131158796139061, 4787333.061636205762625 ], [ 8192617.484201322309673, 4787176.209236312657595 ], [ 8192535.106040175072849, 4786978.841712630353868 ], [ 8192451.873850475996733, 4786797.695205536670983 ], [ 8192361.017968262545764, 4786607.991739894263446 ], [ 8192262.47789609618485, 4786418.81978277862072 ], [ 8192163.123965338803828, 4786245.86796169821173 ], [ 8192056.096214828081429, 4786072.797674491070211 ], [ 8191940.598075069487095, 4785883.366405989043415 ], [ 8191874.375122361816466, 4785685.623310131020844 ], [ 8191807.285328347235918, 4785470.99174995534122 ], [ 8191749.520816485397518, 4785264.949898643419147 ], [ 8191707.906648240983486, 4785067.604744319804013 ], [ 8191682.434691782109439, 4784861.429465463384986 ], [ 8191707.045068538747728, 4784638.520154635421932 ], [ 8191714.719106449745595, 4784415.998421023599803 ], [ 8191779.279481773264706, 4784209.304867734201252 ], [ 8191844.663816480897367, 4784019.503860198892653 ], [ 8191901.603630198165774, 4783829.573319360613823 ], [ 8192040.882966830395162, 4783681.179427613504231 ], [ 8192196.314334837719798, 4783507.077390186488628 ], [ 8192277.861967886798084, 4783300.665275425650179 ], [ 8192334.748710941523314, 4783102.956630528904498 ], [ 8192350.919829400256276, 4782904.613975555635989 ], [ 8192333.920246472582221, 4782698.616871370002627 ], [ 8192283.823065117932856, 4782501.191114821471274 ], [ 8192209.091248890385032, 4782261.849452815949917 ], [ 8192183.624014569446445, 4782039.508820790797472 ], [ 8192134.350189015269279, 4781833.671964923851192 ], [ 8192100.384289941750467, 4781586.548439846374094 ], [ 8192099.545425286516547, 4781388.617959993891418 ], [ 8192082.54195779748261, 4781157.344493554905057 ], [ 8192074.080714876763523, 4780943.080961954779923 ], [ 8192057.079438196495175, 4780745.558397983200848 ], [ 8192023.966517244465649, 4780547.786917238496244 ], [ 8191875.337455697357655, 4780391.678202988579869 ], [ 8191710.570022, 4780268.406405007466674 ], [ 8191529.656333753839135, 4780144.879359702579677 ], [ 8191324.113201804459095, 4780046.91519017983228 ], [ 8191110.934487387537956, 4779923.52372813038528 ], [ 8190913.053786933422089, 4779808.805342170409858 ], [ 8190765.278295612893999, 4779677.359283878467977 ], [ 8190592.877137418836355, 4779537.737617876380682 ], [ 8190435.738819533959031, 4779365.269286880269647 ], [ 8190312.597742363810539, 4779208.910840429365635 ], [ 8190197.074672057293355, 4779035.806625368073583 ], [ 8190056.946709275245667, 4778871.395734532736242 ], [ 8189916.809250677935779, 4778723.203703483566642 ], [ 8189744.386963247321546, 4778625.098736401647329 ], [ 8189579.619709206745028, 4778477.162453112192452 ], [ 8189407.216897364705801, 4778370.621197077445686 ], [ 8189177.065984589979053, 4778305.321961955167353 ], [ 8188980.017118491232395, 4778256.115923352539539 ], [ 8188766.837099674157798, 4778223.514217593707144 ], [ 8188561.303127913735807, 4778207.896773231215775 ], [ 8188314.956098115071654, 4778191.620066506788135 ], [ 8188077.143917137756944, 4778184.55628171376884 ], [ 8187847.83008714672178, 4778176.326278417371213 ], [ 8187626.15076775662601, 4778160.429770048707724 ], [ 8187420.620402715168893, 4778144.789064753800631 ], [ 8187223.579571910202503, 4778128.632679474540055 ], [ 8186968.788675783202052, 4778112.835199477151036 ], [ 8186755.603785288520157, 4778088.624044266529381 ], [ 8186550.050903233699501, 4778064.532270851545036 ], [ 8186336.858433173969388, 4778023.446368957869709 ], [ 8186106.712876137346029, 4777999.594685525633395 ], [ 8185909.667205449193716, 4777966.546878033317626 ], [ 8185712.616703717038035, 4777958.793746286071837 ], [ 8185499.42484393902123, 4777942.988952214829624 ], [ 8185302.390643968246877, 4777926.795204853639007 ], [ 8185097.709461648017168, 4777894.255481112748384 ], [ 8184899.791108320467174, 4777845.605708363465965 ], [ 8184695.109970609657466, 4777788.408564040437341 ], [ 8184489.555894604884088, 4777673.462149822153151 ], [ 8184382.562748689204454, 4777467.376885996200144 ], [ 8184210.170134543441236, 4777352.32503835298121 ], [ 8184020.735534326173365, 4777212.991301327943802 ], [ 8183831.357888877391815, 4777097.655959697440267 ], [ 8183651.314654698595405, 4776999.336612337268889 ], [ 8183461.892362059094012, 4776933.939201288856566 ], [ 8183240.228260199539363, 4776884.868752954527736 ], [ 8183027.036684078164399, 4776819.070319528691471 ], [ 8182829.992202536202967, 4776778.182722640223801 ], [ 8182616.815635512582958, 4776746.103763713501394 ], [ 8182411.257353455759585, 4776705.06674731336534 ], [ 8182198.079632932320237, 4776656.115594532340765 ], [ 8182001.040787490084767, 4776615.212472274899483 ], [ 8181906.34085513278842, 4776607.655157407745719 ], [ 8181906.34085513278842, 4776607.655157407745719 ], [ 8181906.345549170859158, 4775969.429394223727286 ], [ 8181906.351590623147786, 4775169.362648176960647 ], [ 8181906.357630400918424, 4774369.359560569748282 ], [ 8181906.362759958952665, 4773704.317430007271469 ], [ 8181906.362759958952665, 4773704.317430007271469 ], [ 8181995.187421760521829, 4773508.828372020274401 ], [ 8182076.698832666501403, 4773278.064251887612045 ], [ 8182159.070434089750051, 4773099.514753254130483 ], [ 8182250.163962854072452, 4772886.111417232081294 ], [ 8182300.895238131284714, 4772759.960097476840019 ], [ 8182333.460961421951652, 4772555.358575631864369 ], [ 8182405.70190700609237, 4772430.115806072019041 ], [ 8182405.70190700609237, 4772430.115806072019041 ], [ 8182807.714452995918691, 4771733.114462994039059 ], [ 8183500.72950882371515, 4770821.601569264195859 ], [ 8184319.053668512031436, 4770213.260405232198536 ], [ 8184733.259850208647549, 4769997.520083228126168 ], [ 8184972.551939618773758, 4769713.455732405185699 ], [ 8184983.954628554172814, 4769412.577565101906657 ], [ 8184902.743948752060533, 4769195.272478874772787 ], [ 8184791.772763448767364, 4768786.969634134322405 ], [ 8184672.085144431330264, 4768215.196071929298341 ], [ 8184578.057098352350295, 4767652.507105214521289 ], [ 8184290.705868127755821, 4766819.076082183048129 ], [ 8183836.211651739664376, 4765679.829400439746678 ], [ 8183836.211651739664376, 4765679.829400439746678 ], [ 8185725.441951499320567, 4765869.052249447442591 ], [ 8188068.501227992586792, 4766600.481120977550745 ], [ 8189608.99810132291168, 4766995.322040390223265 ], [ 8192279.703467560000718, 4766972.275177690200508 ], [ 8195396.150609760545194, 4767176.625980824232101 ], [ 8198254.312408043071628, 4768037.220590153709054 ], [ 8200787.081069895066321, 4768580.16891695279628 ], [ 8204945.686280486173928, 4768242.184905240312219 ], [ 8206140.789180100895464, 4768100.375584202818573 ], [ 8207980.371549804694951, 4768644.387771259061992 ], [ 8208598.860542146489024, 4768790.731624928303063 ], [ 8209997.273189871571958, 4768357.530875099822879 ], [ 8210865.788510059006512, 4767898.395067770965397 ], [ 8211731.980682704597712, 4767813.784138378687203 ], [ 8212945.556241462938488, 4768263.148430827073753 ], [ 8213551.034487332217395, 4768139.353228054940701 ], [ 8214500.307873061858118, 4767852.673484995029867 ], [ 8215933.197535223327577, 4767905.81536328047514 ], [ 8218761.986272790469229, 4767898.875002664513886 ], [ 8221892.492623574100435, 4767293.123938557691872 ], [ 8227365.209759722463787, 4765265.742480669170618 ], [ 8229608.83870935998857, 4764151.44039131142199 ], [ 8231632.74310174677521, 4763807.476642584428191 ], [ 8234172.309194485656917, 4763217.725289885886014 ], [ 8236127.043538026511669, 4763344.569859776645899 ], [ 8238140.661762521602213, 4763800.932946961373091 ], [ 8240536.626041254960001, 4763830.942246101796627 ], [ 8243128.365657530725002, 4763246.389924027957022 ], [ 8244630.500432771630585, 4762448.555343540385365 ], [ 8245677.004970063455403, 4761851.713199120946229 ], [ 8246155.633269628509879, 4761493.202590150758624 ], [ 8246685.363579750992358, 4761516.934794771485031 ], [ 8246849.626526989974082, 4761487.3449830962345 ], [ 8248393.857572136446834, 4761872.973845008760691 ], [ 8249885.798179843463004, 4762250.798045252449811 ], [ 8253685.607401783578098, 4762160.317602219991386 ], [ 8256082.285493150353432, 4761811.672523532994092 ], [ 8258673.266387621872127, 4761222.795805430039763 ], [ 8262212.670511058531702, 4760341.637599205598235 ], [ 8268028.326209079474211, 4758822.594837045297027 ], [ 8273887.851191280409694, 4757734.592013015411794 ], [ 8280262.321053971536458, 4757144.464915265329182 ], [ 8284419.536386633291841, 4756396.538442550227046 ], [ 8291141.720886467024684, 4754456.846523023210466 ], [ 8296994.147327980957925, 4751855.556393593549728 ], [ 8306951.309797652997077, 4748058.48057849612087 ], [ 8311382.863035380840302, 4744503.128306073136628 ], [ 8311973.354012055322528, 4743850.037886700592935 ], [ 8307687.834330418147147, 4742648.211815691553056 ], [ 8304243.873082767240703, 4741727.446831101551652 ], [ 8303439.856165143661201, 4740787.991285894066095 ], [ 8303354.133119641803205, 4736640.329120670445263 ], [ 8304079.046517007052898, 4731394.948634716682136 ], [ 8304245.612201265990734, 4728993.97723532654345 ], [ 8306967.107857466675341, 4723974.722525761462748 ], [ 8310671.384266245178878, 4721709.968989592045546 ], [ 8310671.272943507879972, 4721709.968988798558712 ] ] ] ] } },
{ "type": "Feature", "properties": { "layer": "LDZOFBB010" }, "geometry": { "type": "MultiPolygon", "coordinates": [ [ [ [ 8310671.384266245178878, 4721709.968989592045546 ], [ 8306967.107857466675341, 4723974.722525761462748 ], [ 8304245.612201265990734, 4728993.97723532654345 ], [ 8304079.046517007052898, 4731394.948634716682136 ], [ 8303354.133119641803205, 4736640.329120670445263 ], [ 8303439.856165143661201, 4740787.991285894066095 ], [ 8304243.873082767240703, 4741727.446831101551652 ], [ 8307687.834330418147147, 4742648.211815691553056 ], [ 8311973.354012055322528, 4743850.037886700592935 ], [ 8311382.863035380840302, 4744503.128306073136628 ], [ 8306951.309797652997077, 4748058.48057849612087 ], [ 8296994.147327980957925, 4751855.556393593549728 ], [ 8291141.720886467024684, 4754456.846523023210466 ], [ 8284419.536386633291841, 4756396.538442550227046 ], [ 8280262.321053971536458, 4757144.464915265329182 ], [ 8273887.851191280409694, 4757734.592013015411794 ], [ 8268028.326209079474211, 4758822.594837045297027 ], [ 8262212.670511058531702, 4760341.637599205598235 ], [ 8258673.266387621872127, 4761222.795805430039763 ], [ 8256082.285493150353432, 4761811.672523532994092 ], [ 8253685.607401783578098, 4762160.317602219991386 ], [ 8249885.798179843463004, 4762250.798045252449811 ], [ 8248393.857572136446834, 4761872.973845008760691 ], [ 8246849.626526989974082, 4761487.3449830962345 ], [ 8246685.363579750992358, 4761516.934794771485031 ], [ 8246155.633269628509879, 4761493.202590150758624 ], [ 8245677.004970063455403, 4761851.713199120946229 ], [ 8244630.500432771630585, 4762448.555343540385365 ], [ 8243128.365657530725002, 4763246.389924027957022 ], [ 8240536.626041254960001, 4763830.942246101796627 ], [ 8238140.661762521602213, 4763800.932946961373091 ], [ 8236127.043538026511669, 4763344.569859776645899 ], [ 8234172.309194485656917, 4763217.725289885886014 ], [ 8231632.74310174677521, 4763807.476642584428191 ], [ 8229608.83870935998857, 4764151.44039131142199 ], [ 8227365.209759722463787, 4765265.742480669170618 ], [ 8221892.492623574100435, 4767293.123938557691872 ], [ 8218761.986272790469229, 4767898.875002664513886 ], [ 8215933.197535223327577, 4767905.81536328047514 ], [ 8214500.307873061858118, 4767852.673484995029867 ], [ 8213551.034487332217395, 4768139.353228054940701 ], [ 8212945.556241462938488, 4768263.148430827073753 ], [ 8211731.980682704597712, 4767813.784138378687203 ], [ 8210865.788510059006512, 4767898.395067770965397 ], [ 8209997.273189871571958, 4768357.530875099822879 ], [ 8208598.860542146489024, 4768790.731624928303063 ], [ 8207980.371549804694951, 4768644.387771259061992 ], [ 8206140.789180100895464, 4768100.375584202818573 ], [ 8204945.686280486173928, 4768242.184905240312219 ], [ 8200787.081069895066321, 4768580.16891695279628 ], [ 8198254.312408043071628, 4768037.220590153709054 ], [ 8195396.150609760545194, 4767176.625980824232101 ], [ 8192279.703467560000718, 4766972.275177690200508 ], [ 8189608.99810132291168, 4766995.322040390223265 ], [ 8188068.501227992586792, 4766600.481120977550745 ], [ 8185725.441951499320567, 4765869.052249447442591 ], [ 8183836.211651739664376, 4765679.829400439746678 ], [ 8183836.211651739664376, 4765679.829400439746678 ], [ 8183621.751992111094296, 4765142.210450652055442 ], [ 8183423.497689409181476, 4764793.528527132235467 ], [ 8183360.931471339426935, 4764635.493521225638688 ], [ 8183271.562442997470498, 4764522.8086355952546 ], [ 8183148.984731778502464, 4764448.824780272319913 ], [ 8182960.951602482236922, 4764393.3811090067029 ], [ 8182608.736868298612535, 4764021.224078923463821 ], [ 8182248.740952481515706, 4763727.432115169242024 ], [ 8182134.419612626545131, 4763548.922360449098051 ], [ 8182058.20769215375185, 4763429.916674287058413 ], [ 8181988.294429501518607, 4763324.098616590723395 ], [ 8181931.407981327734888, 4763218.498138563707471 ], [ 8181906.442273329012096, 4763145.069683220237494 ], [ 8181906.442273329012096, 4763145.069683220237494 ], [ 8181906.448026158846915, 4762376.940270776860416 ], [ 8181906.451639321632683, 4761922.331737155094743 ], [ 8181906.451639321632683, 4761922.331737155094743 ], [ 8182090.728355008177459, 4761854.214905982837081 ], [ 8182358.12861711718142, 4761799.9228181745857 ], [ 8182554.317481745034456, 4761750.072004004381597 ], [ 8182759.009621392935514, 4761675.748028956353664 ], [ 8182963.72044138982892, 4761634.450270421802998 ], [ 8183160.765876536257565, 4761551.573108049109578 ], [ 8183356.945522711612284, 4761477.097613387741148 ], [ 8183570.130852072499692, 4761427.508961186744273 ], [ 8183799.484689209610224, 4761328.315285214222968 ], [ 8183987.190367958508432, 4761229.080129105597734 ], [ 8184184.235824485309422, 4761137.767099135555327 ], [ 8184445.812160577625036, 4761046.861757866106927 ], [ 8184659.008072142489254, 4761005.6709074806422 ], [ 8184856.032514579594135, 4761054.227705211378634 ], [ 8185060.746436675079167, 4761103.554108751937747 ], [ 8185281.563004167750478, 4761151.844091109000146 ], [ 8185494.748480215668678, 4761176.043454439379275 ], [ 8185667.185047029517591, 4761052.567995684221387 ], [ 8185871.027744646184146, 4760903.697780367918313 ], [ 8186051.052143823355436, 4760796.531971016898751 ], [ 8186264.25872708670795, 4760713.862690302543342 ], [ 8186468.933810262009501, 4760680.267380369827151 ], [ 8186673.642712328583002, 4760679.695113523863256 ], [ 8186878.34227523766458, 4760654.510468357242644 ], [ 8187083.017526229843497, 4760613.13187066745013 ], [ 8187287.725335338152945, 4760612.547042737714946 ], [ 8187525.545714215375483, 4760595.653871487826109 ], [ 8187730.228931486606598, 4760578.870223036967218 ], [ 8187951.873474519699812, 4760544.870126456022263 ], [ 8188172.715196561999619, 4760528.336798700504005 ], [ 8188385.922016457654536, 4760535.636605101637542 ], [ 8188582.111628812737763, 4760543.307467419654131 ], [ 8188779.16406212002039, 4760534.798941155895591 ], [ 8188975.354139190167189, 4760542.462119136936963 ], [ 8189172.376873852685094, 4760525.526945687830448 ], [ 8189270.08405967336148, 4760352.239392830990255 ], [ 8189163.074214609339833, 4760154.97410789784044 ], [ 8189064.541735846549273, 4759875.609842301346362 ], [ 8188998.278336364775896, 4759686.771495036780834 ], [ 8188932.055650153197348, 4759472.684135191142559 ], [ 8188906.597006395459175, 4759242.416304337792099 ], [ 8188832.672186327166855, 4759028.862297806888819 ], [ 8188824.194125220179558, 4758823.478829516097903 ], [ 8188839.499856328591704, 4758617.831518383696675 ], [ 8188887.919910753145814, 4758387.466458757407963 ], [ 8188879.41122652310878, 4758181.44804192520678 ], [ 8188944.817576275207102, 4757967.548667225055397 ], [ 8188993.259621114470065, 4757753.382991684600711 ], [ 8189033.186824852600694, 4757539.73329081106931 ], [ 8189073.957721812650561, 4757333.869765130802989 ], [ 8189130.86495918687433, 4757111.435885122977197 ], [ 8189228.541175235062838, 4756930.437876924872398 ], [ 8189359.350998848676682, 4756781.688261668197811 ], [ 8189506.258240323513746, 4756641.609999930486083 ], [ 8189677.855648861266673, 4756509.691039256751537 ], [ 8189833.296019121073186, 4756369.747034672647715 ], [ 8190020.977531471289694, 4756311.225789818912745 ], [ 8190241.798252725973725, 4756179.43317414727062 ], [ 8190438.008012069389224, 4756080.260588499717414 ], [ 8190609.571909161284566, 4755964.514329556375742 ], [ 8190814.254421692341566, 4755848.640840130858123 ], [ 8191002.806524868123233, 4755782.350544195622206 ], [ 8191207.510209765285254, 4755724.078110767528415 ], [ 8191403.701039837673306, 4755723.274983179755509 ], [ 8191616.891388975083828, 4755722.734424450434744 ], [ 8191821.592463791370392, 4755747.299994842149317 ], [ 8192026.277132332324982, 4755811.992143731564283 ], [ 8192255.618541872128844, 4755877.065400966443121 ], [ 8192468.789656424894929, 4755958.711209277622402 ], [ 8192690.464332902804017, 4756040.485524870455265 ], [ 8192862.889965258538723, 4756138.967031918466091 ], [ 8193051.418083972297609, 4756220.219475887715816 ], [ 8193248.456917253322899, 4756343.028730662539601 ], [ 8193444.662465224973857, 4756449.639818864874542 ], [ 8193600.908820729702711, 4756605.473898578435183 ], [ 8193822.619069273583591, 4756736.426397264003754 ], [ 8193962.727836480364203, 4756875.826323208399117 ], [ 8194175.934415150433779, 4756957.44467987306416 ], [ 8194412.865195261314511, 4757005.762110838666558 ], [ 8194609.940601947717369, 4756980.310673201456666 ], [ 8194748.372805041261017, 4756815.42314337939024 ], [ 8194796.792526151053607, 4756618.082782708108425 ], [ 8194927.573889097198844, 4756428.483087001368403 ], [ 8195066.047999752685428, 4756246.770731969736516 ], [ 8195212.999313013628125, 4756098.201435983181 ], [ 8195294.514848791062832, 4755917.561241252347827 ], [ 8195441.45799401961267, 4755768.993207568302751 ], [ 8195613.024094846099615, 4755611.739532120525837 ], [ 8195751.462291073054075, 4755446.860111121088266 ], [ 8195882.269894391298294, 4755298.693416953086853 ], [ 8196020.735981060191989, 4755149.996550818905234 ], [ 8196183.783743785694242, 4754968.665490007959306 ], [ 8196314.587275536730886, 4754819.852735536172986 ], [ 8196477.678236006759107, 4754704.538193428888917 ], [ 8196657.738312565721571, 4754564.238898063078523 ], [ 8196829.293856864795089, 4754439.989173341542482 ], [ 8196983.884416036307812, 4754307.715106230229139 ], [ 8197106.205610164441168, 4754151.007098400965333 ], [ 8197187.75737386662513, 4753961.973095178604126 ], [ 8197227.662869212217629, 4753739.955506362020969 ], [ 8197210.68410746846348, 4753542.321479772217572 ], [ 8197185.199598427861929, 4753345.209856945089996 ], [ 8197217.491405848413706, 4753106.913014969788492 ], [ 8197257.402150290086865, 4752884.266869543120265 ], [ 8197330.443007571622729, 4752695.126541650854051 ], [ 8197444.292971701361239, 4752489.133951462805271 ], [ 8197550.443265368230641, 4752291.439847737550735 ], [ 8197664.27508071064949, 4752102.275648339651525 ], [ 8197696.555644621141255, 4751887.946027608588338 ], [ 8197727.979811583645642, 4751674.254917627200484 ], [ 8197760.253507032059133, 4751452.169943042099476 ], [ 8197800.170943031087518, 4751238.61551664210856 ], [ 8197889.353178386576474, 4751016.101602901704609 ], [ 8198011.660936322063208, 4750859.432492388412356 ], [ 8198207.891029813326895, 4750784.743096728809178 ], [ 8198404.075099932029843, 4750734.633988957852125 ], [ 8198633.398704710416496, 4750676.606728747487068 ], [ 8198804.97661105170846, 4750569.190793505869806 ], [ 8198910.275899911299348, 4750387.679766222834587 ], [ 8198967.199959938414395, 4750182.159723505377769 ], [ 8199081.025602646172047, 4749984.608266197144985 ], [ 8199178.705037307925522, 4749802.991091769188643 ], [ 8199284.022938986308873, 4749613.727311134338379 ], [ 8199390.189757105894387, 4749432.241019534878433 ], [ 8199487.847340704873204, 4749251.277119557373226 ], [ 8199527.762480057775974, 4749053.932718023657799 ], [ 8199535.425440367311239, 4748823.77072873711586 ], [ 8199428.410485334694386, 4748602.257703111506999 ], [ 8199468.326873792335391, 4748396.5175805920735 ], [ 8199499.778743980452418, 4748166.72419279627502 ], [ 8199539.697866881266236, 4747919.598708879202604 ], [ 8199539.707617067731917, 4747722.333500380627811 ], [ 8199514.22970697004348, 4747525.339998780749738 ], [ 8199439.514746570959687, 4747287.520255294628441 ], [ 8199340.970178144983947, 4747066.165726105682552 ], [ 8199233.137758646160364, 4746877.012284929864109 ], [ 8199143.092654895968735, 4746680.3658850165084 ], [ 8199043.70937361009419, 4746491.990192975848913 ], [ 8198994.463023168966174, 4746286.258023470640182 ], [ 8199001.2806486049667, 4746072.959440860897303 ], [ 8199082.822985782288015, 4745850.432989579625428 ], [ 8199138.875700615346432, 4745636.583826237358153 ], [ 8199334.242363001219928, 4745274.797903180122375 ], [ 8199480.331673140637577, 4745109.499673316255212 ], [ 8199643.388529545627534, 4744920.530103807337582 ], [ 8199814.948280870914459, 4744754.964205508120358 ], [ 8199912.63008108176291, 4744582.484355980530381 ], [ 8200058.738752719946206, 4744425.594297296367586 ], [ 8200140.280632034875453, 4744244.473693169653416 ], [ 8200245.598371715284884, 4744063.70717498101294 ], [ 8200334.779686232097447, 4743849.731698763556778 ], [ 8200432.451126999221742, 4743619.076077047735453 ], [ 8200513.133710543625057, 4743437.953956332057714 ], [ 8200693.216078831814229, 4743306.13979705888778 ], [ 8200913.192048972472548, 4743255.721364168450236 ], [ 8201110.230865746736526, 4743304.519702978432178 ], [ 8201339.563332329504192, 4743418.437564609572291 ], [ 8201519.632630182430148, 4743541.327079197391868 ], [ 8201667.40579667314887, 4743679.904772439040244 ], [ 8201807.528182643465698, 4743819.016799979843199 ], [ 8201987.583299113437533, 4743991.038830838166177 ], [ 8202152.346290747635067, 4744146.673869400285184 ], [ 8202340.906319115310907, 4744293.603841801173985 ], [ 8202488.699714382179081, 4744448.990662799216807 ], [ 8202644.939839110709727, 4744579.93098031077534 ], [ 8202774.901114596053958, 4744423.412809865549207 ], [ 8202691.667749237269163, 4743996.776406366378069 ], [ 8202682.352119236253202, 4743774.883184810169041 ], [ 8202697.638765109702945, 4743577.273168939165771 ], [ 8202721.443772331811488, 4743380.437277850694954 ], [ 8202729.05959053710103, 4743117.429085848852992 ], [ 8202735.884008983150125, 4742920.355164783075452 ], [ 8202759.68031610827893, 4742673.755118899047375 ], [ 8202799.583181661553681, 4742476.523900832980871 ], [ 8202848.014488104730844, 4742254.209729568101466 ], [ 8202937.204522226005793, 4742048.651950288563967 ], [ 8203026.390867366455495, 4741843.097433284856379 ], [ 8203148.69896474480629, 4741661.942427964881063 ], [ 8203311.748402842320502, 4741546.01634659897536 ], [ 8203507.12799053452909, 4741405.99430020339787 ], [ 8203703.326083696447313, 4741289.897456889040768 ], [ 8203898.676230749115348, 4741207.396264692768455 ], [ 8204086.380308595485985, 4741107.976754855364561 ], [ 8204282.555770259350538, 4740984.115481169894338 ], [ 8204453.304684824310243, 4740868.289095508866012 ], [ 8204591.729328795336187, 4740728.083363425917923 ], [ 8204697.050068134441972, 4740530.527441988699138 ], [ 8204745.472850235179067, 4740325.049732759594917 ], [ 8204793.891955099068582, 4740111.174126588739455 ], [ 8204793.060444890521467, 4739897.889943067915738 ], [ 8204767.574433718807995, 4739684.257034758105874 ], [ 8204725.963794361799955, 4739487.199888090603054 ], [ 8204691.984497482888401, 4739274.099912443198264 ], [ 8204666.5310680847615, 4739052.725638440810144 ], [ 8204748.053175226785243, 4738847.105761488899589 ], [ 8204885.665972515940666, 4738665.555265701375902 ], [ 8205024.078681955114007, 4738492.417902254499495 ], [ 8205162.529187073931098, 4738336.082590230740607 ], [ 8205374.895423429086804, 4738220.21835221350193 ], [ 8205561.723165111616254, 4738112.387256450951099 ], [ 8205749.437126185745001, 4738029.766430919989944 ], [ 8205921.003408286720514, 4737905.55981385987252 ], [ 8206084.071271143853664, 4737781.877289097756147 ], [ 8206189.387669580988586, 4737608.915023879148066 ], [ 8206294.741615124046803, 4737435.955086872912943 ], [ 8206293.891217010095716, 4737238.878939541988075 ], [ 8206219.991349203512073, 4737034.310360665433109 ], [ 8206145.2845942042768, 4736812.935850376263261 ], [ 8206119.802907477132976, 4736583.219087891280651 ], [ 8206094.297215720638633, 4736378.056999713182449 ], [ 8206077.32021265104413, 4736181.418481626547873 ], [ 8206043.373741770163178, 4735976.144572978839278 ], [ 8206001.733244451694191, 4735746.217009009793401 ], [ 8205960.141151607967913, 4735541.489040710963309 ], [ 8205942.291796240024269, 4735344.208029901608825 ], [ 8205843.809726534411311, 4735147.723281582817435 ], [ 8205777.529774026945233, 4734934.904230007901788 ], [ 8205686.670827424153686, 4734688.796389332972467 ], [ 8205652.721475746482611, 4734459.005799923092127 ], [ 8205627.232087057083845, 4734262.282379028387368 ], [ 8205585.59812908899039, 4734033.037718342617154 ], [ 8205560.149722299538553, 4733827.926344650797546 ], [ 8205526.181781462393701, 4733631.094131426885724 ], [ 8205501.536979522556067, 4733417.605887535959482 ], [ 8205467.572666754946113, 4733220.781437703408301 ], [ 8205417.487898234277964, 4732958.501468932256103 ], [ 8205408.133509274572134, 4732761.390431744977832 ], [ 8205415.77954095043242, 4732564.525396891869605 ], [ 8205422.566804469563067, 4732343.111624509096146 ], [ 8205479.492541326209903, 4732137.915483256801963 ], [ 8205593.32892756909132, 4731964.530005720444024 ], [ 8205730.914514314383268, 4731799.878643433563411 ], [ 8205853.22679288033396, 4731643.405903758481145 ], [ 8206057.049336297437549, 4731544.269992432557046 ], [ 8206293.18470755405724, 4731436.548041481524706 ], [ 8206489.380515947937965, 4731485.171314424835145 ], [ 8206694.066871178336442, 4731475.793934117071331 ], [ 8206897.912841400131583, 4731474.795196479186416 ], [ 8207127.21990354731679, 4731507.083615977317095 ], [ 8207314.924543204717338, 4731415.445458604954183 ], [ 8207518.752683041617274, 4731349.214519906789064 ], [ 8207648.708277181722224, 4731192.833893882110715 ], [ 8207566.358657228760421, 4731004.420454238541424 ], [ 8207605.410914963111281, 4730774.451421388424933 ], [ 8207621.572285354137421, 4730577.742014061659575 ], [ 8207669.112317888997495, 4730355.649374813772738 ], [ 8207766.809215848334134, 4730182.688498978503048 ], [ 8207855.125833035446703, 4729952.781210920773447 ], [ 8207985.093436059542, 4729788.024295922368765 ], [ 8208090.405753957107663, 4729557.715797341428697 ], [ 8208171.109985207207501, 4729377.425174364820123 ], [ 8208244.16733224876225, 4729180.244757848791778 ], [ 8208259.437549254857004, 4728982.906812961213291 ], [ 8208290.877018850296736, 4728761.26651968806982 ], [ 8208257.755368896760046, 4728564.55243633966893 ], [ 8208191.542968960478902, 4728351.886953236535192 ], [ 8208125.285213842988014, 4728163.109560936689377 ], [ 8208017.424561507068574, 4727917.593513022176921 ], [ 8207967.299256633035839, 4727704.519406011328101 ], [ 8207950.332270443439484, 4727499.659150660037994 ], [ 8207908.702452064491808, 4727253.792916236445308 ], [ 8207931.634933072142303, 4727048.854211441241205 ], [ 8207971.570567772723734, 4726851.902692025527358 ], [ 8208069.267291316762567, 4726678.997749901376665 ], [ 8208281.609071118757129, 4726629.036128043197095 ], [ 8208476.936142927035689, 4726594.969123905524611 ], [ 8208673.153152029030025, 4726537.029820166528225 ], [ 8208794.592342468909919, 4726380.588823294267058 ], [ 8208899.937509031035006, 4726199.39960362482816 ], [ 8208980.628778813406825, 4726002.380749126896262 ], [ 8209102.092447462491691, 4725837.55442453827709 ], [ 8209215.881560729816556, 4725640.354109191335738 ], [ 8209345.851851802319288, 4725475.648464235477149 ], [ 8209525.067702068015933, 4725392.939668139442801 ], [ 8209712.776282487437129, 4725326.479462932795286 ], [ 8209941.208694095723331, 4725292.845168304629624 ], [ 8210145.051253196783364, 4725291.780415641143918 ], [ 8210341.263418427668512, 4725331.909415389411151 ], [ 8210528.955301396548748, 4725404.831201756373048 ], [ 8210709.871452775783837, 4725518.315292365849018 ], [ 8210857.662906556390226, 4725690.073275646194816 ], [ 8211013.062177177518606, 4725828.375829108990729 ], [ 8211184.642241389490664, 4725926.239011066034436 ], [ 8211397.80735885258764, 4725949.801314278505743 ], [ 8211577.049358029849827, 4725858.662434903904796 ], [ 8211723.128757482394576, 4725727.056217009201646 ], [ 8211860.713790082372725, 4725578.55438379663974 ], [ 8212023.808507930487394, 4725462.667375181801617 ], [ 8212219.140327099710703, 4725404.653139973990619 ], [ 8212448.451891862787306, 4725460.679077821783721 ], [ 8212693.9444470256567, 4725508.528943449258804 ], [ 8212890.123939160257578, 4725573.132989262230694 ], [ 8213110.943238953128457, 4725612.895865639671683 ], [ 8213339.41175761539489, 4725669.536770851351321 ], [ 8213576.366824214346707, 4725725.641363421455026 ], [ 8213740.285932941362262, 4725839.492137330584228 ], [ 8213822.660670071840286, 4726019.370796927250922 ], [ 8213849.006786751560867, 4726216.573092913255095 ], [ 8213849.840674911625683, 4726437.963593153283 ], [ 8213785.297836559824646, 4726626.856196876615286 ], [ 8213778.507758321240544, 4726856.544261711649597 ], [ 8213828.589679694734514, 4727069.572100929915905 ], [ 8213927.982158267870545, 4727281.973610473796725 ], [ 8214026.472179864533246, 4727453.700430800206959 ], [ 8214149.641167171299458, 4727625.113667829893529 ], [ 8214370.460684361867607, 4727665.502774061635137 ], [ 8214566.638847871683538, 4727664.246388466097414 ], [ 8214787.502921839244664, 4727671.060764283873141 ], [ 8215015.94287046790123, 4727645.695677694864571 ], [ 8215228.279757366515696, 4727643.99554515723139 ], [ 8215448.271743483841419, 4727610.117136035114527 ], [ 8215660.599330374971032, 4727633.582393812015653 ], [ 8215865.306316409260035, 4727640.805030507035553 ], [ 8216085.267245065420866, 4727639.832978809252381 ], [ 8216298.441851678304374, 4727687.825303416699171 ], [ 8216510.784901628270745, 4727719.664680521003902 ], [ 8216723.116637693718076, 4727644.345148894935846 ], [ 8216852.229887020774186, 4727479.498581084422767 ], [ 8216990.661982450634241, 4727339.30338098295033 ], [ 8217136.744646474719048, 4727141.760880303569138 ], [ 8217225.115526829846203, 4726920.229721032083035 ], [ 8217330.406020233407617, 4726722.804924661293626 ], [ 8217411.129135437309742, 4726517.317162910476327 ], [ 8217458.681288900785148, 4726319.790877847932279 ], [ 8217523.241995226591825, 4726114.744923218153417 ], [ 8217620.043811404146254, 4725917.221897796727717 ], [ 8217651.504634342156351, 4725671.092974017374218 ], [ 8217674.413714244961739, 4725449.382472865283489 ], [ 8217697.385340929962695, 4725244.456720816902816 ], [ 8217721.143064805306494, 4725006.632876346819103 ], [ 8217760.22712021600455, 4724801.280101605691016 ], [ 8217784.038379111327231, 4724596.378007894381881 ], [ 8217856.220513300038874, 4724390.81807507108897 ], [ 8217953.044183049350977, 4724217.846182889305055 ], [ 8218074.516196588054299, 4724020.675488749518991 ], [ 8218212.945591298863292, 4723847.601695826277137 ], [ 8218382.841250849887729, 4723707.199020658619702 ], [ 8218554.398633590899408, 4723599.724606415256858 ], [ 8218741.246881757862866, 4723442.762032467871904 ], [ 8218887.321095342747867, 4723311.082103474996984 ], [ 8219041.082460479810834, 4723162.079649242572486 ], [ 8219204.152511393651366, 4722997.71155821159482 ], [ 8219317.108713621273637, 4722816.569632834754884 ], [ 8219447.045202594250441, 4722635.647564755752683 ], [ 8219543.882268075831234, 4722429.785759746097028 ], [ 8219664.521141096018255, 4722240.361252852715552 ], [ 8219778.316468477249146, 4722067.625195094384253 ], [ 8219882.783779970370233, 4721870.255978469736874 ], [ 8219987.35954154189676, 4721709.313042431138456 ], [ 8219987.35954154189676, 4721709.313042431138456 ], [ 8220096.628229103051126, 4721709.312768703326583 ], [ 8220251.243115736171603, 4721709.310359838418663 ], [ 8220405.858002362772822, 4721709.315057495608926 ], [ 8220560.472889157943428, 4721709.317386218346655 ], [ 8220715.087776012718678, 4721709.317346015013754 ], [ 8220869.702662819996476, 4721709.31493687722832 ], [ 8221024.317549623548985, 4721709.319634250365198 ], [ 8221178.932436591014266, 4721709.3219626955688 ], [ 8221333.547323619946837, 4721709.321922220289707 ], [ 8221488.16221060603857, 4721709.319512820802629 ], [ 8221642.777097580954432, 4721709.324209908954799 ], [ 8221797.391984729096293, 4721709.326538076624274 ], [ 8221952.006871933117509, 4721709.326497330330312 ], [ 8222106.621759092435241, 4721709.324087659828365 ], [ 8222261.236646245233715, 4721709.32878446765244 ], [ 8222415.851533565670252, 4721709.33111235871911 ], [ 8222570.466420945711434, 4721709.331071338616312 ], [ 8222725.081308281980455, 4721709.328661406412721 ], [ 8222879.69619560893625, 4721709.333357929252088 ], [ 8223034.311083102598786, 4721709.335685546509922 ], [ 8223188.92597066052258, 4721709.335644251666963 ], [ 8223343.540858170948923, 4721709.333234050311148 ], [ 8223498.155745672062039, 4721709.337930293753743 ], [ 8223652.77063334453851, 4721709.340257628820837 ], [ 8223807.38552107848227, 4721709.340216062963009 ], [ 8223962.000408762134612, 4721709.337805597111583 ], [ 8224116.615296438336372, 4721709.342501554638147 ], [ 8224271.230184285901487, 4721709.344828614033759 ], [ 8224425.845072192139924, 4721709.344786776229739 ], [ 8224580.459960055537522, 4721709.342376044951379 ], [ 8224735.074847906827927, 4721709.347071718424559 ], [ 8224889.689735926687717, 4721709.34939849935472 ], [ 8225044.304624010808766, 4721709.349356393329799 ], [ 8225198.919512047432363, 4721709.346945391967893 ], [ 8225353.534400074742734, 4721709.351640784181654 ], [ 8225508.149288270622492, 4721709.353967287577689 ], [ 8225662.764176529832184, 4721709.353924907743931 ], [ 8225817.37906473968178, 4721709.351513640023768 ], [ 8225971.993952942080796, 4721709.356208751909435 ], [ 8226126.608841314911842, 4721709.358534974977374 ], [ 8226281.223729748278856, 4721709.35849232506007 ], [ 8226435.838618132285774, 4721709.356080790050328 ], [ 8226590.453506513498724, 4721709.360775616951287 ], [ 8226745.068395057693124, 4721709.363101567141712 ], [ 8226899.683283665217459, 4721709.36305864341557 ], [ 8227054.298172226175666, 4721709.360646842047572 ], [ 8227208.913060781545937, 4721709.365341386757791 ], [ 8227363.527949502691627, 4721709.367667055688798 ], [ 8227518.142838284373283, 4721709.36762386187911 ], [ 8227672.757727023214102, 4721709.365211794152856 ], [ 8227827.372615749016404, 4721709.369906053878367 ], [ 8227981.98750464618206, 4721709.372231448069215 ], [ 8228136.602393603883684, 4721709.372187981382012 ], [ 8228291.217282515950501, 4721709.369775646366179 ], [ 8228445.832171419635415, 4721709.37446962390095 ], [ 8228600.447060490958393, 4721709.376794740557671 ], [ 8228755.06194962374866, 4721709.376751000992954 ], [ 8228909.676838709972799, 4721709.374338399618864 ], [ 8229064.29172778967768, 4721709.37903209310025 ], [ 8229218.906617034226656, 4721709.381356935016811 ], [ 8229373.52150634303689, 4721709.381312918849289 ], [ 8229528.136395604349673, 4721709.378900053910911 ], [ 8229682.75128485634923, 4721709.383593464270234 ], [ 8229837.366174278780818, 4721709.385918028652668 ], [ 8229991.981063761748374, 4721709.385873741470277 ], [ 8230146.595953200012445, 4721709.383460607379675 ], [ 8230301.210842627100646, 4721709.38815373647958 ], [ 8230455.825732221826911, 4721709.390478020533919 ], [ 8230610.440621878951788, 4721709.390433464199305 ], [ 8230765.055511490441859, 4721709.388020060956478 ], [ 8230919.670401094481349, 4721709.392712908796966 ], [ 8231074.285290864296257, 4721709.3950369162485 ], [ 8231228.900180695578456, 4721709.394992087036371 ], [ 8231383.515070483088493, 4721709.392578420229256 ], [ 8231538.129960261285305, 4721709.397270980291069 ], [ 8231692.74485020712018, 4721709.399594714865088 ], [ 8231847.359740214422345, 4721709.399549609050155 ], [ 8232001.974630176089704, 4721709.397135674953461 ], [ 8232156.589520127512515, 4721709.401827955618501 ], [ 8232311.204410247504711, 4721709.404151408933103 ], [ 8232465.819300428032875, 4721709.404106034897268 ], [ 8232620.434190563857555, 4721709.401691833510995 ], [ 8232775.049080691300333, 4721709.40638383012265 ], [ 8232929.663970988243818, 4721709.408707005903125 ], [ 8233084.278861343860626, 4721709.408661358058453 ], [ 8233238.893751653842628, 4721709.406246890313923 ], [ 8233393.508641955442727, 4721709.410938605666161 ], [ 8233548.123532425612211, 4721709.413261504843831 ], [ 8233702.738422958180308, 4721709.413215585052967 ], [ 8233857.353313440456986, 4721709.410800850018859 ], [ 8234011.968203916214406, 4721709.415492285043001 ], [ 8234166.583094562403858, 4721709.417814900167286 ], [ 8234321.197985269129276, 4721709.417768714018166 ], [ 8234475.812875927425921, 4721709.415353707037866 ], [ 8234630.427766577340662, 4721709.420044859871268 ], [ 8234785.042657396756113, 4721709.422367200255394 ], [ 8234939.657548277638853, 4721709.422320738434792 ], [ 8235094.272439111955464, 4721709.419905465096235 ], [ 8235248.887329937890172, 4721709.424596334807575 ], [ 8235403.502220930531621, 4721709.426918399520218 ], [ 8235558.117111985571682, 4721709.426871662959456 ], [ 8235712.732002994976938, 4721709.424456124193966 ], [ 8235867.346893993206322, 4721709.429146712645888 ], [ 8236021.961785164661705, 4721709.431468499824405 ], [ 8236176.576676391065121, 4721709.431421492248774 ], [ 8236331.191567573696375, 4721709.429005683399737 ], [ 8236485.806458748877048, 4721709.433695988729596 ], [ 8236640.421350092627108, 4721709.436017495580018 ], [ 8236795.036241495981812, 4721709.435970218852162 ], [ 8236949.651132852770388, 4721709.433554142713547 ], [ 8237104.266024201177061, 4721709.438244168646634 ], [ 8237258.880915719084442, 4721709.440565397031605 ], [ 8237413.495807298459113, 4721709.440517846494913 ], [ 8237568.110698830336332, 4721709.438101501204073 ], [ 8237722.725590351037681, 4721709.442791244015098 ], [ 8237877.340482042171061, 4721709.445112199522555 ], [ 8238031.955373793840408, 4721709.445064370520413 ], [ 8238186.570265501737595, 4721709.442647762596607 ], [ 8238341.18515719845891, 4721709.447337218560278 ], [ 8238495.800049066543579, 4721709.449657898396254 ], [ 8238650.414940992370248, 4721709.449609798379242 ], [ 8238805.029832871630788, 4721709.447192923165858 ], [ 8238959.644724743440747, 4721709.451882098801434 ], [ 8239114.25961678288877, 4721709.454202495515347 ], [ 8239268.874508887529373, 4721709.454154128208756 ], [ 8239423.489400940947235, 4721709.451736980117857 ], [ 8239578.104292985983193, 4721709.456425872631371 ], [ 8239732.71918520051986, 4721709.458745997399092 ], [ 8239887.334077476523817, 4721709.45869735442102 ], [ 8240041.948969705961645, 4721709.456279941834509 ], [ 8240196.563861926086247, 4721709.460968553088605 ], [ 8240351.178754315711558, 4721709.463288397528231 ], [ 8240505.793646764010191, 4721709.463239480741322 ], [ 8240660.408539165742695, 4721709.460821802727878 ], [ 8240815.023431559093297, 4721709.465510130859911 ], [ 8240969.638324123807251, 4721709.46782969776541 ], [ 8241124.253216749057174, 4721709.467780508100986 ], [ 8241278.868109326809645, 4721709.465362562797964 ], [ 8241433.483001894317567, 4721709.470050608739257 ], [ 8241588.097894632257521, 4721709.472369896247983 ], [ 8241742.712787427939475, 4721709.472320437431335 ], [ 8241897.327680177986622, 4721709.469902221113443 ], [ 8242051.942572922445834, 4721709.474589985795319 ], [ 8242206.557465835474432, 4721709.476908997632563 ], [ 8242361.172358808107674, 4721709.476859265007079 ], [ 8242515.78725173138082, 4721709.474440780468285 ], [ 8242670.402144648134708, 4721709.479128262028098 ], [ 8242825.01703773252666, 4721709.481446999125183 ], [ 8242979.631930878385901, 4721709.481396989896894 ], [ 8243134.246823978610337, 4721709.478978238999844 ], [ 8243288.861717069521546, 4721709.483665435574949 ], [ 8243443.476610329933465, 4721709.485983897000551 ], [ 8243598.091503648087382, 4721709.485933616757393 ], [ 8243752.706396922469139, 4721709.483514598570764 ], [ 8243907.321290184743702, 4721709.488201514817774 ], [ 8244061.936183619312942, 4721709.490519698709249 ], [ 8244216.551077113486826, 4721709.490469145588577 ], [ 8244371.16597056016326, 4721709.488049856387079 ], [ 8244525.780864000320435, 4721709.492736490443349 ], [ 8244680.395757606253028, 4721709.495054395869374 ], [ 8244835.010651275515556, 4721709.495003571733832 ], [ 8244989.625544895417988, 4721709.492584015242755 ], [ 8245144.24043850786984, 4721709.497270368039608 ], [ 8245298.855332287959754, 4721709.499587995931506 ], [ 8245453.470226132310927, 4721709.499536897055805 ], [ 8245608.08511992637068, 4721709.497117072343826 ], [ 8245762.700013712048531, 4721709.501803145743906 ], [ 8245917.314907669089735, 4721709.50412049330771 ], [ 8246071.929801683872938, 4721709.504069122485816 ], [ 8246226.544695652090013, 4721709.501649032346904 ], [ 8246381.15958961006254, 4721709.506334820762277 ], [ 8246535.774483740329742, 4721709.50865189358592 ], [ 8246690.389377929270267, 4721709.508600248023868 ], [ 8246845.004272074438632, 4721709.506179888732731 ], [ 8246999.619166208431125, 4721709.510865398682654 ], [ 8247154.234060510993004, 4721709.513182191178203 ], [ 8247308.84895487409085, 4721709.513130271807313 ], [ 8247463.463849188759923, 4721709.510709643363953 ], [ 8247618.078743495978415, 4721709.515394870191813 ], [ 8247772.693637972697616, 4721709.517711388878524 ], [ 8247927.308532509952784, 4721709.517659197561443 ], [ 8248081.923427000641823, 4721709.515238299034536 ], [ 8248236.538321482017636, 4721709.519923242740333 ], [ 8248391.153216132894158, 4721709.52223948482424 ], [ 8248545.76811084151268, 4721709.522187019698322 ], [ 8248700.383005506359041, 4721709.519765854813159 ], [ 8248854.997900160029531, 4721709.524450516328216 ], [ 8249009.612794983200729, 4721709.526766479946673 ], [ 8249164.227689867839217, 4721709.526713743805885 ], [ 8249318.842584705911577, 4721709.524292307905853 ], [ 8249473.457479531876743, 4721709.52897669095546 ], [ 8249628.072374532930553, 4721709.53129237703979 ], [ 8249782.687269589863718, 4721709.531239368021488 ], [ 8249937.302164601162076, 4721709.528817663900554 ], [ 8250091.917059603147209, 4721709.533501761965454 ], [ 8250246.531954773701727, 4721709.535817172378302 ], [ 8250401.146850004792213, 4721709.535763889551163 ], [ 8250555.761745188385248, 4721709.533341919071972 ], [ 8250710.376640364527702, 4721709.538025733083487 ], [ 8250864.991535709239542, 4721709.540340864099562 ], [ 8251019.606431116349995, 4721709.540287311188877 ], [ 8251174.221326472237706, 4721709.537865068763494 ], [ 8251328.836221822537482, 4721709.542548605240881 ], [ 8251483.451117340475321, 4721709.544863460585475 ], [ 8251638.066012917086482, 4721709.544809631071985 ], [ 8251792.680908450856805, 4721709.542387121357024 ], [ 8251947.295803972519934, 4721709.547070376574993 ], [ 8252101.91069966275245, 4721709.549384950660169 ], [ 8252256.525595413520932, 4721709.54933085013181 ], [ 8252411.140491119585931, 4721709.546908072195947 ], [ 8252565.755386815406382, 4721709.551591043360531 ], [ 8252720.370282681658864, 4721709.553905344568193 ], [ 8252874.985178605653346, 4721709.553850970230997 ], [ 8253029.600074484013021, 4721709.551427922211587 ], [ 8253184.214970354922116, 4721709.556110613048077 ], [ 8253338.829866391606629, 4721709.558424632064998 ], [ 8253493.444762491621077, 4721709.558369986712933 ], [ 8253648.059658541344106, 4721709.555946669541299 ], [ 8253802.674554584547877, 4721709.560629080981016 ], [ 8253957.289450794458389, 4721709.56294282246381 ], [ 8254111.904347065836191, 4721709.562887905165553 ], [ 8254266.519243289716542, 4721709.560464320704341 ], [ 8254421.134139508940279, 4721709.565146449021995 ], [ 8254575.749035893008113, 4721709.567459913901985 ], [ 8254730.363932337611914, 4721709.567404721863568 ], [ 8254884.978828736580908, 4721709.564980866387486 ], [ 8255039.593725125305355, 4721709.569662713445723 ], [ 8255194.208621683530509, 4721709.571975901722908 ], [ 8255348.823518301360309, 4721709.571920434944332 ], [ 8255503.43841487262398, 4721709.569496312178671 ], [ 8255658.053311433643103, 4721709.574177876114845 ], [ 8255812.668208165094256, 4721709.576490786857903 ], [ 8255967.283104956150055, 4721709.576435050927103 ], [ 8256121.898001701571047, 4721709.574010657146573 ], [ 8256276.512898438610137, 4721709.578691938892007 ], [ 8256431.127795342355967, 4721709.581004574894905 ], [ 8256585.742692305706441, 4721709.580948561429977 ], [ 8256740.357589222490788, 4721709.578523902222514 ], [ 8256894.972486132755876, 4721709.583204904571176 ], [ 8257049.587383210659027, 4721709.585517259314656 ], [ 8257204.202280348166823, 4721709.585460973903537 ], [ 8257358.817177438177168, 4721709.583036044612527 ], [ 8257513.432074518874288, 4721709.58771676197648 ], [ 8257668.046971770003438, 4721709.590028843842447 ], [ 8257822.661869080737233, 4721709.589972285553813 ], [ 8257977.276766343042254, 4721709.587547085247934 ], [ 8258131.891663597896695, 4721709.592227524146438 ], [ 8258286.506561022251844, 4721709.594539326615632 ], [ 8258441.121458506211638, 4721709.594482492655516 ], [ 8258595.736355943605304, 4721709.59205702599138 ], [ 8258750.351253372617066, 4721709.596737183630466 ], [ 8258904.966150969266891, 4721709.599048706702888 ], [ 8259059.581048625521362, 4721709.59899160079658 ], [ 8259214.195946233347058, 4721709.596565863117576 ], [ 8259368.810843835584819, 4721709.601245740428567 ], [ 8259523.425741604529321, 4721709.603556986898184 ], [ 8259678.040639434941113, 4721709.603499608114362 ], [ 8259832.655537215992808, 4721709.601073599420488 ], [ 8259987.270434987731278, 4721709.605753199197352 ], [ 8260141.885332931764424, 4721709.608064166270196 ], [ 8260296.500230933539569, 4721709.60800651460886 ], [ 8260451.115128889679909, 4721709.605580235831439 ], [ 8260605.730026837438345, 4721709.610259552486241 ], [ 8260760.344924950972199, 4721709.612570244818926 ], [ 8260914.959823127835989, 4721709.61251231841743 ], [ 8261069.574721255339682, 4721709.610085770487785 ], [ 8261224.189619374461472, 4721709.614764804020524 ], [ 8261378.804517664015293, 4721709.617075220681727 ], [ 8261533.419416012242436, 4721709.617017020471394 ], [ 8261688.034314312040806, 4721709.614590205252171 ], [ 8261842.649212605319917, 4721709.619268956594169 ], [ 8261997.264111065305769, 4721709.621579095721245 ], [ 8262151.879009585827589, 4721709.62152062356472 ], [ 8262306.493908058851957, 4721709.619093537330627 ], [ 8262461.108806523494422, 4721709.623772006481886 ], [ 8262615.723705157637596, 4721709.626081867143512 ], [ 8262770.338603850454092, 4721709.626023123040795 ], [ 8262924.953502499498427, 4721709.623595766723156 ], [ 8263079.568401135504246, 4721709.628273955546319 ], [ 8263234.183299944736063, 4721709.630583541467786 ], [ 8263388.798198809847236, 4721709.630524520762265 ], [ 8263543.413097627460957, 4721709.628096893429756 ], [ 8263698.027996437624097, 4721709.632774801924825 ], [ 8263852.642895418219268, 4721709.635084111243486 ], [ 8264007.257794456556439, 4721709.635024815797806 ], [ 8264161.872693448327482, 4721709.632596919313073 ], [ 8264316.487592430785298, 4721709.637274549342692 ], [ 8264471.102491582743824, 4721709.639583578333259 ], [ 8264625.717390793375671, 4721709.639524010010064 ], [ 8264780.332289956510067, 4721709.637095844373107 ], [ 8264934.947189112193882, 4721709.641773191280663 ], [ 8265089.562088436447084, 4721709.644081942737103 ], [ 8265244.176987819373608, 4721709.644022104330361 ], [ 8265398.791887157596648, 4721709.64159366581589 ], [ 8265553.406786487437785, 4721709.646270737051964 ], [ 8265708.021685983985662, 4721709.648579210974276 ], [ 8265862.636585539206862, 4721709.64851909969002 ], [ 8266017.251485048793256, 4721709.64609039016068 ], [ 8266171.866384551860392, 4721709.650767176412046 ], [ 8266326.481284218840301, 4721709.653075371868908 ], [ 8266481.096183948218822, 4721709.653014983981848 ], [ 8266635.71108362916857, 4721709.650586008094251 ], [ 8266790.32598330359906, 4721709.655262514017522 ], [ 8266944.94088314473629, 4721709.657570435665548 ], [ 8267099.555783045478165, 4721709.65750977396965 ], [ 8267254.170682899653912, 4721709.655080527998507 ], [ 8267408.785582746379077, 4721709.659756750799716 ], [ 8267563.400482759810984, 4721709.662064393050969 ], [ 8267718.015382831916213, 4721709.662003459408879 ], [ 8267872.630282858386636, 4721709.659573944285512 ], [ 8268027.245182876475155, 4721709.66424988489598 ], [ 8268181.860083063133061, 4721709.666557252407074 ], [ 8268336.474983310326934, 4721709.666496043093503 ], [ 8268491.089883509092033, 4721709.664066257886589 ], [ 8268645.704783699475229, 4721709.668741918168962 ], [ 8268800.319684058427811, 4721709.671049008145928 ], [ 8268954.934584476985037, 4721709.670987525954843 ], [ 8269109.54948484711349, 4721709.668557467870414 ], [ 8269264.164385211654007, 4721709.67323285061866 ], [ 8269418.77928574103862, 4721709.675539660267532 ], [ 8269573.394186332821846, 4721709.675477906130254 ], [ 8269728.009086875244975, 4721709.673047580756247 ], [ 8269882.623987412080169, 4721709.677722677588463 ], [ 8270037.238888112828135, 4721709.680029216222465 ], [ 8270191.853788875043392, 4721709.679967183619738 ], [ 8270346.468689592555165, 4721709.677536589093506 ], [ 8270501.083590298891068, 4721709.682211407460272 ], [ 8270655.698491174727678, 4721709.684517664834857 ], [ 8270810.313392107374966, 4721709.684455362148583 ], [ 8270964.928292997181416, 4721709.68202449195087 ], [ 8271119.543193874880672, 4721709.686699030920863 ], [ 8271274.158094923943281, 4721709.689005011692643 ], [ 8271428.77299603074789, 4721709.688942433334887 ], [ 8271583.387897090055048, 4721709.686511298641562 ], [ 8271738.002798141911626, 4721709.691185556352139 ], [ 8271892.617699359543622, 4721709.693491257727146 ], [ 8272047.232600642368197, 4721709.693428403697908 ], [ 8272201.847501873038709, 4721709.690996997058392 ], [ 8272356.462403098121285, 4721709.695670976303518 ], [ 8272511.07730448897928, 4721709.697976401075721 ], [ 8272665.692205940373242, 4721709.697913273237646 ], [ 8272820.307107344269753, 4721709.69548159558326 ], [ 8272974.922008738853037, 4721709.700155292637646 ], [ 8273129.536910302005708, 4721709.702460441738367 ], [ 8273284.151811926625669, 4721709.7023970419541 ], [ 8273438.766713502816856, 4721709.699965093284845 ], [ 8273593.381615068763494, 4721709.704638510011137 ], [ 8273747.996516807004809, 4721709.706943379715085 ], [ 8273902.611418601125479, 4721709.706879707984626 ], [ 8274057.226320348680019, 4721709.704447490163147 ], [ 8274211.841222085990012, 4721709.709120626561344 ], [ 8274366.45612399559468, 4721709.711425219662488 ], [ 8274521.071025962010026, 4721709.711361273191869 ], [ 8274675.68592788092792, 4721709.708928782492876 ], [ 8274830.300829794257879, 4721709.71360163576901 ], [ 8274984.915731872431934, 4721709.715905950404704 ], [ 8275139.530634012073278, 4721709.715841728262603 ], [ 8275294.145536103285849, 4721709.713408970274031 ], [ 8275448.760438187979162, 4721709.718081544153392 ], [ 8275603.375340440310538, 4721709.720385583117604 ], [ 8275757.990242751315236, 4721709.720321089029312 ], [ 8275912.605145015753806, 4721709.717888056300581 ], [ 8276067.220047269016504, 4721709.722560352645814 ], [ 8276221.834949693642557, 4721709.724864115938544 ], [ 8276376.449852174147964, 4721709.724799344316125 ], [ 8276531.064754609949887, 4721709.722366044297814 ], [ 8276685.679657037369907, 4721709.727038058452308 ], [ 8276840.294559633359313, 4721709.729341541416943 ], [ 8276994.909462287090719, 4721709.729276496917009 ], [ 8277149.524364894255996, 4721709.72684292588383 ], [ 8277304.13926749303937, 4721709.731514658778906 ], [ 8277458.754170259460807, 4721709.733817867003381 ], [ 8277613.369073085486889, 4721709.733752545900643 ], [ 8277767.983975864946842, 4721709.731318701989949 ], [ 8277922.598878634162247, 4721709.735990156419575 ], [ 8278077.213781571947038, 4721709.738293088972569 ], [ 8278231.828684571199119, 4721709.738227495923638 ], [ 8278386.443587521091104, 4721709.735793380998075 ], [ 8278541.058490462601185, 4721709.740464556962252 ], [ 8278695.673393572680652, 4721709.742767207324505 ], [ 8278850.288296742364764, 4721709.742701344192028 ], [ 8279004.903199864551425, 4721709.740266955457628 ], [ 8279159.51810297742486, 4721709.744937849231064 ], [ 8279314.133006261661649, 4721709.747240227647126 ], [ 8279468.747909599915147, 4721709.747174084186554 ], [ 8279623.362812895327806, 4721709.744739427231252 ], [ 8279777.977716180495918, 4721709.749410037882626 ], [ 8279932.592619635164738, 4721709.751712135970592 ], [ 8280087.20752314850688, 4721709.751645723357797 ], [ 8280241.822426612488925, 4721709.749210795387626 ], [ 8280396.437330069020391, 4721709.75388112757355 ], [ 8280551.052233693189919, 4721709.756182948127389 ], [ 8280705.667137378826737, 4721709.756116261705756 ], [ 8280860.282041015103459, 4721709.753681060858071 ], [ 8281014.896944643929601, 4721709.758351114578545 ], [ 8281169.51184843853116, 4721709.760652656666934 ], [ 8281324.126752293668687, 4721709.76058569457382 ], [ 8281478.741656103171408, 4721709.758150223642588 ], [ 8281633.356559901498258, 4721709.762819995172322 ], [ 8281787.971463870257139, 4721709.765121264383197 ], [ 8281942.586367897689342, 4721709.765054024755955 ], [ 8282097.201271877624094, 4721709.762618287466466 ], [ 8282251.816175848245621, 4721709.767287778668106 ], [ 8282406.43107998650521, 4721709.769588768482208 ], [ 8282561.045984184369445, 4721709.769521257840097 ], [ 8282715.660888334736228, 4721709.767085243947804 ], [ 8282870.275792478583753, 4721709.771754453890026 ], [ 8283024.890696786344051, 4721709.774055168963969 ], [ 8283179.505601158365607, 4721709.77398738078773 ], [ 8283334.120505479164422, 4721709.771551099605858 ], [ 8283488.735409796237946, 4721709.776220028288662 ], [ 8283643.350314275361598, 4721709.778520465828478 ], [ 8283797.965218815952539, 4721709.778452404774725 ], [ 8283952.580123310908675, 4721709.776015848852694 ], [ 8284107.195027795620263, 4721709.780684501864016 ], [ 8284261.809932450763881, 4721709.782984660938382 ], [ 8284416.424837162718177, 4721709.782916326075792 ], [ 8284571.039741828106344, 4721709.780479500070214 ], [ 8284725.654646484181285, 4721709.785147869028151 ], [ 8284880.269551307894289, 4721709.787447751499712 ], [ 8285034.884456191211939, 4721709.787379141896963 ], [ 8285189.499361027032137, 4721709.784942042082548 ], [ 8285344.114265855401754, 4721709.789610133506358 ], [ 8285498.729170850478113, 4721709.791909735649824 ], [ 8285653.344075904227793, 4721709.791840854100883 ], [ 8285807.958980911411345, 4721709.789403485134244 ], [ 8285962.573885911144316, 4721709.794071295298636 ], [ 8286117.188791076652706, 4721709.796370625495911 ], [ 8286271.803696303628385, 4721709.796301467344165 ], [ 8286426.418601481243968, 4721709.793863823637366 ], [ 8286581.033506650477648, 4721709.798531358130276 ], [ 8286735.648411986418068, 4721709.800830406136811 ], [ 8286890.263317385688424, 4721709.800760974176228 ], [ 8287044.878222732804716, 4721709.798323057591915 ], [ 8287199.493128073401749, 4721709.802990314550698 ], [ 8287354.108033584430814, 4721709.805289085023105 ], [ 8287508.722939151339233, 4721709.805219379253685 ], [ 8287663.337844672612846, 4721709.802781192585826 ], [ 8287817.952750183641911, 4721709.807448165491223 ], [ 8287972.567655864171684, 4721709.809746662154794 ], [ 8288127.182561602443457, 4721709.809676679782569 ], [ 8288281.797467294149101, 4721709.807238222099841 ], [ 8288436.412372978404164, 4721709.811904914677143 ], [ 8288591.027278829365969, 4721709.814203133806586 ], [ 8288745.642184739001095, 4721709.814132878556848 ], [ 8288900.257090601138771, 4721709.81169414985925 ], [ 8289054.871996455825865, 4721709.816360561177135 ], [ 8289209.486902477219701, 4721709.818658499978483 ], [ 8289364.101808557286859, 4721709.81858797185123 ], [ 8289518.716714589856565, 4721709.816148972138762 ], [ 8289673.331620614975691, 4721709.820815104991198 ], [ 8289827.94652680773288, 4721709.823112769052386 ], [ 8289982.561433059163392, 4721709.823041963391006 ], [ 8290137.176339263096452, 4721709.820602688938379 ], [ 8290291.791245459578931, 4721709.825268542394042 ], [ 8290446.406151821836829, 4721709.827565928921103 ], [ 8290601.02105824649334, 4721709.827494849450886 ], [ 8290755.635964618995786, 4721709.825055304914713 ], [ 8290910.250870986841619, 4721709.829720877110958 ], [ 8291064.865777519531548, 4721709.83201798517257 ], [ 8291219.48068411462009, 4721709.831946635618806 ], [ 8291374.095590659417212, 4721709.829506820067763 ], [ 8291528.710497194901109, 4721709.834172113798559 ], [ 8291683.325403900817037, 4721709.836468946188688 ], [ 8291837.940310666337609, 4721709.836397318169475 ], [ 8291992.555217381566763, 4721709.83395722694695 ], [ 8292147.170124089345336, 4721709.838622243143618 ], [ 8292301.785030965693295, 4721709.84091879799962 ], [ 8292456.399937899783254, 4721709.84084689244628 ], [ 8292611.014844788238406, 4721709.838406532071531 ], [ 8292765.629751665517688, 4721709.843071266077459 ], [ 8292920.244658714160323, 4721709.845367545261979 ], [ 8293074.85956581775099, 4721709.845295366831124 ], [ 8293229.474472877569497, 4721709.842854732647538 ], [ 8293384.089379926212132, 4721709.847519190050662 ], [ 8293538.704287141561508, 4721709.849815188907087 ], [ 8293693.319194419309497, 4721709.849742736667395 ], [ 8293847.934101646766067, 4721709.84730183146894 ], [ 8294002.549008867703378, 4721709.851966003887355 ], [ 8294157.163916254416108, 4721709.854261730797589 ], [ 8294311.778823701664805, 4721709.854189003817737 ], [ 8294466.393731099553406, 4721709.851747829467058 ], [ 8294621.008638491854072, 4721709.856411720626056 ], [ 8294775.623546048998833, 4721709.858707166276872 ], [ 8294930.238453665748239, 4721709.858634164556861 ], [ 8295084.853361235000193, 4721709.856192716397345 ], [ 8295239.468268796801567, 4721709.860856334678829 ], [ 8295394.083176524378359, 4721709.86315150372684 ], [ 8295548.698084312491119, 4721709.863078223541379 ], [ 8295703.312992053106427, 4721709.860636504366994 ], [ 8295857.92789978440851, 4721709.86529983766377 ], [ 8296012.542807683348656, 4721709.867594730108976 ], [ 8296167.157715641893446, 4721709.867521179839969 ], [ 8296321.772623552009463, 4721709.865079185925424 ], [ 8296476.387531452812254, 4721709.869742243550718 ], [ 8296631.002439524047077, 4721709.872036856599152 ], [ 8296785.617347651161253, 4721709.871963030658662 ], [ 8296940.232255730777979, 4721709.869520762935281 ], [ 8297094.847163804806769, 4721709.87418354395777 ], [ 8297249.462072042748332, 4721709.876477881334722 ], [ 8297404.076980342157185, 4721709.876403781585395 ], [ 8297558.691888593137264, 4721709.873961238190532 ], [ 8297713.306796836666763, 4721709.878623737022281 ], [ 8297867.92170524597168, 4721709.880917799659073 ], [ 8298022.536613716743886, 4721709.880843423306942 ], [ 8298177.151522137224674, 4721709.878400610759854 ], [ 8298331.766430549323559, 4721709.883062830194831 ], [ 8298486.38133913371712, 4721709.885356613434851 ], [ 8298640.996247773990035, 4721709.885281963273883 ], [ 8298795.611156363040209, 4721709.882838875055313 ], [ 8298950.226064946502447, 4721709.887500818818808 ], [ 8299104.840973697602749, 4721709.889794321730733 ], [ 8299259.455882509239018, 4721709.889719395898283 ], [ 8299414.070791270583868, 4721709.887276043184102 ], [ 8299568.685700023546815, 4721709.891937698237598 ], [ 8299723.300608944147825, 4721709.894230928272009 ], [ 8299877.91551792435348, 4721709.894155730493367 ], [ 8300032.530426857061684, 4721709.891712098382413 ], [ 8300187.145335778594017, 4721709.896373482421041 ], [ 8300341.760244872421026, 4721709.898666433058679 ], [ 8300496.375154021196067, 4721709.89859095774591 ], [ 8300650.990063125267625, 4721709.896147051826119 ], [ 8300805.604972218163311, 4721709.900808155536652 ], [ 8300960.219881480559707, 4721709.903100830502808 ], [ 8301114.834790798835456, 4721709.903025080449879 ], [ 8301269.4497000714764, 4721709.900580901652575 ], [ 8301424.064609334804118, 4721709.905241725035012 ], [ 8301578.679518766701221, 4721709.907534121535718 ], [ 8301733.294428256340325, 4721709.907458097673953 ], [ 8301887.909337698481977, 4721709.905013647861779 ], [ 8302042.524247133173048, 4721709.909674192778766 ], [ 8302197.139156734570861, 4721709.911966313607991 ], [ 8302351.754066395573318, 4721709.911890015006065 ], [ 8302506.368976007215679, 4721709.909445294179022 ], [ 8302660.983885612338781, 4721709.914105555042624 ], [ 8302815.59879538230598, 4721709.916397398337722 ], [ 8302970.213705212809145, 4721709.91632082592696 ], [ 8303124.82861499581486, 4721709.913875830359757 ], [ 8303279.443524769507349, 4721709.918535813689232 ], [ 8303434.058434712700546, 4721709.92082738224417 ], [ 8303588.673344710841775, 4721709.920750529505312 ], [ 8303743.288254666142166, 4721709.918305262923241 ], [ 8303897.903164609335363, 4721709.922964969649911 ], [ 8304052.518074721097946, 4721709.925256259739399 ], [ 8304207.132984890602529, 4721709.925179135985672 ], [ 8304361.747895012609661, 4721709.922733593732119 ], [ 8304516.362805127166212, 4721709.927393019199371 ], [ 8304670.977715407498181, 4721709.9296840345487 ], [ 8304825.592625748366117, 4721709.929606634192169 ], [ 8304980.207536038942635, 4721709.9271608190611 ], [ 8305134.82244632486254, 4721709.931819965131581 ], [ 8305289.437356773763895, 4721709.934110701084137 ], [ 8305444.052267285063863, 4721709.934033023193479 ], [ 8305598.667177747003734, 4721709.931586937047541 ], [ 8305753.28208819963038, 4721709.936245806515217 ], [ 8305907.896998821757734, 4721709.938536264933646 ], [ 8306062.511909500695765, 4721709.938458314165473 ], [ 8306217.126820133067667, 4721709.936011955142021 ], [ 8306371.741730756126344, 4721709.940670544281602 ], [ 8306526.356641547754407, 4721709.942960725165904 ], [ 8306680.971552395261824, 4721709.942882497794926 ], [ 8306835.586463197134435, 4721709.94043586589396 ], [ 8306990.201373988762498, 4721709.945094176568091 ], [ 8307144.816284948959947, 4721709.947384078986943 ], [ 8307299.43119596876204, 4721709.947305579669774 ], [ 8307454.046106938272715, 4721709.944858673028648 ], [ 8307608.661017903126776, 4721709.949516704306006 ], [ 8307763.275929031893611, 4721709.951806330122054 ], [ 8307917.890840221196413, 4721709.951727555133402 ], [ 8308072.505751361139119, 4721709.949280372820795 ], [ 8308227.120662493631244, 4721709.953938124701381 ], [ 8308381.73557379283011, 4721709.956227475777268 ], [ 8308536.350485150702298, 4721709.956148424185812 ], [ 8308690.965396462008357, 4721709.953700970858335 ], [ 8308845.580307764001191, 4721709.958358444273472 ], [ 8309000.19521923456341, 4721709.96064751688391 ], [ 8309154.810130761936307, 4721709.960568190552294 ], [ 8309309.425042242743075, 4721709.95812046341598 ], [ 8309464.039953713305295, 4721709.962777657434344 ], [ 8309618.654865351505578, 4721709.965066451579332 ], [ 8309773.269777049310505, 4721709.964986853301525 ], [ 8309927.884688697755337, 4721709.962538850493729 ], [ 8310082.499600340612233, 4721709.967195764183998 ], [ 8310237.114512147381902, 4721709.969484286382794 ], [ 8310391.729424015618861, 4721709.969404407776892 ], [ 8310546.344335833564401, 4721709.966956133954227 ], [ 8310671.272943507879972, 4721709.968988798558712 ], [ 8310671.384266245178878, 4721709.968989592045546 ] ] ] ] } }
]
}
