{
"type": "FeatureCollection",
"name": "unit_labels",
"crs": { "type": "name", "properties": { "name": "urn:ogc:def:crs:EPSG::3857" } },
"features": [
{ "type": "Feature", "properties": { "label": "ChA" }, "geometry": { "type": "Point", "coordinates": [ 8315663.89241055957973, 4844328.667551624588668 ] } },
{ "type": "Feature", "properties": { "label": "ChA" }, "geometry": { "type": "Point", "coordinates": [ 8303076.358202629722655, 4852607.357923345640302 ] } },
{ "type": "Feature", "properties": { "label": "ChA" }, "geometry": { "type": "Point", "coordinates": [ 8300048.91325955092907, 4865984.916695061139762 ] } },
{ "type": "Feature", "properties": { "label": "ChA" }, "geometry": { "type": "Point", "coordinates": [ 8348004.492024196311831, 4810592.829438935033977 ] } },
{ "type": "Feature", "properties": { "label": "ChA" }, "geometry": { "type": "Point", "coordinates": [ 8337149.210661517456174, 4811320.572179948911071 ] } },
{ "type": "Feature", "properties": { "label": "ChA" }, "geometry": { "type": "Point", "coordinates": [ 8329398.205434492789209, 4840241.702961038798094 ] } },
{ "type": "Feature", "properties": { "label": "ChA" }, "geometry": { "type": "Point", "coordinates": [ 8325355.449355662800372, 4865757.482036250643432 ] } },
{ "type": "Feature", "properties": { "label": "ChA" }, "geometry": { "type": "Point", "coordinates": [ 8326938.988764353096485, 4865985.119718654081225 ] } },
{ "type": "Feature", "properties": { "label": "ChSt" }, "geometry": { "type": "Point", "coordinates": [ 8248480.668008924461901, 4737242.639075803570449 ] } },
{ "type": "Feature", "properties": { "label": "ChSt" }, "geometry": { "type": "Point", "coordinates": [ 8213050.211570960469544, 4728134.080897382460535 ] } },
{ "type": "Feature", "properties": { "label": "ChSt" }, "geometry": { "type": "Point", "coordinates": [ 8227425.703209920786321, 4748663.239305068738759 ] } },
{ "type": "Feature", "properties": { "label": "ChSt" }, "geometry": { "type": "Point", "coordinates": [ 8218390.482153856195509, 4751677.272834663279355 ] } },
{ "type": "Feature", "properties": { "label": "ChSt" }, "geometry": { "type": "Point", "coordinates": [ 8263889.465581445023417, 4755907.341828066855669 ] } },
{ "type": "Feature", "properties": { "label": "ChSt" }, "geometry": { "type": "Point", "coordinates": [ 8205607.50047985650599, 4758222.443162274546921 ] } },
{ "type": "Feature", "properties": { "label": "ChSt" }, "geometry": { "type": "Point", "coordinates": [ 8252394.354568142443895, 4723412.201288815587759 ] } },
{ "type": "Feature", "properties": { "label": "ChSt" }, "geometry": { "type": "Point", "coordinates": [ 8250021.988448574207723, 4724514.278060127981007 ] } },
{ "type": "Feature", "properties": { "label": "ChSt" }, "geometry": { "type": "Point", "coordinates": [ 8253335.075169755145907, 4725363.353836649097502 ] } },
{ "type": "Feature", "properties": { "label": "ChSt" }, "geometry": { "type": "Point", "coordinates": [ 8250776.754735722206533, 4725366.823024383746088 ] } },
{ "type": "Feature", "properties": { "label": "ChSt" }, "geometry": { "type": "Point", "coordinates": [ 8272762.790270900353789, 4728871.63084654789418 ] } },
{ "type": "Feature", "properties": { "label": "ChSt" }, "geometry": { "type": "Point", "coordinates": [ 8254799.259673627093434, 4729995.59537595603615 ] } },
{ "type": "Feature", "properties": { "label": "ChSt" }, "geometry": { "type": "Point", "coordinates": [ 8260806.715355034917593, 4731515.663315362296999 ] } },
{ "type": "Feature", "properties": { "label": "ChSt" }, "geometry": { "type": "Point", "coordinates": [ 8254104.13246389105916, 4731687.974178803153336 ] } },
{ "type": "Feature", "properties": { "label": "ChSt" }, "geometry": { "type": "Point", "coordinates": [ 8257500.366992386989295, 4731898.533718884922564 ] } },
{ "type": "Feature", "properties": { "label": "ChSt" }, "geometry": { "type": "Point", "coordinates": [ 8281344.407166571356356, 4722429.416574877686799 ] } },
{ "type": "Feature", "properties": { "label": "ChSt" }, "geometry": { "type": "Point", "coordinates": [ 8344804.831442838534713, 4732378.011301842518151 ] } },
{ "type": "Feature", "properties": { "label": "ChSt" }, "geometry": { "type": "Point", "coordinates": [ 8343707.78393876645714, 4733197.634869458153844 ] } },
{ "type": "Feature", "properties": { "label": "ChSt" }, "geometry": { "type": "Point", "coordinates": [ 8341119.310698112472892, 4734202.646668590605259 ] } },
{ "type": "Feature", "properties": { "label": "ChSt" }, "geometry": { "type": "Point", "coordinates": [ 8337836.081813429482281, 4736931.901338401250541 ] } },
{ "type": "Feature", "properties": { "label": "ChSt" }, "geometry": { "type": "Point", "coordinates": [ 8333945.637661446817219, 4738342.037104002200067 ] } },
{ "type": "Feature", "properties": { "label": "ChSt" }, "geometry": { "type": "Point", "coordinates": [ 8335680.87692354246974, 4738397.253850815817714 ] } },
{ "type": "Feature", "properties": { "label": "ChSt" }, "geometry": { "type": "Point", "coordinates": [ 8347315.860256243497133, 4739385.882786204107106 ] } },
{ "type": "Feature", "properties": { "label": "ChSt" }, "geometry": { "type": "Point", "coordinates": [ 8348890.737997652031481, 4740823.53795680962503 ] } },
{ "type": "Feature", "properties": { "label": "ChSt" }, "geometry": { "type": "Point", "coordinates": [ 8331895.718623414635658, 4741728.813597653992474 ] } },
{ "type": "Feature", "properties": { "label": "ChSt" }, "geometry": { "type": "Point", "coordinates": [ 8307736.942430117167532, 4742637.555142037570477 ] } },
{ "type": "Feature", "properties": { "label": "ChSt" }, "geometry": { "type": "Point", "coordinates": [ 8304256.068736060522497, 4749040.56780254188925 ] } },
{ "type": "Feature", "properties": { "label": "ChSt" }, "geometry": { "type": "Point", "coordinates": [ 8324193.206508222036064, 4749952.46646454744041 ] } },
{ "type": "Feature", "properties": { "label": "ChSt" }, "geometry": { "type": "Point", "coordinates": [ 8319261.409931647591293, 4753194.505088935606182 ] } },
{ "type": "Feature", "properties": { "label": "Pt1K" }, "geometry": { "type": "Point", "coordinates": [ 8303657.836314654909074, 4726122.843976339325309 ] } },
{ "type": "Feature", "properties": { "label": "Pt1K" }, "geometry": { "type": "Point", "coordinates": [ 8243247.757981069386005, 4754340.906719685532153 ] } },
{ "type": "Feature", "properties": { "label": "C1y" }, "geometry": { "type": "Point", "coordinates": [ 8348161.014269167557359, 4841628.472415200434625 ] } },
{ "type": "Feature", "properties": { "label": "C1y" }, "geometry": { "type": "Point", "coordinates": [ 8270563.384530458599329, 4860095.099176063202322 ] } },
{ "type": "Feature", "properties": { "label": "C1y" }, "geometry": { "type": "Point", "coordinates": [ 8278335.422853872179985, 4865984.75556281581521 ] } },
{ "type": "Feature", "properties": { "label": "C1y" }, "geometry": { "type": "Point", "coordinates": [ 8274989.896077640354633, 4865984.733871101401746 ] } },
{ "type": "Feature", "properties": { "label": "C2P1t" }, "geometry": { "type": "Point", "coordinates": [ 8277523.336267492733896, 4768274.939814371056855 ] } },
{ "type": "Feature", "properties": { "label": "C2P1t" }, "geometry": { "type": "Point", "coordinates": [ 8252236.577026778832078, 4770794.788476562127471 ] } },
{ "type": "Feature", "properties": { "label": "C2ak" }, "geometry": { "type": "Point", "coordinates": [ 8276911.352097714319825, 4852003.441066881641746 ] } },
{ "type": "Feature", "properties": { "label": "C2ak" }, "geometry": { "type": "Point", "coordinates": [ 8276862.027853114530444, 4858892.086595659144223 ] } },
{ "type": "Feature", "properties": { "label": "C2ak" }, "geometry": { "type": "Point", "coordinates": [ 8265215.754110584966838, 4858594.451418369077146 ] } },
{ "type": "Feature", "properties": { "label": "C2ak" }, "geometry": { "type": "Point", "coordinates": [ 8263583.798064932227135, 4860960.596023084595799 ] } },
{ "type": "Feature", "properties": { "label": "C2ak" }, "geometry": { "type": "Point", "coordinates": [ 8284943.576609190553427, 4865984.808217955753207 ] } },
{ "type": "Feature", "properties": { "label": "C2ak" }, "geometry": { "type": "Point", "coordinates": [ 8270724.414935555309057, 4865984.70158713683486 ] } },
{ "type": "Feature", "properties": { "label": "C2kk" }, "geometry": { "type": "Point", "coordinates": [ 8261188.293518690392375, 4851270.107582833617926 ] } },
{ "type": "Feature", "properties": { "label": "C2kk" }, "geometry": { "type": "Point", "coordinates": [ 8276010.45767399482429, 4854287.917779421433806 ] } },
{ "type": "Feature", "properties": { "label": "C2kk" }, "geometry": { "type": "Point", "coordinates": [ 8262846.375021307729185, 4858475.922217074781656 ] } },
{ "type": "Feature", "properties": { "label": "C2kk" }, "geometry": { "type": "Point", "coordinates": [ 8278632.220786897465587, 4864465.815099856816232 ] } },
{ "type": "Feature", "properties": { "label": "C2kk" }, "geometry": { "type": "Point", "coordinates": [ 8270087.583878433331847, 4865639.37511580158025 ] } },
{ "type": "Feature", "properties": { "label": "C2kk" }, "geometry": { "type": "Point", "coordinates": [ 8284096.787916988134384, 4865984.800737177021801 ] } },
{ "type": "Feature", "properties": { "label": "C2kk" }, "geometry": { "type": "Point", "coordinates": [ 8268777.744785555638373, 4865984.687169520184398 ] } },
{ "type": "Feature", "properties": { "label": "C2kk" }, "geometry": { "type": "Point", "coordinates": [ 8267781.886135592125356, 4865984.677261324599385 ] } },
{ "type": "Feature", "properties": { "label": "D1s" }, "geometry": { "type": "Point", "coordinates": [ 8232004.48195902723819, 4811183.878236679360271 ] } },
{ "type": "Feature", "properties": { "label": "D1s" }, "geometry": { "type": "Point", "coordinates": [ 8233849.552915509790182, 4818051.517590058036149 ] } },
{ "type": "Feature", "properties": { "label": "D1s" }, "geometry": { "type": "Point", "coordinates": [ 8238135.234597496688366, 4846277.232966588810086 ] } },
{ "type": "Feature", "properties": { "label": "D1s" }, "geometry": { "type": "Point", "coordinates": [ 8241813.946687504649162, 4837893.038394964300096 ] } },
{ "type": "Feature", "properties": { "label": "D1s" }, "geometry": { "type": "Point", "coordinates": [ 8236085.713159574195743, 4865984.439425186254084 ] } },
{ "type": "Feature", "properties": { "label": "D1s" }, "geometry": { "type": "Point", "coordinates": [ 8250591.502552879974246, 4852489.316408505663276 ] } },
{ "type": "Feature", "properties": { "label": "D1s" }, "geometry": { "type": "Point", "coordinates": [ 8260275.988541401922703, 4856262.432407507672906 ] } },
{ "type": "Feature", "properties": { "label": "D1s" }, "geometry": { "type": "Point", "coordinates": [ 8246864.5479348115623, 4858779.292000479064882 ] } },
{ "type": "Feature", "properties": { "label": "D1s" }, "geometry": { "type": "Point", "coordinates": [ 8247569.159178900532424, 4865984.524883992038667 ] } },
{ "type": "Feature", "properties": { "label": "D1s" }, "geometry": { "type": "Point", "coordinates": [ 8244385.154046565294266, 4865984.49840581137687 ] } },
{ "type": "Feature", "properties": { "label": "D2kz" }, "geometry": { "type": "Point", "coordinates": [ 8298197.285292549058795, 4752007.0291140191257 ] } },
{ "type": "Feature", "properties": { "label": "D2kz" }, "geometry": { "type": "Point", "coordinates": [ 8296880.691288026981056, 4752042.197635645978153 ] } },
{ "type": "Feature", "properties": { "label": "D2kz" }, "geometry": { "type": "Point", "coordinates": [ 8294907.646691611036658, 4752788.544578039087355 ] } },
{ "type": "Feature", "properties": { "label": "D2kz" }, "geometry": { "type": "Point", "coordinates": [ 8291620.709994576871395, 4755067.427626487798989 ] } },
{ "type": "Feature", "properties": { "label": "D2kz" }, "geometry": { "type": "Point", "coordinates": [ 8296802.499591987580061, 4755067.186587535776198 ] } },
{ "type": "Feature", "properties": { "label": "D2kz" }, "geometry": { "type": "Point", "coordinates": [ 8289653.46323867328465, 4755099.188280493952334 ] } },
{ "type": "Feature", "properties": { "label": "D2kz" }, "geometry": { "type": "Point", "coordinates": [ 8288228.285419740714133, 4755449.18586840108037 ] } },
{ "type": "Feature", "properties": { "label": "D2kz" }, "geometry": { "type": "Point", "coordinates": [ 8278360.383246369659901, 4757467.600346099585295 ] } },
{ "type": "Feature", "properties": { "label": "D2kz" }, "geometry": { "type": "Point", "coordinates": [ 8273970.018728011287749, 4757967.767669757828116 ] } },
{ "type": "Feature", "properties": { "label": "D2kz" }, "geometry": { "type": "Point", "coordinates": [ 8273146.956840436905622, 4758287.963480973616242 ] } },
{ "type": "Feature", "properties": { "label": "D2kz" }, "geometry": { "type": "Point", "coordinates": [ 8298464.665917323902249, 4758557.106451459228992 ] } },
{ "type": "Feature", "properties": { "label": "D2kz" }, "geometry": { "type": "Point", "coordinates": [ 8269233.784192048944533, 4758794.882389805279672 ] } },
{ "type": "Feature", "properties": { "label": "D2kz" }, "geometry": { "type": "Point", "coordinates": [ 8267080.485777124762535, 4759163.2446877239272 ] } },
{ "type": "Feature", "properties": { "label": "D2kz" }, "geometry": { "type": "Point", "coordinates": [ 8295894.915444960817695, 4759558.181529056280851 ] } },
{ "type": "Feature", "properties": { "label": "D2kz" }, "geometry": { "type": "Point", "coordinates": [ 8293034.079872243106365, 4760385.989998636767268 ] } },
{ "type": "Feature", "properties": { "label": "D2kz" }, "geometry": { "type": "Point", "coordinates": [ 8308371.415388935245574, 4732989.217835402116179 ] } },
{ "type": "Feature", "properties": { "label": "D2kz" }, "geometry": { "type": "Point", "coordinates": [ 8311522.630574859678745, 4742818.845278452150524 ] } },
{ "type": "Feature", "properties": { "label": "D2kz" }, "geometry": { "type": "Point", "coordinates": [ 8311833.2747747246176, 4746206.265300825238228 ] } },
{ "type": "Feature", "properties": { "label": "D2kz" }, "geometry": { "type": "Point", "coordinates": [ 8310155.304917711764574, 4747195.103510894812644 ] } },
{ "type": "Feature", "properties": { "label": "D2kz" }, "geometry": { "type": "Point", "coordinates": [ 8307888.83753502368927, 4748058.688983930274844 ] } },
{ "type": "Feature", "properties": { "label": "D2kz" }, "geometry": { "type": "Point", "coordinates": [ 8306492.528034918941557, 4749014.005661159753799 ] } },
{ "type": "Feature", "properties": { "label": "D2kz" }, "geometry": { "type": "Point", "coordinates": [ 8304826.439299033023417, 4749477.572260753251612 ] } },
{ "type": "Feature", "properties": { "label": "D2kz" }, "geometry": { "type": "Point", "coordinates": [ 8300976.232833694666624, 4750382.200534237548709 ] } },
{ "type": "Feature", "properties": { "label": "D2kz" }, "geometry": { "type": "Point", "coordinates": [ 8302063.004982265643775, 4750823.59754975605756 ] } },
{ "type": "Feature", "properties": { "label": "D2kz" }, "geometry": { "type": "Point", "coordinates": [ 8300603.304841881617904, 4751171.698037961497903 ] } },
{ "type": "Feature", "properties": { "label": "D2kz" }, "geometry": { "type": "Point", "coordinates": [ 8308407.887225123122334, 4753931.084908039309084 ] } },
{ "type": "Feature", "properties": { "label": "D2kz" }, "geometry": { "type": "Point", "coordinates": [ 8305808.616570185869932, 4757067.511040354147553 ] } },
{ "type": "Feature", "properties": { "label": "D2kz" }, "geometry": { "type": "Point", "coordinates": [ 8300304.05056602973491, 4757604.604720328934491 ] } },
{ "type": "Feature", "properties": { "label": "D2kz" }, "geometry": { "type": "Point", "coordinates": [ 8337183.826494167558849, 4729892.381352518685162 ] } },
{ "type": "Feature", "properties": { "label": "D2kz" }, "geometry": { "type": "Point", "coordinates": [ 8317767.087297448888421, 4723128.01397845428437 ] } },
{ "type": "Feature", "properties": { "label": "D2kz" }, "geometry": { "type": "Point", "coordinates": [ 8331318.71930621098727, 4725068.194317170418799 ] } },
{ "type": "Feature", "properties": { "label": "D2kz" }, "geometry": { "type": "Point", "coordinates": [ 8316995.682195087894797, 4726242.760732580907643 ] } },
{ "type": "Feature", "properties": { "label": "D2kz" }, "geometry": { "type": "Point", "coordinates": [ 8326471.206429735757411, 4730394.438739382661879 ] } },
{ "type": "Feature", "properties": { "label": "D2kz" }, "geometry": { "type": "Point", "coordinates": [ 8346514.696002293378115, 4731292.963181524537504 ] } },
{ "type": "Feature", "properties": { "label": "D2kz" }, "geometry": { "type": "Point", "coordinates": [ 8323107.676886612549424, 4734621.997650670818985 ] } },
{ "type": "Feature", "properties": { "label": "D2kz" }, "geometry": { "type": "Point", "coordinates": [ 8321276.275726307183504, 4734691.397513291798532 ] } },
{ "type": "Feature", "properties": { "label": "D2kz" }, "geometry": { "type": "Point", "coordinates": [ 8325037.074306038208306, 4739864.251025406643748 ] } },
{ "type": "Feature", "properties": { "label": "D2kz" }, "geometry": { "type": "Point", "coordinates": [ 8321066.635323609225452, 4747786.88761477638036 ] } },
{ "type": "Feature", "properties": { "label": "D2kz" }, "geometry": { "type": "Point", "coordinates": [ 8312716.943268448114395, 4752860.391106643714011 ] } },
{ "type": "Feature", "properties": { "label": "D2t" }, "geometry": { "type": "Point", "coordinates": [ 8230352.95493268687278, 4804286.188577694818377 ] } },
{ "type": "Feature", "properties": { "label": "D2t" }, "geometry": { "type": "Point", "coordinates": [ 8238277.991066345013678, 4818984.519261418841779 ] } },
{ "type": "Feature", "properties": { "label": "D2t" }, "geometry": { "type": "Point", "coordinates": [ 8228180.546983553096652, 4826379.415476034395397 ] } },
{ "type": "Feature", "properties": { "label": "D2t" }, "geometry": { "type": "Point", "coordinates": [ 8229106.457361161708832, 4827828.203006981872022 ] } },
{ "type": "Feature", "properties": { "label": "D2t" }, "geometry": { "type": "Point", "coordinates": [ 8227885.160718793980777, 4833300.195663840509951 ] } },
{ "type": "Feature", "properties": { "label": "D2t" }, "geometry": { "type": "Point", "coordinates": [ 8223051.21251695882529, 4841375.759882308542728 ] } },
{ "type": "Feature", "properties": { "label": "D2t" }, "geometry": { "type": "Point", "coordinates": [ 8234174.393358764238656, 4841990.936043824069202 ] } },
{ "type": "Feature", "properties": { "label": "D2t" }, "geometry": { "type": "Point", "coordinates": [ 8233993.214438708499074, 4844506.617502885870636 ] } },
{ "type": "Feature", "properties": { "label": "D2t" }, "geometry": { "type": "Point", "coordinates": [ 8230521.644709329120815, 4859462.375778938643634 ] } },
{ "type": "Feature", "properties": { "label": "D2t" }, "geometry": { "type": "Point", "coordinates": [ 8235708.439369543455541, 4865417.581695868633687 ] } },
{ "type": "Feature", "properties": { "label": "D2t" }, "geometry": { "type": "Point", "coordinates": [ 8235149.32798498403281, 4865984.429259731434286 ] } },
{ "type": "Feature", "properties": { "label": "D2t" }, "geometry": { "type": "Point", "coordinates": [ 8240115.281327411532402, 4839228.649409401230514 ] } },
{ "type": "Feature", "properties": { "label": "D2t" }, "geometry": { "type": "Point", "coordinates": [ 8246719.271707683801651, 4853444.73992480430752 ] } },
{ "type": "Feature", "properties": { "label": "D2t" }, "geometry": { "type": "Point", "coordinates": [ 8279660.47931947465986, 4853948.670716878026724 ] } },
{ "type": "Feature", "properties": { "label": "D2t" }, "geometry": { "type": "Point", "coordinates": [ 8262537.136243266053498, 4861247.148684366606176 ] } },
{ "type": "Feature", "properties": { "label": "D2t" }, "geometry": { "type": "Point", "coordinates": [ 8243011.315036064013839, 4865207.465072274208069 ] } },
{ "type": "Feature", "properties": { "label": "D2t" }, "geometry": { "type": "Point", "coordinates": [ 8266748.572473316453397, 4865984.669990969821811 ] } },
{ "type": "Feature", "properties": { "label": "D2t" }, "geometry": { "type": "Point", "coordinates": [ 8264735.862329845316708, 4865984.653185237199068 ] } },
{ "type": "Feature", "properties": { "label": "D2t" }, "geometry": { "type": "Point", "coordinates": [ 8251398.037864003330469, 4865984.555624159052968 ] } },
{ "type": "Feature", "properties": { "label": "D3kz1" }, "geometry": { "type": "Point", "coordinates": [ 8288552.625061945058405, 4843772.210649797692895 ] } },
{ "type": "Feature", "properties": { "label": "D3kz1" }, "geometry": { "type": "Point", "coordinates": [ 8289364.454480492509902, 4847012.920059598051012 ] } },
{ "type": "Feature", "properties": { "label": "D3kz1" }, "geometry": { "type": "Point", "coordinates": [ 8285907.471703562885523, 4863120.481974574737251 ] } },
{ "type": "Feature", "properties": { "label": "D3kz1" }, "geometry": { "type": "Point", "coordinates": [ 8287935.959860808216035, 4865984.830719276331365 ] } },
{ "type": "Feature", "properties": { "label": "D3kz2" }, "geometry": { "type": "Point", "coordinates": [ 8287665.663089929148555, 4848653.072011195123196 ] } },
{ "type": "Feature", "properties": { "label": "D3kz2" }, "geometry": { "type": "Point", "coordinates": [ 8317094.760615023784339, 4852972.682269196026027 ] } },
{ "type": "Feature", "properties": { "label": "D3kz2" }, "geometry": { "type": "Point", "coordinates": [ 8283507.299507645890117, 4855006.07282498665154 ] } },
{ "type": "Feature", "properties": { "label": "D3kz2" }, "geometry": { "type": "Point", "coordinates": [ 8291357.805502320639789, 4860991.216434606350958 ] } },
{ "type": "Feature", "properties": { "label": "D3kz2" }, "geometry": { "type": "Point", "coordinates": [ 8287961.48128471057862, 4862643.699498131871223 ] } },
{ "type": "Feature", "properties": { "label": "D3kz2" }, "geometry": { "type": "Point", "coordinates": [ 8291117.369356512092054, 4862205.153093440458179 ] } },
{ "type": "Feature", "properties": { "label": "D3kz2" }, "geometry": { "type": "Point", "coordinates": [ 8286990.748217644169927, 4865984.820406442508101 ] } },
{ "type": "Feature", "properties": { "label": "D3kz3" }, "geometry": { "type": "Point", "coordinates": [ 8342938.244923596270382, 4808879.743367334827781 ] } },
{ "type": "Feature", "properties": { "label": "D3kz3" }, "geometry": { "type": "Point", "coordinates": [ 8343499.094969322904944, 4811546.908394818194211 ] } },
{ "type": "Feature", "properties": { "label": "D3kz3" }, "geometry": { "type": "Point", "coordinates": [ 8336855.512546506710351, 4848284.543138320557773 ] } },
{ "type": "Feature", "properties": { "label": "D3kz3" }, "geometry": { "type": "Point", "coordinates": [ 8285996.435870829969645, 4849893.8264444405213 ] } },
{ "type": "Feature", "properties": { "label": "D3kz3" }, "geometry": { "type": "Point", "coordinates": [ 8292541.917141115292907, 4853408.317360047250986 ] } },
{ "type": "Feature", "properties": { "label": "D3kz3" }, "geometry": { "type": "Point", "coordinates": [ 8289627.857090095058084, 4857309.229043504223228 ] } },
{ "type": "Feature", "properties": { "label": "D3kz3" }, "geometry": { "type": "Point", "coordinates": [ 8329910.949906211346388, 4857517.066780461929739 ] } },
{ "type": "Feature", "properties": { "label": "D3kz3" }, "geometry": { "type": "Point", "coordinates": [ 8286497.652855411171913, 4860153.695682518184185 ] } },
{ "type": "Feature", "properties": { "label": "D3q" }, "geometry": { "type": "Point", "coordinates": [ 8311729.289446324110031, 4722118.547196006402373 ] } },
{ "type": "Feature", "properties": { "label": "D3q" }, "geometry": { "type": "Point", "coordinates": [ 8326670.37248417455703, 4724701.226664213463664 ] } },
{ "type": "Feature", "properties": { "label": "D3q" }, "geometry": { "type": "Point", "coordinates": [ 8328658.804831529967487, 4726780.92408050224185 ] } },
{ "type": "Feature", "properties": { "label": "D3q" }, "geometry": { "type": "Point", "coordinates": [ 8317922.905410653911531, 4732761.30150702688843 ] } },
{ "type": "Feature", "properties": { "label": "D3q" }, "geometry": { "type": "Point", "coordinates": [ 8314643.296181823126972, 4735840.189402032643557 ] } },
{ "type": "Feature", "properties": { "label": "D3q" }, "geometry": { "type": "Point", "coordinates": [ 8312756.826416971161962, 4737866.284076860174537 ] } },
{ "type": "Feature", "properties": { "label": "EK" }, "geometry": { "type": "Point", "coordinates": [ 8187867.769739303737879, 4775718.704438221640885 ] } },
{ "type": "Feature", "properties": { "label": "EK" }, "geometry": { "type": "Point", "coordinates": [ 8237461.311736399307847, 4780156.196204070933163 ] } },
{ "type": "Feature", "properties": { "label": "EK" }, "geometry": { "type": "Point", "coordinates": [ 8199292.123023793101311, 4786532.03063065558672 ] } },
{ "type": "Feature", "properties": { "label": "EK" }, "geometry": { "type": "Point", "coordinates": [ 8254007.75763775780797, 4794634.383362099528313 ] } },
{ "type": "Feature", "properties": { "label": "EK" }, "geometry": { "type": "Point", "coordinates": [ 8206886.991587267257273, 4787912.490073787979782 ] } },
{ "type": "Feature", "properties": { "label": "EK" }, "geometry": { "type": "Point", "coordinates": [ 8209509.626149960793555, 4788140.303491153754294 ] } },
{ "type": "Feature", "properties": { "label": "EK" }, "geometry": { "type": "Point", "coordinates": [ 8225992.772967074066401, 4789431.83924113586545 ] } },
{ "type": "Feature", "properties": { "label": "EK" }, "geometry": { "type": "Point", "coordinates": [ 8229278.399930525571108, 4789880.655697107315063 ] } },
{ "type": "Feature", "properties": { "label": "EK" }, "geometry": { "type": "Point", "coordinates": [ 8237709.843280434608459, 4792408.495548509061337 ] } },
{ "type": "Feature", "properties": { "label": "EK" }, "geometry": { "type": "Point", "coordinates": [ 8240574.790815742686391, 4795098.106461530551314 ] } },
{ "type": "Feature", "properties": { "label": "EK" }, "geometry": { "type": "Point", "coordinates": [ 8230941.875157440081239, 4826518.397495553828776 ] } },
{ "type": "Feature", "properties": { "label": "EK" }, "geometry": { "type": "Point", "coordinates": [ 8245523.250187583267689, 4827043.296635017730296 ] } },
{ "type": "Feature", "properties": { "label": "EK" }, "geometry": { "type": "Point", "coordinates": [ 8235321.088081409223378, 4827887.740308506414294 ] } },
{ "type": "Feature", "properties": { "label": "EK" }, "geometry": { "type": "Point", "coordinates": [ 8235934.736716791056097, 4832304.788179249502718 ] } },
{ "type": "Feature", "properties": { "label": "EK" }, "geometry": { "type": "Point", "coordinates": [ 8258931.76122114341706, 4778790.928223504684865 ] } },
{ "type": "Feature", "properties": { "label": "EK" }, "geometry": { "type": "Point", "coordinates": [ 8254220.467915521934628, 4781943.764784270897508 ] } },
{ "type": "Feature", "properties": { "label": "EK" }, "geometry": { "type": "Point", "coordinates": [ 8260954.145020582713187, 4788895.449654072523117 ] } },
{ "type": "Feature", "properties": { "label": "EK" }, "geometry": { "type": "Point", "coordinates": [ 8289551.5206846492365, 4805408.700722830370069 ] } },
{ "type": "Feature", "properties": { "label": "EK" }, "geometry": { "type": "Point", "coordinates": [ 8278758.589246085844934, 4805796.702685561962426 ] } },
{ "type": "Feature", "properties": { "label": "EK" }, "geometry": { "type": "Point", "coordinates": [ 8257492.322434894740582, 4807958.054418911226094 ] } },
{ "type": "Feature", "properties": { "label": "EK" }, "geometry": { "type": "Point", "coordinates": [ 8282408.959918999113142, 4807393.838052541948855 ] } },
{ "type": "Feature", "properties": { "label": "EK" }, "geometry": { "type": "Point", "coordinates": [ 8296108.297393357381225, 4810572.330763657577336 ] } },
{ "type": "Feature", "properties": { "label": "EK" }, "geometry": { "type": "Point", "coordinates": [ 8291458.406240853480995, 4813413.497805082239211 ] } },
{ "type": "Feature", "properties": { "label": "EK" }, "geometry": { "type": "Point", "coordinates": [ 8262481.062644845806062, 4815588.243866198696196 ] } },
{ "type": "Feature", "properties": { "label": "EK" }, "geometry": { "type": "Point", "coordinates": [ 8257752.31181320361793, 4818706.265403006225824 ] } },
{ "type": "Feature", "properties": { "label": "EK" }, "geometry": { "type": "Point", "coordinates": [ 8295148.846358426846564, 4820958.276272002607584 ] } },
{ "type": "Feature", "properties": { "label": "EK" }, "geometry": { "type": "Point", "coordinates": [ 8301547.584080767817795, 4844246.283995462581515 ] } },
{ "type": "Feature", "properties": { "label": "EK" }, "geometry": { "type": "Point", "coordinates": [ 8274548.136190004646778, 4849468.628180813975632 ] } },
{ "type": "Feature", "properties": { "label": "EK" }, "geometry": { "type": "Point", "coordinates": [ 8261810.447438782081008, 4850493.941152542829514 ] } },
{ "type": "Feature", "properties": { "label": "EK" }, "geometry": { "type": "Point", "coordinates": [ 8324213.492709033191204, 4808264.025346951559186 ] } },
{ "type": "Feature", "properties": { "label": "EK" }, "geometry": { "type": "Point", "coordinates": [ 8331285.062145874835551, 4812205.386682860553265 ] } },
{ "type": "Feature", "properties": { "label": "EK" }, "geometry": { "type": "Point", "coordinates": [ 8343837.512140555307269, 4814431.087272590957582 ] } },
{ "type": "Feature", "properties": { "label": "EK" }, "geometry": { "type": "Point", "coordinates": [ 8330893.26893197093159, 4819371.160028679296374 ] } },
{ "type": "Feature", "properties": { "label": "EK" }, "geometry": { "type": "Point", "coordinates": [ 8324876.988624022342265, 4820274.927417496219277 ] } },
{ "type": "Feature", "properties": { "label": "EK" }, "geometry": { "type": "Point", "coordinates": [ 8316228.581490288488567, 4826097.009407033212483 ] } },
{ "type": "Feature", "properties": { "label": "EK" }, "geometry": { "type": "Point", "coordinates": [ 8346632.964194221422076, 4827193.670367293991148 ] } },
{ "type": "Feature", "properties": { "label": "EK" }, "geometry": { "type": "Point", "coordinates": [ 8296008.327218464575708, 4831686.325702137313783 ] } },
{ "type": "Feature", "properties": { "label": "EK" }, "geometry": { "type": "Point", "coordinates": [ 8334205.22424366697669, 4832899.64307055156678 ] } },
{ "type": "Feature", "properties": { "label": "EK" }, "geometry": { "type": "Point", "coordinates": [ 8329296.467534626834095, 4835697.23534669727087 ] } },
{ "type": "Feature", "properties": { "label": "EK" }, "geometry": { "type": "Point", "coordinates": [ 8326222.991917392238975, 4836363.17271913215518 ] } },
{ "type": "Feature", "properties": { "label": "EK" }, "geometry": { "type": "Point", "coordinates": [ 8322286.311619689688087, 4836999.280888029374182 ] } },
{ "type": "Feature", "properties": { "label": "EK" }, "geometry": { "type": "Point", "coordinates": [ 8310993.259520476683974, 4840689.105188476853073 ] } },
{ "type": "Feature", "properties": { "label": "J1k" }, "geometry": { "type": "Point", "coordinates": [ 8329962.085694758221507, 4839532.180042075924575 ] } },
{ "type": "Feature", "properties": { "label": "J1k" }, "geometry": { "type": "Point", "coordinates": [ 8323696.034575111232698, 4839724.318656681105494 ] } },
{ "type": "Feature", "properties": { "label": "J1k" }, "geometry": { "type": "Point", "coordinates": [ 8318305.746509216725826, 4842164.150165817700326 ] } },
{ "type": "Feature", "properties": { "label": "J1k" }, "geometry": { "type": "Point", "coordinates": [ 8314396.795226691290736, 4844019.944944093003869 ] } },
{ "type": "Feature", "properties": { "label": "J1k" }, "geometry": { "type": "Point", "coordinates": [ 8328251.807397759519517, 4851913.2074342854321 ] } },
{ "type": "Feature", "properties": { "label": "J1k" }, "geometry": { "type": "Point", "coordinates": [ 8338666.941430144011974, 4856620.96786434110254 ] } },
{ "type": "Feature", "properties": { "label": "J1k" }, "geometry": { "type": "Point", "coordinates": [ 8322671.667885754257441, 4865252.112939829938114 ] } },
{ "type": "Feature", "properties": { "label": "J1k" }, "geometry": { "type": "Point", "coordinates": [ 8324046.167903968133032, 4865985.096340222284198 ] } },
{ "type": "Feature", "properties": { "label": "J1k" }, "geometry": { "type": "Point", "coordinates": [ 8341709.051199410110712, 4838926.324926316738129 ] } },
{ "type": "Feature", "properties": { "label": "J1k" }, "geometry": { "type": "Point", "coordinates": [ 8333817.27875594701618, 4840244.951842695474625 ] } },
{ "type": "Feature", "properties": { "label": "J1k" }, "geometry": { "type": "Point", "coordinates": [ 8348889.982213619165123, 4847270.4867959395051 ] } },
{ "type": "Feature", "properties": { "label": "J1k" }, "geometry": { "type": "Point", "coordinates": [ 8337767.778648067265749, 4865985.194611049257219 ] } },
{ "type": "Feature", "properties": { "label": "J1sh" }, "geometry": { "type": "Point", "coordinates": [ 8319720.971322165802121, 4842347.286782884970307 ] } },
{ "type": "Feature", "properties": { "label": "J1sh" }, "geometry": { "type": "Point", "coordinates": [ 8337013.091360355727375, 4843739.2385866176337 ] } },
{ "type": "Feature", "properties": { "label": "J1sh" }, "geometry": { "type": "Point", "coordinates": [ 8315103.642306932248175, 4844701.427861146628857 ] } },
{ "type": "Feature", "properties": { "label": "J1sh" }, "geometry": { "type": "Point", "coordinates": [ 8324806.781511433422565, 4851832.243461679667234 ] } },
{ "type": "Feature", "properties": { "label": "J1sh" }, "geometry": { "type": "Point", "coordinates": [ 8332331.08048059232533, 4860229.756865668110549 ] } },
{ "type": "Feature", "properties": { "label": "J1sh" }, "geometry": { "type": "Point", "coordinates": [ 8321129.913561896421015, 4865215.847749994136393 ] } },
{ "type": "Feature", "properties": { "label": "J1sh" }, "geometry": { "type": "Point", "coordinates": [ 8324476.633395022712648, 4865745.706576277501881 ] } },
{ "type": "Feature", "properties": { "label": "J1sh" }, "geometry": { "type": "Point", "coordinates": [ 8331409.680657885968685, 4865985.151469415985048 ] } },
{ "type": "Feature", "properties": { "label": "J1sh" }, "geometry": { "type": "Point", "coordinates": [ 8321781.174665727652609, 4865985.079633227549493 ] } },
{ "type": "Feature", "properties": { "label": "J1sh" }, "geometry": { "type": "Point", "coordinates": [ 8348890.044334715232253, 4838625.67572876252234 ] } },
{ "type": "Feature", "properties": { "label": "J1sh" }, "geometry": { "type": "Point", "coordinates": [ 8348162.084458022378385, 4840137.402037126012146 ] } },
{ "type": "Feature", "properties": { "label": "J1sh" }, "geometry": { "type": "Point", "coordinates": [ 8345772.018887516111135, 4840590.033409462310374 ] } },
{ "type": "Feature", "properties": { "label": "J1sh" }, "geometry": { "type": "Point", "coordinates": [ 8347609.42359637375921, 4841897.846292912960052 ] } },
{ "type": "Feature", "properties": { "label": "J1sh" }, "geometry": { "type": "Point", "coordinates": [ 8348890.015216999687254, 4842679.996462165378034 ] } },
{ "type": "Feature", "properties": { "label": "J1sh" }, "geometry": { "type": "Point", "coordinates": [ 8347644.308008521795273, 4846470.619829703122377 ] } },
{ "type": "Feature", "properties": { "label": "J1sh" }, "geometry": { "type": "Point", "coordinates": [ 8342132.822252902202308, 4850421.205533809028566 ] } },
{ "type": "Feature", "properties": { "label": "J1sh" }, "geometry": { "type": "Point", "coordinates": [ 8340814.56096894480288, 4851558.650157039053738 ] } },
{ "type": "Feature", "properties": { "label": "J2t" }, "geometry": { "type": "Point", "coordinates": [ 8295860.90286619681865, 4865470.089419467374682 ] } },
{ "type": "Feature", "properties": { "label": "J2t" }, "geometry": { "type": "Point", "coordinates": [ 8293779.011113562621176, 4865984.871412815526128 ] } },
{ "type": "Feature", "properties": { "label": "J2y" }, "geometry": { "type": "Point", "coordinates": [ 8348890.086766711436212, 4832710.260003115050495 ] } },
{ "type": "Feature", "properties": { "label": "J2y" }, "geometry": { "type": "Point", "coordinates": [ 8341377.4667041413486, 4835972.617360584437847 ] } },
{ "type": "Feature", "properties": { "label": "J2y" }, "geometry": { "type": "Point", "coordinates": [ 8329072.300641297362745, 4838899.805330733768642 ] } },
{ "type": "Feature", "properties": { "label": "J2y" }, "geometry": { "type": "Point", "coordinates": [ 8333737.890152777545154, 4839134.316009778529406 ] } },
{ "type": "Feature", "properties": { "label": "J2y" }, "geometry": { "type": "Point", "coordinates": [ 8339608.624662658199668, 4856987.354593101888895 ] } },
{ "type": "Feature", "properties": { "label": "J2y" }, "geometry": { "type": "Point", "coordinates": [ 8337440.485169786959887, 4858271.071120323613286 ] } },
{ "type": "Feature", "properties": { "label": "J2y" }, "geometry": { "type": "Point", "coordinates": [ 8343942.855765401385725, 4859578.02454384509474 ] } },
{ "type": "Feature", "properties": { "label": "J3kz" }, "geometry": { "type": "Point", "coordinates": [ 8344182.883884664624929, 4764952.081475936807692 ] } },
{ "type": "Feature", "properties": { "label": "J3kz" }, "geometry": { "type": "Point", "coordinates": [ 8316114.612292371690273, 4768241.594875779002905 ] } },
{ "type": "Feature", "properties": { "label": "J3kz" }, "geometry": { "type": "Point", "coordinates": [ 8319022.207200406119227, 4768423.013477308675647 ] } },
{ "type": "Feature", "properties": { "label": "J3kz" }, "geometry": { "type": "Point", "coordinates": [ 8338477.485159019008279, 4769562.99211504124105 ] } },
{ "type": "Feature", "properties": { "label": "J3kz" }, "geometry": { "type": "Point", "coordinates": [ 8308822.273677203804255, 4769902.536957518197596 ] } },
{ "type": "Feature", "properties": { "label": "J3kz" }, "geometry": { "type": "Point", "coordinates": [ 8283397.597572119906545, 4847357.320738963782787 ] } },
{ "type": "Feature", "properties": { "label": "J3kz" }, "geometry": { "type": "Point", "coordinates": [ 8274673.164541248232126, 4857153.353540915064514 ] } },
{ "type": "Feature", "properties": { "label": "K1kz" }, "geometry": { "type": "Point", "coordinates": [ 8293902.305931129492819, 4773794.494685760699213 ] } },
{ "type": "Feature", "properties": { "label": "K1kz" }, "geometry": { "type": "Point", "coordinates": [ 8238210.249545127153397, 4775224.172441598027945 ] } },
{ "type": "Feature", "properties": { "label": "K1kz" }, "geometry": { "type": "Point", "coordinates": [ 8294934.445745691657066, 4776459.232638948597014 ] } },
{ "type": "Feature", "properties": { "label": "K1kz" }, "geometry": { "type": "Point", "coordinates": [ 8249011.181934152729809, 4806146.722042709589005 ] } },
{ "type": "Feature", "properties": { "label": "K1kz" }, "geometry": { "type": "Point", "coordinates": [ 8232559.858491031453013, 4820624.3694365657866 ] } },
{ "type": "Feature", "properties": { "label": "K1kz" }, "geometry": { "type": "Point", "coordinates": [ 8239675.563284502364695, 4829263.37048555072397 ] } },
{ "type": "Feature", "properties": { "label": "K1kz" }, "geometry": { "type": "Point", "coordinates": [ 8245826.796384006738663, 4832611.621083081699908 ] } },
{ "type": "Feature", "properties": { "label": "K1kz" }, "geometry": { "type": "Point", "coordinates": [ 8281590.767003336921334, 4847312.226252158172429 ] } },
{ "type": "Feature", "properties": { "label": "K1kz" }, "geometry": { "type": "Point", "coordinates": [ 8273134.052536156959832, 4855626.641027642413974 ] } },
{ "type": "Feature", "properties": { "label": "K1kz" }, "geometry": { "type": "Point", "coordinates": [ 8261448.046651752665639, 4852793.744016470387578 ] } },
{ "type": "Feature", "properties": { "label": "K1kz" }, "geometry": { "type": "Point", "coordinates": [ 8268455.500515698455274, 4853687.477125057950616 ] } },
{ "type": "Feature", "properties": { "label": "K1kz" }, "geometry": { "type": "Point", "coordinates": [ 8270713.499492291361094, 4856268.595744802616537 ] } },
{ "type": "Feature", "properties": { "label": "K1kz" }, "geometry": { "type": "Point", "coordinates": [ 8265739.584496403113008, 4864481.03023081459105 ] } },
{ "type": "Feature", "properties": { "label": "K1kz" }, "geometry": { "type": "Point", "coordinates": [ 8267371.072326715104282, 4865984.674756596796215 ] } },
{ "type": "Feature", "properties": { "label": "K1kz" }, "geometry": { "type": "Point", "coordinates": [ 8316481.666409678757191, 4770282.06330953259021 ] } },
{ "type": "Feature", "properties": { "label": "K1kz" }, "geometry": { "type": "Point", "coordinates": [ 8310037.147104755975306, 4770916.64855377189815 ] } },
{ "type": "Feature", "properties": { "label": "K1kz" }, "geometry": { "type": "Point", "coordinates": [ 8314008.42436405364424, 4772387.973659900948405 ] } },
{ "type": "Feature", "properties": { "label": "K1kz" }, "geometry": { "type": "Point", "coordinates": [ 8296973.207828095182776, 4774394.854976226575673 ] } },
{ "type": "Feature", "properties": { "label": "K1kz" }, "geometry": { "type": "Point", "coordinates": [ 8297989.002438097260892, 4775267.857856714166701 ] } },
{ "type": "Feature", "properties": { "label": "K1kz" }, "geometry": { "type": "Point", "coordinates": [ 8297103.708941814489663, 4776311.343609959818423 ] } },
{ "type": "Feature", "properties": { "label": "K1kz" }, "geometry": { "type": "Point", "coordinates": [ 8322692.15154464263469, 4839740.806851903907955 ] } },
{ "type": "Feature", "properties": { "label": "K1kz" }, "geometry": { "type": "Point", "coordinates": [ 8316703.631138624623418, 4841978.530642161145806 ] } },
{ "type": "Feature", "properties": { "label": "K1kz" }, "geometry": { "type": "Point", "coordinates": [ 8313235.47119714692235, 4843754.645417714491487 ] } },
{ "type": "Feature", "properties": { "label": "K1kz" }, "geometry": { "type": "Point", "coordinates": [ 8295617.230945399962366, 4844792.356308695860207 ] } },
{ "type": "Feature", "properties": { "label": "K1kz" }, "geometry": { "type": "Point", "coordinates": [ 8305664.528603861108422, 4845820.232586229220033 ] } },
{ "type": "Feature", "properties": { "label": "K1kz" }, "geometry": { "type": "Point", "coordinates": [ 8296694.591695969924331, 4845920.627867507748306 ] } },
{ "type": "Feature", "properties": { "label": "K1kz" }, "geometry": { "type": "Point", "coordinates": [ 8297094.841723798774183, 4848438.509190340526402 ] } },
{ "type": "Feature", "properties": { "label": "K1kz" }, "geometry": { "type": "Point", "coordinates": [ 8297578.766893721185625, 4849955.09697559569031 ] } },
{ "type": "Feature", "properties": { "label": "K1kz" }, "geometry": { "type": "Point", "coordinates": [ 8345467.448597055859864, 4765391.980222254060209 ] } },
{ "type": "Feature", "properties": { "label": "K1kz" }, "geometry": { "type": "Point", "coordinates": [ 8339400.071284376084805, 4770211.483049468137324 ] } },
{ "type": "Feature", "properties": { "label": "K1kz" }, "geometry": { "type": "Point", "coordinates": [ 8336727.675734338350594, 4810307.109849466942251 ] } },
{ "type": "Feature", "properties": { "label": "K1kz" }, "geometry": { "type": "Point", "coordinates": [ 8336447.93809319101274, 4810730.927102776244283 ] } },
{ "type": "Feature", "properties": { "label": "K1kz" }, "geometry": { "type": "Point", "coordinates": [ 8348890.230173692107201, 4812654.133437783457339 ] } },
{ "type": "Feature", "properties": { "label": "K1kz" }, "geometry": { "type": "Point", "coordinates": [ 8347558.756139390170574, 4813758.033210020512342 ] } },
{ "type": "Feature", "properties": { "label": "K1kz" }, "geometry": { "type": "Point", "coordinates": [ 8348630.272988970391452, 4821751.524655291810632 ] } },
{ "type": "Feature", "properties": { "label": "K1kz" }, "geometry": { "type": "Point", "coordinates": [ 8348004.027390150353312, 4824004.341173427179456 ] } },
{ "type": "Feature", "properties": { "label": "K1kz" }, "geometry": { "type": "Point", "coordinates": [ 8348890.107201584614813, 4829858.381246229633689 ] } },
{ "type": "Feature", "properties": { "label": "K1kz" }, "geometry": { "type": "Point", "coordinates": [ 8344280.649345144629478, 4834396.709802621044219 ] } },
{ "type": "Feature", "properties": { "label": "K1kz" }, "geometry": { "type": "Point", "coordinates": [ 8332947.021436060778797, 4837271.892176443710923 ] } },
{ "type": "Feature", "properties": { "label": "K1kz" }, "geometry": { "type": "Point", "coordinates": [ 8329435.790209131315351, 4837663.983173572458327 ] } },
{ "type": "Feature", "properties": { "label": "K1kz" }, "geometry": { "type": "Point", "coordinates": [ 8326703.406004095450044, 4838365.31095187459141 ] } },
{ "type": "Feature", "properties": { "label": "K2Y" }, "geometry": { "type": "Point", "coordinates": [ 8309275.817811320535839, 4774166.528585809282959 ] } },
{ "type": "Feature", "properties": { "label": "K2Y" }, "geometry": { "type": "Point", "coordinates": [ 8295605.544567010365427, 4775121.3145891437307 ] } },
{ "type": "Feature", "properties": { "label": "K2Y" }, "geometry": { "type": "Point", "coordinates": [ 8238226.199367102235556, 4797402.870180917903781 ] } },
{ "type": "Feature", "properties": { "label": "K2Y" }, "geometry": { "type": "Point", "coordinates": [ 8253960.495738375931978, 4808717.787512288428843 ] } },
{ "type": "Feature", "properties": { "label": "K2Y" }, "geometry": { "type": "Point", "coordinates": [ 8232231.816814184188843, 4822193.711259339004755 ] } },
{ "type": "Feature", "properties": { "label": "K2Y" }, "geometry": { "type": "Point", "coordinates": [ 8238103.988483592867851, 4829456.317151174880564 ] } },
{ "type": "Feature", "properties": { "label": "K2Y" }, "geometry": { "type": "Point", "coordinates": [ 8239892.181052320636809, 4833596.807815664447844 ] } },
{ "type": "Feature", "properties": { "label": "K2Y" }, "geometry": { "type": "Point", "coordinates": [ 8307318.166505051776767, 4843594.183703131973743 ] } },
{ "type": "Feature", "properties": { "label": "K2Y" }, "geometry": { "type": "Point", "coordinates": [ 8292337.121388403698802, 4843678.031329617835581 ] } },
{ "type": "Feature", "properties": { "label": "K2Y" }, "geometry": { "type": "Point", "coordinates": [ 8294721.587568494491279, 4843938.417055108584464 ] } },
{ "type": "Feature", "properties": { "label": "K2Y" }, "geometry": { "type": "Point", "coordinates": [ 8279530.240111777558923, 4845574.588607536628842 ] } },
{ "type": "Feature", "properties": { "label": "K2Y" }, "geometry": { "type": "Point", "coordinates": [ 8300480.02066423650831, 4846369.462064389139414 ] } },
{ "type": "Feature", "properties": { "label": "K2Y" }, "geometry": { "type": "Point", "coordinates": [ 8273288.516354718245566, 4851282.150502813979983 ] } },
{ "type": "Feature", "properties": { "label": "K2Y" }, "geometry": { "type": "Point", "coordinates": [ 8262221.881164785474539, 4851234.590856679715216 ] } },
{ "type": "Feature", "properties": { "label": "K2Y" }, "geometry": { "type": "Point", "coordinates": [ 8267900.736231883987784, 4852620.958318990655243 ] } },
{ "type": "Feature", "properties": { "label": "K2Y" }, "geometry": { "type": "Point", "coordinates": [ 8271711.2170703811571, 4853370.034240384586155 ] } },
{ "type": "Feature", "properties": { "label": "K2Y" }, "geometry": { "type": "Point", "coordinates": [ 8272250.094075176864862, 4857834.740204359404743 ] } },
{ "type": "Feature", "properties": { "label": "K2Y" }, "geometry": { "type": "Point", "coordinates": [ 8348890.566520637832582, 4765221.74218219332397 ] } },
{ "type": "Feature", "properties": { "label": "K2Y" }, "geometry": { "type": "Point", "coordinates": [ 8348457.371870890259743, 4766092.052902498282492 ] } },
{ "type": "Feature", "properties": { "label": "K2Y" }, "geometry": { "type": "Point", "coordinates": [ 8342308.110413651913404, 4770587.87086187209934 ] } },
{ "type": "Feature", "properties": { "label": "K2Y" }, "geometry": { "type": "Point", "coordinates": [ 8314438.03894864115864, 4770896.55474638286978 ] } },
{ "type": "Feature", "properties": { "label": "K2Y" }, "geometry": { "type": "Point", "coordinates": [ 8312648.620156215503812, 4772764.98417061753571 ] } },
{ "type": "Feature", "properties": { "label": "K2Y" }, "geometry": { "type": "Point", "coordinates": [ 8317784.156423364765942, 4772857.463219417259097 ] } },
{ "type": "Feature", "properties": { "label": "K2Y" }, "geometry": { "type": "Point", "coordinates": [ 8334748.584783132188022, 4810941.020765077322721 ] } },
{ "type": "Feature", "properties": { "label": "K2Y" }, "geometry": { "type": "Point", "coordinates": [ 8345175.887349183671176, 4814177.24096701759845 ] } },
{ "type": "Feature", "properties": { "label": "K2Y" }, "geometry": { "type": "Point", "coordinates": [ 8331539.756136630661786, 4814540.454972423613071 ] } },
{ "type": "Feature", "properties": { "label": "K2Y" }, "geometry": { "type": "Point", "coordinates": [ 8348833.06946749612689, 4827748.909247897565365 ] } },
{ "type": "Feature", "properties": { "label": "K2Y" }, "geometry": { "type": "Point", "coordinates": [ 8335193.753085466101766, 4833328.224641370587051 ] } },
{ "type": "Feature", "properties": { "label": "K2Y" }, "geometry": { "type": "Point", "coordinates": [ 8329559.721752448007464, 4836367.141704805195332 ] } },
{ "type": "Feature", "properties": { "label": "K2Y" }, "geometry": { "type": "Point", "coordinates": [ 8326295.213399162515998, 4837054.247776161879301 ] } },
{ "type": "Feature", "properties": { "label": "K2Y" }, "geometry": { "type": "Point", "coordinates": [ 8320950.48344240244478, 4837864.038967741653323 ] } },
{ "type": "Feature", "properties": { "label": "K2Y" }, "geometry": { "type": "Point", "coordinates": [ 8314091.017586010508239, 4840093.95304143615067 ] } },
{ "type": "Feature", "properties": { "label": "K2Y" }, "geometry": { "type": "Point", "coordinates": [ 8310073.864365047775209, 4842183.364648938179016 ] } },
{ "type": "Feature", "properties": { "label": "N1a" }, "geometry": { "type": "Point", "coordinates": [ 8257446.755866267718375, 4789484.313323291949928 ] } },
{ "type": "Feature", "properties": { "label": "N1a" }, "geometry": { "type": "Point", "coordinates": [ 8306269.002929334528744, 4796180.620374981313944 ] } },
{ "type": "Feature", "properties": { "label": "N1a" }, "geometry": { "type": "Point", "coordinates": [ 8280968.630352171137929, 4796244.371464447118342 ] } },
{ "type": "Feature", "properties": { "label": "N1a" }, "geometry": { "type": "Point", "coordinates": [ 8290668.886792896315455, 4798867.701492322608829 ] } },
{ "type": "Feature", "properties": { "label": "N1a" }, "geometry": { "type": "Point", "coordinates": [ 8266342.936375671066344, 4803577.13303104788065 ] } },
{ "type": "Feature", "properties": { "label": "N1a" }, "geometry": { "type": "Point", "coordinates": [ 8289165.590817479416728, 4810455.717413398437202 ] } },
{ "type": "Feature", "properties": { "label": "N1a" }, "geometry": { "type": "Point", "coordinates": [ 8296380.27569134440273, 4813619.409271936863661 ] } },
{ "type": "Feature", "properties": { "label": "N1a" }, "geometry": { "type": "Point", "coordinates": [ 8292042.068817256018519, 4816732.428745793178678 ] } },
{ "type": "Feature", "properties": { "label": "N1a" }, "geometry": { "type": "Point", "coordinates": [ 8260012.964318566955626, 4818526.638250121846795 ] } },
{ "type": "Feature", "properties": { "label": "N1a" }, "geometry": { "type": "Point", "coordinates": [ 8255830.762514029629529, 4822285.693457002751529 ] } },
{ "type": "Feature", "properties": { "label": "N1a" }, "geometry": { "type": "Point", "coordinates": [ 8291190.60894485283643, 4826752.299983249045908 ] } },
{ "type": "Feature", "properties": { "label": "N1a" }, "geometry": { "type": "Point", "coordinates": [ 8276753.504735313355923, 4841662.930384898558259 ] } },
{ "type": "Feature", "properties": { "label": "N1a" }, "geometry": { "type": "Point", "coordinates": [ 8273424.591508724726737, 4846919.449423540383577 ] } },
{ "type": "Feature", "properties": { "label": "N1a" }, "geometry": { "type": "Point", "coordinates": [ 8335894.594161851331592, 4779533.102481477893889 ] } },
{ "type": "Feature", "properties": { "label": "N1a" }, "geometry": { "type": "Point", "coordinates": [ 8312511.973774169571698, 4792588.969700193032622 ] } },
{ "type": "Feature", "properties": { "label": "N1a" }, "geometry": { "type": "Point", "coordinates": [ 8348877.253921603783965, 4795407.320381632074714 ] } },
{ "type": "Feature", "properties": { "label": "N1a" }, "geometry": { "type": "Point", "coordinates": [ 8328368.122824144549668, 4811672.05934286210686 ] } },
{ "type": "Feature", "properties": { "label": "N1a" }, "geometry": { "type": "Point", "coordinates": [ 8322313.813891487196088, 4813909.041182609274983 ] } },
{ "type": "Feature", "properties": { "label": "N1a" }, "geometry": { "type": "Point", "coordinates": [ 8336519.112192544154823, 4816183.218430818989873 ] } },
{ "type": "Feature", "properties": { "label": "N1a" }, "geometry": { "type": "Point", "coordinates": [ 8346095.33646931592375, 4818175.329948448576033 ] } },
{ "type": "Feature", "properties": { "label": "N1a" }, "geometry": { "type": "Point", "coordinates": [ 8325765.943004725500941, 4822760.064710064791143 ] } },
{ "type": "Feature", "properties": { "label": "N1a" }, "geometry": { "type": "Point", "coordinates": [ 8314167.485548335127532, 4823345.050039186142385 ] } },
{ "type": "Feature", "properties": { "label": "N1a" }, "geometry": { "type": "Point", "coordinates": [ 8340326.870529651641846, 4826870.270282963290811 ] } },
{ "type": "Feature", "properties": { "label": "N1a" }, "geometry": { "type": "Point", "coordinates": [ 8315161.653474977239966, 4831243.492323223501444 ] } },
{ "type": "Feature", "properties": { "label": "N1a" }, "geometry": { "type": "Point", "coordinates": [ 8321580.58312757872045, 4833640.021921153180301 ] } },
{ "type": "Feature", "properties": { "label": "N1a" }, "geometry": { "type": "Point", "coordinates": [ 8329918.620103072375059, 4834430.270270215347409 ] } },
{ "type": "Feature", "properties": { "label": "N1a" }, "geometry": { "type": "Point", "coordinates": [ 8326267.304077715612948, 4834754.776373863220215 ] } },
{ "type": "Feature", "properties": { "label": "N1a" }, "geometry": { "type": "Point", "coordinates": [ 8297580.536490792408586, 4841873.7863983605057 ] } },
{ "type": "Feature", "properties": { "label": "N1k" }, "geometry": { "type": "Point", "coordinates": [ 8188858.704134612344205, 4773266.2401017928496 ] } },
{ "type": "Feature", "properties": { "label": "N1k" }, "geometry": { "type": "Point", "coordinates": [ 8181906.318584982305765, 4775866.312382102943957 ] } },
{ "type": "Feature", "properties": { "label": "N1k" }, "geometry": { "type": "Point", "coordinates": [ 8223286.555045044049621, 4777188.055872959084809 ] } },
{ "type": "Feature", "properties": { "label": "N1k" }, "geometry": { "type": "Point", "coordinates": [ 8194180.762855754233897, 4782683.471061919815838 ] } },
{ "type": "Feature", "properties": { "label": "N1k" }, "geometry": { "type": "Point", "coordinates": [ 8261200.94219171628356, 4786828.697743989527225 ] } },
{ "type": "Feature", "properties": { "label": "N1k" }, "geometry": { "type": "Point", "coordinates": [ 8238181.896918362937868, 4788871.434000810608268 ] } },
{ "type": "Feature", "properties": { "label": "N1k" }, "geometry": { "type": "Point", "coordinates": [ 8255683.623128623701632, 4791464.468883178196847 ] } },
{ "type": "Feature", "properties": { "label": "N1k" }, "geometry": { "type": "Point", "coordinates": [ 8271656.692926471121609, 4792234.130177084356546 ] } },
{ "type": "Feature", "properties": { "label": "N1k" }, "geometry": { "type": "Point", "coordinates": [ 8233653.174305269494653, 4801336.799134536646307 ] } },
{ "type": "Feature", "properties": { "label": "N1k" }, "geometry": { "type": "Point", "coordinates": [ 8258935.584736316464841, 4802786.317721791565418 ] } },
{ "type": "Feature", "properties": { "label": "N1k" }, "geometry": { "type": "Point", "coordinates": [ 8255671.441899795085192, 4813576.602066293358803 ] } },
{ "type": "Feature", "properties": { "label": "N1k" }, "geometry": { "type": "Point", "coordinates": [ 8254186.65868763346225, 4818891.970877532847226 ] } },
{ "type": "Feature", "properties": { "label": "N1k" }, "geometry": { "type": "Point", "coordinates": [ 8268461.88005275465548, 4819088.674182980321348 ] } },
{ "type": "Feature", "properties": { "label": "N1k" }, "geometry": { "type": "Point", "coordinates": [ 8271320.200325388461351, 4850120.684640467166901 ] } },
{ "type": "Feature", "properties": { "label": "N1k" }, "geometry": { "type": "Point", "coordinates": [ 8267151.769117498770356, 4851757.827226794324815 ] } },
{ "type": "Feature", "properties": { "label": "N1k" }, "geometry": { "type": "Point", "coordinates": [ 8296374.081889597699046, 4797785.408531378023326 ] } },
{ "type": "Feature", "properties": { "label": "N1k" }, "geometry": { "type": "Point", "coordinates": [ 8291059.196869359351695, 4812060.516898698173463 ] } },
{ "type": "Feature", "properties": { "label": "N1k" }, "geometry": { "type": "Point", "coordinates": [ 8300140.2873674351722, 4812943.506957014091313 ] } },
{ "type": "Feature", "properties": { "label": "N1k" }, "geometry": { "type": "Point", "coordinates": [ 8298328.762204962782562, 4813217.848895397037268 ] } },
{ "type": "Feature", "properties": { "label": "N1k" }, "geometry": { "type": "Point", "coordinates": [ 8293380.139521557837725, 4813728.363500881008804 ] } },
{ "type": "Feature", "properties": { "label": "N1k" }, "geometry": { "type": "Point", "coordinates": [ 8293793.661348117515445, 4817170.331977538764477 ] } },
{ "type": "Feature", "properties": { "label": "N1k" }, "geometry": { "type": "Point", "coordinates": [ 8313366.918513065204024, 4826954.765671488828957 ] } },
{ "type": "Feature", "properties": { "label": "N1k" }, "geometry": { "type": "Point", "coordinates": [ 8290887.943003635853529, 4825863.781648069620132 ] } },
{ "type": "Feature", "properties": { "label": "N1k" }, "geometry": { "type": "Point", "coordinates": [ 8317769.615332050248981, 4826045.121956838294864 ] } },
{ "type": "Feature", "properties": { "label": "N1k" }, "geometry": { "type": "Point", "coordinates": [ 8312297.220627280883491, 4838313.661361607722938 ] } },
{ "type": "Feature", "properties": { "label": "N1k" }, "geometry": { "type": "Point", "coordinates": [ 8306336.710632686503232, 4838480.546365560032427 ] } },
{ "type": "Feature", "properties": { "label": "N1k" }, "geometry": { "type": "Point", "coordinates": [ 8290930.833035931922495, 4841994.112712593749166 ] } },
{ "type": "Feature", "properties": { "label": "N1k" }, "geometry": { "type": "Point", "coordinates": [ 8277034.871671926230192, 4842545.057644825428724 ] } },
{ "type": "Feature", "properties": { "label": "N1k" }, "geometry": { "type": "Point", "coordinates": [ 8274440.23514324054122, 4846256.651566409505904 ] } },
{ "type": "Feature", "properties": { "label": "N1k" }, "geometry": { "type": "Point", "coordinates": [ 8339554.645762824453413, 4781172.840020063333213 ] } },
{ "type": "Feature", "properties": { "label": "N1k" }, "geometry": { "type": "Point", "coordinates": [ 8327186.436692823655903, 4785796.553234809078276 ] } },
{ "type": "Feature", "properties": { "label": "N1k" }, "geometry": { "type": "Point", "coordinates": [ 8326847.086016079410911, 4813156.995117533951998 ] } },
{ "type": "Feature", "properties": { "label": "N1k" }, "geometry": { "type": "Point", "coordinates": [ 8323490.510293480008841, 4814937.8511295132339 ] } },
{ "type": "Feature", "properties": { "label": "N1k" }, "geometry": { "type": "Point", "coordinates": [ 8348890.20741293951869, 4815843.94109757989645 ] } },
{ "type": "Feature", "properties": { "label": "N1k" }, "geometry": { "type": "Point", "coordinates": [ 8342568.230196308344603, 4818342.547212823294103 ] } },
{ "type": "Feature", "properties": { "label": "N1k" }, "geometry": { "type": "Point", "coordinates": [ 8325169.424928993918002, 4821405.376308064907789 ] } },
{ "type": "Feature", "properties": { "label": "N1k" }, "geometry": { "type": "Point", "coordinates": [ 8342482.339847694151103, 4822302.134028821252286 ] } },
{ "type": "Feature", "properties": { "label": "N1k" }, "geometry": { "type": "Point", "coordinates": [ 8344181.438818451017141, 4827741.412372158840299 ] } },
{ "type": "Feature", "properties": { "label": "N1k" }, "geometry": { "type": "Point", "coordinates": [ 8335800.570283102802932, 4831510.346730331890285 ] } },
{ "type": "Feature", "properties": { "label": "N1k" }, "geometry": { "type": "Point", "coordinates": [ 8329798.103219032287598, 4834920.560970479622483 ] } },
{ "type": "Feature", "properties": { "label": "N1k" }, "geometry": { "type": "Point", "coordinates": [ 8321415.198445151560009, 4835486.34374990593642 ] } },
{ "type": "Feature", "properties": { "label": "N1k" }, "geometry": { "type": "Point", "coordinates": [ 8326125.703546855598688, 4835466.273799497634172 ] } },
{ "type": "Feature", "properties": { "label": "N1p" }, "geometry": { "type": "Point", "coordinates": [ 8291305.84905962087214, 4782945.350598679855466 ] } },
{ "type": "Feature", "properties": { "label": "N1p" }, "geometry": { "type": "Point", "coordinates": [ 8268930.698797923512757, 4783348.287288579158485 ] } },
{ "type": "Feature", "properties": { "label": "N1p" }, "geometry": { "type": "Point", "coordinates": [ 8281961.064815040677786, 4783447.258381499908864 ] } },
{ "type": "Feature", "properties": { "label": "N1p" }, "geometry": { "type": "Point", "coordinates": [ 8289265.551778504624963, 4783691.225413771346211 ] } },
{ "type": "Feature", "properties": { "label": "N1p" }, "geometry": { "type": "Point", "coordinates": [ 8291665.171143872663379, 4784491.230072651989758 ] } },
{ "type": "Feature", "properties": { "label": "N1p" }, "geometry": { "type": "Point", "coordinates": [ 8243905.511102816089988, 4815358.58307302929461 ] } },
{ "type": "Feature", "properties": { "label": "N1p" }, "geometry": { "type": "Point", "coordinates": [ 8244624.635517409071326, 4817404.091767989099026 ] } },
{ "type": "Feature", "properties": { "label": "N1p" }, "geometry": { "type": "Point", "coordinates": [ 8258796.486959950067103, 4818624.561818758957088 ] } },
{ "type": "Feature", "properties": { "label": "N1p" }, "geometry": { "type": "Point", "coordinates": [ 8296791.805511248297989, 4821218.112875341437757 ] } },
{ "type": "Feature", "properties": { "label": "N1p" }, "geometry": { "type": "Point", "coordinates": [ 8247281.183161626569927, 4820972.609972616657615 ] } },
{ "type": "Feature", "properties": { "label": "N1p" }, "geometry": { "type": "Point", "coordinates": [ 8258668.026560830883682, 4826447.86319690104574 ] } },
{ "type": "Feature", "properties": { "label": "N1p" }, "geometry": { "type": "Point", "coordinates": [ 8247518.098370883613825, 4833455.979086163453758 ] } },
{ "type": "Feature", "properties": { "label": "N1p" }, "geometry": { "type": "Point", "coordinates": [ 8296303.75313479732722, 4840595.216159000992775 ] } },
{ "type": "Feature", "properties": { "label": "N1p" }, "geometry": { "type": "Point", "coordinates": [ 8272709.20000500138849, 4846339.883581303060055 ] } },
{ "type": "Feature", "properties": { "label": "N1p" }, "geometry": { "type": "Point", "coordinates": [ 8332413.524634478613734, 4775308.634082734584808 ] } },
{ "type": "Feature", "properties": { "label": "N1p" }, "geometry": { "type": "Point", "coordinates": [ 8316900.087600642815232, 4782243.947778364643455 ] } },
{ "type": "Feature", "properties": { "label": "N1p" }, "geometry": { "type": "Point", "coordinates": [ 8313128.25579116679728, 4791993.143358235247433 ] } },
{ "type": "Feature", "properties": { "label": "N1p" }, "geometry": { "type": "Point", "coordinates": [ 8342202.194459496065974, 4790804.068137772381306 ] } },
{ "type": "Feature", "properties": { "label": "N1p" }, "geometry": { "type": "Point", "coordinates": [ 8323858.406703199259937, 4811745.844247841276228 ] } },
{ "type": "Feature", "properties": { "label": "N1p" }, "geometry": { "type": "Point", "coordinates": [ 8309754.813719443045557, 4820940.634261124767363 ] } },
{ "type": "Feature", "properties": { "label": "N1p" }, "geometry": { "type": "Point", "coordinates": [ 8327051.029297799803317, 4826719.830206573009491 ] } },
{ "type": "Feature", "properties": { "label": "N1p" }, "geometry": { "type": "Point", "coordinates": [ 8336463.046261604875326, 4828405.833567780442536 ] } },
{ "type": "Feature", "properties": { "label": "N1p" }, "geometry": { "type": "Point", "coordinates": [ 8316109.530332813970745, 4832745.275851448997855 ] } },
{ "type": "Feature", "properties": { "label": "N1p" }, "geometry": { "type": "Point", "coordinates": [ 8329597.43581682164222, 4833869.134328007698059 ] } },
{ "type": "Feature", "properties": { "label": "N1p" }, "geometry": { "type": "Point", "coordinates": [ 8303240.066274264827371, 4837696.481694816611707 ] } },
{ "type": "Feature", "properties": { "label": "N2a" }, "geometry": { "type": "Point", "coordinates": [ 8226413.605757131241262, 4775587.427814485505223 ] } },
{ "type": "Feature", "properties": { "label": "N2a" }, "geometry": { "type": "Point", "coordinates": [ 8280788.115774705074728, 4779537.715055667795241 ] } },
{ "type": "Feature", "properties": { "label": "N2a" }, "geometry": { "type": "Point", "coordinates": [ 8268729.730460862629116, 4779909.30583474598825 ] } },
{ "type": "Feature", "properties": { "label": "N2a" }, "geometry": { "type": "Point", "coordinates": [ 8249738.364802310243249, 4780327.394499967806041 ] } },
{ "type": "Feature", "properties": { "label": "N2a" }, "geometry": { "type": "Point", "coordinates": [ 8251295.992214781232178, 4826429.583266576752067 ] } },
{ "type": "Feature", "properties": { "label": "N2a" }, "geometry": { "type": "Point", "coordinates": [ 8259692.174597618170083, 4831642.692559053190053 ] } },
{ "type": "Feature", "properties": { "label": "N2a" }, "geometry": { "type": "Point", "coordinates": [ 8248577.10825935844332, 4835237.374063660390675 ] } },
{ "type": "Feature", "properties": { "label": "N2a" }, "geometry": { "type": "Point", "coordinates": [ 8289763.711811403743923, 4835980.972955063916743 ] } },
{ "type": "Feature", "properties": { "label": "N2a" }, "geometry": { "type": "Point", "coordinates": [ 8273065.799576483666897, 4842940.57816063053906 ] } },
{ "type": "Feature", "properties": { "label": "N2a" }, "geometry": { "type": "Point", "coordinates": [ 8328191.69975933432579, 4773617.550023493357003 ] } },
{ "type": "Feature", "properties": { "label": "N2a" }, "geometry": { "type": "Point", "coordinates": [ 8306661.352555825375021, 4775973.209473012946546 ] } },
{ "type": "Feature", "properties": { "label": "N2a" }, "geometry": { "type": "Point", "coordinates": [ 8300418.775278260931373, 4776057.68285717908293 ] } },
{ "type": "Feature", "properties": { "label": "N2a" }, "geometry": { "type": "Point", "coordinates": [ 8290215.984434007667005, 4777606.380792616866529 ] } },
{ "type": "Feature", "properties": { "label": "N2a" }, "geometry": { "type": "Point", "coordinates": [ 8294670.312726996839046, 4778684.742504728958011 ] } },
{ "type": "Feature", "properties": { "label": "N2a" }, "geometry": { "type": "Point", "coordinates": [ 8289423.942994063720107, 4779474.174653807654977 ] } },
{ "type": "Feature", "properties": { "label": "N2a" }, "geometry": { "type": "Point", "coordinates": [ 8295914.034543939866126, 4836353.981036989018321 ] } },
{ "type": "Feature", "properties": { "label": "N2a" }, "geometry": { "type": "Point", "coordinates": [ 8292729.018066368065774, 4839129.421236425638199 ] } },
{ "type": "Feature", "properties": { "label": "N2a" }, "geometry": { "type": "Point", "coordinates": [ 8296769.631498710252345, 4839568.772777710109949 ] } },
{ "type": "Feature", "properties": { "label": "P2q" }, "geometry": { "type": "Point", "coordinates": [ 8237599.664011201821268, 4767305.711353764869273 ] } },
{ "type": "Feature", "properties": { "label": "P2q" }, "geometry": { "type": "Point", "coordinates": [ 8195630.166659273207188, 4767235.801367894746363 ] } },
{ "type": "Feature", "properties": { "label": "P2q" }, "geometry": { "type": "Point", "coordinates": [ 8184510.201683967374265, 4767455.896086451597512 ] } },
{ "type": "Feature", "properties": { "label": "P2q" }, "geometry": { "type": "Point", "coordinates": [ 8190826.782444109208882, 4767609.881429368630052 ] } },
{ "type": "Feature", "properties": { "label": "P2q" }, "geometry": { "type": "Point", "coordinates": [ 8202721.739942062646151, 4768499.593977400101721 ] } },
{ "type": "Feature", "properties": { "label": "P2q" }, "geometry": { "type": "Point", "coordinates": [ 8198702.295340781100094, 4768952.243947718292475 ] } },
{ "type": "Feature", "properties": { "label": "P2q" }, "geometry": { "type": "Point", "coordinates": [ 8189083.173169054090977, 4770145.663077527657151 ] } },
{ "type": "Feature", "properties": { "label": "P2q" }, "geometry": { "type": "Point", "coordinates": [ 8204004.227389846928418, 4772010.848745853640139 ] } },
{ "type": "Feature", "properties": { "label": "P2q" }, "geometry": { "type": "Point", "coordinates": [ 8214001.344495141878724, 4772017.431413827463984 ] } },
{ "type": "Feature", "properties": { "label": "P2q" }, "geometry": { "type": "Point", "coordinates": [ 8182488.221561199985445, 4772287.003609242849052 ] } },
{ "type": "Feature", "properties": { "label": "P2q" }, "geometry": { "type": "Point", "coordinates": [ 8234692.600646344944835, 4773487.413963598199189 ] } },
{ "type": "Feature", "properties": { "label": "P2q" }, "geometry": { "type": "Point", "coordinates": [ 8299625.417343214154243, 4761211.768544773571193 ] } },
{ "type": "Feature", "properties": { "label": "P2q" }, "geometry": { "type": "Point", "coordinates": [ 8258093.064386823214591, 4761270.556546702049673 ] } },
{ "type": "Feature", "properties": { "label": "P2q" }, "geometry": { "type": "Point", "coordinates": [ 8296483.646367417648435, 4761905.825426089577377 ] } },
{ "type": "Feature", "properties": { "label": "P2q" }, "geometry": { "type": "Point", "coordinates": [ 8294482.930723994970322, 4763352.302687196992338 ] } },
{ "type": "Feature", "properties": { "label": "P2q" }, "geometry": { "type": "Point", "coordinates": [ 8303559.437597856856883, 4762752.794347550719976 ] } },
{ "type": "Feature", "properties": { "label": "P2q" }, "geometry": { "type": "Point", "coordinates": [ 8289846.886193594895303, 4764609.195948038250208 ] } },
{ "type": "Feature", "properties": { "label": "P2q" }, "geometry": { "type": "Point", "coordinates": [ 8264657.27166314329952, 4764129.214953395538032 ] } },
{ "type": "Feature", "properties": { "label": "P2q" }, "geometry": { "type": "Point", "coordinates": [ 8278225.03283492103219, 4764989.549301675520837 ] } },
{ "type": "Feature", "properties": { "label": "P2q" }, "geometry": { "type": "Point", "coordinates": [ 8270220.158199444413185, 4765481.214264185167849 ] } },
{ "type": "Feature", "properties": { "label": "P2q" }, "geometry": { "type": "Point", "coordinates": [ 8283617.857208272442222, 4767100.664835197851062 ] } },
{ "type": "Feature", "properties": { "label": "P2q" }, "geometry": { "type": "Point", "coordinates": [ 8277706.599255975335836, 4767411.719523354433477 ] } },
{ "type": "Feature", "properties": { "label": "P2q" }, "geometry": { "type": "Point", "coordinates": [ 8277225.658348838798702, 4768961.909116097725928 ] } },
{ "type": "Feature", "properties": { "label": "P2q" }, "geometry": { "type": "Point", "coordinates": [ 8261368.668028751388192, 4773568.176054283045232 ] } },
{ "type": "Feature", "properties": { "label": "P2q" }, "geometry": { "type": "Point", "coordinates": [ 8281198.549788163974881, 4774893.173056205734611 ] } },
{ "type": "Feature", "properties": { "label": "P2q" }, "geometry": { "type": "Point", "coordinates": [ 8324857.920423096977174, 4752940.344392661005259 ] } },
{ "type": "Feature", "properties": { "label": "P2q" }, "geometry": { "type": "Point", "coordinates": [ 8312995.746454490348697, 4756119.245846337638795 ] } },
{ "type": "Feature", "properties": { "label": "P2q" }, "geometry": { "type": "Point", "coordinates": [ 8347025.050769201479852, 4758945.906350800767541 ] } },
{ "type": "Feature", "properties": { "label": "P2q" }, "geometry": { "type": "Point", "coordinates": [ 8309045.550006844103336, 4758020.696974699385464 ] } },
{ "type": "Feature", "properties": { "label": "P2q" }, "geometry": { "type": "Point", "coordinates": [ 8313009.055870265699923, 4759488.466572729870677 ] } },
{ "type": "Feature", "properties": { "label": "P2q" }, "geometry": { "type": "Point", "coordinates": [ 8305009.994811452925205, 4760124.082752455957234 ] } },
{ "type": "Feature", "properties": { "label": "P2q" }, "geometry": { "type": "Point", "coordinates": [ 8336986.31827119551599, 4766097.63742985855788 ] } },
{ "type": "Feature", "properties": { "label": "P2q" }, "geometry": { "type": "Point", "coordinates": [ 8332891.516432274132967, 4768046.755902716889977 ] } },
{ "type": "Feature", "properties": { "label": "P2q" }, "geometry": { "type": "Point", "coordinates": [ 8337875.2146319411695, 4768909.418877268210053 ] } },
{ "type": "Feature", "properties": { "label": "P2q" }, "geometry": { "type": "Point", "coordinates": [ 8331074.18991638161242, 4770300.29169887304306 ] } },
{ "type": "Feature", "properties": { "label": "Qhal" }, "geometry": { "type": "Point", "coordinates": [ 8346244.63802953530103, 4809976.087991086766124 ] } },
{ "type": "Feature", "properties": { "label": "Qhal" }, "geometry": { "type": "Point", "coordinates": [ 8298461.777293365448713, 4814505.065662148408592 ] } },
{ "type": "Feature", "properties": { "label": "Qhal" }, "geometry": { "type": "Point", "coordinates": [ 8318603.552677151747048, 4830282.461107946932316 ] } },
{ "type": "Feature", "properties": { "label": "Qhal" }, "geometry": { "type": "Point", "coordinates": [ 8342581.993335053324699, 4831433.704760389402509 ] } },
{ "type": "Feature", "properties": { "label": "Qhal" }, "geometry": { "type": "Point", "coordinates": [ 8343496.14827851485461, 4848899.442769838497043 ] } },
{ "type": "Feature", "properties": { "label": "Qhfl" }, "geometry": { "type": "Point", "coordinates": [ 8289936.533653698861599, 4731523.35727262031287 ] } },
{ "type": "Feature", "properties": { "label": "Qhgl" }, "geometry": { "type": "Point", "coordinates": [ 8276087.224089647643268, 4767188.65322357788682 ] } },
{ "type": "Feature", "properties": { "label": "Qhgl" }, "geometry": { "type": "Point", "coordinates": [ 8285719.110410403460264, 4769252.025576031766832 ] } },
{ "type": "Feature", "properties": { "label": "Qhgl" }, "geometry": { "type": "Point", "coordinates": [ 8296653.228286784142256, 4770470.435950530692935 ] } },
{ "type": "Feature", "properties": { "label": "Qhgl" }, "geometry": { "type": "Point", "coordinates": [ 8234530.561753610149026, 4812955.382159129716456 ] } },
{ "type": "Feature", "properties": { "label": "Qhpal" }, "geometry": { "type": "Point", "coordinates": [ 8262356.428989504463971, 4740554.476314113475382 ] } },
{ "type": "Feature", "properties": { "label": "Qhpal" }, "geometry": { "type": "Point", "coordinates": [ 8201994.015957218594849, 4750712.309923035092652 ] } },
{ "type": "Feature", "properties": { "label": "Qhpal" }, "geometry": { "type": "Point", "coordinates": [ 8235977.158560362644494, 4752261.065795520320535 ] } },
{ "type": "Feature", "properties": { "label": "Qhpal" }, "geometry": { "type": "Point", "coordinates": [ 8202749.02633314114064, 4753626.849684965796769 ] } },
{ "type": "Feature", "properties": { "label": "Qhpal" }, "geometry": { "type": "Point", "coordinates": [ 8245265.472645168192685, 4759644.638563328422606 ] } },
{ "type": "Feature", "properties": { "label": "Qhpal" }, "geometry": { "type": "Point", "coordinates": [ 8249720.397653631865978, 4795286.689813044853508 ] } },
{ "type": "Feature", "properties": { "label": "Qhpal" }, "geometry": { "type": "Point", "coordinates": [ 8285885.722155204974115, 4729192.894014994613826 ] } },
{ "type": "Feature", "properties": { "label": "Qhpal" }, "geometry": { "type": "Point", "coordinates": [ 8341486.063398251309991, 4730488.169253570027649 ] } },
{ "type": "Feature", "properties": { "label": "Qhpal" }, "geometry": { "type": "Point", "coordinates": [ 8303063.846924209035933, 4778897.802587904967368 ] } },
{ "type": "Feature", "properties": { "label": "Qhpal" }, "geometry": { "type": "Point", "coordinates": [ 8295273.155524467118084, 4780559.357711491174996 ] } },
{ "type": "Feature", "properties": { "label": "Qhpal" }, "geometry": { "type": "Point", "coordinates": [ 8344989.043567006476223, 4793718.091755898669362 ] } },
{ "type": "Feature", "properties": { "label": "Qhpl" }, "geometry": { "type": "Point", "coordinates": [ 8264723.892713408917189, 4747541.373159659095109 ] } },
{ "type": "Feature", "properties": { "label": "Qhpl" }, "geometry": { "type": "Point", "coordinates": [ 8266080.361479341983795, 4754740.947835979983211 ] } },
{ "type": "Feature", "properties": { "label": "Qhpl" }, "geometry": { "type": "Point", "coordinates": [ 8301311.685208234004676, 4780096.879340346902609 ] } },
{ "type": "Feature", "properties": { "label": "Qhpl" }, "geometry": { "type": "Point", "coordinates": [ 8299986.187577769160271, 4780788.826479689218104 ] } },
{ "type": "Feature", "properties": { "label": "Qhpl" }, "geometry": { "type": "Point", "coordinates": [ 8298419.608621746301651, 4780853.37769865244627 ] } },
{ "type": "Feature", "properties": { "label": "Qhpl" }, "geometry": { "type": "Point", "coordinates": [ 8294751.814466579817235, 4782532.422606181353331 ] } },
{ "type": "Feature", "properties": { "label": "Qhpl" }, "geometry": { "type": "Point", "coordinates": [ 8322410.735496740788221, 4724176.360297369770706 ] } },
{ "type": "Feature", "properties": { "label": "Qhpl" }, "geometry": { "type": "Point", "coordinates": [ 8322689.625626875087619, 4727090.666244297288358 ] } },
{ "type": "Feature", "properties": { "label": "Qhpl" }, "geometry": { "type": "Point", "coordinates": [ 8347742.452458461746573, 4782861.189265279099345 ] } },
{ "type": "Feature", "properties": { "label": "Qhpl" }, "geometry": { "type": "Point", "coordinates": [ 8344546.202183407731354, 4788429.920967093668878 ] } },
{ "type": "Feature", "properties": { "label": "Qhpl" }, "geometry": { "type": "Point", "coordinates": [ 8348846.153566714376211, 4794601.069487174041569 ] } },
{ "type": "Feature", "properties": { "label": "Qhpl" }, "geometry": { "type": "Point", "coordinates": [ 8348877.255817232653499, 4795405.447950540110469 ] } },
{ "type": "Feature", "properties": { "label": "Qhvl-Qhch" }, "geometry": { "type": "Point", "coordinates": [ 8293636.35123898088932, 4722096.332645653747022 ] } },
{ "type": "Feature", "properties": { "label": "Qhvl-Qhch" }, "geometry": { "type": "Point", "coordinates": [ 8290276.159613042138517, 4728502.665473104454577 ] } },
{ "type": "Feature", "properties": { "label": "Qhvl-Qhch" }, "geometry": { "type": "Point", "coordinates": [ 8280648.862904539331794, 4731055.270213923417032 ] } },
{ "type": "Feature", "properties": { "label": "Qhvl-Qhch" }, "geometry": { "type": "Point", "coordinates": [ 8288415.912988735362887, 4731926.47517507430166 ] } },
{ "type": "Feature", "properties": { "label": "Qhvl-Qhch" }, "geometry": { "type": "Point", "coordinates": [ 8274147.051587424241006, 4733623.378291887231171 ] } },
{ "type": "Feature", "properties": { "label": "Qhvl-Qhch" }, "geometry": { "type": "Point", "coordinates": [ 8279883.276131785474718, 4736624.234096040017903 ] } },
{ "type": "Feature", "properties": { "label": "Qp1X" }, "geometry": { "type": "Point", "coordinates": [ 8200710.194507108069956, 4773448.69286525901407 ] } },
{ "type": "Feature", "properties": { "label": "Qp1X" }, "geometry": { "type": "Point", "coordinates": [ 8233118.33300004247576, 4775435.158704472705722 ] } },
{ "type": "Feature", "properties": { "label": "Qp1X" }, "geometry": { "type": "Point", "coordinates": [ 8240665.525276428088546, 4804164.385923505760729 ] } },
{ "type": "Feature", "properties": { "label": "Qp1X" }, "geometry": { "type": "Point", "coordinates": [ 8247863.352099644951522, 4808724.93061048258096 ] } },
{ "type": "Feature", "properties": { "label": "Qp1X" }, "geometry": { "type": "Point", "coordinates": [ 8301933.078562186099589, 4817886.262079085223377 ] } },
{ "type": "Feature", "properties": { "label": "Qp1X" }, "geometry": { "type": "Point", "coordinates": [ 8247863.489805834367871, 4826327.065234676003456 ] } },
{ "type": "Feature", "properties": { "label": "Qp1X" }, "geometry": { "type": "Point", "coordinates": [ 8230312.691463379189372, 4828467.298879635520279 ] } },
{ "type": "Feature", "properties": { "label": "Qp1X" }, "geometry": { "type": "Point", "coordinates": [ 8250862.181860752403736, 4835308.962908337824047 ] } },
{ "type": "Feature", "properties": { "label": "Qp1X" }, "geometry": { "type": "Point", "coordinates": [ 8283042.474881877191365, 4837756.171505551785231 ] } },
{ "type": "Feature", "properties": { "label": "Qp1X" }, "geometry": { "type": "Point", "coordinates": [ 8295640.958336122334003, 4838002.001488602720201 ] } },
{ "type": "Feature", "properties": { "label": "Qp1X" }, "geometry": { "type": "Point", "coordinates": [ 8289210.028753167949617, 4839108.851808434352279 ] } },
{ "type": "Feature", "properties": { "label": "Qp1X" }, "geometry": { "type": "Point", "coordinates": [ 8261967.349540315568447, 4841110.935432642698288 ] } },
{ "type": "Feature", "properties": { "label": "Qp1X" }, "geometry": { "type": "Point", "coordinates": [ 8276112.186919732019305, 4851093.435760560445487 ] } },
{ "type": "Feature", "properties": { "label": "Qp1X" }, "geometry": { "type": "Point", "coordinates": [ 8347587.005901163443923, 4773794.635822364129126 ] } },
{ "type": "Feature", "properties": { "label": "Qp1X" }, "geometry": { "type": "Point", "coordinates": [ 8348890.484270157292485, 4776872.361408445052803 ] } },
{ "type": "Feature", "properties": { "label": "Qp1X" }, "geometry": { "type": "Point", "coordinates": [ 8345537.155755166895688, 4779585.247699041850865 ] } },
{ "type": "Feature", "properties": { "label": "Qp1X" }, "geometry": { "type": "Point", "coordinates": [ 8344093.743687653914094, 4784102.008865643292665 ] } },
{ "type": "Feature", "properties": { "label": "Qp1X" }, "geometry": { "type": "Point", "coordinates": [ 8297146.311283176764846, 4787286.052540820091963 ] } },
{ "type": "Feature", "properties": { "label": "Qp1X" }, "geometry": { "type": "Point", "coordinates": [ 8328966.718185705132782, 4789487.016136221587658 ] } },
{ "type": "Feature", "properties": { "label": "Qp1X" }, "geometry": { "type": "Point", "coordinates": [ 8346222.480758973397315, 4792365.169610513374209 ] } },
{ "type": "Feature", "properties": { "label": "Qp1X" }, "geometry": { "type": "Point", "coordinates": [ 8337474.137805874459445, 4795890.14543567225337 ] } },
{ "type": "Feature", "properties": { "label": "Qp1X" }, "geometry": { "type": "Point", "coordinates": [ 8308275.693874751217663, 4814790.776757259853184 ] } },
{ "type": "Feature", "properties": { "label": "Qp1X" }, "geometry": { "type": "Point", "coordinates": [ 8305965.325409446842968, 4814982.027703841216862 ] } },
{ "type": "Feature", "properties": { "label": "Qp1X" }, "geometry": { "type": "Point", "coordinates": [ 8331486.342350372113287, 4830633.023446389473975 ] } },
{ "type": "Feature", "properties": { "label": "Qp1X" }, "geometry": { "type": "Point", "coordinates": [ 8329375.609742478467524, 4833453.708885536529124 ] } },
{ "type": "Feature", "properties": { "label": "Qp2l" }, "geometry": { "type": "Point", "coordinates": [ 8282545.851763659156859, 4722662.90829131193459 ] } },
{ "type": "Feature", "properties": { "label": "Qp2l" }, "geometry": { "type": "Point", "coordinates": [ 8294563.19504168536514, 4723993.668062225915492 ] } },
{ "type": "Feature", "properties": { "label": "Qp2l" }, "geometry": { "type": "Point", "coordinates": [ 8291190.891605149954557, 4725593.350042748264968 ] } },
{ "type": "Feature", "properties": { "label": "Qp2l" }, "geometry": { "type": "Point", "coordinates": [ 8290133.012444781139493, 4726655.50515406858176 ] } },
{ "type": "Feature", "properties": { "label": "Qp2l" }, "geometry": { "type": "Point", "coordinates": [ 8281810.592302143573761, 4729555.735262764617801 ] } },
{ "type": "Feature", "properties": { "label": "Qp2l" }, "geometry": { "type": "Point", "coordinates": [ 8286940.134291195310652, 4730000.447542233392596 ] } },
{ "type": "Feature", "properties": { "label": "Qp2W" }, "geometry": { "type": "Point", "coordinates": [ 8231368.79932558350265, 4825092.048313166946173 ] } },
{ "type": "Feature", "properties": { "label": "Qp2W" }, "geometry": { "type": "Point", "coordinates": [ 8231951.75267593190074, 4827282.264254220761359 ] } },
{ "type": "Feature", "properties": { "label": "Qp2W" }, "geometry": { "type": "Point", "coordinates": [ 8242315.78094741050154, 4833040.134595403447747 ] } },
{ "type": "Feature", "properties": { "label": "Qp2W" }, "geometry": { "type": "Point", "coordinates": [ 8245354.495966570451856, 4834268.804899586364627 ] } },
{ "type": "Feature", "properties": { "label": "Qp2W" }, "geometry": { "type": "Point", "coordinates": [ 8307216.00814835075289, 4840205.556217886507511 ] } },
{ "type": "Feature", "properties": { "label": "Qp2W" }, "geometry": { "type": "Point", "coordinates": [ 8310035.24816445633769, 4843187.083392526954412 ] } },
{ "type": "Feature", "properties": { "label": "Qp3gfl" }, "geometry": { "type": "Point", "coordinates": [ 8334297.455772298388183, 4740374.34963854495436 ] } },
{ "type": "Feature", "properties": { "label": "Qp3gfl" }, "geometry": { "type": "Point", "coordinates": [ 8299451.482997203245759, 4740941.021824919618666 ] } },
{ "type": "Feature", "properties": { "label": "Qp3gfl" }, "geometry": { "type": "Point", "coordinates": [ 8307632.848317475058138, 4741785.371766448952258 ] } },
{ "type": "Feature", "properties": { "label": "Qp3gfl" }, "geometry": { "type": "Point", "coordinates": [ 8308302.252746329642832, 4768601.395927825942636 ] } },
{ "type": "Feature", "properties": { "label": "Qp3gfl" }, "geometry": { "type": "Point", "coordinates": [ 8295083.561454471200705, 4772480.649051982909441 ] } },
{ "type": "Feature", "properties": { "label": "Qp3gfl" }, "geometry": { "type": "Point", "coordinates": [ 8289312.285641897469759, 4776517.120787030085921 ] } },
{ "type": "Feature", "properties": { "label": "Qp3gl" }, "geometry": { "type": "Point", "coordinates": [ 8251670.176652584224939, 4731601.006428022868931 ] } },
{ "type": "Feature", "properties": { "label": "Qp3gl" }, "geometry": { "type": "Point", "coordinates": [ 8233265.347063347697258, 4745729.354065789841115 ] } },
{ "type": "Feature", "properties": { "label": "Qp3gl" }, "geometry": { "type": "Point", "coordinates": [ 8290302.852261770516634, 4748558.041499238461256 ] } },
{ "type": "Feature", "properties": { "label": "Qp3gl" }, "geometry": { "type": "Point", "coordinates": [ 8288252.259064430370927, 4750489.258006901480258 ] } },
{ "type": "Feature", "properties": { "label": "Qp3gl" }, "geometry": { "type": "Point", "coordinates": [ 8275749.305163317359984, 4750822.326701795682311 ] } },
{ "type": "Feature", "properties": { "label": "Qp3gl" }, "geometry": { "type": "Point", "coordinates": [ 8281699.333511020988226, 4751204.916524628177285 ] } },
{ "type": "Feature", "properties": { "label": "Qp3gl" }, "geometry": { "type": "Point", "coordinates": [ 8264737.070456060580909, 4752622.324093045666814 ] } },
{ "type": "Feature", "properties": { "label": "Qp3gl" }, "geometry": { "type": "Point", "coordinates": [ 8271918.616028796881437, 4753598.096445603296161 ] } },
{ "type": "Feature", "properties": { "label": "Qp3gl" }, "geometry": { "type": "Point", "coordinates": [ 8265325.937659928575158, 4754864.057206281460822 ] } },
{ "type": "Feature", "properties": { "label": "Qp3gl" }, "geometry": { "type": "Point", "coordinates": [ 8233693.977172946557403, 4759758.276032602414489 ] } },
{ "type": "Feature", "properties": { "label": "Qp3pal" }, "geometry": { "type": "Point", "coordinates": [ 8207075.287733446806669, 4745432.208824142813683 ] } },
{ "type": "Feature", "properties": { "label": "Qp3pal" }, "geometry": { "type": "Point", "coordinates": [ 8205409.489313390105963, 4748007.007420927286148 ] } },
{ "type": "Feature", "properties": { "label": "Qp3pal" }, "geometry": { "type": "Point", "coordinates": [ 8257756.927401794120669, 4750322.18185253534466 ] } },
{ "type": "Feature", "properties": { "label": "Qp3pal" }, "geometry": { "type": "Point", "coordinates": [ 8202455.240356013178825, 4750123.865537881851196 ] } },
{ "type": "Feature", "properties": { "label": "Qp3pal" }, "geometry": { "type": "Point", "coordinates": [ 8202979.972428026609123, 4754203.533807463012636 ] } },
{ "type": "Feature", "properties": { "label": "Qp3pal" }, "geometry": { "type": "Point", "coordinates": [ 8201908.487912488169968, 4754790.076191264204681 ] } },
{ "type": "Feature", "properties": { "label": "Qp3pal" }, "geometry": { "type": "Point", "coordinates": [ 8246883.247124361805618, 4759499.776173072867095 ] } },
{ "type": "Feature", "properties": { "label": "Qp3pal" }, "geometry": { "type": "Point", "coordinates": [ 8228880.735856231302023, 4761696.195363222621381 ] } },
{ "type": "Feature", "properties": { "label": "Qp3pal" }, "geometry": { "type": "Point", "coordinates": [ 8226080.058166973292828, 4769526.999471614137292 ] } },
{ "type": "Feature", "properties": { "label": "Qp3pal" }, "geometry": { "type": "Point", "coordinates": [ 8211720.483865514397621, 4769870.059445293620229 ] } },
{ "type": "Feature", "properties": { "label": "Qp3pal" }, "geometry": { "type": "Point", "coordinates": [ 8225978.59423185698688, 4772093.024959089234471 ] } },
{ "type": "Feature", "properties": { "label": "Qp3pal" }, "geometry": { "type": "Point", "coordinates": [ 8232686.480755336582661, 4772191.055037852376699 ] } },
{ "type": "Feature", "properties": { "label": "Qp3pal" }, "geometry": { "type": "Point", "coordinates": [ 8233224.096292927861214, 4823911.705988652072847 ] } },
{ "type": "Feature", "properties": { "label": "Qp3pal" }, "geometry": { "type": "Point", "coordinates": [ 8231423.592801811173558, 4824704.411698096431792 ] } },
{ "type": "Feature", "properties": { "label": "Qp3pal" }, "geometry": { "type": "Point", "coordinates": [ 8247455.182625570334494, 4829715.004399529658258 ] } },
{ "type": "Feature", "properties": { "label": "Qp3pal" }, "geometry": { "type": "Point", "coordinates": [ 8239464.033751521259546, 4835037.424762885086238 ] } },
{ "type": "Feature", "properties": { "label": "Qp3pal" }, "geometry": { "type": "Point", "coordinates": [ 8246818.542744734324515, 4840346.571901304647326 ] } },
{ "type": "Feature", "properties": { "label": "Qp3pal" }, "geometry": { "type": "Point", "coordinates": [ 8237716.605353817343712, 4841738.799640599638224 ] } },
{ "type": "Feature", "properties": { "label": "Qp3pal" }, "geometry": { "type": "Point", "coordinates": [ 8247552.439942732453346, 4843827.182551498524845 ] } },
{ "type": "Feature", "properties": { "label": "Qp3pal" }, "geometry": { "type": "Point", "coordinates": [ 8306142.834091745316982, 4722889.660558587871492 ] } },
{ "type": "Feature", "properties": { "label": "Qp3pal" }, "geometry": { "type": "Point", "coordinates": [ 8279223.366714743897319, 4724626.938626516610384 ] } },
{ "type": "Feature", "properties": { "label": "Qp3pal" }, "geometry": { "type": "Point", "coordinates": [ 8296051.524520167149603, 4738276.573488449677825 ] } },
{ "type": "Feature", "properties": { "label": "Qp3pal" }, "geometry": { "type": "Point", "coordinates": [ 8281351.7681053429842, 4752733.438726788386703 ] } },
{ "type": "Feature", "properties": { "label": "Qp3pal" }, "geometry": { "type": "Point", "coordinates": [ 8277102.541066542267799, 4778105.791644946672022 ] } },
{ "type": "Feature", "properties": { "label": "Qp3pal" }, "geometry": { "type": "Point", "coordinates": [ 8291416.154151236638427, 4783618.624902528710663 ] } },
{ "type": "Feature", "properties": { "label": "Qp3pal" }, "geometry": { "type": "Point", "coordinates": [ 8283266.937494879588485, 4785843.095659898594022 ] } },
{ "type": "Feature", "properties": { "label": "Qp3pal" }, "geometry": { "type": "Point", "coordinates": [ 8254894.877594555728137, 4812188.668291545473039 ] } },
{ "type": "Feature", "properties": { "label": "Qp3pal" }, "geometry": { "type": "Point", "coordinates": [ 8320543.672719906084239, 4813793.024801 ] } },
{ "type": "Feature", "properties": { "label": "Qp3pal" }, "geometry": { "type": "Point", "coordinates": [ 8306744.339985040947795, 4814946.457709107547998 ] } },
{ "type": "Feature", "properties": { "label": "Qp3pal" }, "geometry": { "type": "Point", "coordinates": [ 8316239.249679791741073, 4816466.283217105083168 ] } },
{ "type": "Feature", "properties": { "label": "Qp3pal" }, "geometry": { "type": "Point", "coordinates": [ 8250157.774457787163556, 4824427.047690964303911 ] } },
{ "type": "Feature", "properties": { "label": "Qp3pal" }, "geometry": { "type": "Point", "coordinates": [ 8317958.584167854860425, 4832960.330029742792249 ] } },
{ "type": "Feature", "properties": { "label": "Qp3pal" }, "geometry": { "type": "Point", "coordinates": [ 8286598.608497563749552, 4835699.559684230014682 ] } },
{ "type": "Feature", "properties": { "label": "Qp3pal" }, "geometry": { "type": "Point", "coordinates": [ 8275750.281208309344947, 4839305.499874148517847 ] } },
{ "type": "Feature", "properties": { "label": "Qp3pal" }, "geometry": { "type": "Point", "coordinates": [ 8299310.354630350135267, 4840686.794733293354511 ] } },
{ "type": "Feature", "properties": { "label": "Qp3pal" }, "geometry": { "type": "Point", "coordinates": [ 8313794.565522836521268, 4841643.117875314317644 ] } },
{ "type": "Feature", "properties": { "label": "Qp3pal" }, "geometry": { "type": "Point", "coordinates": [ 8275213.258565321564674, 4843365.377690092660487 ] } },
{ "type": "Feature", "properties": { "label": "Qp3pal" }, "geometry": { "type": "Point", "coordinates": [ 8298296.98868939653039, 4848156.945273128338158 ] } },
{ "type": "Feature", "properties": { "label": "Qp3pal" }, "geometry": { "type": "Point", "coordinates": [ 8265058.116290889680386, 4850124.293603686615825 ] } },
{ "type": "Feature", "properties": { "label": "Qp3pal" }, "geometry": { "type": "Point", "coordinates": [ 8270735.907613436691463, 4853959.777196736074984 ] } },
{ "type": "Feature", "properties": { "label": "Qp3pal" }, "geometry": { "type": "Point", "coordinates": [ 8339546.936487927101552, 4728432.157053352333605 ] } },
{ "type": "Feature", "properties": { "label": "Qp3pal" }, "geometry": { "type": "Point", "coordinates": [ 8345473.167288102209568, 4730639.053166131488979 ] } },
{ "type": "Feature", "properties": { "label": "Qp3pal" }, "geometry": { "type": "Point", "coordinates": [ 8347652.015935224480927, 4731568.314530765637755 ] } },
{ "type": "Feature", "properties": { "label": "Qp3pal" }, "geometry": { "type": "Point", "coordinates": [ 8347403.293882461264729, 4734527.650408878922462 ] } },
{ "type": "Feature", "properties": { "label": "Qp3pal" }, "geometry": { "type": "Point", "coordinates": [ 8341251.661190641112626, 4734990.648816502653062 ] } },
{ "type": "Feature", "properties": { "label": "Qp3pal" }, "geometry": { "type": "Point", "coordinates": [ 8339378.147384794428945, 4736580.514416917227209 ] } },
{ "type": "Feature", "properties": { "label": "Qp3pal" }, "geometry": { "type": "Point", "coordinates": [ 8327089.264907554723322, 4748837.869049338623881 ] } },
{ "type": "Feature", "properties": { "label": "Qp3pal" }, "geometry": { "type": "Point", "coordinates": [ 8333726.542107697576284, 4759578.276586439460516 ] } },
{ "type": "Feature", "properties": { "label": "Qp3pal" }, "geometry": { "type": "Point", "coordinates": [ 8348184.256574981845915, 4764590.765189616009593 ] } },
{ "type": "Feature", "properties": { "label": "Qp3pal" }, "geometry": { "type": "Point", "coordinates": [ 8348890.540825426578522, 4768865.031173988245428 ] } },
{ "type": "Feature", "properties": { "label": "Qp3pal" }, "geometry": { "type": "Point", "coordinates": [ 8341625.912389264442027, 4777436.563683756627142 ] } },
{ "type": "Feature", "properties": { "label": "Qp3pal" }, "geometry": { "type": "Point", "coordinates": [ 8348890.438178410753608, 4783386.505724105983973 ] } },
{ "type": "Feature", "properties": { "label": "Qp3pal" }, "geometry": { "type": "Point", "coordinates": [ 8340560.935814756900072, 4785132.357587957754731 ] } },
{ "type": "Feature", "properties": { "label": "Qp3pal" }, "geometry": { "type": "Point", "coordinates": [ 8348480.794216427952051, 4786708.691104925237596 ] } },
{ "type": "Feature", "properties": { "label": "Qp3pal" }, "geometry": { "type": "Point", "coordinates": [ 8335686.340164504013956, 4811503.366762686520815 ] } },
{ "type": "Feature", "properties": { "label": "Qp3pal" }, "geometry": { "type": "Point", "coordinates": [ 8324877.993048813194036, 4817949.612887185998261 ] } },
{ "type": "Feature", "properties": { "label": "Qp3pal" }, "geometry": { "type": "Point", "coordinates": [ 8322606.880891636013985, 4828509.976638540625572 ] } },
{ "type": "Feature", "properties": { "label": "Qp3pal" }, "geometry": { "type": "Point", "coordinates": [ 8327692.880479834973812, 4832617.831303256563842 ] } },
{ "type": "Feature", "properties": { "label": "Qp3pal" }, "geometry": { "type": "Point", "coordinates": [ 8341077.179312294349074, 4834315.681786182336509 ] } },
{ "type": "Feature", "properties": { "label": "Qp3pal" }, "geometry": { "type": "Point", "coordinates": [ 8335828.618020053952932, 4834844.632742799818516 ] } },
{ "type": "Feature", "properties": { "label": "Qp3pal" }, "geometry": { "type": "Point", "coordinates": [ 8330907.787911453284323, 4835771.404916872270405 ] } },
{ "type": "Feature", "properties": { "label": "S3-4t" }, "geometry": { "type": "Point", "coordinates": [ 8239740.658998151309788, 4813356.443757439032197 ] } },
{ "type": "Feature", "properties": { "label": "S3-4t" }, "geometry": { "type": "Point", "coordinates": [ 8243419.148646682500839, 4829948.823980298824608 ] } },
{ "type": "Feature", "properties": { "label": "S3-4t" }, "geometry": { "type": "Point", "coordinates": [ 8246645.431629822589457, 4836240.363708052784204 ] } },
{ "type": "Feature", "properties": { "label": "S3-4t" }, "geometry": { "type": "Point", "coordinates": [ 8245650.458589184097946, 4840540.428970566019416 ] } },
{ "type": "Feature", "properties": { "label": "S3-4t" }, "geometry": { "type": "Point", "coordinates": [ 8256383.064472772181034, 4853032.344453327357769 ] } },
{ "type": "Feature", "properties": { "label": "S3-4t" }, "geometry": { "type": "Point", "coordinates": [ 8258238.333873463794589, 4865984.607620445080101 ] } },
{ "type": "Feature", "properties": { "label": "T3t" }, "geometry": { "type": "Point", "coordinates": [ 8348890.031604786403477, 4840398.673600438050926 ] } },
{ "type": "Feature", "properties": { "label": "T3t" }, "geometry": { "type": "Point", "coordinates": [ 8347477.944744886830449, 4844193.368253762833774 ] } },
{ "type": "Feature", "properties": { "label": "T3t" }, "geometry": { "type": "Point", "coordinates": [ 8344464.877590373158455, 4847865.629399494268 ] } },
{ "type": "Feature", "properties": { "label": "T3t" }, "geometry": { "type": "Point", "coordinates": [ 8341600.107134195975959, 4849361.093273593112826 ] } },
{ "type": "Feature", "properties": { "label": "T3t" }, "geometry": { "type": "Point", "coordinates": [ 8337804.637762036174536, 4852750.84437207877636 ] } },
{ "type": "Feature", "properties": { "label": "T3t" }, "geometry": { "type": "Point", "coordinates": [ 8335984.992107858881354, 4855974.314217625185847 ] } },
{ "type": "Feature", "properties": { "label": "C1w" }, "geometry": { "type": "Point", "coordinates": [ 8296951.828622759319842, 4766924.129742467775941 ] } },
{ "type": "Feature", "properties": { "label": "C1w" }, "geometry": { "type": "Point", "coordinates": [ 8301215.298118024133146, 4767634.640947767533362 ] } },
{ "type": "Feature", "properties": { "label": "C1w" }, "geometry": { "type": "Point", "coordinates": [ 8277087.473654728382826, 4768670.465027214027941 ] } },
{ "type": "Feature", "properties": { "label": "C1w" }, "geometry": { "type": "Point", "coordinates": [ 8278051.134693766012788, 4769027.265438640490174 ] } },
{ "type": "Feature", "properties": { "label": "C1w" }, "geometry": { "type": "Point", "coordinates": [ 8293403.037525053136051, 4769914.878653929568827 ] } },
{ "type": "Feature", "properties": { "label": "C1w" }, "geometry": { "type": "Point", "coordinates": [ 8289966.219687908887863, 4771944.056639932096004 ] } },
{ "type": "Feature", "properties": { "label": "C1w" }, "geometry": { "type": "Point", "coordinates": [ 8285962.078301264904439, 4773272.054521448910236 ] } },
{ "type": "Feature", "properties": { "label": "C1w" }, "geometry": { "type": "Point", "coordinates": [ 8344193.646320505067706, 4739064.328536501154304 ] } },
{ "type": "Feature", "properties": { "label": "C1w" }, "geometry": { "type": "Point", "coordinates": [ 8334291.222542906180024, 4755184.622996360994875 ] } },
{ "type": "Feature", "properties": { "label": "C1w" }, "geometry": { "type": "Point", "coordinates": [ 8338326.799253123812377, 4757395.715366221033037 ] } },
{ "type": "Feature", "properties": { "label": "C1w" }, "geometry": { "type": "Point", "coordinates": [ 8305242.807290507480502, 4762499.707983889617026 ] } },
{ "type": "Feature", "properties": { "label": "C1w" }, "geometry": { "type": "Point", "coordinates": [ 8328517.803323957137764, 4763963.464943004772067 ] } },
{ "type": "Feature", "properties": { "label": "C1w" }, "geometry": { "type": "Point", "coordinates": [ 8302719.512388222850859, 4771502.385963637381792 ] } },
{ "type": "Feature", "properties": { "label": "bm" }, "geometry": { "type": "Point", "coordinates": [ 8306175.302306577563286, 4764864.988566996529698 ] } },
{ "type": "Feature", "properties": { "label": "gdT1" }, "geometry": { "type": "Point", "coordinates": [ 8251661.230715776793659, 4722239.997389124706388 ] } },
{ "type": "Feature", "properties": { "label": "gdT1" }, "geometry": { "type": "Point", "coordinates": [ 8241348.561091482639313, 4722310.762614148668945 ] } },
{ "type": "Feature", "properties": { "label": "gdT1" }, "geometry": { "type": "Point", "coordinates": [ 8243642.28671411704272, 4725759.544084323570132 ] } },
{ "type": "Feature", "properties": { "label": "gdT1" }, "geometry": { "type": "Point", "coordinates": [ 8259764.009878604672849, 4726173.747542787343264 ] } },
{ "type": "Feature", "properties": { "label": "gdT1" }, "geometry": { "type": "Point", "coordinates": [ 8248031.022904675453901, 4726546.057224282994866 ] } },
{ "type": "Feature", "properties": { "label": "gdT1" }, "geometry": { "type": "Point", "coordinates": [ 8246509.031460099853575, 4726786.141801969148219 ] } },
{ "type": "Feature", "properties": { "label": "goC2" }, "geometry": { "type": "Point", "coordinates": [ 8332013.028814953751862, 4747744.587596689350903 ] } },
{ "type": "Feature", "properties": { "label": "goC2" }, "geometry": { "type": "Point", "coordinates": [ 8279433.822470715269446, 4755278.941715331748128 ] } },
{ "type": "Feature", "properties": { "label": "goC2" }, "geometry": { "type": "Point", "coordinates": [ 8306407.41845306288451, 4764527.50888913590461 ] } },
{ "type": "Feature", "properties": { "label": "goC2" }, "geometry": { "type": "Point", "coordinates": [ 8303576.134749110788107, 4767319.112955397926271 ] } },
{ "type": "Feature", "properties": { "label": "goC2" }, "geometry": { "type": "Point", "coordinates": [ 8295440.01675845682621, 4770394.987345083616674 ] } },
{ "type": "Feature", "properties": { "label": "goC2" }, "geometry": { "type": "Point", "coordinates": [ 8292357.552467109635472, 4770999.676047953777015 ] } },
{ "type": "Feature", "properties": { "label": "goC2" }, "geometry": { "type": "Point", "coordinates": [ 8343150.460735062137246, 4739927.64493984170258 ] } },
{ "type": "Feature", "properties": { "label": "goC2" }, "geometry": { "type": "Point", "coordinates": [ 8342050.620118668302894, 4740202.438966280780733 ] } },
{ "type": "Feature", "properties": { "label": "goC2" }, "geometry": { "type": "Point", "coordinates": [ 8346469.717023500241339, 4741406.061398111283779 ] } },
{ "type": "Feature", "properties": { "label": "goC2" }, "geometry": { "type": "Point", "coordinates": [ 8334326.362819956615567, 4744052.209629507735372 ] } },
{ "type": "Feature", "properties": { "label": "goC2" }, "geometry": { "type": "Point", "coordinates": [ 8345841.058142747730017, 4748471.603112234733999 ] } },
{ "type": "Feature", "properties": { "label": "goC2" }, "geometry": { "type": "Point", "coordinates": [ 8342856.502016639336944, 4753360.253338230773807 ] } },
{ "type": "Feature", "properties": { "label": "gpT3" }, "geometry": { "type": "Point", "coordinates": [ 8347937.853012832812965, 4754102.490281379781663 ] } },
{ "type": "Feature", "properties": { "label": "gpT3" }, "geometry": { "type": "Point", "coordinates": [ 8345165.897714026272297, 4757735.500859311781824 ] } },
{ "type": "Feature", "properties": { "label": "gpT3" }, "geometry": { "type": "Point", "coordinates": [ 8344463.229519134387374, 4761346.028230356052518 ] } },
{ "type": "Feature", "properties": { "label": "gpT3" }, "geometry": { "type": "Point", "coordinates": [ 8342224.483439089730382, 4764067.764501408673823 ] } },
{ "type": "Feature", "properties": { "label": "gpT3" }, "geometry": { "type": "Point", "coordinates": [ 8335775.896003866568208, 4768641.331430423073471 ] } },
{ "type": "Feature", "properties": { "label": "gr" }, "geometry": { "type": "Point", "coordinates": [ 8229749.805978358723223, 4739733.615854678675532 ] } },
{ "type": "Feature", "properties": { "label": "d" }, "geometry": { "type": "Point", "coordinates": [ 8206016.796387898735702, 4755233.551755771040916 ] } },
{ "type": "Feature", "properties": { "label": "d" }, "geometry": { "type": "Point", "coordinates": [ 8205688.159380982629955, 4757064.901841483078897 ] } },
{ "type": "Feature", "properties": { "label": "d" }, "geometry": { "type": "Point", "coordinates": [ 8327362.405712791718543, 4856756.19334624055773 ] } },
{ "type": "Feature", "properties": { "label": "dT1" }, "geometry": { "type": "Point", "coordinates": [ 8271676.122064549475908, 4722212.986424127593637 ] } },
{ "type": "Feature", "properties": { "label": "doC2" }, "geometry": { "type": "Point", "coordinates": [ 8330583.4717191234231, 4750064.406599142588675 ] } },
{ "type": "Feature", "properties": { "label": "doP" }, "geometry": { "type": "Point", "coordinates": [ 8211303.717593350447714, 4736873.345825091004372 ] } },
{ "type": "Feature", "properties": { "label": "doP" }, "geometry": { "type": "Point", "coordinates": [ 8223831.734211998060346, 4732615.196884841658175 ] } },
{ "type": "Feature", "properties": { "label": "doP" }, "geometry": { "type": "Point", "coordinates": [ 8222636.808215602301061, 4733230.309144114144146 ] } },
{ "type": "Feature", "properties": { "label": "doP" }, "geometry": { "type": "Point", "coordinates": [ 8222675.490146330557764, 4733987.51485307328403 ] } },
{ "type": "Feature", "properties": { "label": "doP" }, "geometry": { "type": "Point", "coordinates": [ 8209267.8315504277125, 4744125.612296101637185 ] } },
{ "type": "Feature", "properties": { "label": "doP" }, "geometry": { "type": "Point", "coordinates": [ 8225364.336206557229161, 4729831.750238904729486 ] } },
{ "type": "Feature", "properties": { "label": "doP" }, "geometry": { "type": "Point", "coordinates": [ 8229564.055262433364987, 4729961.382609838619828 ] } },
{ "type": "Feature", "properties": { "label": "doP" }, "geometry": { "type": "Point", "coordinates": [ 8225401.754120186902583, 4732178.209045886062086 ] } },
{ "type": "Feature", "properties": { "label": "doP" }, "geometry": { "type": "Point", "coordinates": [ 8234996.868819618597627, 4733339.409395993687212 ] } },
{ "type": "Feature", "properties": { "label": "doP" }, "geometry": { "type": "Point", "coordinates": [ 8232513.146703590638936, 4743055.532871986739337 ] } },
{ "type": "Feature", "properties": { "label": "doP" }, "geometry": { "type": "Point", "coordinates": [ 8230706.060326685197651, 4743621.985733439214528 ] } },
{ "type": "Feature", "properties": { "label": "egP" }, "geometry": { "type": "Point", "coordinates": [ 8260027.734571317210793, 4729812.361862833611667 ] } },
{ "type": "Feature", "properties": { "label": "egP" }, "geometry": { "type": "Point", "coordinates": [ 8251675.730720768682659, 4729843.294554688036442 ] } },
{ "type": "Feature", "properties": { "label": "egP" }, "geometry": { "type": "Point", "coordinates": [ 8257639.326922567561269, 4730807.318452843464911 ] } },
{ "type": "Feature", "properties": { "label": "egT2" }, "geometry": { "type": "Point", "coordinates": [ 8225845.559679455123842, 4732092.493845330551267 ] } },
{ "type": "Feature", "properties": { "label": "egT2" }, "geometry": { "type": "Point", "coordinates": [ 8228446.296447109431028, 4737453.547661601565778 ] } },
{ "type": "Feature", "properties": { "label": "egT2" }, "geometry": { "type": "Point", "coordinates": [ 8238689.199426783248782, 4737738.392608683556318 ] } },
{ "type": "Feature", "properties": { "label": "vD" }, "geometry": { "type": "Point", "coordinates": [ 8228200.12013812828809, 4733807.540196752175689 ] } },
{ "type": "Feature", "properties": { "label": "ophD1" }, "geometry": { "type": "Point", "coordinates": [ 8282744.76426577847451, 4726931.624842746183276 ] } },
{ "type": "Feature", "properties": { "label": "ophD1" }, "geometry": { "type": "Point", "coordinates": [ 8281986.709578348323703, 4727542.273081840015948 ] } },
{ "type": "Feature", "properties": { "label": "ophD1" }, "geometry": { "type": "Point", "coordinates": [ 8249207.250219596549869, 4740958.176031726412475 ] } },
{ "type": "Feature", "properties": { "label": "ta" }, "geometry": { "type": "Point", "coordinates": [ 8241161.605478742159903, 4823493.68358475714922 ] } },
{ "type": "Feature", "properties": { "label": "ta" }, "geometry": { "type": "Point", "coordinates": [ 8246151.842541404999793, 4849302.400369694456458 ] } },
{ "type": "Feature", "properties": { "label": "u" }, "geometry": { "type": "Point", "coordinates": [ 8243905.483285686932504, 4844561.994453372433782 ] } },
{ "type": "Feature", "properties": { "label": "u" }, "geometry": { "type": "Point", "coordinates": [ 8251589.63590523134917, 4845685.498351270332932 ] } },
{ "type": "Feature", "properties": { "label": "u" }, "geometry": { "type": "Point", "coordinates": [ 8242359.491069826297462, 4857574.097705078311265 ] } }
]
}
