{
"type": "FeatureCollection",
"name": "water_polygons",
"crs": { "type": "name", "properties": { "name": "urn:ogc:def:crs:EPSG::3857" } },
"features": [
{ "type": "Feature", "properties": { "layer": "LDLYAAE002" }, "geometry": { "type": "MultiPolygon", "coordinates": [ [ [ [ 8229951.136482171714306, 4806913.324318214319646 ], [ 8230004.818705704063177, 4806898.672735437750816 ], [ 8230133.060344966128469, 4806909.322515774518251 ], [ 8230233.649934717454016, 4806956.417844535782933 ], [ 8230378.901190938428044, 4807095.932154736481607 ], [ 8230542.512879553250968, 4807281.604394697584212 ], [ 8230770.481563623994589, 4807431.242245706729591 ], [ 8231026.806056859903038, 4807470.902844517491758 ], [ 8231110.300432143732905, 4807465.421179307624698 ], [ 8231210.299794821999967, 4807467.908265595324337 ], [ 8231279.466968636028469, 4807395.516810163855553 ], [ 8231272.612582333385944, 4807295.427773563191295 ], [ 8231272.612582333385944, 4807295.427773563191295 ], [ 8231239.829750295728445, 4807261.902978361584246 ], [ 8231204.001342152245343, 4807169.588645944371819 ], [ 8231223.394591402262449, 4807059.514595602639019 ], [ 8231288.833462560549378, 4806931.577944136224687 ], [ 8231354.096964414231479, 4806822.021981681697071 ], [ 8231437.843389671295881, 4806721.862721275538206 ], [ 8231530.019281878136098, 4806676.944010604172945 ], [ 8231722.540970146656036, 4806669.914080281741917 ], [ 8231952.117957952432334, 4806672.480453418567777 ], [ 8232144.405943267978728, 4806702.201025072485209 ], [ 8232457.014719197526574, 4806696.493678901344538 ], [ 8232677.931736466474831, 4806698.948305680416524 ], [ 8232870.743532403372228, 4806719.471308933570981 ], [ 8232934.65913690906018, 4806784.513365614227951 ], [ 8232979.577115694992244, 4806913.680491326376796 ], [ 8233069.765047763474286, 4807098.498666712082922 ], [ 8233233.903218640945852, 4807247.372246648184955 ], [ 8233426.492482148110867, 4807341.408213525079191 ], [ 8233609.719819454476237, 4807416.959028605371714 ], [ 8233710.025122453458607, 4807528.358118440024555 ], [ 8233745.675258628092706, 4807629.858569583855569 ], [ 8233735.034900103695691, 4807785.998204431496561 ], [ 8233706.129096055403352, 4807951.128665640950203 ], [ 8233696.477521516382694, 4807987.790933071635664 ], [ 8233677.142563549801707, 4808088.68873895239085 ], [ 8233647.477312065660954, 4808299.77968683373183 ], [ 8233636.972072689794004, 4808465.120824415236712 ], [ 8233645.156780991703272, 4808575.518567580729723 ], [ 8233657.704514939337969, 4808606.280191888101399 ], [ 8233757.933042967692018, 4808613.27619119361043 ], [ 8233911.475651708431542, 4808620.854083864949644 ], [ 8234028.962349189445376, 4808651.610730616375804 ], [ 8234169.836665455251932, 4808729.762883962132037 ], [ 8234322.622529557906091, 4808808.042601288296282 ], [ 8234451.868161761201918, 4808880.170622202567756 ], [ 8234598.640730454586446, 4808934.813251079060137 ], [ 8234766.451114776544273, 4808986.239069969393313 ], [ 8234766.451114776544273, 4808986.239069969393313 ], [ 8234956.563155123963952, 4809387.299370122142136 ], [ 8235193.323556531220675, 4809767.911503235809505 ], [ 8235193.323556531220675, 4809767.911503235809505 ], [ 8235249.693044539541006, 4810032.164128879085183 ], [ 8235301.131985109299421, 4810203.640944123268127 ], [ 8235359.655802932567894, 4810269.106201034039259 ], [ 8235453.735859811306, 4810305.488635743968189 ], [ 8235582.994490426033735, 4810342.2531160088256 ], [ 8235631.013582359999418, 4810352.760563186369836 ], [ 8235631.013582359999418, 4810352.760563186369836 ], [ 8235790.221278737299144, 4810550.19434304907918 ], [ 8236353.918846268206835, 4811191.512220521457493 ], [ 8236669.356378233991563, 4811562.353825216181576 ], [ 8236669.356378233991563, 4811562.353825216181576 ], [ 8236581.062723353505135, 4811578.995512507855892 ], [ 8236456.677435644902289, 4811642.500339592806995 ], [ 8236337.921841762028635, 4811723.749697640538216 ], [ 8236201.302896887995303, 4811822.490021747536957 ], [ 8236100.034120942465961, 4811927.505128315649927 ], [ 8236063.61072366964072, 4812015.537075345404446 ], [ 8236057.132463932968676, 4812092.09877631533891 ], [ 8236056.237082881852984, 4812204.091124642640352 ], [ 8236072.499319168739021, 4812339.85282963514328 ], [ 8236089.196562664583325, 4812452.038504624739289 ], [ 8236129.881306705996394, 4812546.795841468498111 ], [ 8236164.548437462188303, 4812629.701203631237149 ], [ 8236249.862751502543688, 4812906.643411673605442 ], [ 8236468.135632863268256, 4813348.203635646961629 ], [ 8236641.901714929379523, 4813630.445279641076922 ], [ 8236797.672380677424371, 4813828.405085394158959 ], [ 8236982.533782918937504, 4813951.945172403007746 ], [ 8237139.691335138864815, 4814056.485463559627533 ], [ 8237269.240204232744873, 4814123.342720912769437 ], [ 8237278.198653891682625, 4814187.300606762059033 ], [ 8237251.504770764149725, 4814264.599966806359589 ], [ 8237207.92545126657933, 4814307.23803941346705 ], [ 8237155.994508661329746, 4814323.924977419897914 ], [ 8237069.746579213999212, 4814323.004550873301923 ], [ 8236871.651188001036644, 4814295.026435283012688 ], [ 8236725.082346189767122, 4814267.598343499004841 ], [ 8236588.134491895325482, 4814188.544371758587658 ], [ 8236416.52047352399677, 4814083.260629849508405 ], [ 8236288.274853986687958, 4813987.058275444433093 ], [ 8236168.011373104527593, 4813951.282214007340372 ], [ 8236081.452477938495576, 4813958.972467290237546 ], [ 8236003.298626190982759, 4814018.470338688232005 ], [ 8235941.801378936506808, 4814112.631363205611706 ], [ 8235897.425245665945113, 4814250.076543776318431 ], [ 8235852.732936761341989, 4814396.142560083419085 ], [ 8235826.100849225185812, 4814456.200347570702434 ], [ 8235782.718404229730368, 4814490.212948250584304 ], [ 8235730.969041527248919, 4814489.65381732583046 ], [ 8235679.312128266319633, 4814480.474501468241215 ], [ 8235576.368690741248429, 4814427.636878715828061 ], [ 8235456.732632329687476, 4814322.894141704775393 ], [ 8235389.218020979315042, 4814184.234867008402944 ], [ 8235364.45637792441994, 4814080.522287900559604 ], [ 8235365.661739419214427, 4813968.472157154232264 ], [ 8235383.837602028623223, 4813882.467451892793179 ], [ 8235401.456859668716788, 4813848.178204733878374 ], [ 8235454.777614616788924, 4813702.21530759241432 ], [ 8235569.579090756364167, 4813419.125106532126665 ], [ 8235631.736761688254774, 4813221.65761033538729 ], [ 8235677.577264087274671, 4812920.643409174866974 ], [ 8235654.040160127915442, 4812661.958477907814085 ], [ 8235620.845232402905822, 4812594.288694379851222 ], [ 8235620.845232402905822, 4812594.288694379851222 ], [ 8235560.674049167893827, 4812471.439573844894767 ], [ 8235398.382676119916141, 4812323.240835526026785 ], [ 8235260.883179129101336, 4812270.065728745423257 ], [ 8235122.837614957243204, 4812277.180378319695592 ], [ 8235036.150214334949851, 4812302.08179625030607 ], [ 8234931.890404239296913, 4812387.086809105239809 ], [ 8234862.278395396657288, 4812455.2408661628142 ], [ 8234757.85845020506531, 4812557.471705736592412 ], [ 8234679.935304646380246, 4812591.07823674287647 ], [ 8234610.870863080956042, 4812598.938306584022939 ], [ 8234524.98590297345072, 4812572.156226670369506 ], [ 8234465.286316800862551, 4812511.203574077226222 ], [ 8234423.163025146350265, 4812390.14759998768568 ], [ 8234423.826117340475321, 4812329.855685852468014 ], [ 8234443.199748110957444, 4812097.493956378661096 ], [ 8234513.849517990835011, 4811891.541076462715864 ], [ 8234575.656809137202799, 4811745.785468404181302 ], [ 8234567.742528946138918, 4811668.178301363252103 ], [ 8234559.716714384965599, 4811590.571720689535141 ], [ 8234525.778465507552028, 4811529.907872086390853 ], [ 8234474.660991691984236, 4811486.280739514157176 ], [ 8234406.39221600536257, 4811408.015361841768026 ], [ 8234277.783678024075925, 4811303.252795955166221 ], [ 8234140.605616119690239, 4811241.455830705352128 ], [ 8234003.016469312831759, 4811188.269404647871852 ], [ 8233934.040462321601808, 4811187.51181133184582 ], [ 8233804.663121779449284, 4811203.314386542886496 ], [ 8233648.83103808760643, 4811270.502947119064629 ], [ 8233535.67804101947695, 4811372.614058731123805 ], [ 8233456.692987875081599, 4811509.555129827000201 ], [ 8233369.166624519042671, 4811655.050700738094747 ], [ 8233369.166624519042671, 4811655.050700738094747 ], [ 8233299.959728717803955, 4811697.314701459370553 ], [ 8233179.086009666323662, 4811713.205055091530085 ], [ 8233101.644049723632634, 4811695.121338442899287 ], [ 8233050.309415192343295, 4811651.485914746299386 ], [ 8233025.162146721966565, 4811573.687503710389137 ], [ 8232991.570901853963733, 4811452.732218877412379 ], [ 8232984.500721494667232, 4811297.616719641722739 ], [ 8232968.888548113405704, 4811133.795783516019583 ], [ 8232918.678853252902627, 4810969.594974178820848 ], [ 8232893.854641641490161, 4810857.354236414656043 ], [ 8232816.710928575135767, 4810190.473358465358615 ], [ 8232807.033239052630961, 4809995.160022197291255 ], [ 8232738.921287886798382, 4809902.54339758399874 ], [ 8232646.96079027839005, 4809890.040620614774525 ], [ 8232439.742181003093719, 4809933.664272299036384 ], [ 8232332.361150263808668, 4809961.655550421215594 ], [ 8232332.249827515333891, 4809961.655549583025277 ], [ 8232357.484227803535759, 4809867.041257088072598 ], [ 8232396.495946457609534, 4809654.679434591904283 ], [ 8232428.198473813012242, 4809442.236416523344815 ], [ 8232528.902860761620104, 4808951.756931843236089 ], [ 8232671.997461414895952, 4808586.535169361159205 ], [ 8232720.512563763186336, 4808183.53505814447999 ], [ 8232685.844859320670366, 4808021.708372490480542 ], [ 8232599.604545885697007, 4807895.968149329535663 ], [ 8232447.179148779250681, 4807806.140873703174293 ], [ 8232050.00895712338388, 4807735.759286768734455 ], [ 8231397.217332670465112, 4807603.045568753033876 ], [ 8230930.792761227115989, 4807494.814794768579304 ], [ 8230501.170675135217607, 4807364.990726658143103 ], [ 8230283.794058289378881, 4807208.332311765290797 ], [ 8229951.24780491925776, 4806913.324319052509964 ], [ 8229951.136482171714306, 4806913.324318214319646 ] ] ] ] } },
{ "type": "Feature", "properties": { "layer": "LDLYAAE002" }, "geometry": { "type": "MultiPolygon", "coordinates": [ [ [ [ 8236669.356378233991563, 4811562.353825216181576 ], [ 8236353.918846268206835, 4811191.512220521457493 ], [ 8235790.221278737299144, 4810550.19434304907918 ], [ 8235631.013582359999418, 4810352.760563186369836 ], [ 8235631.013582359999418, 4810352.760563186369836 ], [ 8235724.552450186572969, 4810373.250622281804681 ], [ 8235812.787683537229896, 4810403.672842104919255 ], [ 8236035.873219721019268, 4810518.064340352080762 ], [ 8236100.568532491102815, 4810554.123763500712812 ], [ 8236229.785550659522414, 4810608.561444769613445 ], [ 8236353.74830565508455, 4810615.786465086042881 ], [ 8236430.662252167239785, 4810593.036449192091823 ], [ 8236513.949991739355028, 4810517.308622638694942 ], [ 8236579.799498435109854, 4810411.924177784472704 ], [ 8236669.615919391624629, 4810265.540528009645641 ], [ 8236741.309379824437201, 4810166.11412035766989 ], [ 8236824.906343513168395, 4810055.028005640022457 ], [ 8236925.558595051057637, 4809991.276140907779336 ], [ 8237008.372742048464715, 4809980.372104532085359 ], [ 8237084.966208165511489, 4809992.976502357050776 ], [ 8237126.062663328833878, 4810028.775703559629619 ], [ 8237154.777255324646831, 4810117.487272286787629 ], [ 8237171.058419551700354, 4810265.005745039321482 ], [ 8237261.01053648814559, 4810755.162776393815875 ], [ 8237312.612495226785541, 4810950.216738239862025 ], [ 8237364.045967753976583, 4811139.380354849621654 ], [ 8237427.373176589608192, 4811293.309752351604402 ], [ 8237484.561659965664148, 4811512.011786132119596 ], [ 8237519.035459141246974, 4811630.268313358537853 ], [ 8237523.775462581776083, 4811736.424188061617315 ], [ 8237494.024541595950723, 4811789.157755552791059 ], [ 8237428.682976838201284, 4811812.044221348129213 ], [ 8237340.443981731310487, 4811805.208149939775467 ], [ 8237222.568688313476741, 4811762.692128225229681 ], [ 8237134.801231774501503, 4811702.807686479762197 ], [ 8237029.260519086383283, 4811613.263253811746836 ], [ 8236929.307773815467954, 4811559.145903448574245 ], [ 8236829.152212425135076, 4811540.391388205811381 ], [ 8236728.734054442495108, 4811551.105708345770836 ], [ 8236669.356378233991563, 4811562.353825216181576 ] ] ] ] } },
{ "type": "Feature", "properties": { "layer": "LDLYAAE002" }, "geometry": { "type": "MultiPolygon", "coordinates": [ [ [ [ 8235193.323556531220675, 4809767.911503235809505 ], [ 8234956.563155123963952, 4809387.299370122142136 ], [ 8234766.451114776544273, 4808986.239069969393313 ], [ 8234766.451114776544273, 4808986.239069969393313 ], [ 8234851.609005777165294, 4809014.180854610167444 ], [ 8234951.364642467349768, 4809085.982711889781058 ], [ 8235009.879769868217409, 4809151.442319503985345 ], [ 8235038.565086672082543, 4809216.58138723205775 ], [ 8235181.78193515073508, 4809713.174650594592094 ], [ 8235193.323556531220675, 4809767.911503235809505 ] ] ] ] } },
{ "type": "Feature", "properties": { "layer": "LDLYAAE002" }, "geometry": { "type": "MultiPolygon", "coordinates": [ [ [ [ 8228003.678459865041077, 4804396.653179398737848 ], [ 8228061.190875684842467, 4804469.92900019697845 ], [ 8228084.863890026696026, 4804586.176224367693067 ], [ 8228091.837288370355964, 4804718.799381321296096 ], [ 8228098.649172775447369, 4804867.990873096510768 ], [ 8228114.134995101951063, 4804975.863519421778619 ], [ 8228220.826969104819, 4805059.938561839982867 ], [ 8228361.00227427855134, 4805102.977912501432002 ], [ 8228575.926305209286511, 4805113.739092953503132 ], [ 8228741.314552844502032, 4805115.641889808699489 ], [ 8228856.765118687413633, 4805150.105789979919791 ], [ 8228922.03744522947818, 4805241.983076949603856 ], [ 8228920.913209962658584, 4805357.952604089863598 ], [ 8228903.008593236096203, 4805498.584548020735383 ], [ 8228876.672836918383837, 4805655.690932273864746 ], [ 8228850.657795230858028, 4805779.663995971903205 ], [ 8228816.693381791934371, 4805870.407404665835202 ], [ 8228815.969714386388659, 4805944.963322361931205 ], [ 8228831.786374699324369, 4806019.710358837619424 ], [ 8228888.874257021583617, 4806103.216717667877674 ], [ 8229020.315201584249735, 4806195.861828044056892 ], [ 8229349.688612300902605, 4806348.769071171991527 ], [ 8229456.485609628260136, 4806424.558113809674978 ], [ 8229496.799997417256236, 4806532.729288593865931 ], [ 8229470.1627989821136, 4806690.928088680841029 ], [ 8229470.1627989821136, 4806690.928088680841029 ], [ 8228649.075613744556904, 4806418.409328116104007 ], [ 8228473.911549511365592, 4806401.621184785850346 ], [ 8228247.872209041379392, 4806362.205671945586801 ], [ 8228102.639176233671606, 4806287.085060296580195 ], [ 8227934.445368797518313, 4806137.300684717483819 ], [ 8227868.87153831589967, 4805941.637128690257668 ], [ 8227793.362175329588354, 4805765.342568043619394 ], [ 8227756.783343956805766, 4805579.780745358206332 ], [ 8227749.386919031850994, 4805285.144221686758101 ], [ 8227781.61390190012753, 4805036.138775968924165 ], [ 8227805.031477914191782, 4804911.726910900324583 ], [ 8227834.212505369447172, 4804791.577106731943786 ], [ 8227914.292002520523965, 4804587.966500954702497 ], [ 8228003.678459865041077, 4804396.653179398737848 ] ] ] ] } },
{ "type": "Feature", "properties": { "layer": "LDLYAAE002" }, "geometry": { "type": "Polygon", "coordinates": [ [ [ 8248549.241325592622161, 4803997.000835419632494 ], [ 8248470.622072570025921, 4803934.416220703162253 ], [ 8248362.161096148192883, 4803817.067693541757762 ], [ 8248284.538106578402221, 4803691.375343015417457 ], [ 8248202.414113886654377, 4803565.64480287861079 ], [ 8248150.853022955358028, 4803457.429545720107853 ], [ 8248116.657721983268857, 4803357.992428511381149 ], [ 8248104.690538346767426, 4803254.444086372852325 ], [ 8248097.324512330815196, 4803120.769572128541768 ], [ 8248120.661036489531398, 4802970.135090566240251 ], [ 8248169.884086072444916, 4802884.380389460362494 ], [ 8248236.809981009922922, 4802785.855533682741225 ], [ 8248325.692625469528139, 4802687.528053187765181 ], [ 8248431.997717102989554, 4802623.832397599704564 ], [ 8248564.246278304606676, 4802577.608526736497879 ], [ 8248731.560081307776272, 4802527.387367739342153 ], [ 8248920.623882045969367, 4802507.524104170501232 ], [ 8249087.704439273104072, 4802500.389680912718177 ], [ 8249280.70639690477401, 4802523.65092748682946 ], [ 8249464.700428988784552, 4802568.377360560931265 ], [ 8249665.319104674272239, 4802682.204744135029614 ], [ 8249778.644336711615324, 4802786.636834762059152 ], [ 8249882.427876503206789, 4802921.157457832247019 ], [ 8249964.700845718383789, 4803055.485580613836646 ], [ 8250020.402306020259857, 4803189.583021516911685 ], [ 8250083.027157721109688, 4803491.835597204975784 ], [ 8250081.860464482568204, 4803603.888238205574453 ], [ 8250045.35562130715698, 4803724.252730130217969 ], [ 8250048.759878191165626, 4803819.106926757842302 ], [ 8250105.543453928083181, 4803849.777760143391788 ], [ 8250206.471574856899679, 4803880.833380669355392 ], [ 8250276.231494377367198, 4803920.238571910187602 ], [ 8250332.814147845841944, 4803981.077516753226519 ], [ 8250398.025954287499189, 4804046.303454711101949 ], [ 8250449.927852012217045, 4804124.34384929575026 ], [ 8250497.035313590429723, 4804241.136131914332509 ], [ 8250561.445628874003887, 4804383.94343566801399 ], [ 8250630.272759668529034, 4804513.86061961017549 ], [ 8250721.086327325552702, 4804652.590640273876488 ], [ 8250785.702981172129512, 4804765.230836611241102 ], [ 8250820.308164681307971, 4804838.811543534509838 ], [ 8250819.906993093900383, 4804877.60405801422894 ], [ 8250801.913034651428461, 4804907.622795630246401 ], [ 8250731.586633917875588, 4804911.320163240656257 ], [ 8250648.327815418131649, 4804901.9713798109442 ], [ 8250538.558224273845553, 4804875.150168217718601 ], [ 8250429.279053845442832, 4804844.017310569994152 ], [ 8250262.809247399680316, 4804799.452077630907297 ], [ 8250144.569166108034551, 4804763.929299302399158 ], [ 8250004.636860119178891, 4804702.350858350284398 ], [ 8249912.68720025010407, 4804662.747532662935555 ], [ 8249790.168929277919233, 4804627.182314082980156 ], [ 8249671.842274986207485, 4804600.274752707220614 ], [ 8249540.248980484902859, 4804581.869911833666265 ], [ 8249423.51944413408637, 4804552.988038420677185 ], [ 8249354.854950725100935, 4804524.521635873243213 ], [ 8249264.05678488034755, 4804473.61313106212765 ], [ 8249140.337896959856153, 4804394.596441039815545 ], [ 8249030.341789561323822, 4804315.717501066625118 ], [ 8248925.992297869175673, 4804248.003443624824286 ], [ 8248799.623207534663379, 4804157.846758099272847 ], [ 8248711.652987752109766, 4804101.408051525242627 ], [ 8248598.674885671585798, 4804033.608619588427246 ], [ 8248549.241325592622161, 4803997.000835419632494 ] ] ] } },
{ "type": "Feature", "properties": { "layer": "LDLYAAE002" }, "geometry": { "type": "MultiPolygon", "coordinates": [ [ [ [ 8226463.39105140324682, 4799723.649678645655513 ], [ 8226422.194153075106442, 4799764.517216122709215 ], [ 8226294.597678993828595, 4799891.091766809113324 ], [ 8226242.21904334332794, 4799966.155874283984303 ], [ 8226148.29689466021955, 4800203.735321402549744 ], [ 8226106.977236453443766, 4800337.147070523351431 ], [ 8226053.772081516683102, 4800516.933344991877675 ], [ 8226034.953196013346314, 4800672.392804910428822 ], [ 8226045.08470347058028, 4800810.896894730627537 ], [ 8226095.506321103312075, 4800949.876452525146306 ], [ 8226134.130687962286174, 4801117.550320710986853 ], [ 8226161.359125584363937, 4801273.560139303095639 ], [ 8226188.588366089388728, 4801429.572300371713936 ], [ 8226208.4949234072119, 4801516.502691980451345 ], [ 8226208.4949234072119, 4801516.502691980451345 ], [ 8225940.873995867557824, 4801427.36381895467639 ], [ 8225649.417580161243677, 4801372.437790205702186 ], [ 8225256.097169669345021, 4801286.910445945337415 ], [ 8224957.166748000308871, 4801246.537039516493678 ], [ 8224447.480440235696733, 4801122.870462491177022 ], [ 8224002.521436812356114, 4801080.644928375259042 ], [ 8223586.956283254548907, 4801024.104796162806451 ], [ 8222908.533776029013097, 4800964.229500721208751 ], [ 8222756.025284762494266, 4800896.311890346929431 ], [ 8222728.843175026588142, 4800734.663061609491706 ], [ 8222788.54355179797858, 4800632.770578824914992 ], [ 8222840.757389697246253, 4800545.448143740184605 ], [ 8222907.664954421110451, 4800450.980391220189631 ], [ 8222996.29120413120836, 4800371.450458438135684 ], [ 8223114.763577511534095, 4800240.975282600149512 ], [ 8223593.455332580022514, 4799917.083900648169219 ], [ 8224255.45364432502538, 4799529.491849236190319 ], [ 8224791.010419772937894, 4799004.983474374748766 ], [ 8224791.010419772937894, 4799004.983474374748766 ], [ 8225552.25380961690098, 4799305.073562351986766 ], [ 8226096.126464692875743, 4799558.36490664165467 ], [ 8226415.522664832882583, 4799702.057662866078317 ], [ 8226415.522664832882583, 4799702.057662866078317 ], [ 8226463.279728658497334, 4799723.649677807465196 ], [ 8226463.39105140324682, 4799723.649678645655513 ] ] ] ] } },
{ "type": "Feature", "properties": { "layer": "LDLYAAE002" }, "geometry": { "type": "MultiPolygon", "coordinates": [ [ [ [ 8225747.326800841838121, 4798232.414411203935742 ], [ 8225754.366813013330102, 4798301.445634188130498 ], [ 8225811.413540728390217, 4798366.143041887320578 ], [ 8225926.139059504494071, 4798414.05752469599247 ], [ 8226075.436530179344118, 4798456.556155355647206 ], [ 8226265.149682890623808, 4798482.065375459380448 ], [ 8226489.345696845091879, 4798513.79528215713799 ], [ 8227257.33166154846549, 4798681.974589961580932 ], [ 8227633.106157666072249, 4798764.142531879246235 ], [ 8227999.1108801625669, 4798855.87728769890964 ], [ 8228230.005905462428927, 4798936.266196042299271 ], [ 8228480.339966852217913, 4799007.185976194217801 ], [ 8228749.996888753026724, 4799078.333129158243537 ], [ 8228971.24343975353986, 4799158.590134780853987 ], [ 8229077.037952142767608, 4799198.659188862890005 ], [ 8229274.842991666868329, 4799273.61912932805717 ], [ 8229337.414916750974953, 4799373.292397220619023 ], [ 8229359.875707559287548, 4799449.223933848552406 ], [ 8229364.985716608352959, 4799536.59986369125545 ], [ 8229352.787822625599802, 4799629.600244109518826 ], [ 8229306.059075383469462, 4799722.207219091244042 ], [ 8229230.467487981542945, 4799826.127477590925992 ], [ 8229132.285009485669434, 4799871.575409919954836 ], [ 8229011.339935069903731, 4799881.833430206403136 ], [ 8228844.526740831322968, 4799868.278248549439013 ], [ 8228666.290296368300915, 4799842.946622562594712 ], [ 8228539.850934442132711, 4799818.207302218303084 ], [ 8228430.503287392668426, 4799816.948957829736173 ], [ 8228326.998291976749897, 4799804.114085910841823 ], [ 8228206.621052815578878, 4799738.691519415937364 ], [ 8228028.913935364224017, 4799643.499169013462961 ], [ 8227862.5446185041219, 4799571.720555072650313 ], [ 8227684.536030305549502, 4799517.268768408335745 ], [ 8227546.54956569429487, 4799498.20516743324697 ], [ 8227299.396807736717165, 4799454.58657664898783 ], [ 8227126.749759971164167, 4799452.577704532071948 ], [ 8226930.949896329082549, 4799467.759656380861998 ], [ 8226798.409230751916766, 4799489.497461978346109 ], [ 8226677.06594729796052, 4799552.112839097157121 ], [ 8226538.188246405683458, 4799649.44958505500108 ], [ 8226488.601153684780002, 4799698.6411456419155 ], [ 8226463.39105140324682, 4799723.649678645655513 ], [ 8226463.279728658497334, 4799723.649677807465196 ], [ 8226415.522664832882583, 4799702.057662866078317 ], [ 8226415.522664832882583, 4799702.057662866078317 ], [ 8226096.126464692875743, 4799558.36490664165467 ], [ 8225552.25380961690098, 4799305.073562351986766 ], [ 8224791.010419772937894, 4799004.983474374748766 ], [ 8224791.010419772937894, 4799004.983474374748766 ], [ 8224839.35827552806586, 4798957.630201518535614 ], [ 8224994.742694495245814, 4798790.956675904802978 ], [ 8225237.723142265342176, 4798625.369921260513365 ], [ 8225400.666877370327711, 4798436.798451961949468 ], [ 8225553.894691571593285, 4798191.891547355800867 ], [ 8225554.006014316342771, 4798191.891548193991184 ], [ 8225747.215478098019958, 4798232.414410365745425 ], [ 8225747.326800841838121, 4798232.414411203935742 ] ] ] ] } },
{ "type": "Feature", "properties": { "layer": "LDLYAAE002" }, "geometry": { "type": "MultiPolygon", "coordinates": [ [ [ [ 8212250.867144273594022, 4786469.684557224623859 ], [ 8212250.878511689603329, 4786469.698195666074753 ], [ 8212250.978467009961605, 4786469.684558064676821 ], [ 8212250.867144273594022, 4786469.684557224623859 ] ] ], [ [ [ 8240115.242181516252458, 4793654.989090236835182 ], [ 8239955.846351054497063, 4793774.622521347366273 ], [ 8239815.171583324670792, 4793913.598985841497779 ], [ 8239700.530139329843223, 4793989.011323576793075 ], [ 8239573.863509997725487, 4794013.230273997411132 ], [ 8239466.533743975684047, 4794005.731533212587237 ], [ 8239315.592210072092712, 4793946.710175879299641 ], [ 8239114.800451854243875, 4793829.717365054413676 ], [ 8238907.233785947784781, 4793750.950336498208344 ], [ 8238674.167753088288009, 4793691.062161977402866 ], [ 8238446.881147541105747, 4793675.912119440734386 ], [ 8238188.20269097853452, 4793711.082893330603838 ], [ 8237847.474796505644917, 4793789.748123275116086 ], [ 8237500.558195937424898, 4793855.581397863104939 ], [ 8237254.323234996758401, 4793929.017858844250441 ], [ 8237021.129656231962144, 4793951.628978693857789 ], [ 8236851.012999556958675, 4793962.270378949120641 ], [ 8236309.236004383303225, 4793987.414267550222576 ], [ 8236189.717769785784185, 4793973.182640885002911 ], [ 8236045.299912127666175, 4793926.776570457965136 ], [ 8235964.247801449149847, 4793836.550993571989238 ], [ 8235927.842883286997676, 4793683.157649904489517 ], [ 8235980.443132357671857, 4793435.291786880232394 ], [ 8236064.291508197784424, 4793213.30905881896615 ], [ 8236116.314926371909678, 4793029.166651937179267 ], [ 8236149.334840076044202, 4792857.534634427167475 ], [ 8236144.351722632534802, 4792710.919750731438398 ], [ 8236089.689264856278896, 4792487.228253470733762 ], [ 8236028.277165760286152, 4792314.429711476899683 ], [ 8235957.393859437666833, 4791969.487883163616061 ], [ 8235873.624811899848282, 4791657.844909767620265 ], [ 8235821.263348738662899, 4791354.566428948193789 ], [ 8235840.034488260746002, 4791028.243073616176844 ], [ 8235895.035195207223296, 4790802.774495652876794 ], [ 8235963.781471054069698, 4790598.828420190140605 ], [ 8236068.087189627811313, 4790464.34696161467582 ], [ 8236227.357016255147755, 4790354.384902880527079 ], [ 8236401.823657961562276, 4790292.44170683901757 ], [ 8236615.172739799134433, 4790278.769413119181991 ], [ 8236883.000813238322735, 4790329.483479782938957 ], [ 8237041.266565836966038, 4790363.228160886093974 ], [ 8237323.975081534124911, 4790426.04259664658457 ], [ 8237609.549168317578733, 4790420.800151607021689 ], [ 8237794.737610543146729, 4790380.709751877002418 ], [ 8237896.145994238555431, 4790322.82384495344013 ], [ 8237956.129031787626445, 4790213.893527621403337 ], [ 8237965.640558697283268, 4790112.833537641912699 ], [ 8237924.867653255350888, 4790002.785180782899261 ], [ 8237808.437938631512225, 4789900.326731530949473 ], [ 8237599.56170389521867, 4789805.267560915090144 ], [ 8237331.45082725211978, 4789751.693554371595383 ], [ 8237079.089566930197179, 4789723.892000333406031 ], [ 8236942.248681344091892, 4789716.037764604203403 ], [ 8236856.310030102729797, 4789710.49308121111244 ], [ 8236645.90968026779592, 4789704.817103441804647 ], [ 8236361.13313384540379, 4789749.629190880805254 ], [ 8236052.770098736509681, 4789786.204286301508546 ], [ 8235831.733975181356072, 4789783.829739648848772 ], [ 8235690.231779744848609, 4789734.451445617713034 ], [ 8235557.020142520777881, 4789653.25722805224359 ], [ 8235519.328923703171313, 4789509.286614155396819 ], [ 8235512.917783579789102, 4789389.582177484408021 ], [ 8235561.762752879410982, 4789270.475208048708737 ], [ 8235618.697783119045198, 4789135.505576980300248 ], [ 8235667.639295496977866, 4789008.426575558260083 ], [ 8235676.914479291066527, 4788896.872362371534109 ], [ 8235615.050884660333395, 4788792.52806918695569 ], [ 8235482.148521509952843, 4788687.418624761514366 ], [ 8235246.043737058527768, 4788629.043704222887754 ], [ 8235032.926410528831184, 4788626.737454195506871 ], [ 8234779.448799006640911, 4788695.763710888102651 ], [ 8234557.441231095232069, 4788773.1021608421579 ], [ 8234350.71855827793479, 4788890.478471031412482 ], [ 8234231.718452177010477, 4788937.032124024815857 ], [ 8231863.373084698803723, 4788869.707822791300714 ], [ 8231792.415878376923501, 4788829.634354061447084 ], [ 8231669.524897853843868, 4788795.491039700806141 ], [ 8231539.782270309515297, 4788800.506966080516577 ], [ 8231416.338697973638773, 4788825.216102678328753 ], [ 8231253.743319973349571, 4788875.623208235017955 ], [ 8231116.89782836008817, 4788945.952959758229554 ], [ 8231038.284492619335651, 4789030.049473295919597 ], [ 8230769.705322418361902, 4789314.655116031877697 ], [ 8230651.695359108969569, 4789438.372062736190856 ], [ 8230540.390934753231704, 4789560.482333693653345 ], [ 8230467.879575176164508, 4789683.896568034775555 ], [ 8230460.399892034009099, 4789788.460901155136526 ], [ 8230492.015202030539513, 4789873.867408353835344 ], [ 8230614.728474652394652, 4789927.649378598667681 ], [ 8230802.601095997728407, 4789949.496882997453213 ], [ 8231035.992215868085623, 4789958.79624433722347 ], [ 8231165.379576693288982, 4789993.027927824296057 ], [ 8231223.249396402388811, 4790046.038368348963559 ], [ 8231248.695505605079234, 4790098.666474353522062 ], [ 8231254.193530060350895, 4790203.388612793758512 ], [ 8231233.689817490056157, 4790314.346698174253106 ], [ 8231200.215359231457114, 4790425.152747531421483 ], [ 8231114.92045889981091, 4790528.807386298663914 ], [ 8231003.868565685115755, 4790612.533975651487708 ], [ 8230867.183362815529108, 4790663.249707906506956 ], [ 8230685.409953515976667, 4790680.722731082700193 ], [ 8230445.642133658751845, 4790658.255869296379387 ], [ 8230225.393163895234466, 4790629.473877434618771 ], [ 8230011.505690131336451, 4790613.845692780800164 ], [ 8229726.282164571806788, 4790597.361488749273121 ], [ 8229434.762756031937897, 4790561.170003845356405 ], [ 8229143.245917514897883, 4790524.969857049174607 ], [ 8228923.256726020947099, 4790469.997681435197592 ], [ 8228722.915545444004238, 4790395.633616738952696 ], [ 8228496.700654844753444, 4790314.413254995830357 ], [ 8228367.636376718059182, 4790247.443905738182366 ], [ 8228174.520723165012896, 4790097.935843999497592 ], [ 8228097.531157049350441, 4790011.97110856231302 ], [ 8228020.925483738072217, 4789886.765750232152641 ], [ 8227970.770745310932398, 4789709.555578880943358 ], [ 8227953.869517914019525, 4789447.722743635065854 ], [ 8227988.985162358731031, 4789051.082439300604165 ], [ 8227960.632490635849535, 4788754.522863053716719 ], [ 8227909.590295823290944, 4788668.882597020827234 ], [ 8227793.838289795443416, 4788569.377885388210416 ], [ 8227606.446835327893496, 4788501.702671858482063 ], [ 8227431.384099777787924, 4788499.57460954412818 ], [ 8227275.387302822433412, 4788536.915683112107217 ], [ 8227164.583588290959597, 4788594.425665425136685 ], [ 8227118.746244142763317, 4788639.647101377137005 ], [ 8227085.811798508279026, 4788691.566390113905072 ], [ 8227091.265992723405361, 4788796.275516244582832 ], [ 8227137.939648577012122, 4788924.293854440562427 ], [ 8227160.724900867789984, 4788986.79007269628346 ], [ 8227210.347620179876685, 4789216.308714895509183 ], [ 8227227.100563109852374, 4789491.216280203312635 ], [ 8227224.722190974280238, 4789733.194255302660167 ], [ 8227178.107805145904422, 4789856.90196499787271 ], [ 8227073.129616205580533, 4789979.898792057298124 ], [ 8226923.013051577843726, 4790076.18013331387192 ], [ 8226766.861037139780819, 4790126.59919301699847 ], [ 8226590.928912084549665, 4790209.479154764674604 ], [ 8226314.255463567562401, 4790282.986118019558489 ], [ 8225958.737838571891189, 4790278.613812296651304 ], [ 8225604.398071764968336, 4790178.135893044993281 ], [ 8225264.413588603958488, 4790022.906149812042713 ], [ 8225040.129596142098308, 4789857.789896502159536 ], [ 8224952.024922154843807, 4789758.664402606897056 ], [ 8224824.084996302612126, 4789593.690864398144186 ], [ 8224745.318164750002325, 4789372.146897686645389 ], [ 8224739.523949776776135, 4789143.346422066912055 ], [ 8224797.776466461829841, 4788988.864852117374539 ], [ 8224879.993467836640775, 4788867.357250168919563 ], [ 8225018.649617288261652, 4788771.056470009498298 ], [ 8225205.564794179052114, 4788708.026291214860976 ], [ 8225481.39405470713973, 4788662.42925342451781 ], [ 8225733.089366293512285, 4788600.190089388750494 ], [ 8226090.137943646870553, 4788531.073489022441208 ], [ 8226176.152270884253085, 4788521.732444114051759 ], [ 8226495.527729068882763, 4788487.041659741662443 ], [ 8226787.299566310830414, 4788466.10969262663275 ], [ 8227144.256173842586577, 4788371.159536331892014 ], [ 8227723.072988576255739, 4787993.847325553186238 ], [ 8227944.156541255302727, 4787769.577233082614839 ], [ 8227741.239995902404189, 4787816.123398005031049 ], [ 8227473.861004212871194, 4787829.211083451285958 ], [ 8227052.708462125621736, 4787832.248353472910821 ], [ 8226623.700833266600966, 4787810.668724429793656 ], [ 8226284.253493061289191, 4787741.164739959873259 ], [ 8225969.103313592262566, 4787671.949079627171159 ], [ 8225613.878682175651193, 4787561.39128349442035 ], [ 8225217.951979722827673, 4787483.015139843337238 ], [ 8224692.228421435691416, 4787435.700562684796751 ], [ 8224295.944596947170794, 4787398.132547453045845 ], [ 8223810.117436585016549, 4787392.058484171517193 ], [ 8223502.427069838158786, 4787388.199711418710649 ], [ 8223316.914584837853909, 4787336.921880628913641 ], [ 8223083.303094894625247, 4787252.40397079475224 ], [ 8222809.814058951102197, 4787126.590092082507908 ], [ 8222528.838580438867211, 4786959.888299159705639 ], [ 8222271.436539326794446, 4786842.424412613734603 ], [ 8221981.775752471759915, 4786716.38810274284333 ], [ 8221407.89614054095, 4786643.820925991982222 ], [ 8221060.967813873663545, 4786557.814774676226079 ], [ 8220745.697859864681959, 4786521.146071529015899 ], [ 8220422.518721020780504, 4786476.417346307076514 ], [ 8220236.690567790530622, 4786458.187830712646246 ], [ 8219478.099696516990662, 4786327.747125708498061 ], [ 8219300.480395389720798, 4786300.523931739851832 ], [ 8219154.45184938237071, 4786322.626161616295576 ], [ 8218918.772595385089517, 4786383.994952080771327 ], [ 8218723.676386429928243, 4786437.865517540834844 ], [ 8218513.173764576204121, 4786442.657921399921179 ], [ 8218270.565407778136432, 4786430.658543328754604 ], [ 8217947.696130309253931, 4786376.681773444637656 ], [ 8217753.898077598772943, 4786349.172504766844213 ], [ 8217479.05892445333302, 4786328.500788298435509 ], [ 8217349.916797896847129, 4786343.158102441579103 ], [ 8217227.710592240095139, 4786357.026451621204615 ], [ 8217007.809274830855429, 4786443.018107109703124 ], [ 8216828.622966324910522, 4786513.383565274998546 ], [ 8216609.633755182847381, 4786542.414363057352602 ], [ 8216206.252367953769863, 4786462.670066006481647 ], [ 8216125.208620177581906, 4786469.500362255610526 ], [ 8216059.952118885703385, 4786500.99960652180016 ], [ 8216042.584633867256343, 4786573.963080846704543 ], [ 8216040.478127569891512, 4786704.142413969151676 ], [ 8216006.400548571720719, 4786809.391292284242809 ], [ 8215965.28452115599066, 4786849.419541604816914 ], [ 8215924.695203261449933, 4786856.901878914795816 ], [ 8215820.16427955031395, 4786814.519295681267977 ], [ 8215642.547256037592888, 4786787.229487729258835 ], [ 8215472.758555304259062, 4786776.340479144826531 ], [ 8215310.929165681824088, 4786773.716052278876305 ], [ 8215174.433249488472939, 4786706.393306677229702 ], [ 8215039.131614229641855, 4786565.843916136771441 ], [ 8214896.537620552815497, 4786376.347081092186272 ], [ 8214790.966109713539481, 4786187.336060225963593 ], [ 8214514.213082111440599, 4786203.489639545790851 ], [ 8214936.203964060172439, 4786922.260468140244484 ], [ 8214990.592088493518531, 4787061.501199001446366 ], [ 8215083.718883139081299, 4787307.177813227288425 ], [ 8215130.257776062004268, 4787479.273016827180982 ], [ 8215169.572419583797455, 4787610.670810868032277 ], [ 8215176.876696139574051, 4787700.6869873451069 ], [ 8215160.190498313866556, 4787757.623787814751267 ], [ 8215086.498380635865033, 4787854.497099949046969 ], [ 8215037.512713580392301, 4787902.736650537699461 ], [ 8214940.258748445659876, 4787917.499684358946979 ], [ 8214818.942796379327774, 4787907.351710816845298 ], [ 8214642.132330123335123, 4787765.535082862712443 ], [ 8214425.588223583064973, 4787541.344392155297101 ], [ 8213782.183459099382162, 4786716.241868098266423 ], [ 8213687.490860480815172, 4786568.200682635419071 ], [ 8213560.570384710095823, 4786411.494415815919638 ], [ 8213400.085947097279131, 4786327.479951666668057 ], [ 8213245.954465847462416, 4786349.362873760052025 ], [ 8213115.157517270185053, 4786428.594088522717357 ], [ 8212959.682393281720579, 4786531.832944179885089 ], [ 8212844.660445036366582, 4786635.736597509123385 ], [ 8212753.373046347871423, 4786772.584714505821466 ], [ 8212671.921798262745142, 4786803.79557288158685 ], [ 8212574.824861699715257, 4786802.194279316812754 ], [ 8212431.06360661610961, 4786685.883656176738441 ], [ 8212250.878511689603329, 4786469.698195666074753 ], [ 8211791.963162341155112, 4786532.311408371664584 ], [ 8212181.315828710794449, 4787104.959287460893393 ], [ 8212556.293357919901609, 4787510.650069005787373 ], [ 8212628.311880526132882, 4787601.735790815204382 ], [ 8212748.811985804699361, 4787701.793796261772513 ], [ 8212982.681442868895829, 4787795.547234272584319 ], [ 8213240.979416200891137, 4787873.35242054797709 ], [ 8213458.818508611060679, 4787950.4868408665061 ], [ 8213636.343820854090154, 4788010.610261980444193 ], [ 8213716.832675539888442, 4788060.967493338510394 ], [ 8213780.991620043292642, 4788127.402015374042094 ], [ 8213812.780189645476639, 4788193.306323857977986 ], [ 8213828.38377814553678, 4788258.945691095665097 ], [ 8213763.059123929589987, 4788323.259107208810747 ], [ 8213624.678922137245536, 4788410.89342394657433 ], [ 8213502.77450973726809, 4788466.104229674674571 ], [ 8213429.499554451555014, 4788513.9396499870345 ], [ 8213404.635899404995143, 4788578.916900547221303 ], [ 8213428.257430229336023, 4788652.86443052161485 ], [ 8213508.531211598776281, 4788727.742875981144607 ], [ 8213580.63993510324508, 4788810.660611971281469 ], [ 8213582.758603353984654, 4788922.136329162865877 ], [ 8213732.696833011694252, 4788921.859507171437144 ], [ 8214516.975503999739885, 4788805.689539187587798 ], [ 8215004.473943043500185, 4788854.487423154525459 ], [ 8215457.981787584722042, 4788928.158353353850543 ], [ 8216044.171513275243342, 4789051.062433722428977 ], [ 8216725.784022332169116, 4789071.909640764817595 ], [ 8217389.305533787235618, 4789127.88414154946804 ], [ 8217667.340883985161781, 4789149.410463926382363 ], [ 8217877.050789293833077, 4789140.196637196466327 ], [ 8218058.866113811731339, 4789172.09051519818604 ], [ 8218550.811297316104174, 4789314.269773215055466 ], [ 8219006.896376859396696, 4789503.179312251508236 ], [ 8219351.777302488684654, 4789655.215453705750406 ], [ 8219608.653615079820156, 4789794.298156017437577 ], [ 8220344.584825322031975, 4790169.753889927640557 ], [ 8220982.141071963123977, 4790425.854051923379302 ], [ 8221450.902573398314416, 4790549.903906476683915 ], [ 8221673.680235475301743, 4790599.967487471178174 ], [ 8221943.26317126583308, 4790668.329803431406617 ], [ 8222295.073820991441607, 4790743.63191263191402 ], [ 8222664.451168291270733, 4790825.047054566442966 ], [ 8223035.120090696029365, 4790909.144425761885941 ], [ 8223252.119795203208923, 4790955.568126949481666 ], [ 8223523.64910535607487, 4790997.392251344397664 ], [ 8223562.716008184477687, 4791036.702675650827587 ], [ 8223577.322080369107425, 4791065.945050779730082 ], [ 8223584.057674532756209, 4791086.070365449413657 ], [ 8223586.071205066516995, 4791123.120625581592321 ], [ 8223563.708354407921433, 4791320.433522157371044 ], [ 8223524.391679444350302, 4791644.625836616382003 ], [ 8223510.941886889748275, 4791780.237958889454603 ], [ 8223442.078824073076248, 4792115.880767685361207 ], [ 8223421.717682934366167, 4792334.066062646917999 ], [ 8223414.75470064394176, 4793758.329169674776495 ], [ 8223417.743174607865512, 4794688.932241186499596 ], [ 8223432.68909071572125, 4795246.034918708726764 ], [ 8223603.450520068407059, 4795599.931939069181681 ], [ 8224667.245002217590809, 4796932.413037912920117 ], [ 8224846.733004213310778, 4797176.514659127220511 ], [ 8225084.894151142798364, 4797399.35892438609153 ], [ 8225309.188057897612453, 4797563.392776576802135 ], [ 8225489.15258058719337, 4797770.854703618213534 ], [ 8225552.510430013760924, 4797962.216680018231273 ], [ 8225553.894691571593285, 4798191.891547355800867 ], [ 8225554.006014316342771, 4798191.891548193991184 ], [ 8225747.215478098019958, 4798232.414410365745425 ], [ 8225747.326800841838121, 4798232.414411203935742 ], [ 8225743.669397960416973, 4798196.55148542765528 ], [ 8225796.898269350640476, 4798010.926363703794777 ], [ 8225867.836416869424284, 4797767.311058745719492 ], [ 8225897.82035586796701, 4797610.520082544535398 ], [ 8225875.749875246547163, 4797488.039232072420418 ], [ 8225813.223708014003932, 4797388.363617985509336 ], [ 8225664.619711619801819, 4797258.575008404441178 ], [ 8225464.102103146724403, 4797145.632188864983618 ], [ 8225263.407726588658988, 4797055.963817127048969 ], [ 8224833.58186297211796, 4796835.542618749663234 ], [ 8224713.445854170247912, 4796746.821680876426399 ], [ 8224587.878436963073909, 4796617.298792828805745 ], [ 8224451.174667371436954, 4796441.088157121092081 ], [ 8224320.595224884338677, 4796218.397556925192475 ], [ 8224235.677527389489114, 4796042.807867332361639 ], [ 8224110.355206039734185, 4795884.195759546011686 ], [ 8223939.153035088442266, 4795707.578934110701084 ], [ 8223859.122492739930749, 4795642.612942477688193 ], [ 8223682.453641699627042, 4795431.017653352580965 ], [ 8223631.652051249518991, 4795308.214339456520975 ], [ 8223623.788085548207164, 4795249.116887090727687 ], [ 8223609.937260452657938, 4795145.030014054849744 ], [ 8223651.359721939079463, 4795000.0607670256868 ], [ 8223704.054623867385089, 4794884.321063185110688 ], [ 8223773.773871764540672, 4794797.878597839735448 ], [ 8223849.336229232139885, 4794699.869511883705854 ], [ 8223959.133320383727551, 4794637.180182199925184 ], [ 8224241.215557395480573, 4794611.4559435416013 ], [ 8224540.690039372071624, 4794568.475588922388852 ], [ 8224805.649803038686514, 4794525.076784363016486 ], [ 8225076.586375837214291, 4794452.650765243917704 ], [ 8225376.324356489814818, 4794374.739447458647192 ], [ 8225497.476974248886108, 4794329.62394517660141 ], [ 8225566.951554642058909, 4794272.261539104394615 ], [ 8225602.139463963918388, 4794185.404095616191626 ], [ 8225585.289586900733411, 4794132.842502465471625 ], [ 8225493.621560682542622, 4794085.216762635856867 ], [ 8225235.650954901240766, 4793971.627318290062249 ], [ 8225195.887344443239272, 4793907.159305678680539 ], [ 8225202.273439926095307, 4793825.783706766553223 ], [ 8225329.533991603180766, 4793734.201742077246308 ], [ 8225715.836507766507566, 4793657.387829179875553 ], [ 8225858.666500121355057, 4793655.932026875205338 ], [ 8225966.446609444916248, 4793679.047229489311576 ], [ 8226102.592797339893878, 4793746.083830568008125 ], [ 8226209.58062668889761, 4793849.07250820659101 ], [ 8226309.370641622692347, 4793951.972688521258533 ], [ 8226387.346030220389366, 4794076.392148084007204 ], [ 8226493.836335187777877, 4794230.213248304091394 ], [ 8226622.074690680019557, 4794369.776521108113229 ], [ 8226786.175370456650853, 4794524.304714587517083 ], [ 8226971.95390557590872, 4794671.834820026531816 ], [ 8227165.153344049118459, 4794797.665261579677463 ], [ 8227336.755488055758178, 4794923.230154001154006 ], [ 8227451.254323724657297, 4794997.256213729269803 ], [ 8227565.897372859530151, 4795056.757060210220516 ], [ 8227686.889232007786632, 4795203.493418583646417 ], [ 8228242.847556466236711, 4795057.705282067880034 ], [ 8228178.747541620396078, 4794984.297661448828876 ], [ 8228042.924491292797029, 4794880.969191779382527 ], [ 8227900.187659417279065, 4794748.504238798283041 ], [ 8227880.360317013226449, 4794566.69042646791786 ], [ 8227975.95224411226809, 4794364.491366880014539 ], [ 8228107.257838351652026, 4794191.778571589849889 ], [ 8228173.758064490742981, 4794018.282606788910925 ], [ 8228190.209602443501353, 4793807.872061526402831 ], [ 8228170.590780758298934, 4793604.291823974810541 ], [ 8228193.39256214722991, 4793481.111566315405071 ], [ 8228316.988806175068021, 4793359.151278617791831 ], [ 8228555.281640508212149, 4793289.408634808845818 ], [ 8228785.87949253898114, 4793270.401609686203301 ], [ 8228879.403820531442761, 4793278.788944160565734 ], [ 8229059.11309989541769, 4793309.996908898465335 ], [ 8229101.9603141406551, 4793346.821404793299735 ], [ 8229115.659154860302806, 4793419.605835435912013 ], [ 8229135.366763009689748, 4793615.919771062210202 ], [ 8229141.165664157830179, 4793761.234095112420619 ], [ 8229154.58494380582124, 4793863.067697520367801 ], [ 8229225.815044725313783, 4793943.808903154917061 ], [ 8229433.639442255720496, 4794047.97419348359108 ], [ 8229633.98898377455771, 4794181.097121412865818 ], [ 8229791.489855663850904, 4794277.393209940753877 ], [ 8229912.783356817439198, 4794395.043824195861816 ], [ 8230033.871129402890801, 4794534.480556739494205 ], [ 8230133.221961905248463, 4794688.185081668198109 ], [ 8230218.728755617514253, 4794783.621564998291433 ], [ 8230275.711027588695288, 4794849.666976565495133 ], [ 8230332.34791146684438, 4794952.023655062541366 ], [ 8230388.432473882101476, 4795112.480809206143022 ], [ 8230387.118006747215986, 4795250.46806020848453 ], [ 8230407.683685469441116, 4795359.663698960095644 ], [ 8230443.343408340588212, 4795396.404276136308908 ], [ 8230622.474665896035731, 4795492.955707728862762 ], [ 8230859.701670274138451, 4795539.347509234212339 ], [ 8231090.209954602643847, 4795534.809132642112672 ], [ 8231234.852203832939267, 4795471.144822753034532 ], [ 8231423.383756292052567, 4795335.360949388705194 ], [ 8231619.111257821321487, 4795199.660208456218243 ], [ 8231807.087331425398588, 4795121.972228286787868 ], [ 8232009.258371364325285, 4795066.237405613064766 ], [ 8232153.277203606441617, 4795067.924065155908465 ], [ 8232268.152900510467589, 4795105.584236008115113 ], [ 8232410.976758945733309, 4795223.503637181594968 ], [ 8232502.985557217150927, 4795362.689426376484334 ], [ 8232623.771554703824222, 4795494.981225673109293 ], [ 8232794.663607940077782, 4795642.44138190895319 ], [ 8232987.226378140971065, 4795775.649654560722411 ], [ 8233208.704479686915874, 4795887.432802512310445 ], [ 8233401.814026731997728, 4795962.531397204846144 ], [ 8233516.446691762655973, 4795985.78147650975734 ], [ 8233624.170588308945298, 4795979.886206179857254 ], [ 8233710.830696349963546, 4795922.874787570908666 ], [ 8233906.346360204741359, 4795736.493515045382082 ], [ 8234064.772243255749345, 4795680.389745466411114 ], [ 8234273.30162042286247, 4795639.444392028264701 ], [ 8234431.259649890474975, 4795634.175397044979036 ], [ 8234574.665044559165835, 4795650.511714017949998 ], [ 8234660.324614780955017, 4795702.437734107486904 ], [ 8234716.880608732812107, 4795797.579947200603783 ], [ 8234729.251405452378094, 4796015.654006496071815 ], [ 8234682.946751687675714, 4796371.013990472070873 ], [ 8234644.346200840547681, 4796668.367503746412694 ], [ 8234611.19902986753732, 4797154.682313086465001 ], [ 8234632.004664315842092, 4797234.858041347004473 ], [ 8234717.545610152184963, 4797301.320180676877499 ], [ 8234810.927021815441549, 4797295.230652046389878 ], [ 8234897.658200192265213, 4797230.937844823114574 ], [ 8234978.265343222767115, 4797050.330490005202591 ], [ 8235095.022231312468648, 4796841.121102263219655 ], [ 8235211.44551510270685, 4796668.232991773635149 ], [ 8235342.416611482389271, 4796473.735683291219175 ], [ 8235451.391128720715642, 4796329.814525042660534 ], [ 8235560.035114604979753, 4796222.211011954583228 ], [ 8235653.86406758800149, 4796165.270869998261333 ], [ 8235740.187840632162988, 4796144.557205272838473 ], [ 8235826.119359098374844, 4796167.422496104612947 ], [ 8235875.837797153741121, 4796226.155917501077056 ], [ 8235917.59687099698931, 4796371.961617995984852 ], [ 8235937.106216955929995, 4796597.400035412050784 ], [ 8235927.644375201314688, 4796851.540842246264219 ], [ 8235918.05140786152333, 4797120.216052823700011 ], [ 8235930.514521034434438, 4797331.053339265286922 ], [ 8236000.730336068198085, 4797506.289492859505117 ], [ 8236092.679394560866058, 4797660.003531400114298 ], [ 8236162.704766729846597, 4797857.038304228335619 ], [ 8236211.327284320257604, 4798039.278747298754752 ], [ 8236267.910865466110408, 4798134.434559014625847 ], [ 8236346.356983764097095, 4798193.534614426083863 ], [ 8236411.09551961813122, 4798179.808310560882092 ], [ 8236469.82337735965848, 4798035.227172960527241 ], [ 8236544.009165423922241, 4797767.329327324405313 ], [ 8236632.676558315753937, 4797485.087480386719108 ], [ 8236735.242618025280535, 4797253.878845601342618 ], [ 8236858.885127244517207, 4797073.789225358515978 ], [ 8236989.184883211739361, 4796951.900797669775784 ], [ 8237125.649940337985754, 4796880.067952083423734 ], [ 8237284.313836934044957, 4796861.105433678254485 ], [ 8237542.587234093807638, 4796878.817347913980484 ], [ 8237771.702678129076958, 4796947.017470935359597 ], [ 8238294.036571736447513, 4797142.306285740807652 ], [ 8238386.71634107362479, 4797216.088610900565982 ], [ 8238471.648155830800533, 4797355.160728968679905 ], [ 8238556.328487055376172, 4797523.291173413395882 ], [ 8238576.342561602592468, 4797697.899773311801255 ], [ 8238596.491749669425189, 4797895.129079918377101 ], [ 8238659.381813515909016, 4798054.916536434553564 ], [ 8238715.672356056049466, 4798186.382832964882255 ], [ 8238801.059053938835859, 4798274.611159473657608 ], [ 8238979.584299338050187, 4798385.770746692083776 ], [ 8239172.849186793901026, 4798453.512604874558747 ], [ 8239351.884326020255685, 4798506.547080828808248 ], [ 8239516.876633602194488, 4798523.079037384130061 ], [ 8239603.275779678486288, 4798495.061924929730594 ], [ 8239646.975832218304276, 4798422.933010668493807 ], [ 8239675.678365904837847, 4798301.983149437233806 ], [ 8239691.676653134636581, 4798234.566021077334881 ], [ 8239715.152744713239372, 4798009.617799910716712 ], [ 8239738.689742096699774, 4797777.410241790115833 ], [ 8239732.636906439438462, 4797646.562433716841042 ], [ 8239726.021277007646859, 4797581.095978801138699 ], [ 8239754.859715238213539, 4797566.914175802841783 ], [ 8239826.456284815445542, 4797589.575221480801702 ], [ 8239976.142314299941063, 4797714.891326267272234 ], [ 8240168.716888094320893, 4797862.519706449471414 ], [ 8240426.153491827659309, 4797981.864928713999689 ], [ 8240705.503349881619215, 4798057.874518715776503 ], [ 8240805.944093748927116, 4798066.344391345046461 ], [ 8241344.043595736846328, 4798109.106809275224805 ], [ 8241509.277868552133441, 4798096.546079677529633 ], [ 8241681.568756652995944, 4798098.597588180564344 ], [ 8241803.241678197868168, 4798143.637621785514057 ], [ 8241860.184394896961749, 4798202.438924585469067 ], [ 8241894.980881357565522, 4798333.634337019175291 ], [ 8241900.391247091814876, 4798544.406265377998352 ], [ 8241942.368719181977212, 4798675.690787791274488 ], [ 8242005.641622820869088, 4798836.294194263406098 ], [ 8242162.309673825278878, 4798990.740600761026144 ], [ 8242262.09273343347013, 4799079.117147628217936 ], [ 8242317.829340686090291, 4799283.233611645177007 ], [ 8242350.511807853356004, 4799668.746130719780922 ], [ 8242357.024370056577027, 4799748.756993026472628 ], [ 8242385.562407238408923, 4799770.894763206131756 ], [ 8242435.822037897072732, 4799771.489362912252545 ], [ 8242515.649958870373666, 4799670.699131468310952 ], [ 8242631.254333355464041, 4799584.86498140450567 ], [ 8242717.352209242992103, 4799593.147530970163643 ], [ 8242831.626926989294589, 4799667.161314490251243 ], [ 8242995.862031200900674, 4799778.09605352114886 ], [ 8243060.301442082040012, 4799800.654481118544936 ], [ 8243161.001948216930032, 4799780.038094679825008 ], [ 8243213.116235896013677, 4799755.927183244377375 ], [ 8243283.542306861840189, 4799723.343724436126649 ], [ 8243413.680534907616675, 4799615.870750159025192 ], [ 8243529.516035761684179, 4799500.962994858622551 ], [ 8243660.007091668434441, 4799349.894387004896998 ], [ 8243761.819725621491671, 4799191.23267322871834 ], [ 8243842.49826078210026, 4799068.301059911027551 ], [ 8243886.817808040417731, 4798974.12215403560549 ], [ 8243880.288079753518105, 4798915.829298502765596 ], [ 8243794.68406389746815, 4798842.192102367058396 ], [ 8243680.856719499453902, 4798717.325043061748147 ], [ 8243588.981303591281176, 4798563.564609224908054 ], [ 8243503.720604884438217, 4798460.818320170976222 ], [ 8243410.919649945572019, 4798387.109011705033481 ], [ 8243267.695786440744996, 4798312.894394840113819 ], [ 8243196.592917818576097, 4798232.123995018191636 ], [ 8243205.152160349301994, 4798115.763385060243309 ], [ 8243264.980968841351569, 4797927.140787378884852 ], [ 8243317.773715837858617, 4797723.895581355318427 ], [ 8243326.077220565639436, 4797629.3708222405985 ], [ 8243298.535127829760313, 4797519.932776851579547 ], [ 8243248.876755315810442, 4797453.938511122018099 ], [ 8243148.799414500594139, 4797387.438628512434661 ], [ 8242990.591649989597499, 4797364.018133181147277 ], [ 8242860.516305258497596, 4797399.0966362869367 ], [ 8242751.793327311985195, 4797456.220916307531297 ], [ 8242614.598095021210611, 4797483.947569215670228 ], [ 8242513.672327414155006, 4797490.206582290120423 ], [ 8242392.16168469376862, 4797408.927589978091419 ], [ 8242249.813034559600055, 4797261.941942848265171 ], [ 8242085.946353934705257, 4797107.460592159070075 ], [ 8241899.62071609031409, 4797025.521854215301573 ], [ 8241720.157763144932687, 4796972.757925485260785 ], [ 8241598.144181258045137, 4796935.130350050516427 ], [ 8241540.867964667268097, 4796905.43860914837569 ], [ 8241534.181128099560738, 4796861.708719351328909 ], [ 8241556.647353320382535, 4796789.168528682552278 ], [ 8241687.491653183475137, 4796688.625036587007344 ], [ 8241897.900478961877525, 4796559.782682022079825 ], [ 8242100.67405310459435, 4796467.242969426326454 ], [ 8242239.137821956537664, 4796330.390106854029 ], [ 8242385.481964426115155, 4796135.404752378351986 ], [ 8242459.632226192392409, 4795954.244900173507631 ], [ 8242483.197549817152321, 4795787.12927061598748 ], [ 8242476.548550086095929, 4795124.951478180475533 ], [ 8242477.911771396175027, 4795008.554640216752887 ], [ 8242443.695742414332926, 4794855.422108373604715 ], [ 8242358.818917945027351, 4794723.606177964247763 ], [ 8242296.229214336723089, 4794533.814225836656988 ], [ 8242270.07171399332583, 4794308.018304946832359 ], [ 8242228.148573773913085, 4794198.468020924367011 ], [ 8242160.67507119756192, 4794128.795155705884099 ], [ 8242160.786393943242729, 4794128.795156538486481 ], [ 8242029.020622964948416, 4794056.434852650389075 ], [ 8241986.171644508838654, 4794038.361308372579515 ], [ 8241986.060321762226522, 4794038.361307540908456 ], [ 8241934.55269867554307, 4794057.267229762859643 ], [ 8241861.09275568742305, 4794180.19630579277873 ], [ 8241822.69144868478179, 4794383.508730131201446 ], [ 8241805.977164169773459, 4794579.770498147234321 ], [ 8241833.152698351070285, 4794718.278514499776065 ], [ 8241889.218808584846556, 4794849.806455882266164 ], [ 8241952.059309916570783, 4795017.782282908447087 ], [ 8241993.383848418481648, 4795178.266926539130509 ], [ 8242012.677936549298465, 4795374.9093764340505 ], [ 8242025.113420876674354, 4795542.382284031249583 ], [ 8241973.077034692279994, 4795680.099452068097889 ], [ 8241871.055501425638795, 4795780.92943109665066 ], [ 8241697.443652865476906, 4795844.649814712814987 ], [ 8241545.864318765699863, 4795872.211025593802333 ], [ 8241408.42981805279851, 4795921.743426291272044 ], [ 8241285.311330354772508, 4795978.696465078741312 ], [ 8241111.089061620645225, 4796093.336280831135809 ], [ 8240995.254906546324492, 4796143.085043678060174 ], [ 8240808.005441264249384, 4796141.164332027547061 ], [ 8240678.69688527751714, 4796146.905415891669691 ], [ 8240563.673445276916027, 4796167.317434662953019 ], [ 8240455.516717464663088, 4796224.131595701910555 ], [ 8240368.208623151294887, 4796361.102458174340427 ], [ 8240288.448513371869922, 4796454.57906436547637 ], [ 8240202.068797640502453, 4796482.596458906307817 ], [ 8240065.694325777702034, 4796480.953029677271843 ], [ 8239880.075458263978362, 4796362.483983517624438 ], [ 8239701.888324243016541, 4796215.046097125858068 ], [ 8239538.186246172524989, 4796053.254507886245847 ], [ 8239375.117284641601145, 4795818.831016165204346 ], [ 8239276.522683169692755, 4795599.720680188387632 ], [ 8239120.391955596394837, 4795394.442071747034788 ], [ 8239113.529836215078831, 4795358.040780428797007 ], [ 8239126.03112127725035, 4795259.618322138674557 ], [ 8239126.982933995313942, 4795172.434301679953933 ], [ 8239205.865811489522457, 4795018.291232987307012 ], [ 8239361.936186844483018, 4794864.997793321497738 ], [ 8239595.401144684292376, 4794693.176959465257823 ], [ 8239974.214098355732858, 4794464.816098895855248 ], [ 8240305.501262362115085, 4794168.117380429059267 ], [ 8240608.034139518626034, 4793851.730262782424688 ], [ 8240751.549799498170614, 4793644.258349718526006 ], [ 8240546.411419907584786, 4793456.304718322120607 ], [ 8240470.092063136398792, 4793379.62113822158426 ], [ 8240469.980740390717983, 4793379.621137390844524 ], [ 8240287.345593039877713, 4793529.102140900678933 ], [ 8240115.242181516252458, 4793654.989090236835182 ] ] ] ] } },
{ "type": "Feature", "properties": { "layer": "LDLYAAE002" }, "geometry": { "type": "MultiPolygon", "coordinates": [ [ [ [ 8241986.060321762226522, 4794038.361307540908456 ], [ 8241986.324931968003511, 4794038.425964411348104 ], [ 8241986.171644508838654, 4794038.361308372579515 ], [ 8241986.060321762226522, 4794038.361307540908456 ] ] ], [ [ [ 8242100.076968317851424, 4794066.221040834672749 ], [ 8241986.324931968003511, 4794038.425964411348104 ], [ 8242029.020622964948416, 4794056.434852650389075 ], [ 8242160.548619474284351, 4794128.664580176584423 ], [ 8242100.076968317851424, 4794066.221040834672749 ] ] ], [ [ [ 8242160.548619474284351, 4794128.664580176584423 ], [ 8242160.67507119756192, 4794128.795155705884099 ], [ 8242160.786393943242729, 4794128.795156538486481 ], [ 8242160.548619474284351, 4794128.664580176584423 ] ] ] ] } },
{ "type": "Feature", "properties": { "layer": "LDLYAAE002" }, "geometry": { "type": "MultiPolygon", "coordinates": [ [ [ [ 8240470.092063136398792, 4793379.62113822158426 ], [ 8240546.411419907584786, 4793456.304718322120607 ], [ 8240751.549799498170614, 4793644.258349718526006 ], [ 8240751.549799498170614, 4793644.258349718526006 ], [ 8240794.257205231115222, 4793582.517393956892192 ], [ 8240874.662111796438694, 4793283.103839336894453 ], [ 8240808.484088303521276, 4793156.463723225519061 ], [ 8240683.294106892310083, 4793175.729182657785714 ], [ 8240574.757336775772274, 4793270.357498303987086 ], [ 8240469.980740390717983, 4793379.621137390844524 ], [ 8240470.092063136398792, 4793379.62113822158426 ] ] ] ] } },
{ "type": "Feature", "properties": { "layer": "LDLYAAE002" }, "geometry": { "type": "MultiPolygon", "coordinates": [ [ [ [ 8198594.643015527166426, 4786179.766492329537868 ], [ 8198594.642943212762475, 4786179.772191302850842 ], [ 8198594.754338261671364, 4786179.766493173316121 ], [ 8198594.643015527166426, 4786179.766492329537868 ] ] ], [ [ [ 8193117.795323301106691, 4787649.5492391474545 ], [ 8193117.720344177447259, 4787649.5620122468099 ], [ 8193117.831666911952198, 4787649.56201309338212 ], [ 8193117.795323301106691, 4787649.5492391474545 ] ] ], [ [ [ 8199555.263201711699367, 4786167.098369973711669 ], [ 8199515.834469850175083, 4786164.474721975624561 ], [ 8199515.72314711753279, 4786164.474721130914986 ], [ 8199690.254341785795987, 4786322.457501953467727 ], [ 8199903.114053441211581, 4786445.371232014149427 ], [ 8199995.674717213958502, 4786638.332547847181559 ], [ 8199992.488197166472673, 4786853.818164126947522 ], [ 8199892.485201544128358, 4787163.660171405412257 ], [ 8199767.916351990774274, 4787521.043360813520849 ], [ 8199644.048244680278003, 4787830.546846176497638 ], [ 8199498.807741609402001, 4787972.079791247844696 ], [ 8199307.63786544278264, 4787993.168891238048673 ], [ 8199165.595623127184808, 4787919.187250813469291 ], [ 8199050.257858784869313, 4787654.001288778148592 ], [ 8198913.215942053124309, 4787244.79811220895499 ], [ 8198729.20102359727025, 4786787.006880827248096 ], [ 8198591.825969470664859, 4786401.776995643042028 ], [ 8198594.642943212762475, 4786179.772191302850842 ], [ 8198280.468363549560308, 4786195.843005099333823 ], [ 8197576.083841592073441, 4786225.250581762753427 ], [ 8196941.318049957044423, 4786244.088996004313231 ], [ 8196672.693519940599799, 4786276.203953931108117 ], [ 8196672.804842675104737, 4786276.203954776749015 ], [ 8196600.706763589754701, 4786331.334072791971266 ], [ 8196484.774112210609019, 4786435.322826103307307 ], [ 8196303.810206810943782, 4786522.329245286993682 ], [ 8196124.269667115993798, 4786520.196190411224961 ], [ 8195809.928328646346927, 4786411.837790152058005 ], [ 8195448.605566808953881, 4786480.06913729570806 ], [ 8194441.787708414718509, 4786724.521500905975699 ], [ 8193553.511028316803277, 4786963.025204971432686 ], [ 8193048.708905979059637, 4787141.189439637586474 ], [ 8192700.764703007414937, 4787264.205027932301164 ], [ 8192766.242583070881665, 4787333.061787224374712 ], [ 8192906.347995267249644, 4787480.690781814046204 ], [ 8193054.043255171738565, 4787627.141873897053301 ], [ 8193117.795323301106691, 4787649.5492391474545 ], [ 8193243.431871452368796, 4787628.146396676078439 ], [ 8193440.491463932208717, 4787661.083013853989542 ], [ 8193629.899602463468909, 4787726.362102658487856 ], [ 8193826.915950278751552, 4787783.315221302211285 ], [ 8194007.856728738173842, 4787873.780127404257655 ], [ 8194188.73969052452594, 4787955.150983649305999 ], [ 8194362.00129930023104, 4788053.933263190090656 ], [ 8194444.380377917550504, 4788243.514611084014177 ], [ 8194485.987993498332798, 4788482.469515766017139 ], [ 8194610.009695020504296, 4788672.052190805785358 ], [ 8194824.033777082338929, 4788844.842649608850479 ], [ 8195013.412698245607316, 4788943.221685079857707 ], [ 8195202.814566610381007, 4789008.479673204943538 ], [ 8195416.87540013063699, 4789081.905769533477724 ], [ 8195613.898160208947957, 4789106.361557889729738 ], [ 8195810.953431606292725, 4789163.284161780960858 ], [ 8196033.475996930152178, 4789228.385776017792523 ], [ 8196247.515053841285408, 4789269.325137504376471 ], [ 8196444.535969337448478, 4789326.235678214579821 ], [ 8196650.069575644098222, 4789432.628011836670339 ], [ 8196831.832048915326595, 4789539.30508235655725 ], [ 8197062.018464407883584, 4789579.824749045073986 ], [ 8197267.539985095150769, 4789620.614250737242401 ], [ 8197480.720874543301761, 4789636.187696912325919 ], [ 8197686.259082810953259, 4789643.848157651722431 ], [ 8197891.803061707876623, 4789626.825788475573063 ], [ 8198080.348319699056447, 4789567.978722796775401 ], [ 8198261.287469338625669, 4789484.985408225096762 ], [ 8198343.576923966407776, 4789431.912444682791829 ], [ 8198598.520630626007915, 4789305.553450678475201 ], [ 8198835.89758170209825, 4789190.816922859288752 ], [ 8199140.836916265077889, 4789060.189003240317106 ], [ 8199428.31270188651979, 4788971.542932646349072 ], [ 8199732.987728354521096, 4788857.795618152245879 ], [ 8200075.021349712274969, 4788778.396827514283359 ], [ 8201080.427360191009939, 4788514.478335062973201 ], [ 8202212.115761182270944, 4788243.87154882773757 ], [ 8202716.588168244808912, 4788276.616067693568766 ], [ 8202968.27486489713192, 4788330.994013602845371 ], [ 8203060.34033144172281, 4788366.137191148474813 ], [ 8203211.061467347666621, 4788419.03520704433322 ], [ 8203463.364423560909927, 4788431.161887650378048 ], [ 8203547.506333023309708, 4788432.386644009500742 ], [ 8203698.352678070776165, 4788476.829172231256962 ], [ 8203983.829050235450268, 4788523.224090036936104 ], [ 8205830.926020375452936, 4788017.026370079256594 ], [ 8206886.904548480175436, 4787912.495939237996936 ], [ 8206887.377090523019433, 4787865.965034948661923 ], [ 8206937.457514315843582, 4787719.044295446947217 ], [ 8207003.279018394649029, 4787613.542271231301129 ], [ 8207084.590772029012442, 4787574.067544528283179 ], [ 8207238.33985895011574, 4787576.689820201136172 ], [ 8207513.158489651046693, 4787614.060453304089606 ], [ 8207682.704141966998577, 4787657.806572371162474 ], [ 8207804.086068104021251, 4787659.869725008495152 ], [ 8207942.272582390345633, 4787596.836794226430357 ], [ 8208113.44413120765239, 4787468.983060963451862 ], [ 8208252.321450612507761, 4787332.408371183089912 ], [ 8208367.984066586010158, 4787171.382442563772202 ], [ 8208390.625606413930655, 4787098.269032090902328 ], [ 8208390.514283676631749, 4787098.269031248986721 ], [ 8207261.624387296847999, 4787132.488929348997772 ], [ 8206495.393221040256321, 4787182.14589140471071 ], [ 8206495.281898302957416, 4787182.14589056186378 ], [ 8206259.281521067023277, 4787251.571573795750737 ], [ 8206184.983886802569032, 4787332.74225711543113 ], [ 8206143.172518217004836, 4787430.683422653004527 ], [ 8206084.785911419428885, 4787553.044290207326412 ], [ 8206010.575790907256305, 4787626.036165593191981 ], [ 8205912.381228021346033, 4787649.568100799806416 ], [ 8205781.789915314875543, 4787648.147050118073821 ], [ 8205594.989585364237428, 4787555.914756304584444 ], [ 8205433.435313265770674, 4787390.159072298556566 ], [ 8205347.601316519081593, 4787224.859426701441407 ], [ 8205347.712639254517853, 4787224.859427544288337 ], [ 8204869.290141578763723, 4787218.44300158880651 ], [ 8204757.862700891681015, 4787211.344184937886894 ], [ 8204757.751378157176077, 4787211.344184095039964 ], [ 8204658.326638227328658, 4787357.065268225967884 ], [ 8204583.344384748488665, 4787503.832782042212784 ], [ 8204475.627295059151947, 4787658.440960075706244 ], [ 8204417.048979910090566, 4787797.19242206774652 ], [ 8204374.453417375683784, 4787968.921745666302741 ], [ 8204290.874512379057705, 4788156.601594531908631 ], [ 8204174.898086258210242, 4788319.325585091486573 ], [ 8204043.189642705023289, 4788424.474104876630008 ], [ 8203895.751655329950154, 4788472.044141124933958 ], [ 8203797.715300769545138, 4788479.158140514977276 ], [ 8203725.022388909943402, 4788404.548261278308928 ], [ 8203654.38519127573818, 4788133.156212211586535 ], [ 8203640.715179523453116, 4787878.803047799505293 ], [ 8203642.170527680777013, 4787739.421395910903811 ], [ 8203602.131657853722572, 4787665.178529457189143 ], [ 8203512.779277125373483, 4787623.18708885461092 ], [ 8203333.304110649041831, 4787612.991034662351012 ], [ 8203202.628391264937818, 4787619.735323034226894 ], [ 8203136.559346841648221, 4787692.796665610745549 ], [ 8203134.66659036744386, 4787873.172199505381286 ], [ 8203100.46906042098999, 4788020.390659839846194 ], [ 8203017.210701773874462, 4788175.263658308424056 ], [ 8202934.984106407500803, 4788231.746586264111102 ], [ 8202820.452493337914348, 4788255.066867999732494 ], [ 8202714.600765229202807, 4788229.281897818669677 ], [ 8202634.619812632910907, 4788072.58311727270484 ], [ 8202596.057380937039852, 4787858.951088353991508 ], [ 8202556.371491921134293, 4787751.908100230619311 ], [ 8202483.520002800039947, 4787693.692638117820024 ], [ 8202345.114222950302064, 4787659.340065443888307 ], [ 8202247.258504613302648, 4787650.040695421397686 ], [ 8202100.258314619772136, 4787656.587085139937699 ], [ 8201985.470359044149518, 4787704.493075338192284 ], [ 8201870.246094737201929, 4787793.391887410543859 ], [ 8201771.430850761942565, 4787874.27582976128906 ], [ 8201665.150259785354137, 4787889.475487955845892 ], [ 8201601.424791918136179, 4787741.157582265324891 ], [ 8201571.570692363195121, 4787478.429469714872539 ], [ 8201517.34023976419121, 4787198.865202446468174 ], [ 8201466.478034539148211, 4786793.021960787475109 ], [ 8201404.448152499273419, 4786506.839735427871346 ], [ 8201404.336829762905836, 4786506.839734583161771 ], [ 8200842.203830800019205, 4786369.896031918935478 ], [ 8200037.154524859040976, 4786198.956928797066212 ], [ 8199555.263201711699367, 4786167.098369973711669 ] ] ] ] } },
{ "type": "Feature", "properties": { "layer": "LDLYAAE002" }, "geometry": { "type": "MultiPolygon", "coordinates": [ [ [ [ 8211744.267674347385764, 4788489.869067983701825 ], [ 8212045.234313382767141, 4788531.968259822577238 ], [ 8212355.657315321266651, 4788667.602532543241978 ], [ 8212355.657315321266651, 4788667.602532543241978 ], [ 8212310.434511070139706, 4788665.902571316808462 ], [ 8212104.000724117271602, 4788620.832399968057871 ], [ 8211744.267674347385764, 4788489.869067983701825 ] ] ] ] } },
{ "type": "Feature", "properties": { "layer": "LDLYAAE002" }, "geometry": { "type": "MultiPolygon", "coordinates": [ [ [ [ 8209140.056405083276331, 4787044.623029450885952 ], [ 8209835.692145261913538, 4786938.996290391311049 ], [ 8210140.78541446197778, 4786870.846271126531065 ], [ 8210140.78541446197778, 4786870.846271126531065 ], [ 8210201.192540278658271, 4786933.658058903180063 ], [ 8210368.2517633093521, 4787107.363410064019263 ], [ 8210478.538450913503766, 4787288.25954878795892 ], [ 8210549.299875180236995, 4787493.649960055015981 ], [ 8210587.801103725098073, 4787706.777049351483583 ], [ 8210666.916622972115874, 4787904.241534002125263 ], [ 8210786.498057291842997, 4788102.384735811501741 ], [ 8210954.940667096525431, 4788268.653479029424489 ], [ 8210998.503841673955321, 4788292.152684576809406 ], [ 8210998.503841673955321, 4788292.152684576809406 ], [ 8210670.328479898162186, 4788220.853891561739147 ], [ 8209905.335158346220851, 4788159.541038466617465 ], [ 8209509.705342315137386, 4788140.306397820822895 ], [ 8209509.705342315137386, 4788140.306397820822895 ], [ 8209548.032873372547328, 4788114.326784420758486 ], [ 8209597.502411650493741, 4788017.084650184027851 ], [ 8209582.46019849088043, 4787894.240765483118594 ], [ 8209542.607774879783392, 4787828.18958618119359 ], [ 8209406.10688120406121, 4787711.477074917405844 ], [ 8209286.02248075697571, 4787570.523167175240815 ], [ 8209198.768569001927972, 4787381.089456172659993 ], [ 8209144.640833391807973, 4787192.632641724310815 ], [ 8209139.945082345977426, 4787044.623028609901667 ], [ 8209140.056405083276331, 4787044.623029450885952 ] ] ] ] } },
{ "type": "Feature", "properties": { "layer": "LDLYAAE002" }, "geometry": { "type": "MultiPolygon", "coordinates": [ [ [ [ 8193212.154117031954229, 4782947.539711451157928 ], [ 8193131.848319185897708, 4782989.163998388685286 ], [ 8193013.878386640921235, 4783065.247587306424975 ], [ 8192864.596604717895389, 4783258.396474813111126 ], [ 8192734.911038746125996, 4783442.134119897149503 ], [ 8192644.244345868937671, 4783616.853988547809422 ], [ 8192553.392578502185643, 4783801.381181236356497 ], [ 8192444.390726058743894, 4783916.88106036093086 ], [ 8192394.926700646057725, 4783964.924074805341661 ], [ 8192287.37972856592387, 4784001.981801621615887 ], [ 8192258.247455969452858, 4784001.391587793827057 ], [ 8192211.72075485624373, 4784010.849315645173192 ], [ 8192170.485830222256482, 4784019.230916991829872 ], [ 8192092.617239749059081, 4784027.461539913900197 ], [ 8192064.686310702003539, 4784026.895123831927776 ], [ 8192034.352924861013889, 4784026.279891645535827 ], [ 8191966.74256150983274, 4784005.290498687885702 ], [ 8191909.391614478081465, 4783955.081957085989416 ], [ 8191886.325647690333426, 4783880.535268744453788 ], [ 8191886.325647690333426, 4783880.535268744453788 ], [ 8191844.663938297890127, 4784019.503771339543164 ], [ 8191779.390646756626666, 4784209.304806285537779 ], [ 8191714.607651042751968, 4784415.998429464176297 ], [ 8191707.156322685070336, 4784638.520309484563768 ], [ 8191682.545967397280037, 4784861.429429035633802 ], [ 8191708.018100163899362, 4785067.604813854210079 ], [ 8191749.409541750326753, 4785264.949896818958223 ], [ 8191807.285350591875613, 4785470.991862431168556 ], [ 8191874.263644454069436, 4785685.623390581458807 ], [ 8191940.709407626651227, 4785883.366422114893794 ], [ 8192055.984911825507879, 4786072.797773157246411 ], [ 8192163.012491933070123, 4786245.868090678937733 ], [ 8192262.366705449298024, 4786418.819624648429453 ], [ 8192361.018063077703118, 4786607.991666275076568 ], [ 8192451.985032592900097, 4786797.695202465169132 ], [ 8192535.217439195141196, 4786978.841603995300829 ], [ 8192617.484175146557391, 4787176.209392082877457 ], [ 8192700.764703007414937, 4787264.205027932301164 ], [ 8192700.764703007414937, 4787264.205027932301164 ], [ 8193048.708905979059637, 4787141.189439637586474 ], [ 8193553.511028316803277, 4786963.025204971432686 ], [ 8194441.787708414718509, 4786724.521500905975699 ], [ 8195448.605566808953881, 4786480.06913729570806 ], [ 8195809.928328646346927, 4786411.837790152058005 ], [ 8195809.928328646346927, 4786411.837790152058005 ], [ 8195507.033867756836116, 4786326.427134234458208 ], [ 8195246.411213469691575, 4786290.890031879767776 ], [ 8195059.889453902840614, 4786215.712275700643659 ], [ 8194971.428004859015346, 4786133.604454156011343 ], [ 8194916.393725627101958, 4786003.27150509133935 ], [ 8194895.654470111243427, 4785783.372184932231903 ], [ 8194948.999416396021843, 4785539.083867882378399 ], [ 8195018.322541790083051, 4785311.502964279614389 ], [ 8195128.64290847722441, 4785068.440009722486138 ], [ 8195255.087691890075803, 4784833.905066518113017 ], [ 8195447.243159697391093, 4784568.052441124804318 ], [ 8195884.38749954290688, 4783816.633042709901929 ], [ 8196000.423100353218615, 4783704.585260756313801 ], [ 8196096.301356645300984, 4783597.370503534562886 ], [ 8196096.412679379805923, 4783597.370504378341138 ], [ 8193212.265439763665199, 4782947.539712296798825 ], [ 8193212.154117031954229, 4782947.539711451157928 ] ] ] ] } },
{ "type": "Feature", "properties": { "layer": "LDLYAAE002" }, "geometry": { "type": "MultiPolygon", "coordinates": [ [ [ [ 8205250.405358645133674, 4787029.804503779858351 ], [ 8205170.01400856487453, 4786947.868190798908472 ], [ 8205072.565768981352448, 4786914.375875224359334 ], [ 8204974.383245726116002, 4786929.50653425976634 ], [ 8204891.542312634177506, 4787009.647540083155036 ], [ 8204757.751378157176077, 4787211.344184095039964 ], [ 8204757.862700891681015, 4787211.344184937886894 ], [ 8204869.290141578763723, 4787218.44300158880651 ], [ 8205347.600471619516611, 4787224.857923193834722 ], [ 8205329.575460325926542, 4787192.782271130941808 ], [ 8205250.405358645133674, 4787029.804503779858351 ] ] ], [ [ [ 8205347.601316519081593, 4787224.859426701441407 ], [ 8205347.712639254517853, 4787224.859427544288337 ], [ 8205347.600471619516611, 4787224.857923193834722 ], [ 8205347.601316519081593, 4787224.859426701441407 ] ] ] ] } },
{ "type": "Feature", "properties": { "layer": "LDLYAAE002" }, "geometry": { "type": "MultiPolygon", "coordinates": [ [ [ [ 8208390.514283676631749, 4787098.269031248986721 ], [ 8207261.624387296847999, 4787132.488929348997772 ], [ 8206495.393221040256321, 4787182.14589140471071 ], [ 8206495.281898302957416, 4787182.14589056186378 ], [ 8206570.884362939745188, 4787157.689827151596546 ], [ 8206742.964697636663914, 4787054.493843141943216 ], [ 8206883.005767118185759, 4786910.420970098115504 ], [ 8207005.615113012492657, 4786847.17574333306402 ], [ 8207143.203946250490844, 4786849.455103268846869 ], [ 8207264.018652282655239, 4786884.067296545021236 ], [ 8207407.86037533544004, 4786992.317178129218519 ], [ 8207560.073502050712705, 4787084.430931564420462 ], [ 8207713.396926457062364, 4787111.452681617811322 ], [ 8207892.93124689720571, 4787024.975327281281352 ], [ 8208112.919372829608619, 4786939.181492566131055 ], [ 8208292.033795141614974, 4786877.106850244104862 ], [ 8208380.900557713583112, 4786886.749334280379117 ], [ 8208412.439188265241683, 4786936.114040718413889 ], [ 8208402.555802174843848, 4787041.748513710685074 ], [ 8208390.625606413930655, 4787098.269032090902328 ], [ 8208390.514283676631749, 4787098.269031248986721 ] ] ] ] } },
{ "type": "Feature", "properties": { "layer": "LDLYAAE002" }, "geometry": { "type": "MultiPolygon", "coordinates": [ [ [ [ 8209140.056405083276331, 4787044.623029450885952 ], [ 8209835.692145261913538, 4786938.996290391311049 ], [ 8210140.78541446197778, 4786870.846271126531065 ], [ 8210140.78541446197778, 4786870.846271126531065 ], [ 8210073.9131895955652, 4786801.311107653193176 ], [ 8209574.562071898952127, 4786174.433022185228765 ], [ 8209502.977030661888421, 4786099.988921163603663 ], [ 8209478.841544404625893, 4786091.445637451484799 ], [ 8209389.980529452674091, 4786081.81379384920001 ], [ 8209308.250734468922019, 4786129.266368062235415 ], [ 8209248.461271518841386, 4786315.433558055199683 ], [ 8209187.9836898855865, 4786542.283229416236281 ], [ 8209143.960303748957813, 4786753.137977476231754 ], [ 8209132.163567705079913, 4786972.678411819040775 ], [ 8209139.945082345977426, 4787044.623028609901667 ], [ 8209140.056405083276331, 4787044.623029450885952 ] ] ] ] } },
{ "type": "Feature", "properties": { "layer": "LDLYAAE002" }, "geometry": { "type": "MultiPolygon", "coordinates": [ [ [ [ 8198654.523625795729458, 4785396.984250299632549 ], [ 8198751.690338543616235, 4785278.721395577304065 ], [ 8198896.188535427674651, 4785185.113912612199783 ], [ 8199108.658503639511764, 4785331.969450482167304 ], [ 8199318.646005810238421, 4785646.40272253099829 ], [ 8199433.613509100861847, 4785935.473996671847999 ], [ 8199515.72314711753279, 4786164.474721130914986 ], [ 8199515.834469850175083, 4786164.474721975624561 ], [ 8199555.263201711699367, 4786167.098369973711669 ], [ 8200037.154524859040976, 4786198.956928797066212 ], [ 8200842.203830800019205, 4786369.896031918935478 ], [ 8201404.336829762905836, 4786506.839734583161771 ], [ 8201404.448152499273419, 4786506.839735427871346 ], [ 8201310.280190049670637, 4786337.368315551429987 ], [ 8201133.755644978955388, 4786140.846610713750124 ], [ 8200908.148350959643722, 4785951.870120807550848 ], [ 8200287.108902115374804, 4785474.71616315562278 ], [ 8200174.382869906723499, 4785376.173690048977733 ], [ 8200046.983127796091139, 4785172.111968201585114 ], [ 8199968.673616628162563, 4784960.513623123988509 ], [ 8199922.119564960710704, 4784806.009056965820491 ], [ 8199850.07565141748637, 4784716.041365535929799 ], [ 8199712.377031737007201, 4784649.627313576638699 ], [ 8199467.338393688201904, 4784663.00650676805526 ], [ 8199271.25594025850296, 4784676.946275724098086 ], [ 8199214.139466595835984, 4784676.285076715052128 ], [ 8199174.10474468767643, 4784627.20122516900301 ], [ 8199208.649539639241993, 4784506.050693875178695 ], [ 8199284.625036172568798, 4784344.864989872090518 ], [ 8199319.802786506712437, 4784183.209673373959959 ], [ 8199329.232068446464837, 4784102.288577900268137 ], [ 8199248.531061786226928, 4784044.634179452434182 ], [ 8199045.573975674808025, 4783977.460127313621342 ], [ 8198817.63338344078511, 4783942.403670676983893 ], [ 8198597.215443057008088, 4783947.943791718222201 ], [ 8198449.333298004232347, 4784011.044939516112208 ], [ 8198333.702184051275253, 4784098.829012337140739 ], [ 8198225.844258542172611, 4784211.01284998562187 ], [ 8198108.800789394415915, 4784387.914684584364295 ], [ 8197975.178213875740767, 4784580.830686350353062 ], [ 8197824.846322422847152, 4784797.863614888861775 ], [ 8197697.575590667314827, 4785104.31029022205621 ], [ 8197554.105144497938454, 4785402.470378029160202 ], [ 8197395.591511301696301, 4785619.417924443259835 ], [ 8197006.130275227129459, 4785987.628842021338642 ], [ 8196923.235012607648969, 4786067.695124786347151 ], [ 8196799.0189563119784, 4786179.691734340973198 ], [ 8196672.825474270619452, 4786276.188178326003253 ], [ 8196941.318049957044423, 4786244.088996004313231 ], [ 8197576.083841592073441, 4786225.250581762753427 ], [ 8198280.468363549560308, 4786195.843005099333823 ], [ 8198594.754338261671364, 4786179.766493173316121 ], [ 8198594.643015527166426, 4786179.766492329537868 ], [ 8198602.187988595105708, 4785707.485607588663697 ], [ 8198654.523625795729458, 4785396.984250299632549 ] ] ], [ [ [ 8196672.804842675104737, 4786276.203954776749015 ], [ 8196672.825474270619452, 4786276.188178326003253 ], [ 8196672.693519940599799, 4786276.203953931108117 ], [ 8196672.804842675104737, 4786276.203954776749015 ] ] ] ] } },
{ "type": "Feature", "properties": { "layer": "LDLYAAE002" }, "geometry": { "type": "MultiPolygon", "coordinates": [ [ [ [ 8212250.978467009961605, 4786469.684558064676821 ], [ 8211791.963162341155112, 4786532.311408371664584 ], [ 8211791.963162341155112, 4786532.311408371664584 ], [ 8211644.065916879102588, 4786314.776187224313617 ], [ 8211213.428686793893576, 4785445.025749837979674 ], [ 8211199.823406171053648, 4785290.191060488112271 ], [ 8211233.945404623635113, 4785184.974897940643132 ], [ 8211292.472075811587274, 4785072.028633429668844 ], [ 8211374.184180624783039, 4785024.564408630132675 ], [ 8211536.253832610324025, 4785010.98213039431721 ], [ 8211714.097427592612803, 4785022.069521618075669 ], [ 8211777.871960667893291, 4785080.086181081831455 ], [ 8211776.656234289519489, 4785153.299869144335389 ], [ 8211751.30536032654345, 4785217.976705235429108 ], [ 8211716.918555436655879, 4785339.46499050874263 ], [ 8211715.972700444050133, 4785396.410510939545929 ], [ 8211730.531842508353293, 4785494.300214803777635 ], [ 8211807.789145526476204, 4785715.292858432047069 ], [ 8211878.443846981972456, 4785846.665678485296667 ], [ 8212019.893832622095942, 4786101.279451970010996 ], [ 8212224.731741157360375, 4786438.326601611450315 ], [ 8212250.867144273594022, 4786469.684557224623859 ], [ 8212250.978467009961605, 4786469.684558064676821 ] ] ] ] } },
{ "type": "Feature", "properties": { "layer": "LDLYAAE002" }, "geometry": { "type": "MultiPolygon", "coordinates": [ [ [ [ 8214790.966109713539481, 4786187.336060225963593 ], [ 8214514.213082111440599, 4786203.489639545790851 ], [ 8214514.213082111440599, 4786203.489639545790851 ], [ 8214400.739077656529844, 4786010.200193918310106 ], [ 8213688.777571900747716, 4784517.586637243628502 ], [ 8213595.842946521006525, 4784263.831525625661016 ], [ 8213614.559022760950029, 4784109.547555305063725 ], [ 8213671.71804272569716, 4784077.939047684893012 ], [ 8213776.744974374771118, 4784087.79547957982868 ], [ 8213872.615944149903953, 4784162.591588231734931 ], [ 8213975.51194058265537, 4784302.593617873266339 ], [ 8214045.386606689542532, 4784482.739483170211315 ], [ 8214146.82373325061053, 4784712.224334022961557 ], [ 8214279.9598672343418, 4784982.915872010402381 ], [ 8214647.314215358346701, 4785778.225599881261587 ], [ 8214731.401610840111971, 4786080.691947884857655 ], [ 8214790.966109713539481, 4786187.336060225963593 ] ] ] ] } },
{ "type": "Feature", "properties": { "layer": "LDLYAAE002" }, "geometry": { "type": "MultiPolygon", "coordinates": [ [ [ [ 8196158.342578145675361, 4783527.992491405457258 ], [ 8196291.542593654245138, 4783367.234122742898762 ], [ 8196415.558211171068251, 4783263.534802256152034 ], [ 8196745.56148083973676, 4783025.153007083572447 ], [ 8196885.845069423317909, 4782921.795243691653013 ], [ 8197115.796368573792279, 4782812.151373010128736 ], [ 8197450.356652103364468, 4782770.136724561452866 ], [ 8197703.088371719233692, 4782750.924371593631804 ], [ 8197874.73124335706234, 4782713.643200408667326 ], [ 8197982.003859816119075, 4782634.114122733473778 ], [ 8198008.040632315911353, 4782544.698885062709451 ], [ 8197985.543147224001586, 4782437.907907699234784 ], [ 8197889.804150768555701, 4782329.577521449886262 ], [ 8197753.230059349909425, 4782228.566440950147808 ], [ 8197641.072412122040987, 4782128.068333370611072 ], [ 8197538.828146348707378, 4781929.644000187516212 ], [ 8197484.969545838423073, 4781756.77549422159791 ], [ 8197512.486495074816048, 4781585.62387194763869 ], [ 8197579.210861643776298, 4781497.076324167661369 ], [ 8197783.529465670697391, 4781452.311886372976005 ], [ 8198044.217336434870958, 4781441.438500930555165 ], [ 8198281.229181312955916, 4781389.173945312388241 ], [ 8198526.963510299101472, 4781304.377176987938583 ], [ 8198755.392176433466375, 4781276.454181999899447 ], [ 8199105.437543713487685, 4781275.601084774360061 ], [ 8199382.394481102004647, 4781265.033021493814886 ], [ 8199611.404748984612525, 4781204.393506297841668 ], [ 8199767.341737114824355, 4781133.980764795094728 ], [ 8199833.860106753185391, 4781053.74067815579474 ], [ 8199893.173283059149981, 4780924.064546982757747 ], [ 8199911.926433281973004, 4780785.445724719204009 ], [ 8199963.226041197776794, 4780647.506569027900696 ], [ 8199996.501794936135411, 4780607.314843980595469 ], [ 8200045.321982342749834, 4780608.331044718623161 ], [ 8200100.821581051684916, 4780691.254536617547274 ], [ 8200130.781068143434823, 4780846.540426411665976 ], [ 8200144.189842172898352, 4781033.005015811882913 ], [ 8200222.60061340034008, 4781236.420479371212423 ], [ 8200269.774776143953204, 4781350.371888032183051 ], [ 8200342.429574308916926, 4781399.809524280950427 ], [ 8200432.155354652553797, 4781400.837212081998587 ], [ 8200466.042944873683155, 4781320.216866806149483 ], [ 8200461.162725639529526, 4781109.542986379936337 ], [ 8200489.916192702949047, 4780834.454958962276578 ], [ 8200566.472247692756355, 4780632.822596499696374 ], [ 8200675.27179344650358, 4780455.862452808767557 ], [ 8200734.628640972077847, 4780310.739616292528808 ], [ 8200762.503691683523357, 4780099.927396467886865 ], [ 8200765.696673050522804, 4779920.114052511751652 ], [ 8200743.465390696190298, 4779797.009701061993837 ], [ 8200679.538529059849679, 4779730.274645545519888 ], [ 8200509.700319878757, 4779669.516791354864836 ], [ 8200306.447525544092059, 4779657.118661846034229 ], [ 8200036.0683707986027, 4779757.784854386933148 ], [ 8199782.247872318141162, 4779842.437272256240249 ], [ 8199495.439962944015861, 4779950.924544627778232 ], [ 8199176.374513392336667, 4780042.378153219819069 ], [ 8198915.283343859948218, 4780077.800450898706913 ], [ 8198508.179410505108535, 4780085.626872416585684 ], [ 8198183.026094398461282, 4780062.452430023811758 ], [ 8197939.235960142686963, 4780040.977687125094235 ], [ 8197661.425813958980143, 4780100.545186495408416 ], [ 8197351.807154162786901, 4780118.552386394701898 ], [ 8197108.610282025299966, 4780064.364576557651162 ], [ 8196905.35526945348829, 4780051.896454503759742 ], [ 8196473.100866160355508, 4780099.99071342498064 ], [ 8195820.122141649015248, 4780200.617681699804962 ], [ 8195576.035992479883134, 4780195.4316770369187 ], [ 8194973.209414638578892, 4780223.481441735289991 ], [ 8194573.485044383443892, 4780272.187611754983664 ], [ 8194109.721120099537075, 4780262.271856674924493 ], [ 8193704.33385484199971, 4780196.446043883450329 ], [ 8193550.840644241310656, 4780177.006192751228809 ], [ 8193461.348701669834554, 4780199.733772906474769 ], [ 8193313.83567376062274, 4780294.879359981045127 ], [ 8193149.677294573746622, 4780414.217503432184458 ], [ 8192985.060852067545056, 4780558.074904242530465 ], [ 8192730.487080601043999, 4780749.174675980582833 ], [ 8192648.173587885685265, 4780821.101935222744942 ], [ 8192484.605721116997302, 4780907.739824093878269 ], [ 8192370.971803485415876, 4780921.793958165682852 ], [ 8192193.945378174073994, 4780860.971068046987057 ], [ 8192169.284792342223227, 4780841.144808665849268 ], [ 8192057.593441072851419, 4780751.528862259350717 ], [ 8192074.192143548280001, 4780943.080845849588513 ], [ 8192082.653193319216371, 4781157.344335473142564 ], [ 8192097.198752791620791, 4781356.700996533036232 ], [ 8192423.587468336336315, 4781376.282302960753441 ], [ 8192723.27036895416677, 4781450.987782182171941 ], [ 8192916.347132872790098, 4781513.726577319204807 ], [ 8193215.856615804135799, 4781598.221592298708856 ], [ 8193564.275929199531674, 4781664.079208043403924 ], [ 8193874.673568226397038, 4781719.518597905524075 ], [ 8194156.228234173730016, 4781804.004437376745045 ], [ 8194418.630591387860477, 4781868.459884948097169 ], [ 8194651.940318962559104, 4781922.480237349867821 ], [ 8194933.327484888955951, 4782016.749739920720458 ], [ 8195156.704946638084948, 4782080.354525836184621 ], [ 8195312.669228912331164, 4782093.483437916263938 ], [ 8195439.177498664706945, 4782115.790393671952188 ], [ 8195613.94421211630106, 4782168.544069486670196 ], [ 8195846.194266987033188, 4782281.360254360362887 ], [ 8196048.992803679779172, 4782403.355239550583065 ], [ 8196086.779073959216475, 4782472.810349226929247 ], [ 8196114.27083117607981, 4782571.470731743611395 ], [ 8196073.445636744610965, 4782668.683240463957191 ], [ 8195973.525524901226163, 4782794.065825844183564 ], [ 8195873.781521120108664, 4782909.645054213702679 ], [ 8195687.091607755981386, 4782974.335988297127187 ], [ 8195452.317436975426972, 4782998.768059222958982 ], [ 8195227.481208564713597, 4783013.598198225721717 ], [ 8194934.685230331495404, 4783007.357860076241195 ], [ 8194593.630751322023571, 4782970.653486815281212 ], [ 8194359.936744483187795, 4782936.233895850367844 ], [ 8194115.942644109018147, 4782931.013074684888124 ], [ 8193959.425013867206872, 4782947.277128832414746 ], [ 8193745.253454882651567, 4782913.261669639497995 ], [ 8193531.942281079478562, 4782889.338773066177964 ], [ 8193347.457453668117523, 4782885.623264978639781 ], [ 8193259.344980674795806, 4782923.079247610643506 ], [ 8193212.154117031954229, 4782947.539711451157928 ], [ 8193212.265439763665199, 4782947.539712296798825 ], [ 8196096.320024866610765, 4783597.349627600051463 ], [ 8196158.342578145675361, 4783527.992491405457258 ] ] ], [ [ [ 8196096.412679379805923, 4783597.370504378341138 ], [ 8196096.320024866610765, 4783597.349627600051463 ], [ 8196096.301356645300984, 4783597.370503534562886 ], [ 8196096.412679379805923, 4783597.370504378341138 ] ] ] ] } },
{ "type": "Feature", "properties": { "layer": "LDLYAAE002" }, "geometry": { "type": "Polygon", "coordinates": [ [ [ 8286368.521246312186122, 4775210.744003367610276 ], [ 8286417.889688339084387, 4775137.750646983273327 ], [ 8286472.019781205803156, 4775069.765656388364732 ], [ 8286555.387027460150421, 4774987.487206789664924 ], [ 8286633.876554715447128, 4774905.167342152446508 ], [ 8286702.747841631062329, 4774798.355311786755919 ], [ 8286781.234372222796082, 4774716.035471012815833 ], [ 8286815.669090300798416, 4774662.630175434984267 ], [ 8286811.227828331291676, 4774584.483205608092248 ], [ 8286787.254483737051487, 4774511.05167487077415 ], [ 8286743.830338627099991, 4774427.690553466789424 ], [ 8286676.271028849296272, 4774300.188047009520233 ], [ 8286638.052728622220457, 4774158.293794967234135 ], [ 8286599.725866177119315, 4774035.926327025517821 ], [ 8286522.309766228310764, 4773927.869046987965703 ], [ 8286449.579299483448267, 4773854.022606355138123 ], [ 8286376.658123508095741, 4773814.344543075188994 ], [ 8286254.895278075709939, 4773788.889693019911647 ], [ 8286108.670320648699999, 4773777.866898215375841 ], [ 8285942.941850451752543, 4773766.673247635364532 ], [ 8285762.974080601707101, 4773687.014395015314221 ], [ 8285680.305043718777597, 4773647.247394263744354 ], [ 8285641.297495876438916, 4773646.90944048576057 ], [ 8285606.860440823249519, 4773700.305345203727484 ], [ 8285591.73208300024271, 4773788.039094496518373 ], [ 8285600.956278852187097, 4773880.866222212091088 ], [ 8285614.889572597108781, 4774003.023965002037585 ], [ 8285648.189201044850051, 4774149.759094650857151 ], [ 8285671.681957701221108, 4774306.174315572716296 ], [ 8285695.036351129412651, 4774486.999599588103592 ], [ 8285703.81788838095963, 4774657.937889902852476 ], [ 8285678.49190997518599, 4774823.701851713471115 ], [ 8285643.606610463000834, 4774955.211490826681256 ], [ 8285604.065813502296805, 4775047.626021926291287 ], [ 8285554.647556102834642, 4775140.077271398156881 ], [ 8285549.325039910152555, 4775193.871013927273452 ], [ 8285558.753938355483115, 4775233.109407336451113 ], [ 8285597.686463925056159, 4775243.236544555984437 ], [ 8285656.206223133020103, 4775243.744483212009072 ], [ 8285749.065206723287702, 4775220.076988424174488 ], [ 8285871.10280083399266, 4775206.450539124198258 ], [ 8285973.552693223580718, 4775202.442286493256688 ], [ 8286056.254443948157132, 4775227.629658079706132 ], [ 8286168.095660825259984, 4775267.751693327911198 ], [ 8286260.793031447567046, 4775263.656295591965318 ], [ 8286309.720504269003868, 4775244.499734609387815 ], [ 8286368.521246312186122, 4775210.744003367610276 ] ] ] } },
{ "type": "Feature", "properties": { "layer": "LDLYAAE002" }, "geometry": { "type": "Polygon", "coordinates": [ [ [ 8284919.411323450505733, 4772555.398244064301252 ], [ 8284990.954417995177209, 4772549.515687996521592 ], [ 8285042.995974061079323, 4772543.462502499110997 ], [ 8285088.649164055474102, 4772517.830018287524581 ], [ 8285114.875295921228826, 4772479.012452859431505 ], [ 8285108.561527879908681, 4772446.418956413865089 ], [ 8285069.895286762155592, 4772387.512774373404682 ], [ 8285024.654177458956838, 4772341.564503284171224 ], [ 8284934.135815002955496, 4772256.174823385663331 ], [ 8284830.693709979765117, 4772157.657482062466443 ], [ 8284727.328652567230165, 4772046.125326137058437 ], [ 8284649.966232055798173, 4771934.821874297223985 ], [ 8284585.75659991428256, 4771797.604908450506628 ], [ 8284554.161440088413656, 4771641.154546176083386 ], [ 8284535.566835074685514, 4771484.820566307753325 ], [ 8284536.434250545687973, 4771335.166632812470198 ], [ 8284511.22790598962456, 4771198.300053323619068 ], [ 8284446.684631465002894, 4771119.650588309392333 ], [ 8284381.802186213433743, 4771099.559606923721731 ], [ 8284323.116784121841192, 4771131.577466208487749 ], [ 8284296.805905213579535, 4771183.455161972902715 ], [ 8284283.003445620648563, 4771320.024306733161211 ], [ 8284269.162471020594239, 4771463.101910593919456 ], [ 8284222.688437402248383, 4771625.529933395795524 ], [ 8284144.034448550082743, 4771729.226008700206876 ], [ 8283974.475581884384155, 4771806.411090904846787 ], [ 8283772.470055383630097, 4771870.406412377022207 ], [ 8283531.552902800031006, 4771914.667810605838895 ], [ 8283257.959300165064633, 4771984.776490394957364 ], [ 8283120.948606753721833, 4772055.616907995194197 ], [ 8283035.930816264823079, 4772133.244917690753937 ], [ 8283022.651445119641721, 4772178.724452432245016 ], [ 8283041.970555325038731, 4772211.365716443397105 ], [ 8283119.866983625106514, 4772237.816413074731827 ], [ 8283256.456123307347298, 4772238.553691446781158 ], [ 8283432.18611216917634, 4772219.977016500197351 ], [ 8283653.483267596922815, 4772195.133914626203477 ], [ 8283855.076241312548518, 4772202.717760915867984 ], [ 8283991.436483573168516, 4772242.4878258574754 ], [ 8284088.582214242778718, 4772314.585522809997201 ], [ 8284185.653607197105885, 4772399.697297033853829 ], [ 8284308.854823245666921, 4772465.441591679118574 ], [ 8284451.525002636946738, 4772525.265865427441895 ], [ 8284600.77259417809546, 4772572.13073727209121 ], [ 8284782.787593055516481, 4772573.726080565713346 ], [ 8284919.411323450505733, 4772555.398244064301252 ] ] ] } },
{ "type": "Feature", "properties": { "layer": "LDLYAAE002" }, "geometry": { "type": "MultiPolygon", "coordinates": [ [ [ [ 8281226.791185209527612, 4770966.615578875876963 ], [ 8281226.679862463846803, 4770966.615578061901033 ], [ 8281226.742363116703928, 4770966.666569418273866 ], [ 8281226.791185209527612, 4770966.615578875876963 ] ] ], [ [ [ 8280986.334885396063328, 4771191.439902566373348 ], [ 8280855.903022130019963, 4771249.26746507268399 ], [ 8280686.528220019303262, 4771293.860167933627963 ], [ 8280478.130166440270841, 4771338.228926098905504 ], [ 8280276.274729262106121, 4771376.124098508618772 ], [ 8280107.017103877849877, 4771401.187778850086033 ], [ 8279983.121922187507153, 4771452.535399185493588 ], [ 8279911.214841948822141, 4771510.686148259788752 ], [ 8279845.647503858432174, 4771594.901174526661634 ], [ 8279805.972620142623782, 4771698.785850278101861 ], [ 8279785.84920887183398, 4771796.276646824553609 ], [ 8279791.741539715789258, 4771893.917514915578067 ], [ 8279823.935386474244297, 4771946.159579129889607 ], [ 8279863.000447798520327, 4771939.876188667491078 ], [ 8279889.09796657320112, 4771927.011301523074508 ], [ 8279935.073599394410849, 4771855.695572626776993 ], [ 8279981.170606227591634, 4771764.859377014450729 ], [ 8280053.160476030781865, 4771693.693166647106409 ], [ 8280124.946321185678244, 4771655.060539699159563 ], [ 8280202.95187626965344, 4771662.011789474636316 ], [ 8280280.755352443084121, 4771701.496858588419855 ], [ 8280390.876994085498154, 4771773.700187259353697 ], [ 8280500.9599843993783, 4771852.40969564858824 ], [ 8280598.11722700856626, 4771918.031280318275094 ], [ 8280688.851862927898765, 4771970.601601234637201 ], [ 8280786.171680635772645, 4772010.193920155987144 ], [ 8280903.205235697329044, 4772017.360097798518836 ], [ 8281033.406803251244128, 4771998.569678450934589 ], [ 8281157.183743271976709, 4771966.727464905008674 ], [ 8281229.007483444176614, 4771921.578952083364129 ], [ 8281294.36594564281404, 4771869.886758656241 ], [ 8281340.212380419485271, 4771818.085412314161658 ], [ 8281431.625114616937935, 4771760.031432684510946 ], [ 8281781.262321268208325, 4771419.083626464009285 ], [ 8281226.742363116703928, 4770966.666569418273866 ], [ 8281110.541185013949871, 4771088.029599624685943 ], [ 8280986.334885396063328, 4771191.439902566373348 ] ] ] ] } },
{ "type": "Feature", "properties": { "layer": "LDLYAAE002" }, "geometry": { "type": "MultiPolygon", "coordinates": [ [ [ [ 8281781.262321268208325, 4771419.083626464009285 ], [ 8281226.679862463846803, 4770966.615578061901033 ], [ 8281226.679862463846803, 4770966.615578061901033 ], [ 8281300.447488974779844, 4770893.893291554413736 ], [ 8281437.351398441009223, 4770803.567192006856203 ], [ 8281594.064751070924103, 4770700.335557666607201 ], [ 8281718.362826925702393, 4770616.44115049764514 ], [ 8281829.200111287645996, 4770551.991778284311295 ], [ 8281946.801394233480096, 4770481.071608408354223 ], [ 8282096.614878920838237, 4770423.341554932296276 ], [ 8282266.315186316147447, 4770339.693053228780627 ], [ 8282403.203019701875746, 4770249.358166974037886 ], [ 8282527.527810662053525, 4770158.951205173507333 ], [ 8282632.086083553731441, 4770055.425585038028657 ], [ 8282730.400496047921479, 4769945.359035015106201 ], [ 8282769.655450975522399, 4769887.01994392927736 ], [ 8282841.500717568211257, 4769815.846168714575469 ], [ 8282881.137239287607372, 4769711.968300454318523 ], [ 8282933.700195857323706, 4769621.172700507566333 ], [ 8282986.030226094648242, 4769569.41046051774174 ], [ 8283096.723156357184052, 4769563.502820141613483 ], [ 8283180.831932567059994, 4769635.519790888763964 ], [ 8283290.797935414128006, 4769733.698705602437258 ], [ 8283394.605714845471084, 4769792.809079715050757 ], [ 8283498.119030586443841, 4769845.412794280797243 ], [ 8283575.875764266587794, 4769930.404793153516948 ], [ 8283633.447144320234656, 4770073.844763469882309 ], [ 8283678.237122946418822, 4770217.217278346419334 ], [ 8283735.887828512117267, 4770347.648848807439208 ], [ 8283793.915697006508708, 4770452.057406347244978 ], [ 8283890.473848285153508, 4770602.217705216258764 ], [ 8283987.486332010477781, 4770713.341889086179435 ], [ 8284077.888668195344508, 4770804.912675312720239 ], [ 8284142.615820929408073, 4770876.827180513180792 ], [ 8284148.81561070587486, 4770928.912148955278099 ], [ 8284122.23746875487268, 4770987.331929334439337 ], [ 8284063.437402004376054, 4771052.085399555042386 ], [ 8283965.504440358839929, 4771116.631910394877195 ], [ 8283835.014073266647756, 4771187.510621945373714 ], [ 8283698.094554743729532, 4771245.340501818805933 ], [ 8283626.366909213364124, 4771257.971240029670298 ], [ 8283509.528131173923612, 4771237.824140455573797 ], [ 8283412.400921425782144, 4771146.209248186089098 ], [ 8283341.392542954534292, 4771093.772890312597156 ], [ 8283250.420329102315009, 4771080.269698711112142 ], [ 8283093.765933345071971, 4771137.985409894026816 ], [ 8282931.017764704301953, 4771182.65098347235471 ], [ 8282735.799512929283082, 4771181.591176171787083 ], [ 8282579.908716107718647, 4771148.208561019971967 ], [ 8282417.828308562748134, 4771062.736094194464386 ], [ 8282333.779396808706224, 4771016.728249609470367 ], [ 8282236.155398414470255, 4771009.686521394178271 ], [ 8282138.479676970280707, 4771048.188967789523304 ], [ 8282014.133692221716046, 4771158.118475337512791 ], [ 8281902.817693436518312, 4771300.65200799703598 ], [ 8281781.262321268208325, 4771419.083626464009285 ] ] ] ] } },
{ "type": "Feature", "properties": { "layer": "LDLYAAE002" }, "geometry": { "type": "Polygon", "coordinates": [ [ [ 8238938.062286517582834, 4770085.212094870395958 ], [ 8239052.923741573467851, 4770112.170618839561939 ], [ 8239142.012744787149131, 4770138.817784407176077 ], [ 8239243.597320282831788, 4770178.400265974923968 ], [ 8239389.839342443272471, 4770231.304407315328717 ], [ 8239548.831092334352434, 4770277.970431956462562 ], [ 8239746.569005685858428, 4770318.706957703456283 ], [ 8239944.030923679471016, 4770346.658283707685769 ], [ 8240141.492859356105328, 4770400.168563072569668 ], [ 8240294.326064234599471, 4770446.74680264852941 ], [ 8240459.629958051256835, 4770499.86737304367125 ], [ 8240625.074566703289747, 4770559.375753712840378 ], [ 8240790.270799858495593, 4770612.491508106701076 ], [ 8240930.334085161797702, 4770658.908276494592428 ], [ 8241089.812317972071469, 4770686.379727667197585 ], [ 8241293.673565522767603, 4770714.382158742286265 ], [ 8241414.687871136702597, 4770760.564375199377537 ], [ 8241458.600807004608214, 4770805.832750798203051 ], [ 8241451.6059933276847, 4770869.665584396570921 ], [ 8241399.227764581330121, 4770958.529948179610074 ], [ 8241295.937125435099006, 4771040.394587836228311 ], [ 8241135.095249752514064, 4771134.354965546168387 ], [ 8240974.638832993805408, 4771189.966417378745973 ], [ 8240782.294275721535087, 4771232.411149627529085 ], [ 8240603.448670194484293, 4771236.658804873935878 ], [ 8240405.522046630270779, 4771208.717727792449296 ], [ 8240239.676698188297451, 4771187.547728970646858 ], [ 8240029.533700042404234, 4771133.881501170806587 ], [ 8239826.675765544176102, 4771029.160059588029981 ], [ 8239655.233362649567425, 4770931.212847635149956 ], [ 8239509.400652030482888, 4770846.354446256533265 ], [ 8239268.930838883854449, 4770670.862464073114097 ], [ 8238882.871328105218709, 4770410.504498863592744 ], [ 8238736.576023921370506, 4770344.810904606245458 ], [ 8238590.728257796727121, 4770279.115966801531613 ], [ 8238508.451176553964615, 4770220.589149584062397 ], [ 8238502.657269420102239, 4770175.778235735371709 ], [ 8238515.745431581512094, 4770143.981950526125729 ], [ 8238548.218575946055353, 4770112.419596565887332 ], [ 8238612.348697206936777, 4770094.027367304079235 ], [ 8238708.247210077941418, 4770088.804259438998997 ], [ 8238823.197343330830336, 4770083.813562582246959 ], [ 8238938.062286517582834, 4770085.212094870395958 ] ] ] } },
{ "type": "Feature", "properties": { "layer": "LDLYAAE002" }, "geometry": { "type": "Polygon", "coordinates": [ [ [ 8300192.360992786474526, 4769981.710103078745306 ], [ 8300187.094201669096947, 4769932.235705541446805 ], [ 8300182.013901735655963, 4769838.799479500390589 ], [ 8300155.050809585489333, 4769739.801146736368537 ], [ 8300111.892018833197653, 4769585.801239795982838 ], [ 8300079.500418936833739, 4769475.798094524070621 ], [ 8300014.227744115516543, 4769371.188297340646386 ], [ 8299927.074377654120326, 4769261.015967956744134 ], [ 8299828.805365022271872, 4769189.273379542864859 ], [ 8299697.633383649401367, 4769128.416621778160334 ], [ 8299571.725999326445162, 4769117.029019011184573 ], [ 8299434.819098951295018, 4769116.594878069125116 ], [ 8299292.316615900024772, 4769143.615418233908713 ], [ 8299127.908457094803452, 4769170.563674709759653 ], [ 8298935.997835517860949, 4769224.895455402322114 ], [ 8298727.511270244605839, 4769312.140012007206678 ], [ 8298601.167552435770631, 4769399.649191398173571 ], [ 8298507.631949450820684, 4769498.254746558144689 ], [ 8298430.45128910522908, 4769613.39970369450748 ], [ 8298347.743891280144453, 4769739.517778193578124 ], [ 8298292.612262669019401, 4769821.765338792465627 ], [ 8298254.031862143427134, 4769876.590923112817109 ], [ 8298231.88144108466804, 4769931.471314677037299 ], [ 8298242.688557278364897, 4769964.479066021740437 ], [ 8298264.497792282141745, 4769986.532250541262329 ], [ 8298352.125797091983259, 4769986.820564638823271 ], [ 8298434.252723748795688, 4769992.585540372878313 ], [ 8298461.490802054293454, 4770025.647240322083235 ], [ 8298504.820288150571287, 4770135.697471188381314 ], [ 8298569.864158690907061, 4770289.783741964958608 ], [ 8298656.890737369656563, 4770427.456694430671632 ], [ 8298755.307832806371152, 4770466.246016432531178 ], [ 8298842.940044680610299, 4770466.530083455145359 ], [ 8298886.924245661124587, 4770428.203349542804062 ], [ 8298920.17060465272516, 4770340.381617321632802 ], [ 8298948.107252459973097, 4770214.0747578907758 ], [ 8298965.017829393967986, 4770104.219995870254934 ], [ 8299003.834740664809942, 4769994.437049196101725 ], [ 8299102.679382494650781, 4769934.306222582235932 ], [ 8299201.475175088271499, 4769885.165291867218912 ], [ 8299278.434704317711294, 4769819.467901336029172 ], [ 8299339.0109509145841, 4769742.727458632551134 ], [ 8299405.015484808944166, 4769676.995207352563739 ], [ 8299459.80490995477885, 4769671.674129474908113 ], [ 8299541.906322642229497, 4769682.92499213013798 ], [ 8299662.178608255460858, 4769732.76234107837081 ], [ 8299765.951633318327367, 4769799.032359484583139 ], [ 8299891.538947304710746, 4769887.351199617609382 ], [ 8299995.315074718557298, 4769953.619871501810849 ], [ 8300071.802059107460082, 4769997.821296011097729 ], [ 8300159.453644919209182, 4769992.598801649175584 ], [ 8300192.360992786474526, 4769981.710103078745306 ] ] ] } },
{ "type": "Feature", "properties": { "layer": "LDLYAAE002" }, "geometry": { "type": "Polygon", "coordinates": [ [ [ 8289186.761575351469219, 4769692.27991611417383 ], [ 8289235.551141169853508, 4769644.101353919133544 ], [ 8289235.723887845873833, 4769611.713388095609844 ], [ 8289220.007344400510192, 4769525.211322393268347 ], [ 8289166.603801394812763, 4769427.600591002032161 ], [ 8289086.327362155541778, 4769313.572640562430024 ], [ 8288995.21084743924439, 4769210.251082566566765 ], [ 8288860.931308511644602, 4769111.967637876980007 ], [ 8288732.133425777778029, 4768997.53526274394244 ], [ 8288640.994388327002525, 4768899.611189701594412 ], [ 8288528.056365930475295, 4768844.687176764942706 ], [ 8288393.348058950155973, 4768827.364057858474553 ], [ 8288285.365206004120409, 4768853.446435185149312 ], [ 8288166.422082661651075, 4768911.822296088561416 ], [ 8288079.593938893638551, 4769013.650973585434258 ], [ 8287992.646342863328755, 4769137.071101190522313 ], [ 8287895.059616878628731, 4769233.411572858691216 ], [ 8287846.08853099308908, 4769313.968802444636822 ], [ 8287829.351634045131505, 4769416.391112895682454 ], [ 8287850.447891258634627, 4769502.939519142732024 ], [ 8287904.104565314017236, 4769551.976426288485527 ], [ 8287952.516430337913334, 4769573.977843996137381 ], [ 8288044.243104360066354, 4769563.954734426923096 ], [ 8288184.616916061379015, 4769532.747847043909132 ], [ 8288303.391551919281483, 4769506.755438651889563 ], [ 8288454.256380190141499, 4769529.61469567194581 ], [ 8288599.554650042206049, 4769584.814371082931757 ], [ 8288701.803807486779988, 4769623.457389833405614 ], [ 8288841.74180000834167, 4769673.210846544243395 ], [ 8288997.973503675311804, 4769701.505176950246096 ], [ 8289127.331055654212832, 4769713.378734456375241 ], [ 8289186.761575351469219, 4769692.27991611417383 ] ] ] } },
{ "type": "Feature", "properties": { "layer": "LDLYAAE002" }, "geometry": { "type": "MultiPolygon", "coordinates": [ [ [ [ 8278535.897140116430819, 4769405.335984154604375 ], [ 8278573.921364089474082, 4769423.08961751870811 ], [ 8278834.692547068931162, 4769556.173937139101326 ], [ 8278834.581224321387708, 4769556.173936324194074 ], [ 8278695.041396492160857, 4769555.359577355906367 ], [ 8278597.193499518558383, 4769545.882609700784087 ], [ 8278544.075165177695453, 4769501.047901915386319 ], [ 8278535.459370877593756, 4769456.473754692822695 ], [ 8278535.785817371681333, 4769405.335983340628445 ], [ 8278535.897140116430819, 4769405.335984154604375 ] ] ] ] } },
{ "type": "Feature", "properties": { "layer": "LDLYAAE002" }, "geometry": { "type": "MultiPolygon", "coordinates": [ [ [ [ 8282190.943021054379642, 4768623.840544759295881 ], [ 8281978.324965271167457, 4768637.379585868678987 ], [ 8281434.200896041467786, 4768613.892549846321344 ], [ 8281293.245015480555594, 4768604.154987037181854 ], [ 8281173.225491188466549, 4768569.14511366840452 ], [ 8280846.45607085712254, 4768515.313317654654384 ], [ 8280651.66285867523402, 4768513.569679761305451 ], [ 8280398.65854736417532, 4768509.93870136141777 ], [ 8279847.533919821493328, 4768529.71174346935004 ], [ 8279686.074377855286002, 4768550.52712185960263 ], [ 8279503.19036899227649, 4768574.101346530020237 ], [ 8279303.720024437643588, 4768612.624899408780038 ], [ 8279195.92456625122577, 4768644.344909808598459 ], [ 8279103.583000308834016, 4768681.057426739484072 ], [ 8278556.745939586311579, 4768792.644747084006667 ], [ 8278597.577730939723551, 4768863.690720563754439 ], [ 8278610.366356136277318, 4768950.532321862876415 ], [ 8278602.800771091133356, 4769090.650929144583642 ], [ 8278588.563842729665339, 4769230.732718861661851 ], [ 8278536.028093311004341, 4769367.430379825644195 ], [ 8278535.785817371681333, 4769405.335983340628445 ], [ 8278535.897140116430819, 4769405.335984154604375 ], [ 8278573.921364089474082, 4769423.08961751870811 ], [ 8278834.686210842803121, 4769556.170703431591392 ], [ 8279077.81665163859725, 4769548.68389149941504 ], [ 8279380.431716631166637, 4769550.435563581995666 ], [ 8279638.544409085065126, 4769551.922548338770866 ], [ 8279941.159839371219277, 4769553.657615372911096 ], [ 8280190.372448968701065, 4769555.079460653476417 ], [ 8280386.182474350556731, 4769556.192069732584059 ], [ 8280537.490245089866221, 4769557.049620099365711 ], [ 8280688.743057600222528, 4769566.809062686748803 ], [ 8281395.824709644541144, 4769587.461373770609498 ], [ 8281562.613666765391827, 4769588.389335738494992 ], [ 8281749.498207088559866, 4769576.076574014499784 ], [ 8281922.958764678798616, 4769577.035499372519553 ], [ 8282109.762139392085373, 4769578.064878428354859 ], [ 8282216.507095512002707, 4769578.651579128578305 ], [ 8282323.412680708803236, 4769552.538793828338385 ], [ 8282437.149373077787459, 4769499.763221179135144 ], [ 8282564.387763788923621, 4769420.361456612125039 ], [ 8282644.804476406425238, 4769360.727896113879979 ], [ 8282698.654498875141144, 4769280.925189483910799 ], [ 8282725.978004295378923, 4769174.280877122655511 ], [ 8282733.167512630112469, 4769087.551198186352849 ], [ 8282740.516369435936213, 4768974.125400636345148 ], [ 8282721.300081632100046, 4768840.533607479184866 ], [ 8282668.769513871520758, 4768700.087847547605634 ], [ 8282662.657237900421023, 4768606.615599658340216 ], [ 8282683.173538254573941, 4768558.161166882142425 ], [ 8282683.062215508893132, 4768558.16116607002914 ], [ 8282386.886961475014687, 4768610.028780299238861 ], [ 8282190.943021054379642, 4768623.840544759295881 ] ] ], [ [ [ 8278834.692547068931162, 4769556.173937139101326 ], [ 8278834.686210842803121, 4769556.170703431591392 ], [ 8278834.581224321387708, 4769556.173936324194074 ], [ 8278834.692547068931162, 4769556.173937139101326 ] ] ] ] } },
{ "type": "Feature", "properties": { "layer": "LDLYAAE002" }, "geometry": { "type": "Polygon", "coordinates": [ [ [ 8291371.751962285488844, 4769494.279009288176894 ], [ 8291436.293041904456913, 4769527.190307303331792 ], [ 8291511.673848525620997, 4769549.392781155183911 ], [ 8291656.962097546085715, 4769609.946223460137844 ], [ 8291748.603474009782076, 4769616.064517087303102 ], [ 8291797.272411113604903, 4769589.155218538828194 ], [ 8291802.967511658556759, 4769529.555283228866756 ], [ 8291803.435215525329113, 4769437.413617767393589 ], [ 8291814.934804324992001, 4769296.535363177768886 ], [ 8291810.230007101781666, 4769161.015618396922946 ], [ 8291799.940930351614952, 4769063.414994117803872 ], [ 8291751.770124113187194, 4768992.765700071118772 ], [ 8291649.707134690135717, 4768916.483614832162857 ], [ 8291536.86215671338141, 4768840.158419404178858 ], [ 8291391.777854449115694, 4768742.025156821124256 ], [ 8291263.122287703678012, 4768595.17864525038749 ], [ 8291145.142439353279769, 4768470.054061270318925 ], [ 8291016.214448043145239, 4768377.402989966794848 ], [ 8290930.170783749781549, 4768333.70032046828419 ], [ 8290800.994189085438848, 4768289.822758290916681 ], [ 8290650.083712939172983, 4768278.373078870587051 ], [ 8290347.813985439948738, 4768341.591714418493211 ], [ 8290002.554159143939614, 4768376.538429609499872 ], [ 8289813.70587323512882, 4768401.969960454851389 ], [ 8289565.406003136187792, 4768453.894394466653466 ], [ 8289381.631618635728955, 4768538.734139232896268 ], [ 8289327.255123392678797, 4768624.645858553238213 ], [ 8289310.591695947572589, 4768716.268824923783541 ], [ 8289288.133811352774501, 4768883.413971852511168 ], [ 8289282.167327074334025, 4768991.321808802895248 ], [ 8289303.41906120069325, 4769050.875330225564539 ], [ 8289367.921534373424947, 4769089.196299293078482 ], [ 8289502.406172023154795, 4769149.688663782551885 ], [ 8289642.398589881137013, 4769188.633068294264376 ], [ 8289803.874943170696497, 4769243.947094452567399 ], [ 8289943.756329365074635, 4769304.478961047716439 ], [ 8290056.678417880088091, 4769364.787308092229068 ], [ 8290191.057904873043299, 4769446.863735744729638 ], [ 8290341.869853529147804, 4769480.490315102040768 ], [ 8290444.349394928663969, 4769475.931733418256044 ], [ 8290611.787874259985983, 4769423.320013242773712 ], [ 8290849.154735927470028, 4769403.664346879348159 ], [ 8291021.648014469072223, 4769415.864558700472116 ], [ 8291226.411878432147205, 4769444.51796864438802 ], [ 8291371.751962285488844, 4769494.279009288176894 ] ] ] } },
{ "type": "Feature", "properties": { "layer": "LDLYAAE002" }, "geometry": { "type": "MultiPolygon", "coordinates": [ [ [ [ 8300988.797385804355145, 4768353.477140315808356 ], [ 8300832.602580750361085, 4768265.030947756953537 ], [ 8300679.280160648748279, 4768161.713407980278134 ], [ 8300525.879430031403899, 4768077.678408179432154 ], [ 8300340.31405623536557, 4768025.682457223534584 ], [ 8300180.15743868984282, 4768025.186613252386451 ], [ 8300058.41088776383549, 4768031.236198663711548 ], [ 8299910.819737676531076, 4768088.627876444719732 ], [ 8299776.011759773828089, 4768152.486083593219519 ], [ 8299653.876962404698133, 4768248.523827734403312 ], [ 8299538.146581264212728, 4768344.581220896914601 ], [ 8299409.711658848449588, 4768414.884671576321125 ], [ 8299249.409624449908733, 4768446.515115972608328 ], [ 8299069.830751419998705, 4768490.9376329947263 ], [ 8298922.255319768562913, 4768541.889132526703179 ], [ 8298883.731530571356416, 4768561.049910650588572 ], [ 8298748.939234015531838, 4768618.468680604360998 ], [ 8298697.601323307491839, 4768637.587369723245502 ], [ 8298588.518635648302734, 4768675.802563570439816 ], [ 8298408.904573868960142, 4768726.642740502953529 ], [ 8298203.747279859147966, 4768758.11015297845006 ], [ 8298069.034388104453683, 4768796.235682429745793 ], [ 8297934.23439525719732, 4768853.645087091252208 ], [ 8297857.036748677492142, 4768924.102088702842593 ], [ 8297779.751306251622736, 4769013.845147815532982 ], [ 8297708.75610108487308, 4769129.324021864682436 ], [ 8297650.602299274876714, 4769238.418389242142439 ], [ 8297618.751053309999406, 4769257.25554487016052 ], [ 8297618.751053309999406, 4769257.25554487016052 ], [ 8297509.590075035579503, 4769250.801773617044091 ], [ 8297349.588639587163925, 4769211.688273025676608 ], [ 8297253.717002463527024, 4769159.933024931699038 ], [ 8297202.696420902386308, 4769121.187000442296267 ], [ 8297140.951556696556509, 4769060.731671121902764 ], [ 8297140.951556696556509, 4769060.731671121902764 ], [ 8297145.690525872632861, 4768998.847590025514364 ], [ 8297190.78109033126384, 4768928.286165725439787 ], [ 8297261.639449364505708, 4768825.669730194844306 ], [ 8297319.649471261538565, 4768748.724155040457845 ], [ 8297352.235883397050202, 4768626.693763324990869 ], [ 8297359.049445049837232, 4768536.719304699450731 ], [ 8297333.685080305673182, 4768478.778338444419205 ], [ 8297257.068811136297882, 4768420.663814551196992 ], [ 8297129.281041476875544, 4768388.087578227743506 ], [ 8297001.552656503394246, 4768349.081991674378514 ], [ 8296886.497758714482188, 4768335.831207360140979 ], [ 8296771.443495472893119, 4768322.579123700968921 ], [ 8296694.937199169769883, 4768270.889859381131828 ], [ 8296631.635787003673613, 4768129.251632171683013 ], [ 8296606.972140652127564, 4767929.897173897363245 ], [ 8296588.467344184406102, 4767781.990434751845896 ], [ 8296588.91085906047374, 4767685.57399611454457 ], [ 8296608.568276172503829, 4767582.797477772459388 ], [ 8296660.227738624438643, 4767473.704675554297864 ], [ 8296782.079389867372811, 4767396.992832438088953 ], [ 8297018.972247885540128, 4767333.528919749893248 ], [ 8297294.371528179384768, 4767257.335699114948511 ], [ 8297461.269366723485291, 4767180.769547622650862 ], [ 8297589.759821045212448, 4767097.64515741635114 ], [ 8297718.017161243595183, 4767065.938041916117072 ], [ 8297890.883524439297616, 4767085.79784728307277 ], [ 8298108.389982016757131, 4767150.794703493826091 ], [ 8298357.928026892244816, 4767215.892612398602068 ], [ 8298505.005226004868746, 4767274.222609057091177 ], [ 8298677.622546005062759, 4767351.916705840267241 ], [ 8298856.507749738171697, 4767461.766895377077162 ], [ 8299035.480820533819497, 4767552.332605168223381 ], [ 8299246.65471089631319, 4767604.43192011397332 ], [ 8299438.834534545429051, 4767605.044179270975292 ], [ 8299579.987792005762458, 4767554.069428968243301 ], [ 8299734.199610133655369, 4767445.284826308488846 ], [ 8299862.812052146531641, 4767329.991208667866886 ], [ 8299939.983571190387011, 4767259.529268980957568 ], [ 8300254.983139215968549, 4766996.982235139235854 ], [ 8300325.716812690719962, 4766932.927246430888772 ], [ 8300403.01775524020195, 4766830.328176806680858 ], [ 8300454.722528243437409, 4766721.223986786790192 ], [ 8300519.209887129254639, 4766618.586827167309821 ], [ 8300596.425483680330217, 4766535.270621987059712 ], [ 8300699.179913712665439, 4766471.313594534061849 ], [ 8300833.825357692316175, 4766439.588256550952792 ], [ 8301096.280999365262687, 4766478.944263878278434 ], [ 8301326.738824128173292, 4766511.770985023118556 ], [ 8301525.197737300768495, 4766538.07023234013468 ], [ 8301672.33610272873193, 4766583.495809615589678 ], [ 8301748.964145836420357, 4766641.566520432010293 ], [ 8301767.943983291275799, 4766699.467209349386394 ], [ 8301767.812652423977852, 4766731.602789107710123 ], [ 8301710.032190956175327, 4766763.568685688078403 ], [ 8301600.928125938400626, 4766814.66458765976131 ], [ 8301562.257367461919785, 4766872.395894829183817 ], [ 8301574.804768569767475, 4766936.706434866413474 ], [ 8301683.436561848036945, 4767001.301786968484521 ], [ 8301830.529861683957279, 4767059.581882876344025 ], [ 8302047.930917089805007, 4767156.630205997265875 ], [ 8302150.292542138136923, 4767189.065835346467793 ], [ 8302276.789700471796095, 4767255.520539422519505 ], [ 8302276.789700471796095, 4767255.520539422519505 ], [ 8302040.910631205886602, 4767506.781709687784314 ], [ 8301857.256963824853301, 4767679.939455107785761 ], [ 8301857.256963824853301, 4767679.939455107785761 ], [ 8301681.225483925081789, 4767541.211967579089105 ], [ 8301476.790075571276248, 4767405.624117868952453 ], [ 8301297.903811308555305, 4767289.393420671112835 ], [ 8301087.019533528015018, 4767166.637104573659599 ], [ 8300926.956756214611232, 4767146.8709048749879 ], [ 8300728.271839525550604, 4767171.977468863129616 ], [ 8300587.210928930900991, 4767203.684033123776317 ], [ 8300458.960250148549676, 4767235.428334566764534 ], [ 8300343.412054840475321, 4767292.920522766187787 ], [ 8300266.134036302566528, 4767389.096033913083375 ], [ 8300272.158924743533134, 4767479.102078092284501 ], [ 8300374.463598703965545, 4767524.412136522121727 ], [ 8300572.777698736637831, 4767589.29937138222158 ], [ 8300713.251549296081066, 4767699.001614704728127 ], [ 8300834.456417561508715, 4767821.500217597000301 ], [ 8300974.80244688782841, 4767963.34109837282449 ], [ 8301115.365881296806037, 4768053.757659988477826 ], [ 8301262.49791463278234, 4768105.624012921005487 ], [ 8301296.252337835729122, 4768121.885195475071669 ], [ 8301296.252337835729122, 4768121.885195475071669 ], [ 8300988.908708552829921, 4768353.477141122333705 ], [ 8300988.797385804355145, 4768353.477140315808356 ] ] ] ] } },
{ "type": "Feature", "properties": { "layer": "LDLYAAE002" }, "geometry": { "type": "MultiPolygon", "coordinates": [ [ [ [ 8257522.181915164925158, 4761836.874834965914488 ], [ 8257522.262660998851061, 4761836.899204833433032 ], [ 8257522.293237901292741, 4761836.874835786409676 ], [ 8257522.181915164925158, 4761836.874834965914488 ] ] ], [ [ [ 8257319.370331138372421, 4762025.407502363435924 ], [ 8257194.169612534344196, 4762118.20785207208246 ], [ 8256988.480282079428434, 4762224.90235223248601 ], [ 8256775.732992053031921, 4762309.953899779357016 ], [ 8256591.85875619482249, 4762423.977184408344328 ], [ 8256517.926930327899754, 4762502.69724137429148 ], [ 8256516.93253658991307, 4762589.075067742727697 ], [ 8256566.887847973033786, 4762690.171354360878468 ], [ 8256668.043629091233015, 4762784.391058832406998 ], [ 8256746.962871984578669, 4762907.26658025290817 ], [ 8256753.438391179777682, 4762979.296755124814808 ], [ 8256680.33090222068131, 4762986.037282192148268 ], [ 8256483.827813259325922, 4762927.211073461920023 ], [ 8256105.433188206516206, 4762809.640665522776544 ], [ 8255893.749490655958652, 4762801.099675503559411 ], [ 8255594.271070570684969, 4762806.392116580158472 ], [ 8255280.187932482920587, 4762811.58199074305594 ], [ 8255031.909423999488354, 4762809.98678504768759 ], [ 8254769.026570911519229, 4762808.291067185811698 ], [ 8254549.704500709660351, 4762828.467979328706861 ], [ 8254446.544380029663444, 4762906.986179704777896 ], [ 8254364.783354804851115, 4763028.836852563545108 ], [ 8254298.301199607551098, 4763093.195445187389851 ], [ 8254217.635906215757132, 4763121.466137886047363 ], [ 8254151.321068079210818, 4763171.42693455517292 ], [ 8254149.629905230365694, 4763315.399069661274552 ], [ 8254176.219513562507927, 4763538.749947442673147 ], [ 8254174.190567089244723, 4763711.522861536592245 ], [ 8254144.471036181785166, 4763754.525789713487029 ], [ 8254107.956235632300377, 4763754.28743052482605 ], [ 8253999.004483813419938, 4763703.178994765505195 ], [ 8253810.654606439173222, 4763572.35546025633812 ], [ 8253673.513908467255533, 4763434.667706706561148 ], [ 8253602.100410453975201, 4763297.412624260410666 ], [ 8253538.076828565448523, 4763153.008667736314237 ], [ 8253416.31592027284205, 4762950.633797721005976 ], [ 8253286.831843981519341, 4762784.204217378981411 ], [ 8253106.407526953145862, 4762603.041198984719813 ], [ 8252961.987371635623276, 4762465.308735966682434 ], [ 8252860.101007311604917, 4762435.83692963141948 ], [ 8252772.220223052427173, 4762456.847778556868434 ], [ 8252654.360379797406495, 4762542.445139277726412 ], [ 8252601.961132926866412, 4762650.075422038324177 ], [ 8252607.550157853402197, 4762794.088381178677082 ], [ 8252656.953856694512069, 4762938.395525122992694 ], [ 8252765.120607483200729, 4763054.300179963000119 ], [ 8253108.899737095460296, 4763625.322765119373798 ], [ 8253252.230474869720638, 4763856.65566298365593 ], [ 8253410.684834091924131, 4764044.893413919024169 ], [ 8253569.400146729312837, 4764211.534296466968954 ], [ 8253706.125158847309649, 4764385.231057079508901 ], [ 8253843.024842185899615, 4764544.529999264515936 ], [ 8253921.668861351907253, 4764689.047594207338989 ], [ 8253949.52773901168257, 4764804.433332008309662 ], [ 8253941.546070965006948, 4764861.983381900936365 ], [ 8253882.861522071994841, 4764883.199624830856919 ], [ 8253729.651733537204564, 4764867.793827009387314 ], [ 8253518.607592510990798, 4764801.602586488239467 ], [ 8253271.04798866994679, 4764735.166218088939786 ], [ 8253001.75139238499105, 4764654.179293011315167 ], [ 8252732.545152775011957, 4764565.986198967322707 ], [ 8252485.425410797819495, 4764463.534867902286351 ], [ 8252237.96686296351254, 4764389.87557664513588 ], [ 8251990.42584859393537, 4764323.410543475300074 ], [ 8251779.060066436417401, 4764285.983593373559415 ], [ 8251720.201838786713779, 4764321.584859318099916 ], [ 8251748.465839500539005, 4764400.975213337689638 ], [ 8251849.334158375859261, 4764516.857037964276969 ], [ 8251950.549512804485857, 4764603.941183926537633 ], [ 8252059.156130885705352, 4764683.874876903370023 ], [ 8252159.944471939466894, 4764806.956682817079127 ], [ 8252216.912773040123284, 4764929.744292153045535 ], [ 8252336.869115136563778, 4765283.371990941464901 ], [ 8252364.883183549158275, 4765384.368508644402027 ], [ 8252399.686841470189393, 4765528.615755999460816 ], [ 8252427.187012504786253, 4765672.816326074302197 ], [ 8252476.258285530842841, 4765845.966772110201418 ], [ 8252561.339742972515523, 4766062.56768590118736 ], [ 8252639.976792606525123, 4766207.11709410417825 ], [ 8252689.482306737452745, 4766344.272078337147832 ], [ 8252744.581785382702947, 4766625.495453353971243 ], [ 8252720.696873567998409, 4766790.972636063583195 ], [ 8252710.479371523484588, 4767035.76329302508384 ], [ 8252774.772111801430583, 4767158.623622937127948 ], [ 8252912.720119242556393, 4767231.561862243339419 ], [ 8253080.148003186099231, 4767283.088657023385167 ], [ 8253218.03319535870105, 4767370.530602756887674 ], [ 8253311.6839195555076, 4767493.713387737981975 ], [ 8253375.772880416363478, 4767645.509745331481099 ], [ 8253425.081355549395084, 4767811.615394107997417 ], [ 8253438.244813954457641, 4767941.429938180372119 ], [ 8253535.938355184160173, 4768356.526014258153737 ], [ 8253564.048634661361575, 4768457.626169417984784 ], [ 8253613.525827979668975, 4768609.330686964094639 ], [ 8253641.475755970925093, 4768724.846847951412201 ], [ 8253691.843907830305398, 4768797.280683212913573 ], [ 8253786.320783641189337, 4768848.408508136868477 ], [ 8253859.188086561858654, 4768870.551588260568678 ], [ 8253939.689423919655383, 4768863.919117477722466 ], [ 8253998.257548755034804, 4768857.129740042611957 ], [ 8254020.673794265836477, 4768814.045671290718019 ], [ 8254028.629034231416881, 4768756.443824800662696 ], [ 8254015.295805641449988, 4768641.032810471951962 ], [ 8253965.490400706417859, 4768518.155554921366274 ], [ 8253922.835076478309929, 4768409.744950897060335 ], [ 8253851.019289866089821, 4768293.920047638937831 ], [ 8253794.149127176962793, 4768149.375265285372734 ], [ 8253788.613976024091244, 4767990.785971225239336 ], [ 8253790.308695079758763, 4767839.457607201300561 ], [ 8253828.553420232608914, 4767688.392555658705533 ], [ 8253874.026876290328801, 4767544.588098203763366 ], [ 8253926.566877173259854, 4767422.454708926379681 ], [ 8254000.954387241974473, 4767307.684573643840849 ], [ 8254111.728411539457738, 4767207.586722823791206 ], [ 8254222.17842807713896, 4767136.310542111285031 ], [ 8254332.386091163381934, 4767086.650393720716238 ], [ 8254413.193567248992622, 4767051.193276783451438 ], [ 8254486.85140910372138, 4767001.272610358893871 ], [ 8254561.149559186771512, 4766893.708502429537475 ], [ 8254561.870791320689023, 4766828.859839917160571 ], [ 8254526.365164420567453, 4766734.93202826846391 ], [ 8254462.104175066575408, 4766597.566822964698076 ], [ 8254455.35618179384619, 4766547.078656415455043 ], [ 8254464.669962217099965, 4766367.003002944402397 ], [ 8254451.174609189853072, 4766266.029535780660808 ], [ 8254364.99033182207495, 4766128.514567406848073 ], [ 8254293.004544350318611, 4766034.393313268199563 ], [ 8254235.497670066542923, 4765954.806597702205181 ], [ 8254128.044830079190433, 4765774.080190585926175 ], [ 8254099.588692527264357, 4765709.086141850799322 ], [ 8254092.622897633351386, 4765680.237200782634318 ], [ 8254107.65486253798008, 4765644.331069360487163 ], [ 8254129.906497915275395, 4765615.673149558715522 ], [ 8254239.133121808059514, 4765645.189378958195448 ], [ 8254348.19141405634582, 4765689.104788968339562 ], [ 8254435.000007042661309, 4765761.678528135642409 ], [ 8254514.252114682458341, 4765855.806048312224448 ], [ 8254601.120238015428185, 4765928.436479545198381 ], [ 8254731.959378795698285, 4765994.208217372186482 ], [ 8254884.966889347881079, 4766038.518962534144521 ], [ 8255001.749955930747092, 4766053.751051424071193 ], [ 8255133.390611102804542, 4766047.470260973088443 ], [ 8255265.269881687127054, 4766019.573138386942446 ], [ 8255419.711086004041135, 4765934.189585438929498 ], [ 8255537.685309997759759, 4765841.344594120047987 ], [ 8255832.492173695936799, 4765620.036808446981013 ], [ 8255913.757443411275744, 4765541.345494702458382 ], [ 8256017.026434866711497, 4765455.601591934449971 ], [ 8256104.96570738311857, 4765434.595302424393594 ], [ 8256207.284860645420849, 4765435.302848505787551 ], [ 8256345.279115153476596, 4765515.509763943962753 ], [ 8256475.88846689928323, 4765602.869901017285883 ], [ 8256548.109431236051023, 4765682.622707933187485 ], [ 8256634.869963171891868, 4765769.68070577736944 ], [ 8256721.475332621484995, 4765871.148166603408754 ], [ 8256852.327913594432175, 4765936.892045663669705 ], [ 8256991.118166888132691, 4765945.046421692706645 ], [ 8257115.760498961433768, 4765909.870676479302347 ], [ 8257189.709816008806229, 4765831.116578241810203 ], [ 8257198.035674148239195, 4765737.505691102705896 ], [ 8257148.439565123058856, 4765593.065444259904325 ], [ 8257033.929908256977797, 4765368.929807398468256 ], [ 8256948.81539149209857, 4765130.589353883638978 ], [ 8256757.223984641954303, 4764603.346018780954182 ], [ 8256722.176824049092829, 4764466.223820159211755 ], [ 8256716.518310087732971, 4764314.896635353565216 ], [ 8256724.768485310487449, 4764228.503511587157845 ], [ 8256776.863882246427238, 4764142.411841627210379 ], [ 8256879.876027137972414, 4764078.280727663077414 ], [ 8257012.116448309272528, 4764014.348278752528131 ], [ 8257078.666713612154126, 4763942.763169256038964 ], [ 8257108.91387196816504, 4763849.319312639534473 ], [ 8257124.702216169796884, 4763741.369952554814517 ], [ 8257161.629789968021214, 4763705.602653233334422 ], [ 8257241.931663601659238, 4763713.352849272079766 ], [ 8257394.369692333042622, 4763808.037742538377643 ], [ 8257554.040294667705894, 4763909.974185810424387 ], [ 8257713.480402024462819, 4764033.51930193696171 ], [ 8257850.846341283991933, 4764171.32257092371583 ], [ 8257958.130688571371138, 4764388.169598717242479 ], [ 8258028.880008038133383, 4764604.774759694933891 ], [ 8258121.401580030098557, 4764835.938882316462696 ], [ 8258236.161986696533859, 4765038.43826624378562 ], [ 8258380.005561587400734, 4765255.544479354284704 ], [ 8258509.779445976018906, 4765422.124464133754373 ], [ 8258645.649516005069017, 4765523.640384392812848 ], [ 8258824.732355492189527, 4765574.846535148099065 ], [ 8258975.537974449805915, 4765582.699188945814967 ], [ 8259076.433096902444959, 4765554.311440627090633 ], [ 8259127.340099505148828, 4765496.890078319236636 ], [ 8259202.021585084497929, 4765230.632432811893523 ], [ 8259276.546066132374108, 4764978.789411417208612 ], [ 8259380.262410049326718, 4764683.850275466218591 ], [ 8259497.729782095178962, 4764446.609648627229035 ], [ 8259643.8510787114501, 4764216.697736476548016 ], [ 8259775.52202507853508, 4763993.932035521604121 ], [ 8259922.238795664161444, 4763706.399912784807384 ], [ 8259958.460604826919734, 4763677.737279865890741 ], [ 8260037.631235640496016, 4763663.661124950274825 ], [ 8260058.422409565187991, 4763735.783952095545828 ], [ 8260092.746361120603979, 4763887.204283835366368 ], [ 8260171.083931002765894, 4763952.364741190336645 ], [ 8260300.163909649476409, 4763974.513062031939626 ], [ 8260465.844065407291055, 4763931.97682245913893 ], [ 8260603.165979783050716, 4763853.302578619681299 ], [ 8260712.053043174557388, 4763745.695774466730654 ], [ 8260799.990577989257872, 4763580.374945299699903 ], [ 8260923.465319888666272, 4763451.218095076270401 ], [ 8261062.036526416428387, 4763349.942754527553916 ], [ 8261115.473690256476402, 4763297.1293831365183 ], [ 8261244.141843854449689, 4763274.924793077632785 ], [ 8261387.445556463673711, 4763298.232668104581535 ], [ 8261500.136853920295835, 4763359.294749488122761 ], [ 8261597.326472835615277, 4763458.173115186393261 ], [ 8261679.093322351574898, 4763587.293837394565344 ], [ 8261707.268961005844176, 4763784.386770526878536 ], [ 8261690.585821492597461, 4763935.845114172436297 ], [ 8261635.653364752419293, 4764132.610851801931858 ], [ 8261528.381182505749166, 4764276.132911989465356 ], [ 8261398.912099507637322, 4764374.106414956972003 ], [ 8261231.504664619453251, 4764487.07822713535279 ], [ 8261048.26946063991636, 4764668.175756414420903 ], [ 8260895.568495453335345, 4764819.090415241196752 ], [ 8260803.628668528050184, 4764939.945821864530444 ], [ 8260719.083473870530725, 4765075.986420932225883 ], [ 8260649.330954842269421, 4765242.398596527986228 ], [ 8260602.880849393084645, 4765348.289547274820507 ], [ 8260602.165415390394628, 4765416.48330556973815 ], [ 8260639.470566377043724, 4765462.101599846035242 ], [ 8260722.432146713137627, 4765477.598016295582056 ], [ 8260798.075391083955765, 4765470.33138061966747 ], [ 8260888.831238325685263, 4765463.125976408831775 ], [ 8261017.289720751345158, 4765463.651156923733652 ], [ 8261198.326846388168633, 4765494.698428663425148 ], [ 8261417.384179769083858, 4765503.163883425295353 ], [ 8261621.486214655451477, 4765496.409430715255439 ], [ 8261727.433506357483566, 4765481.68019578140229 ], [ 8261864.155559974722564, 4765414.030561278574169 ], [ 8262084.622437586076558, 4765286.094420874491334 ], [ 8262214.253274258226156, 4765172.949364902451634 ], [ 8262290.049683025106788, 4765150.518006137572229 ], [ 8262365.455109513364732, 4765165.970355248078704 ], [ 8262463.138801733031869, 4765219.396226775832474 ], [ 8262590.73659729398787, 4765303.248585350811481 ], [ 8262786.343877073377371, 4765387.365598432719707 ], [ 8262906.934403822757304, 4765418.145629093982279 ], [ 8262989.743682662956417, 4765448.777344880625606 ], [ 8263072.39825261477381, 4765494.563282774761319 ], [ 8263200.314698748290539, 4765548.101059344597161 ], [ 8263388.375244237482548, 4765632.179155120626092 ], [ 8263583.9184610825032, 4765723.860913204960525 ], [ 8263719.011406635865569, 4765815.309459200128913 ], [ 8263785.864924003370106, 4765929.231061763130128 ], [ 8263859.429300351068377, 4766126.536063335835934 ], [ 8263939.706364366225898, 4766407.229509379714727 ], [ 8264042.813681743107736, 4766672.859595079906285 ], [ 8264146.694931846112013, 4766862.713150676339865 ], [ 8264304.174011766910553, 4766984.562932203523815 ], [ 8264529.982185642234981, 4767076.352480092085898 ], [ 8264713.402887606061995, 4767131.883101808838546 ], [ 8264808.774417511187494, 4767160.755324390716851 ], [ 8264943.821785357780755, 4767259.779235295020044 ], [ 8264965.42747572157532, 4767365.962823877111077 ], [ 8264949.091773255728185, 4767487.165609710849822 ], [ 8264963.368814800865948, 4767570.587708305567503 ], [ 8265008.640821408480406, 4767578.333528007380664 ], [ 8265061.546878484077752, 4767578.528578313998878 ], [ 8265122.086872070096433, 4767571.172412449494004 ], [ 8265273.55112983379513, 4767541.411556769162416 ], [ 8265425.090395778417587, 4767504.070351446978748 ], [ 8265879.097033524885774, 4767452.661937410011888 ], [ 8266219.609577663242817, 4767439.246285700239241 ], [ 8266567.406716207042336, 4767471.682146375067532 ], [ 8266930.206919057294726, 4767519.387030746787786 ], [ 8267224.910737156867981, 4767566.684097765944898 ], [ 8267496.523204253055155, 4767659.42131834756583 ], [ 8267760.311613276600838, 4767782.495597778819501 ], [ 8268008.777035016566515, 4767928.268364914692938 ], [ 8268227.176809201017022, 4768051.073288982734084 ], [ 8268392.741682135500014, 4768158.379705241881311 ], [ 8268513.231448151171207, 4768227.441784947179258 ], [ 8268603.973153386265039, 4768235.553884513676167 ], [ 8268657.073068000376225, 4768220.66007315646857 ], [ 8268702.99442639760673, 4768160.140487841330469 ], [ 8268756.741326871328056, 4768069.27610338293016 ], [ 8268780.024932789616287, 4768001.032076605595648 ], [ 8268912.283446658402681, 4767576.339485669508576 ], [ 8268943.97123652882874, 4767409.386164071969688 ], [ 8268945.133892427198589, 4767272.650120506063104 ], [ 8268908.270580501295626, 4767158.492063556797802 ], [ 8268855.88765206374228, 4767089.826701386831701 ], [ 8268735.538592943921685, 4767005.584836685098708 ], [ 8268569.469565399922431, 4766959.065149676054716 ], [ 8268425.84101277962327, 4766943.056367568671703 ], [ 8268214.247256030328572, 4766911.465158787555993 ], [ 8267919.492422540672123, 4766871.796633832156658 ], [ 8267753.363952105864882, 4766832.860320263542235 ], [ 8267665.761356011964381, 4766765.469882846809924 ], [ 8267595.721344952471554, 4766687.621307777240872 ], [ 8267528.480624599382281, 4766588.481971279717982 ], [ 8267461.503956937231123, 4766458.959729969501495 ], [ 8267410.054768196307123, 4766283.952889979816973 ], [ 8267388.343718008138239, 4766169.887671212665737 ], [ 8267363.649346802383661, 4765593.637882388196886 ], [ 8267395.735306705348194, 4765404.310425877571106 ], [ 8267473.232132443226874, 4765207.565261272713542 ], [ 8267572.65175667591393, 4765086.670597282238305 ], [ 8267694.514623565599322, 4764988.58431589230895 ], [ 8267808.522771717049181, 4764920.778871006332338 ], [ 8267952.827590086497366, 4764845.49833847116679 ], [ 8268066.610856213606894, 4764800.421290281228721 ], [ 8268180.393120722845197, 4764755.343138228170574 ], [ 8268271.875071869231761, 4764672.304413829930127 ], [ 8268363.355844645760953, 4764589.26551597379148 ], [ 8268432.241343866102397, 4764498.574109341949224 ], [ 8268523.498393045738339, 4764438.26443959120661 ], [ 8268622.089862974360585, 4764400.709060772322118 ], [ 8268803.646067497320473, 4764378.580451092682779 ], [ 8268969.870437948033214, 4764379.128546040505171 ], [ 8269196.40198425296694, 4764410.492270628921688 ], [ 8269423.139587252400815, 4764434.544645858928561 ], [ 8269604.107913525775075, 4764503.905476536601782 ], [ 8269739.755621659569442, 4764565.416821878403425 ], [ 8269839.106285613030195, 4764752.240435882471502 ], [ 8269897.869317829608917, 4764965.346351671032608 ], [ 8269956.719772255979478, 4765168.323790672235191 ], [ 8269995.728043762035668, 4765330.66409360524267 ], [ 8270964.313438082113862, 4765371.43593511171639 ], [ 8271087.133352641016245, 4765385.093532332219183 ], [ 8271210.06095268111676, 4765385.758750394918025 ], [ 8271384.85513305477798, 4765373.710960626602173 ], [ 8271521.095237757079303, 4765329.249044687487185 ], [ 8271605.842926053330302, 4765252.052649147808552 ], [ 8271716.627836567349732, 4765155.599992950446904 ], [ 8271833.720114277675748, 4765078.690283107571304 ], [ 8271969.846095805056393, 4765047.418023726902902 ], [ 8272112.068262617103755, 4765061.668315914459527 ], [ 8272273.222201080061495, 4765134.545236404985189 ], [ 8272421.015023166313767, 4765259.269356848672032 ], [ 8272536.516240064054728, 4765377.212707404978573 ], [ 8272645.919824182987213, 4765449.630166445858777 ], [ 8272710.723113594576716, 4765437.207777433097363 ], [ 8272736.971469094976783, 4765391.966602604836226 ], [ 8272724.771177518181503, 4765300.916562363505363 ], [ 8272699.737112761475146, 4765196.763336774893105 ], [ 8272668.392759587615728, 4765073.067999493330717 ], [ 8272675.390404105186462, 4765008.172242000699043 ], [ 8272694.851500375196338, 4765001.847638414241374 ], [ 8272772.168729458004236, 4765041.500797578133643 ], [ 8272849.064710449427366, 4765133.115815216675401 ], [ 8272945.002710949629545, 4765270.368868986144662 ], [ 8273027.740658219903708, 4765439.987139500677586 ], [ 8273097.541759595274925, 4765609.494471116922796 ], [ 8273147.620234836824238, 4765817.809142052195966 ], [ 8273204.118240755051374, 4766032.6800596145913 ], [ 8273279.87202034983784, 4766267.212824982590973 ], [ 8273349.840007052756846, 4766417.243870615959167 ], [ 8273439.640267644077539, 4766515.476229245774448 ], [ 8273529.965167789719999, 4766548.746076991781592 ], [ 8273620.708389079198241, 4766530.045141406357288 ], [ 8273666.157951285131276, 4766510.950244972482324 ], [ 8273738.558335481211543, 4766358.908686268143356 ], [ 8273759.116376773454249, 4766216.163859784603119 ], [ 8273773.464018465951085, 4766040.885496982373297 ], [ 8273826.579454828985035, 4765872.442218106240034 ], [ 8273937.714240697212517, 4765730.489005537703633 ], [ 8274087.405413630418479, 4765621.3502028407529 ], [ 8274211.007072552107275, 4765537.96925303619355 ], [ 8274256.865731958299875, 4765466.909077330492437 ], [ 8274264.423060839064419, 4765330.559424492530525 ], [ 8274215.308525227941573, 4764998.849849887192249 ], [ 8274147.359767001122236, 4764595.537787578068674 ], [ 8274083.49809786118567, 4764491.059471439570189 ], [ 8273987.552119974046946, 4764353.827714772894979 ], [ 8273865.62852521520108, 4764229.362233906053007 ], [ 8273782.209001488983631, 4764144.201530591584742 ], [ 8273769.791986580938101, 4764079.142681049183011 ], [ 8273848.043031447567046, 4764001.880222904495895 ], [ 8274075.282905729487538, 4763899.927038236521184 ], [ 8274308.883581607602537, 4763811.014544536359608 ], [ 8274581.085610461421311, 4763748.408625050447881 ], [ 8275021.52070523891598, 4763680.740981760434806 ], [ 8275293.203813630156219, 4763683.060325949452817 ], [ 8275551.746170910075307, 4763711.240431531332433 ], [ 8275816.707828781567514, 4763745.963042451068759 ], [ 8275978.121342367492616, 4763786.298621479421854 ], [ 8276097.942431655712426, 4763828.512813654728234 ], [ 8276126.446820777840912, 4763846.006168828345835 ], [ 8276171.121588038280606, 4763924.32290946226567 ], [ 8276183.300816915929317, 4764021.85141636710614 ], [ 8276166.982348420657218, 4764279.523614032194018 ], [ 8276144.022947883233428, 4764642.042305027134717 ], [ 8276565.849274746142328, 4766129.9045739043504 ], [ 8276581.697505045682192, 4766164.493230374529958 ], [ 8276771.933539849705994, 4766579.67717978451401 ], [ 8276782.696279163472354, 4766582.007039838470519 ], [ 8277014.320215585641563, 4766632.137835106812418 ], [ 8277280.786401621997356, 4766634.360686948522925 ], [ 8277513.636923952028155, 4766676.429020223207772 ], [ 8277713.180849218741059, 4766718.216293392702937 ], [ 8277859.331028253771365, 4766772.935530222952366 ], [ 8277998.56633959338069, 4766861.039610122330487 ], [ 8278178.029108206741512, 4766916.030238783918321 ], [ 8278364.358312491327524, 4766944.319008804857731 ], [ 8278590.558959156274796, 4766986.309045142494142 ], [ 8278790.163977581076324, 4767021.387560237199068 ], [ 8278936.525371977128088, 4767049.339199732989073 ], [ 8278989.619882297702134, 4767076.528118153102696 ], [ 8278989.31880743149668, 4767116.659028061665595 ], [ 8278942.282762954942882, 4767169.786696190014482 ], [ 8278861.785104713402689, 4767242.707910655066371 ], [ 8278781.185645307414234, 4767329.006465853191912 ], [ 8278767.408029715530574, 4767389.095356641337276 ], [ 8278780.279224217869341, 4767449.402927684597671 ], [ 8278859.923914066515863, 4767490.188937592320144 ], [ 8278939.518225928768516, 4767544.254091561771929 ], [ 8278959.105360563844442, 4767611.102670487947762 ], [ 8278952.181172759272158, 4767651.103567592799664 ], [ 8278871.41738819424063, 4767764.084551162086427 ], [ 8278844.311860044486821, 4767830.662981171160936 ], [ 8278797.109701558947563, 4767910.471973796375096 ], [ 8278790.099720836617053, 4767963.820915445685387 ], [ 8278802.973867287859321, 4768037.307177391834557 ], [ 8278829.189264449290931, 4768110.87207271438092 ], [ 8278882.087379429489374, 4768184.592578446492553 ], [ 8278961.584085077047348, 4768271.816002854146063 ], [ 8279014.441679726354778, 4768352.21074753254652 ], [ 8279047.160789251327515, 4768452.511070398613811 ], [ 8279039.897867544554174, 4768545.906257139518857 ], [ 8278992.651825933717191, 4768632.39569544699043 ], [ 8278932.232297518290579, 4768692.112359719350934 ], [ 8278858.76715602260083, 4768705.0329210748896 ], [ 8278798.856053076684475, 4768684.661217262037098 ], [ 8278712.516432942822576, 4768624.089662530459464 ], [ 8278566.182824244722724, 4768556.492699121125042 ], [ 8278493.016601597890258, 4768522.693267032504082 ], [ 8278447.633968069218099, 4768516.747283938340843 ], [ 8278392.911654642783105, 4768528.780144137330353 ], [ 8278386.02698134817183, 4768562.110332318581641 ], [ 8278412.240653235465288, 4768635.680090610869229 ], [ 8278478.48026463855058, 4768709.484865383245051 ], [ 8278556.745939586311579, 4768792.644747084006667 ], [ 8279103.583000308834016, 4768681.057426739484072 ], [ 8279195.92456625122577, 4768644.344909808598459 ], [ 8279303.720024437643588, 4768612.624899408780038 ], [ 8279503.19036899227649, 4768574.101346530020237 ], [ 8279686.074377855286002, 4768550.52712185960263 ], [ 8280567.807365946471691, 4768183.876916662789881 ], [ 8281786.277188084088266, 4767683.80924548394978 ], [ 8282537.55119532905519, 4767383.843076194636524 ], [ 8282871.792065824382007, 4767284.563433228991926 ], [ 8282871.680743076838553, 4767284.563432417809963 ], [ 8282750.836139610037208, 4767245.655132521875203 ], [ 8282617.874653643928468, 4767171.525900792330503 ], [ 8282525.174838974140584, 4767057.576004094444215 ], [ 8282479.245613826438785, 4766930.536082183010876 ], [ 8282426.688034683465958, 4766796.788286625407636 ], [ 8282374.011569212190807, 4766683.060063482262194 ], [ 8282348.21501643396914, 4766536.115952401421964 ], [ 8282349.056838985532522, 4766395.992252967320383 ], [ 8282409.802739900536835, 4766276.216359750367701 ], [ 8282530.69084937684238, 4766136.751986461691558 ], [ 8282664.515413140878081, 4766064.083432896062732 ], [ 8282885.037555116228759, 4765991.883883907459676 ], [ 8283031.997405603528023, 4765952.644829848781228 ], [ 8283245.569085181690753, 4765927.107398773543537 ], [ 8283506.020111337304115, 4765868.454945466481149 ], [ 8283752.97336695715785, 4765836.413460700772703 ], [ 8283926.448060126043856, 4765823.992431534454226 ], [ 8284086.545262141153216, 4765818.16982710827142 ], [ 8284246.60345951654017, 4765819.017142998054624 ], [ 8284360.832368886098266, 4765862.232174796052277 ], [ 8284393.930521976202726, 4765883.687298103235662 ], [ 8284419.490886469371617, 4765900.256311357952654 ], [ 8284465.527652488090098, 4766007.421907044947147 ], [ 8284511.2173429178074, 4766174.640072830021381 ], [ 8284582.952122497372329, 4766448.855404309928417 ], [ 8284648.256752432323992, 4766682.98259389679879 ], [ 8284713.525814753957093, 4766923.787646071054041 ], [ 8284772.516913070343435, 4767097.809587094932795 ], [ 8284871.544601084664464, 4767265.51046821847558 ], [ 8284990.804315390996635, 4767393.348872098140419 ], [ 8285103.821603331714869, 4767447.723373082466424 ], [ 8285243.772242519073188, 4767455.616198084317148 ], [ 8285297.177767420187593, 4767442.733612935990095 ], [ 8285344.031264964491129, 4767409.773591421544552 ], [ 8285384.827908020466566, 4767269.98458447214216 ], [ 8285392.636456553824246, 4767069.850923790596426 ], [ 8285427.336158730089664, 4766829.915673958137631 ], [ 8285461.501798502169549, 4766683.404076239094138 ], [ 8285462.833151961676776, 4766449.860826067626476 ], [ 8285490.749677455052733, 4766229.899441520683467 ], [ 8285578.575642777606845, 4766023.807592831552029 ], [ 8285662.984800030477345, 4765946.085816490463912 ], [ 8285859.684694202616811, 4765819.391166985034943 ], [ 8286033.35304316598922, 4765754.165883280336857 ], [ 8286153.699218870140612, 4765688.478793632239103 ], [ 8286260.826470132917166, 4765602.659790925681591 ], [ 8286348.107227960601449, 4765489.98068259190768 ], [ 8286422.205736306495965, 4765350.500313744880259 ], [ 8286482.674255734309554, 4765264.281192060559988 ], [ 8286549.731609334237874, 4765191.462975278496742 ], [ 8286643.558577422983944, 4765098.857899270951748 ], [ 8286757.228284309618175, 4765033.110715269111097 ], [ 8286983.971496067941189, 4765008.359232849441469 ], [ 8287317.64449702296406, 4764930.369384933263063 ], [ 8287431.201794643886387, 4764883.972399112768471 ], [ 8287618.141580342315137, 4764824.496253338642418 ], [ 8287765.092417776584625, 4764764.843653906136751 ], [ 8287912.004639681428671, 4764711.887580568902194 ], [ 8288072.317285016179085, 4764645.589951302856207 ], [ 8288206.115569805726409, 4764552.380395646207035 ], [ 8288326.582647889852524, 4764459.112960230559111 ], [ 8288802.196282982826233, 4764005.627567877992988 ], [ 8288902.480225232429802, 4763945.764984364621341 ], [ 8289002.834358308464289, 4763872.505138497799635 ], [ 8289096.701856759376824, 4763765.725670440122485 ], [ 8289170.647439253516495, 4763645.466282759793103 ], [ 8289231.120952049270272, 4763551.944033283740282 ], [ 8289291.273111961781979, 4763518.704841670580208 ], [ 8289451.309098167344928, 4763499.27878662571311 ], [ 8289604.57457753829658, 4763499.916751493699849 ], [ 8289724.521488839760423, 4763500.414296329021454 ], [ 8289811.326352391391993, 4763467.28254159539938 ], [ 8289851.731801696121693, 4763387.071490033529699 ], [ 8289865.587584227323532, 4763286.657260473817587 ], [ 8289866.045771937817335, 4763199.584532304666936 ], [ 8289846.478327601216733, 4763119.127714133821428 ], [ 8289820.106705268844962, 4763065.435252762399614 ], [ 8289787.036447008140385, 4763018.41326351556927 ], [ 8289647.794986674562097, 4762887.228175416588783 ], [ 8289568.127377995289862, 4762831.640534126199782 ], [ 8289483.330359014682472, 4762801.147683333605528 ], [ 8289423.387896368280053, 4762795.874467779882252 ], [ 8289338.351221466436982, 4762810.58941235113889 ], [ 8289218.225154612213373, 4762845.249609904363751 ], [ 8289093.127645111642778, 4762874.864291542209685 ], [ 8288977.997474322095513, 4762909.54321853350848 ], [ 8288857.788499973714352, 4762959.26950045209378 ], [ 8288747.600089860148728, 4763004.013585921376944 ], [ 8288627.469757921993732, 4763038.667328033596277 ], [ 8288507.311487207189202, 4763078.343269411474466 ], [ 8288452.365499089471996, 4763073.085468966513872 ], [ 8288367.73275850340724, 4763012.442753961309791 ], [ 8288298.2841239515692, 4762916.700910708867013 ], [ 8288248.745081971399486, 4762836.115080483257771 ], [ 8288224.2480199476704, 4762745.590180268511176 ], [ 8288239.757746431045234, 4762650.214814323931932 ], [ 8288265.098634832538664, 4762585.0216632662341 ], [ 8288315.398060184903443, 4762524.958817707374692 ], [ 8288380.634602338075638, 4762475.00650766864419 ], [ 8288470.911280781030655, 4762415.114567447453737 ], [ 8288551.46283626742661, 4762304.94980594329536 ], [ 8288601.921928659081459, 4762214.749451736919582 ], [ 8288677.259979790076613, 4762144.750289816409349 ], [ 8288827.68129051849246, 4762060.047548512928188 ], [ 8288998.02831960003823, 4761985.467204624786973 ], [ 8289529.632970619946718, 4761661.400990835390985 ], [ 8289660.081840758211911, 4761571.587006482295692 ], [ 8289780.476112063974142, 4761491.769643136300147 ], [ 8289857.394919621758163, 4761418.450164592824876 ], [ 8289901.073643333278596, 4761376.814618485048413 ], [ 8289976.522782617248595, 4761291.791533509269357 ], [ 8290046.827515847980976, 4761231.845476364716887 ], [ 8290096.115975415334105, 4761199.325266442261636 ], [ 8290181.854562890715897, 4761212.320846520364285 ], [ 8290276.558233677409589, 4761252.865088962949812 ], [ 8290361.00726044178009, 4761338.543796610087156 ], [ 8290460.361213437281549, 4761439.341810540296137 ], [ 8290589.524213032796979, 4761570.379726081155241 ], [ 8290688.824882064945996, 4761681.21732903085649 ], [ 8290783.159660223871469, 4761787.015289009548724 ], [ 8290847.369951836764812, 4761917.791858443059027 ], [ 8290916.521340285427868, 4762058.629770686849952 ], [ 8290985.721698889508843, 4762194.467229032889009 ], [ 8291091.138394209556282, 4762676.182523346506059 ], [ 8291133.360710923559964, 4762779.487729829736054 ], [ 8291201.36753760650754, 4762857.11245761718601 ], [ 8291278.23461115732789, 4762874.608903695829213 ], [ 8291372.466340463608503, 4762840.605064853094518 ], [ 8291466.521997605450451, 4762840.97872877586633 ], [ 8291560.402864222414792, 4762875.729914272204041 ], [ 8291585.485676172189415, 4762987.562328491359949 ], [ 8291604.03329523652792, 4763170.372459224425256 ], [ 8291609.912723207846284, 4763228.319028436206281 ], [ 8291574.527374543249607, 4763460.249502041377127 ], [ 8291522.081930626183748, 4763683.522261747159064 ], [ 8291478.27292472217232, 4763889.642288889735937 ], [ 8291468.624893525615335, 4764104.497886967845261 ], [ 8291484.807073691859841, 4764285.076437511481345 ], [ 8291543.354928913526237, 4764543.191545045934618 ], [ 8291617.741226548328996, 4765050.675271238200366 ], [ 8291668.312349368818104, 4765197.01927690859884 ], [ 8291716.541731863282621, 4765266.973981973715127 ], [ 8291787.175393012352288, 4765369.424675753340125 ], [ 8291897.620119367726147, 4765516.007689433172345 ], [ 8291948.110930821858346, 4765679.550812901929021 ], [ 8292032.468153968453407, 4765912.007887913845479 ], [ 8292125.382505445741117, 4766144.502847446128726 ], [ 8292184.34658591542393, 4766325.283386578783393 ], [ 8292234.975569521076977, 4766463.045231618918478 ], [ 8292651.142150816507638, 4767057.92546877451241 ], [ 8292753.020564875565469, 4767213.088829348795116 ], [ 8292812.301522912457585, 4767333.695963188074529 ], [ 8292871.84020284563303, 4767402.713204309344292 ], [ 8292982.280271106399596, 4767557.912174449302256 ], [ 8293041.352914114482701, 4767721.515659611672163 ], [ 8293092.170600387267768, 4767824.896602291613817 ], [ 8293185.848268862813711, 4767911.243637467734516 ], [ 8293237.134777368046343, 4767920.037331922911108 ], [ 8293297.357608584687114, 4767851.473514018580317 ], [ 8293340.639548019506037, 4767748.449645994231105 ], [ 8293358.341179192997515, 4767628.132536449469626 ], [ 8293367.699253750033677, 4767464.791579772718251 ], [ 8293368.672228468582034, 4767267.027290312573314 ], [ 8293369.856103900820017, 4767026.276307827793062 ], [ 8293345.463292463682592, 4766768.237724569626153 ], [ 8293346.605421994812787, 4766536.0960105471313 ], [ 8293338.940163561142981, 4766355.512817487120628 ], [ 8293314.33781851734966, 4766140.478094562888145 ], [ 8293264.034612166695297, 4765933.948011990636587 ], [ 8293179.691402895376086, 4765692.903465988114476 ], [ 8293095.18214457295835, 4765486.251546436920762 ], [ 8293019.356423306278884, 4765253.84575785137713 ], [ 8292994.593016281723976, 4765073.219777205958962 ], [ 8293017.620489099994302, 4764882.454240757972002 ], [ 8293047.651733281090856, 4764720.964788648299873 ], [ 8293074.030945612117648, 4764574.928209433332086 ], [ 8293074.583469753153622, 4764463.179572102613747 ], [ 8293041.354252143763006, 4764265.343512549996376 ], [ 8292804.29861718043685, 4763783.073307381011546 ], [ 8292651.489137481898069, 4763559.003255229443312 ], [ 8292524.467891743406653, 4763309.250267482362688 ], [ 8292477.200607962906361, 4763203.371693903580308 ], [ 8292397.625496856868267, 4763025.122460825368762 ], [ 8292279.383593082427979, 4762732.439856680110097 ], [ 8292186.280308763496578, 4762542.99607106950134 ], [ 8292076.166681961156428, 4762336.299960265867412 ], [ 8291983.567160121165216, 4762060.985361972823739 ], [ 8291968.500764462165534, 4761700.191088330000639 ], [ 8292003.811521999537945, 4761502.789178663864732 ], [ 8292073.704677185043693, 4761236.818890171125531 ], [ 8292100.655810497701168, 4761005.040282283909619 ], [ 8292101.73630078881979, 4760812.865407302975655 ], [ 8292101.847623533569276, 4760812.865408113226295 ], [ 8291551.950619596987963, 4760752.21186638623476 ], [ 8289598.753681562840939, 4760366.00035036355257 ], [ 8287343.057750893756747, 4759995.420172782614827 ], [ 8286081.56071600690484, 4759898.348190922290087 ], [ 8284605.523285488598049, 4759978.228038985282183 ], [ 8281134.736530924215913, 4760597.920337903313339 ], [ 8279014.136937343515456, 4761279.50987422093749 ], [ 8276448.973420217633247, 4761957.488846350461245 ], [ 8274918.576689543202519, 4762124.825481534004211 ], [ 8273559.074652312323451, 4762311.264031017199159 ], [ 8269858.228297318331897, 4762216.162671974860132 ], [ 8267414.774667435325682, 4762231.140556564554572 ], [ 8263371.690238897688687, 4762128.345418025739491 ], [ 8260274.48118903208524, 4762118.707616441883147 ], [ 8258760.679557614028454, 4762070.654377805069089 ], [ 8257987.423633668571711, 4761977.290215764194727 ], [ 8257522.262660998851061, 4761836.899204833433032 ], [ 8257474.366819437593222, 4761875.071093649603426 ], [ 8257319.370331138372421, 4762025.407502363435924 ] ], [ [ 8265018.128655311651528, 4763049.392293438315392 ], [ 8265063.822614419274032, 4763064.92316693905741 ], [ 8265086.605025202967227, 4763095.731730425730348 ], [ 8265100.545531349256635, 4763211.004677292890847 ], [ 8265099.148202317766845, 4763372.30968832410872 ], [ 8265088.907944639213383, 4763618.084621637128294 ], [ 8265078.889763159677386, 4763863.865790007635951 ], [ 8265043.692826515063643, 4764316.979210685938597 ], [ 8265034.883119291625917, 4764409.135076026432216 ], [ 8264972.272807686589658, 4764562.551087688654661 ], [ 8264879.179768245667219, 4764677.444551388733089 ], [ 8264770.805542709305882, 4764776.917030099779367 ], [ 8264670.313451400958002, 4764876.418051653541625 ], [ 8264546.49085311871022, 4764998.880259377881885 ], [ 8264415.236853202804923, 4765098.26632415316999 ], [ 8264276.86312860250473, 4765143.844502406194806 ], [ 8264146.539410787634552, 4765151.037024048157036 ], [ 8264024.189103186130524, 4765127.526399572379887 ], [ 8263940.302684484981, 4765088.794277687557042 ], [ 8263872.142152449116111, 4764988.660346882417798 ], [ 8263858.180656209588051, 4764865.683643512427807 ], [ 8263882.179488379508257, 4764765.900893450714648 ], [ 8263959.69505771715194, 4764666.322040120139718 ], [ 8264045.203793257474899, 4764566.77245214022696 ], [ 8264114.665471775457263, 4764505.575914032757282 ], [ 8264231.337327652610838, 4764321.640140792354941 ], [ 8264248.126714866608381, 4764198.787319260649383 ], [ 8264264.92640692461282, 4764052.890251755714417 ], [ 8264312.756457874551415, 4763868.702436149120331 ], [ 8264398.775678831152618, 4763684.660918505862355 ], [ 8264453.829483143985271, 4763554.277369464747608 ], [ 8264508.693154964596033, 4763431.576160448603332 ], [ 8264578.720727944746614, 4763324.295560970902443 ], [ 8264656.106935739517212, 4763224.725497156381607 ], [ 8264741.36431800108403, 4763148.227122684009373 ], [ 8264833.791805909946561, 4763087.118990275077522 ], [ 8264948.889083487913013, 4763056.819108571857214 ], [ 8265018.128655311651528, 4763049.392293438315392 ] ], [ [ 8277161.855210227891803, 4766102.852946088649333 ], [ 8277057.546888354234397, 4766040.613106195814908 ], [ 8277014.226430064067245, 4765996.416530577465892 ], [ 8277005.899953777901828, 4765943.745348023250699 ], [ 8277093.552752991206944, 4765900.642743862234056 ], [ 8277294.378466854803264, 4765902.31723016127944 ], [ 8277504.069711021147668, 4765886.527139481157064 ], [ 8277608.91494226269424, 4765878.630617088638246 ], [ 8277617.780463423579931, 4765861.170652103610337 ], [ 8277609.383902796544135, 4765817.266655716113746 ], [ 8277487.546186359599233, 4765763.654650393873453 ], [ 8277339.515213570557535, 4765709.823301272466779 ], [ 8277209.150825048796833, 4765629.837525160983205 ], [ 8277139.772094478830695, 4765567.892783345654607 ], [ 8277131.849984389729798, 4765462.628228594549 ], [ 8277167.920094552449882, 4765313.899594943970442 ], [ 8277212.71995404548943, 4765165.245825523510575 ], [ 8277248.653088773600757, 4765034.052534855902195 ], [ 8277319.709858506917953, 4764876.855160919949412 ], [ 8277434.282631884329021, 4764737.553102049976587 ], [ 8277504.797828773967922, 4764650.480773083865643 ], [ 8277487.873732078820467, 4764580.213783985003829 ], [ 8277375.318929173052311, 4764456.558684717863798 ], [ 8277245.306645352393389, 4764332.758612890727818 ], [ 8277202.935094148851931, 4764165.862005373463035 ], [ 8277204.012280812487006, 4764025.625551343895495 ], [ 8277274.793613363057375, 4763903.50237475335598 ], [ 8277467.587466321885586, 4763808.689622394740582 ], [ 8277782.058733588084579, 4763785.001747139729559 ], [ 8278166.232990724034607, 4763779.4089882876724 ], [ 8278506.692483376711607, 4763782.207804338075221 ], [ 8278733.665329034440219, 4763784.067044869065285 ], [ 8278855.618243715725839, 4763820.124334026128054 ], [ 8278916.265653938986361, 4763881.975243738852441 ], [ 8278985.512299224734306, 4763961.426972404122353 ], [ 8279090.139375225640833, 4763979.810243395157158 ], [ 8279177.635384920984507, 4763954.226981698535383 ], [ 8279273.991892788559198, 4763911.18455592636019 ], [ 8279369.889204623177648, 4763929.493797462433577 ], [ 8279517.774617127142847, 4764000.814906497485936 ], [ 8279665.531349282711744, 4764089.66412359662354 ], [ 8279830.621209708042443, 4764196.182368158362806 ], [ 8280013.044967372901738, 4764320.369672200642526 ], [ 8280178.012383363209665, 4764444.415077683515847 ], [ 8280238.413032561540604, 4764541.322678327560425 ], [ 8280246.561092459596694, 4764620.280131308361888 ], [ 8280211.315299332141876, 4764663.825898356735706 ], [ 8280123.880818939767778, 4764680.654513448476791 ], [ 8279888.221536345779896, 4764669.990469322539866 ], [ 8279696.345734910108149, 4764642.143555045127869 ], [ 8279582.588383503258228, 4764676.286166725680232 ], [ 8279451.107617517933249, 4764745.347611781209707 ], [ 8279319.428443903103471, 4764840.704023652710021 ], [ 8279213.873487889766693, 4764945.037834513001144 ], [ 8279116.784230967983603, 4765084.505652813240886 ], [ 8278993.433718727901578, 4765232.526137894019485 ], [ 8278870.211463361978531, 4765363.015900087542832 ], [ 8278747.117799759842455, 4765475.973627334460616 ], [ 8278659.012727271765471, 4765580.450958657078445 ], [ 8278553.575657973997295, 4765667.25340739171952 ], [ 8278466.129549250006676, 4765684.069102903828025 ], [ 8278309.031292495317757, 4765674.01145132817328 ], [ 8278195.324299795553088, 4765699.375676425173879 ], [ 8278160.13249640725553, 4765734.152424936182797 ], [ 8278133.40580100659281, 4765804.066522940993309 ], [ 8278150.136965679004788, 4765900.639529882930219 ], [ 8278280.578859612345695, 4765971.848819895647466 ], [ 8278454.946220924146473, 4766008.350015990436077 ], [ 8278559.395086918026209, 4766053.042063953354955 ], [ 8278593.990948956459761, 4766097.160967282019556 ], [ 8278584.928621084429324, 4766140.921779370866716 ], [ 8278532.339377826079726, 4766166.792000928893685 ], [ 8278279.051193555817008, 4766173.477815289050341 ], [ 8277947.309777933172882, 4766161.975320473313332 ], [ 8277711.618810102343559, 4766151.258230835199356 ], [ 8277563.380022435449064, 4766123.727864073589444 ], [ 8277423.605207654647529, 4766131.3338020183146 ], [ 8277327.5558718489483, 4766130.534686801023781 ], [ 8277161.855210227891803, 4766102.852946088649333 ] ] ] ] } },
{ "type": "Feature", "properties": { "layer": "LDLYAAE002" }, "geometry": { "type": "Polygon", "coordinates": [ [ [ 8264360.523890811949968, 4768625.10512790363282 ], [ 8264389.221942152827978, 4768550.493959955871105 ], [ 8264394.635102711617947, 4768475.795384771190584 ], [ 8264381.562078583985567, 4768387.018765447661281 ], [ 8264350.004053371027112, 4768284.164410019293427 ], [ 8264290.410892469808459, 4768190.544585053808987 ], [ 8264230.961138630285859, 4768082.917117204517126 ], [ 8264204.20380172599107, 4767966.07407399173826 ], [ 8264205.245180373080075, 4767863.346165402792394 ], [ 8264224.960449081845582, 4767756.01982042286545 ], [ 8264216.356937679462135, 4767685.944275088608265 ], [ 8264188.843684782274067, 4767643.814913819544017 ], [ 8264124.078494863584638, 4767601.545111305080354 ], [ 8264022.014213132672012, 4767563.803187560290098 ], [ 8263891.726912631653249, 4767553.970323245041072 ], [ 8263751.698994029313326, 4767586.12362464889884 ], [ 8263639.13379415217787, 4767665.075598631985486 ], [ 8263587.006892817094922, 4767753.597348228096962 ], [ 8263544.097250608727336, 4767851.494176625274122 ], [ 8263515.013656633906066, 4767963.453669798560441 ], [ 8263504.651778073050082, 4768066.146776471287012 ], [ 8263512.916783189401031, 4768168.912543223239481 ], [ 8263549.504174834117293, 4768234.42950196377933 ], [ 8263600.348129759542644, 4768271.982800696976483 ], [ 8263674.714899033308029, 4768286.276457184925675 ], [ 8263767.708920671604574, 4768300.640750644728541 ], [ 8263869.63713008724153, 4768352.396905870176852 ], [ 8263943.387620661407709, 4768427.394689591601491 ], [ 8264021.464391179382801, 4768535.098196799866855 ], [ 8264085.666247403249145, 4768633.410030381754041 ], [ 8264150.390892473049462, 4768680.353997676633298 ], [ 8264252.892510920763016, 4768676.070597329176962 ], [ 8264318.280147895216942, 4768657.636335081420839 ], [ 8264360.523890811949968, 4768625.10512790363282 ] ] ] } },
{ "type": "Feature", "properties": { "layer": "LDLYAAE002" }, "geometry": { "type": "MultiPolygon", "coordinates": [ [ [ [ 8282871.680743076838553, 4767284.563432417809963 ], [ 8282871.758931105025113, 4767284.57327519543469 ], [ 8282871.792065824382007, 4767284.563433228991926 ], [ 8282871.680743076838553, 4767284.563432417809963 ] ] ], [ [ [ 8281786.277188084088266, 4767683.80924548394978 ], [ 8280567.807365946471691, 4768183.876916662789881 ], [ 8279686.074377855286002, 4768550.52712185960263 ], [ 8279847.533919821493328, 4768529.71174346935004 ], [ 8280398.65854736417532, 4768509.93870136141777 ], [ 8280651.66285867523402, 4768513.569679761305451 ], [ 8280846.45607085712254, 4768515.313317654654384 ], [ 8281173.225491188466549, 4768569.14511366840452 ], [ 8281293.245015480555594, 4768604.154987037181854 ], [ 8281434.200896041467786, 4768613.892549846321344 ], [ 8281978.324965271167457, 4768637.379585868678987 ], [ 8282190.943021054379642, 4768623.840544759295881 ], [ 8282386.886961475014687, 4768610.028780299238861 ], [ 8282683.062215508893132, 4768558.16116607002914 ], [ 8282696.379004628397524, 4768526.71003632992506 ], [ 8282830.42514962144196, 4768440.674803202971816 ], [ 8282944.138813058845699, 4768407.920574797317386 ], [ 8283064.0301000084728, 4768401.896529473364353 ], [ 8283157.302474404685199, 4768422.42237611208111 ], [ 8283222.691901052370667, 4768463.674437223933637 ], [ 8283678.471663134172559, 4768383.793641035445035 ], [ 8283815.536396687850356, 4768341.763821330852807 ], [ 8283815.42507394310087, 4768341.763820515945554 ], [ 8283738.910279771313071, 4768231.997354533523321 ], [ 8283666.474464179947972, 4768071.437322217971087 ], [ 8283654.075173061341047, 4767911.200619099661708 ], [ 8283628.217742821201682, 4767770.915298061445355 ], [ 8283575.601332028396428, 4767643.835641195997596 ], [ 8283469.664070077240467, 4767509.797804379835725 ], [ 8283343.521881724707782, 4767409.019209058023989 ], [ 8283137.26209993287921, 4767321.154395336285233 ], [ 8282997.309436201117933, 4767300.378336715511978 ], [ 8282871.758931105025113, 4767284.57327519543469 ], [ 8282537.55119532905519, 4767383.843076194636524 ], [ 8281786.277188084088266, 4767683.80924548394978 ] ] ] ] } },
{ "type": "Feature", "properties": { "layer": "LDLYAAE002" }, "geometry": { "type": "MultiPolygon", "coordinates": [ [ [ [ 8282683.062215508893132, 4768558.16116607002914 ], [ 8282696.379004628397524, 4768526.71003632992506 ], [ 8282830.42514962144196, 4768440.674803202971816 ], [ 8282944.138813058845699, 4768407.920574797317386 ], [ 8283064.0301000084728, 4768401.896529473364353 ], [ 8283157.302474404685199, 4768422.42237611208111 ], [ 8283222.691901052370667, 4768463.674437223933637 ], [ 8283222.691901052370667, 4768463.674437223933637 ], [ 8282683.062215508893132, 4768558.16116607002914 ] ] ] ] } },
{ "type": "Feature", "properties": { "layer": "LDLYAAE002" }, "geometry": { "type": "MultiPolygon", "coordinates": [ [ [ [ 8283815.42507394310087, 4768341.763820515945554 ], [ 8283815.443269706331193, 4768341.792377922683954 ], [ 8283815.536396687850356, 4768341.763821330852807 ], [ 8283815.42507394310087, 4768341.763820515945554 ] ] ], [ [ [ 8283222.691901052370667, 4768463.674437223933637 ], [ 8283222.580578306689858, 4768463.674436409026384 ], [ 8283263.751529845409095, 4768489.736436301842332 ], [ 8283336.420687043108046, 4768610.262029667384923 ], [ 8283389.157308002002537, 4768717.332871316000819 ], [ 8283415.328764827921987, 4768804.238894904963672 ], [ 8283414.895438669249415, 4768877.654258014634252 ], [ 8283374.395501770079136, 4768957.529167565517128 ], [ 8283314.039142007008195, 4769010.599829699844122 ], [ 8283260.353518965654075, 4769063.706679382361472 ], [ 8283240.023722550831735, 4769116.993082576431334 ], [ 8283239.430919763632119, 4769217.107794176787138 ], [ 8283265.602335596457124, 4769304.018797137774527 ], [ 8283351.778058838099241, 4769397.92788452655077 ], [ 8283477.905581985600293, 4769505.400855862535536 ], [ 8283624.286438688635826, 4769572.932859541848302 ], [ 8283777.693099402822554, 4769580.427444723434746 ], [ 8283871.290876235812902, 4769547.55227401573211 ], [ 8283958.411404425278306, 4769481.268035870045424 ], [ 8284065.779618020169437, 4769375.043109454214573 ], [ 8284159.841155489906669, 4769262.072676435112953 ], [ 8284227.488022405654192, 4769102.241481852717698 ], [ 8284248.434583460912108, 4768942.165364067070186 ], [ 8284262.320632225833833, 4768848.79791106376797 ], [ 8284262.592671736143529, 4768802.079054863192141 ], [ 8284196.193120814859867, 4768748.3336087083444 ], [ 8284103.188308912329376, 4768681.09843239467591 ], [ 8284016.777775490656495, 4768627.246268688701093 ], [ 8283957.090482250787318, 4768566.86167442239821 ], [ 8283937.3511754097417, 4768520.037659899331629 ], [ 8283877.782650421373546, 4768439.631624571979046 ], [ 8283815.443269706331193, 4768341.792377922683954 ], [ 8283678.471663134172559, 4768383.793641035445035 ], [ 8283222.691901052370667, 4768463.674437223933637 ] ] ] ] } },
{ "type": "Feature", "properties": { "layer": "LDLYAAE002" }, "geometry": { "type": "Polygon", "coordinates": [ [ [ 8262291.87672121077776, 4768257.548163272440434 ], [ 8262311.468432790599763, 4768164.230544965714216 ], [ 8262330.866725820116699, 4768089.59173209965229 ], [ 8262364.331148418597877, 4768005.669569812715054 ], [ 8262392.801377761177719, 4767954.415762377902865 ], [ 8262520.167242707684636, 4767796.151038856245577 ], [ 8262553.388807154260576, 4767735.577401664108038 ], [ 8262553.917703961953521, 4767684.214510167948902 ], [ 8262535.628495984710753, 4767651.45600357837975 ], [ 8262484.74330925848335, 4767618.569373985752463 ], [ 8262391.709140321239829, 4767608.863282026723027 ], [ 8262265.838510166853666, 4767622.374256155453622 ], [ 8262120.95529520791024, 4767673.163903929293156 ], [ 8261994.406409461051226, 4767752.042002975009382 ], [ 8261863.199111559428275, 4767830.900665954686701 ], [ 8261769.291615075431764, 4767905.238153749145567 ], [ 8261745.232722628861666, 4767979.855673453770578 ], [ 8261758.039589059539139, 4768091.979419498704374 ], [ 8261817.656865992583334, 4768180.943136873655021 ], [ 8261905.2160514742136, 4768270.019408629275858 ], [ 8262006.650676582939923, 4768368.490227577276528 ], [ 8262085.430719849653542, 4768406.162755864672363 ], [ 8262192.153040902689099, 4768443.945817320607603 ], [ 8262248.083911688067019, 4768439.497843319550157 ], [ 8262271.75455329194665, 4768402.232815421186388 ], [ 8262281.791486662812531, 4768332.225246665067971 ], [ 8262291.87672121077776, 4768257.548163272440434 ] ] ] } },
{ "type": "Feature", "properties": { "layer": "LDLYAAE002" }, "geometry": { "type": "MultiPolygon", "coordinates": [ [ [ [ 8300988.908708552829921, 4768353.477141122333705 ], [ 8301296.252337835729122, 4768121.885195475071669 ], [ 8301296.252337835729122, 4768121.885195475071669 ], [ 8301396.765448874793947, 4768170.306817925535142 ], [ 8301498.976623803377151, 4768241.320963254198432 ], [ 8301575.642438572831452, 4768292.973900116048753 ], [ 8301907.494349150918424, 4768608.94013500213623 ], [ 8301926.45266290102154, 4768673.280283277854323 ], [ 8301932.571495546028018, 4768744.011641445569694 ], [ 8301881.160294930450618, 4768782.431766046211123 ], [ 8301817.09261678904295, 4768782.243728464469314 ], [ 8301676.354843810200691, 4768730.40086617320776 ], [ 8301312.075069443322718, 4768510.751272366382182 ], [ 8301184.236582980491221, 4768439.656266342848539 ], [ 8300988.797385804355145, 4768353.477140315808356 ], [ 8300988.908708552829921, 4768353.477141122333705 ] ] ] ] } },
{ "type": "Feature", "properties": { "layer": "LDLYAAE002" }, "geometry": { "type": "Polygon", "coordinates": [ [ [ 8209799.831711583770812, 4767124.284947691485286 ], [ 8209819.613344290293753, 4767054.478267188183963 ], [ 8209829.621069553308189, 4767012.564230323769152 ], [ 8209877.864981438033283, 4766910.494100806303322 ], [ 8209921.377338356338441, 4766813.023227508179843 ], [ 8209945.966169269755483, 4766733.946276524104178 ], [ 8209947.369276398792863, 4766649.818281525745988 ], [ 8209968.240139685571194, 4766514.582704408094287 ], [ 8209960.883716825395823, 4766397.590159243904054 ], [ 8209929.953428341075778, 4766298.915833448991179 ], [ 8209875.527677968144417, 4766213.885553733445704 ], [ 8209834.747827250510454, 4766147.776021203026175 ], [ 8209696.815393875353038, 4766047.365324055776 ], [ 8209562.444299529306591, 4766012.457548317499459 ], [ 8209446.44891647156328, 4765991.871416655369103 ], [ 8209334.871684693731368, 4765985.379740363918245 ], [ 8209227.712121879681945, 4765992.9829539982602 ], [ 8209096.977280612103641, 4766018.899741453118622 ], [ 8208951.344004784710705, 4766100.668111291714013 ], [ 8208814.856477046385407, 4766191.934526010416448 ], [ 8208683.489790692925453, 4766255.234371020458639 ], [ 8208612.44652025680989, 4766328.869520488195121 ], [ 8208606.458363835699856, 4766408.244473590515554 ], [ 8208618.765777726657689, 4766506.6194380922243 ], [ 8208654.650763545185328, 4766586.680713864043355 ], [ 8208727.521394239738584, 4766681.372538559138775 ], [ 8208823.81378757674247, 4766767.097384702414274 ], [ 8208911.038021131418645, 4766838.648602516390383 ], [ 8209003.464532893151045, 4766877.558492872864008 ], [ 8209036.19043805450201, 4766868.74249286390841 ], [ 8209074.19564308039844, 4766822.61139646731317 ], [ 8209094.373782897368073, 4766729.439369381405413 ], [ 8209114.316208731383085, 4766650.289309713989496 ], [ 8209156.346195543184876, 4766641.624599664472044 ], [ 8209193.175518767908216, 4766665.600468647666276 ], [ 8209210.846542882733047, 4766721.988949732854962 ], [ 8209246.188847047276795, 4766834.766438777558506 ], [ 8209267.573639765381813, 4766947.317846050485969 ], [ 8209292.672578882426023, 4767116.03378564119339 ], [ 8209327.782348203472793, 4767242.837715196423233 ], [ 8209372.903245167806745, 4767327.727967501617968 ], [ 8209432.921888544224203, 4767356.757275346666574 ], [ 8209507.369085444137454, 4767357.969190118834376 ], [ 8209577.475779524073005, 4767340.408725389279425 ], [ 8209629.283142516389489, 4767303.848681471310556 ], [ 8209695.282775004394352, 4767253.493427656590939 ], [ 8209761.672407080419362, 4767179.767945401370525 ], [ 8209799.831711583770812, 4767124.284947691485286 ] ] ] } },
{ "type": "Feature", "properties": { "layer": "LDLYAAE002" }, "geometry": { "type": "MultiPolygon", "coordinates": [ [ [ [ 8287641.158978203311563, 4767810.192715859040618 ], [ 8287636.958367196843028, 4767899.691711680032313 ], [ 8287683.6123559307307, 4767947.276207362301648 ], [ 8287791.27824148721993, 4768002.113969893194735 ], [ 8287972.79354789480567, 4768057.57582126185298 ], [ 8288241.74012363422662, 4768133.994080279022455 ], [ 8288490.379830680787563, 4768230.459426317363977 ], [ 8288732.435829100199044, 4768299.898628468625247 ], [ 8288961.099341172724962, 4768355.73824180662632 ], [ 8289035.13312120642513, 4768342.873497440479696 ], [ 8289062.101769243367016, 4768316.13335214741528 ], [ 8289062.576694638468325, 4768268.945787343196571 ], [ 8289042.51298064365983, 4768201.367543431930244 ], [ 8289015.9743627095595, 4768126.992455692961812 ], [ 8288982.777443294413388, 4768059.302740701474249 ], [ 8288949.575270305387676, 4767951.168303643353283 ], [ 8288936.758002162910998, 4767829.722011459060013 ], [ 8288944.472760928794742, 4767688.223269837908447 ], [ 8288992.141927344724536, 4767547.063171978108585 ], [ 8289039.963890258222818, 4767439.607366498559713 ], [ 8289094.373679376207292, 4767359.170269454829395 ], [ 8289338.095496471971273, 4767091.241075268015265 ], [ 8289398.89570989459753, 4767030.705088413320482 ], [ 8289398.89570989459753, 4767030.705088413320482 ], [ 8288443.537136033177376, 4767583.772457450628281 ], [ 8288322.691305730491877, 4767641.714739634655416 ], [ 8288118.493287180550396, 4767715.650774884968996 ], [ 8287989.381572439335287, 4767752.306710767559707 ], [ 8287814.603964189067483, 4767796.909093211404979 ], [ 8287641.158978203311563, 4767810.192715859040618 ] ] ] ] } },
{ "type": "Feature", "properties": { "layer": "LDLYAAE002" }, "geometry": { "type": "MultiPolygon", "coordinates": [ [ [ [ 8289398.89570989459753, 4767030.705088413320482 ], [ 8288443.537136033177376, 4767583.772457450628281 ], [ 8288322.691305730491877, 4767641.714739634655416 ], [ 8288118.493287180550396, 4767715.650774884968996 ], [ 8287989.381572439335287, 4767752.306710767559707 ], [ 8287814.603964189067483, 4767796.909093211404979 ], [ 8287641.158978203311563, 4767810.192715859040618 ], [ 8287641.158978203311563, 4767810.192715859040618 ], [ 8287684.942766570486128, 4767724.831868342123926 ], [ 8287685.349431422539055, 4767650.684620205312967 ], [ 8287651.903926425613463, 4767609.956078262068331 ], [ 8287503.916952097788453, 4767581.73870753403753 ], [ 8287328.886000456288457, 4767573.512021750211716 ], [ 8287140.388308224268258, 4767565.167497114278376 ], [ 8286965.694645698182285, 4767496.269868235103786 ], [ 8286791.003390783444047, 4767427.369359171018004 ], [ 8286643.322808558121324, 4767345.216431288048625 ], [ 8286529.197289782576263, 4767283.572015814483166 ], [ 8286468.825110495090485, 4767242.609787959605455 ], [ 8286448.965567024424672, 4767181.773532268591225 ], [ 8286483.008548183366656, 4767114.659692929126322 ], [ 8286577.535487298853695, 4767068.286792209371924 ], [ 8286604.806371377781034, 4767007.855844328179955 ], [ 8286584.871327098459005, 4766960.501553502865136 ], [ 8286537.891179881058633, 4766933.136835695244372 ], [ 8286497.644368077628314, 4766905.829800304025412 ], [ 8286484.59359220508486, 4766831.573309452272952 ], [ 8286478.426838411018252, 4766730.415149726904929 ], [ 8286418.73850285820663, 4766568.136111390776932 ], [ 8286345.62444968894124, 4766399.004193410277367 ], [ 8286312.680544606409967, 4766270.659722370095551 ], [ 8286299.707722581923008, 4766182.928361107595265 ], [ 8286306.969988989643753, 4766088.631848506629467 ], [ 8286361.207303944043815, 4766021.699400203302503 ], [ 8286435.489654240198433, 4765981.898327580653131 ], [ 8286671.384408632293344, 4765936.741913278587162 ], [ 8286887.080196709372103, 4765891.408147479407489 ], [ 8287048.916014081798494, 4765845.610542382113636 ], [ 8287264.57097718026489, 4765807.007935157977045 ], [ 8287386.047961573116481, 4765754.122511055320501 ], [ 8287527.756994539871812, 4765694.667761920019984 ], [ 8287615.459585956297815, 4765661.712848897092044 ], [ 8287797.411100780591369, 4765629.553843270987272 ], [ 8287932.166531327180564, 4765609.928774457424879 ], [ 8288073.875071189366281, 4765549.636825757101178 ], [ 8288229.266297657974064, 4765448.800165036693215 ], [ 8288317.040626482106745, 4765401.807967783883214 ], [ 8288377.666413407772779, 4765395.300451560877264 ], [ 8288512.016040591523051, 4765450.009993260726333 ], [ 8288653.172466478310525, 4765491.213064974173903 ], [ 8288666.345537709072232, 4765545.405388357117772 ], [ 8288652.48029663041234, 4765619.783970371820033 ], [ 8288618.162764390930533, 4765741.446532183326781 ], [ 8288631.007972971536219, 4765856.543669098056853 ], [ 8288684.321023484691978, 4765958.279620799236 ], [ 8288751.35464683175087, 4766012.702697541564703 ], [ 8288885.968941839411855, 4766020.040418300777674 ], [ 8288973.853791993111372, 4765952.738211310468614 ], [ 8289082.043253598734736, 4765865.21951240953058 ], [ 8289230.445100882090628, 4765811.705006643198431 ], [ 8289364.913030468858778, 4765846.104331590235233 ], [ 8289553.026295668445528, 4765921.328716084361076 ], [ 8289593.242026951164007, 4765955.332703876309097 ], [ 8289673.459711524657905, 4766063.943543639965355 ], [ 8289746.91087579075247, 4766179.294184654019773 ], [ 8289820.36370778363198, 4766294.645932142622769 ], [ 8289833.365483542904258, 4766382.67818480078131 ], [ 8289812.882143720053136, 4766436.734200280159712 ], [ 8289745.446753397583961, 4766456.758006016723812 ], [ 8289597.468234478496015, 4766429.073428692296147 ], [ 8289389.039094694890082, 4766374.063827762380242 ], [ 8289267.993452983908355, 4766346.486973288469017 ], [ 8289207.254401348531246, 4766373.302558641880751 ], [ 8289193.536521075293422, 4766420.618164334446192 ], [ 8289267.236756890080869, 4766488.60390483494848 ], [ 8289347.707072206772864, 4766549.850002977997065 ], [ 8289468.468000302091241, 4766631.566982408054173 ], [ 8289535.438809967599809, 4766699.524224125780165 ], [ 8289541.777544474229217, 4766773.996565549634397 ], [ 8289514.343332387506962, 4766868.632953769527376 ], [ 8289453.17103804461658, 4766976.665121318772435 ], [ 8289398.89570989459753, 4767030.705088413320482 ] ] ] ] } },
{ "type": "Feature", "properties": { "layer": "LDLYAAE002" }, "geometry": { "type": "MultiPolygon", "coordinates": [ [ [ [ 8302276.789700471796095, 4767255.520539422519505 ], [ 8302040.910631205886602, 4767506.781709687784314 ], [ 8301857.256963824853301, 4767679.939455107785761 ], [ 8301857.256963824853301, 4767679.939455107785761 ], [ 8302019.593209245242178, 4767825.030438761226833 ], [ 8302179.234156434424222, 4767979.766468360088766 ], [ 8302313.220886801369488, 4768115.144205908291042 ], [ 8302479.243378865532577, 4768250.614178561605513 ], [ 8302626.488141127862036, 4768276.748994529247284 ], [ 8302716.281042131595314, 4768251.292512884363532 ], [ 8302723.097995040006936, 4768148.461260315030813 ], [ 8302704.443787184543908, 4768006.989977518096566 ], [ 8302640.775733767077327, 4767852.536834562197328 ], [ 8302545.601744250394404, 4767678.710636704228818 ], [ 8302494.69828606583178, 4767537.153864625841379 ], [ 8302412.160278510302305, 4767408.361700282432139 ], [ 8302329.324376101605594, 4767298.852876160293818 ], [ 8302276.789700471796095, 4767255.520539422519505 ] ] ] ] } },
{ "type": "Feature", "properties": { "layer": "LDLYAAE002" }, "geometry": { "type": "Polygon", "coordinates": [ [ [ 8255616.036088126711547, 4767054.102518996223807 ], [ 8255674.844221805222332, 4767027.888045731931925 ], [ 8255697.594165215268731, 4767005.859665053896606 ], [ 8255702.730395917780697, 4766948.209659217856824 ], [ 8255667.112301585264504, 4766912.463050596415997 ], [ 8255559.428218417800963, 4766880.651564192958176 ], [ 8255397.878823856823146, 4766835.150531886145473 ], [ 8255276.88945431355387, 4766785.493855897337198 ], [ 8255160.647454909048975, 4766713.683103199116886 ], [ 8255048.908302625641227, 4766641.903327580541372 ], [ 8255003.80040839035064, 4766650.460696540772915 ], [ 8254994.601728419773281, 4766668.144961928017437 ], [ 8254998.218135056085885, 4766748.040590927004814 ], [ 8255019.789709684439003, 4766832.500087946653366 ], [ 8255041.26303232088685, 4766925.834580144844949 ], [ 8255039.985728339292109, 4767041.196514939889312 ], [ 8255047.612602367065847, 4767165.497580635361373 ], [ 8255033.077104994095862, 4767258.581996480934322 ], [ 8254991.533617346547544, 4767351.476972531527281 ], [ 8254958.844410155899823, 4767457.748009603470564 ], [ 8254957.615032047964633, 4767568.678975961171091 ], [ 8254979.38461549859494, 4767635.396420466713607 ], [ 8255023.956403465010226, 4767675.648652416653931 ], [ 8255082.47521704621613, 4767676.059790545143187 ], [ 8255105.080396839417517, 4767667.343056785874069 ], [ 8255150.634810500778258, 4767618.848873736336827 ], [ 8255187.480399640277028, 4767543.66784043982625 ], [ 8255224.570591932162642, 4767446.301325611770153 ], [ 8255266.455503917299211, 4767322.344152211211622 ], [ 8255316.998935543000698, 4767229.510977940633893 ], [ 8255403.35515992809087, 4767154.678369085304439 ], [ 8255489.465227081440389, 4767102.030979076400399 ], [ 8255561.826538284309208, 4767071.474115440621972 ], [ 8255616.036088126711547, 4767054.102518996223807 ] ] ] } },
{ "type": "Feature", "properties": { "layer": "LDLYAAE002" }, "geometry": { "type": "Polygon", "coordinates": [ [ [ 8322736.498585262335837, 4767448.607071798294783 ], [ 8322746.991932682693005, 4767348.146825274452567 ], [ 8322732.367691335268319, 4767242.597389868460596 ], [ 8322682.373853058554232, 4767177.1503099584952 ], [ 8322597.054152429103851, 4767141.756169735454023 ], [ 8322506.663246423006058, 4767116.396565342321992 ], [ 8322411.311106991022825, 4767075.950175201520324 ], [ 8322351.286701234057546, 4767005.451905409805477 ], [ 8322311.395767404697835, 4766929.983292665332556 ], [ 8322291.638557362370193, 4766849.544687878340483 ], [ 8322261.737905351445079, 4766789.175729374401271 ], [ 8322181.60567541886121, 4766718.624865598976612 ], [ 8322096.380196414887905, 4766663.132145893760026 ], [ 8322015.983562852256, 4766652.868014666251838 ], [ 8321829.851488139480352, 4766677.48545528575778 ], [ 8321623.630618252791464, 4766697.020852133631706 ], [ 8321407.331445693038404, 4766721.548255134373903 ], [ 8321321.59126003459096, 4766781.600907146930695 ], [ 8321210.507786969654262, 4766886.799805155955255 ], [ 8321079.31122980825603, 4766991.942641600035131 ], [ 8320948.316982161253691, 4767051.86741169821471 ], [ 8320802.420264736749232, 4767071.555314794182777 ], [ 8320691.808884180150926, 4767071.243715047836304 ], [ 8320621.305356525816023, 4767096.16540580894798 ], [ 8320580.73883303720504, 4767171.414523613639176 ], [ 8320600.345512346364558, 4767282.004604138433933 ], [ 8320670.071754164993763, 4767427.908406187780201 ], [ 8320799.908313161693513, 4767624.227834340184927 ], [ 8320940.101800144650042, 4767755.259121164679527 ], [ 8321040.368861173279583, 4767820.858738881535828 ], [ 8321090.741166370920837, 4767800.900496831163764 ], [ 8321171.599148250184953, 4767710.683249707333744 ], [ 8321252.614080621860921, 4767585.294915166683495 ], [ 8321323.232403299771249, 4767535.245378035120666 ], [ 8321383.591365496627986, 4767530.387617683038116 ], [ 8321478.966009730473161, 4767565.821002899669111 ], [ 8321649.44823729339987, 4767671.801750311627984 ], [ 8321774.725408691912889, 4767767.609045743010938 ], [ 8321889.904352026991546, 4767873.437678791582584 ], [ 8322030.315708382986486, 4767959.235182750970125 ], [ 8322176.045382244512439, 4767979.724678845144808 ], [ 8322362.178373691625893, 4767960.122535387985408 ], [ 8322488.214230219833553, 4767885.086765089072287 ], [ 8322629.573686515912414, 4767754.820217716507614 ], [ 8322705.542916287668049, 4767629.406320482492447 ], [ 8322731.03332382068038, 4767549.081454581581056 ], [ 8322736.498585262335837, 4767448.607071798294783 ] ] ] } },
{ "type": "Feature", "properties": { "layer": "LDLYAAE002" }, "geometry": { "type": "Polygon", "coordinates": [ [ [ 8323332.369743706658483, 4766560.398935782723129 ], [ 8323447.505043416284025, 4766550.441780573688447 ], [ 8323562.726112525910139, 4766520.387960962951183 ], [ 8323668.130544323474169, 4766445.11032254807651 ], [ 8323753.624503317289054, 4766344.697483526542783 ], [ 8323789.056606099009514, 4766249.271470019593835 ], [ 8323794.486746293492615, 4766148.800152663141489 ], [ 8323764.762182108126581, 4766078.44556269980967 ], [ 8323719.792201651260257, 4766063.340433917939663 ], [ 8323659.68257094733417, 4766078.36596037261188 ], [ 8323524.32314461749047, 4766138.546480103395879 ], [ 8323349.039136071689427, 4766173.575075413100421 ], [ 8323194.136460994370282, 4766123.213482731953263 ], [ 8323039.383581449277699, 4766007.491251079365611 ], [ 8322939.404396004043519, 4765876.616545654833317 ], [ 8322869.459879728034139, 4765775.962605602107942 ], [ 8322799.320051069371402, 4765720.520239283330739 ], [ 8322708.831891840323806, 4765720.283429840579629 ], [ 8322618.190475322306156, 4765755.210311973467469 ], [ 8322492.160329916514456, 4765835.255550911650062 ], [ 8322401.208445735275745, 4765940.511344745755196 ], [ 8322380.614563493989408, 4766050.978047689422965 ], [ 8322410.16162231285125, 4766191.721587794832885 ], [ 8322475.0329873226583, 4766302.417475925758481 ], [ 8322575.20774416346103, 4766388.08740821480751 ], [ 8322685.505042784847319, 4766458.712256931699812 ], [ 8322861.183633083477616, 4766524.482980001717806 ], [ 8323006.829201621934772, 4766560.029061381705105 ], [ 8323212.272965865209699, 4766560.302481485530734 ], [ 8323332.369743706658483, 4766560.398935782723129 ] ] ] } },
{ "type": "Feature", "properties": { "layer": "LDLYAAE002" }, "geometry": { "type": "Polygon", "coordinates": [ [ [ 8210571.728462648577988, 4765578.501450786367059 ], [ 8210634.481701401993632, 4765535.887051156722009 ], [ 8210665.909626768901944, 4765511.463970090262592 ], [ 8210703.954251621849835, 4765462.217615824192762 ], [ 8210773.425787915475667, 4765388.548210829496384 ], [ 8210854.784877033904195, 4765346.23334389552474 ], [ 8210923.014710913412273, 4765347.333865936845541 ], [ 8210978.322724762372673, 4765379.388664486818016 ], [ 8211082.014730141498148, 4765487.014240031130612 ], [ 8211179.815494352020323, 4765575.847127280198038 ], [ 8211278.958525747992098, 4765583.675951965153217 ], [ 8211384.716355558484793, 4765566.679181886836886 ], [ 8211485.09489881247282, 4765499.733976437710226 ], [ 8211573.27226242236793, 4765420.126588112674654 ], [ 8211668.268353276886046, 4765303.233458803035319 ], [ 8211750.651213546283543, 4765198.603362967260182 ], [ 8211832.929451139643788, 4765100.204015060327947 ], [ 8211877.580253952182829, 4765026.131412445567548 ], [ 8211878.504593841731548, 4764970.055218383669853 ], [ 8211842.522380352951586, 4764894.690637634135783 ], [ 8211763.021177028305829, 4764824.860756933689117 ], [ 8211677.21579841338098, 4764761.161436917260289 ], [ 8211578.69784084148705, 4764715.954112922772765 ], [ 8211461.368167717009783, 4764682.908094705082476 ], [ 8211392.936656719073653, 4764694.272301597520709 ], [ 8211317.787295204587281, 4764736.688692584633827 ], [ 8211236.228801300749183, 4764791.46594050899148 ], [ 8211154.463097732514143, 4764858.704217962920666 ], [ 8211048.299117698334157, 4764900.619781629182398 ], [ 8210961.568342044949532, 4764892.989223648793995 ], [ 8210862.949269008822739, 4764854.005187397822738 ], [ 8210758.231928447261453, 4764808.68945312872529 ], [ 8210646.692425803281367, 4764800.655998005531728 ], [ 8210497.524876839481294, 4764816.941760600544512 ], [ 8210255.113094764761627, 4764844.17994898557663 ], [ 8210006.498129913583398, 4764871.31213017553091 ], [ 8209764.292328926734626, 4764886.077464856207371 ], [ 8209540.276252484880388, 4764926.062239401973784 ], [ 8209328.350822355598211, 4764984.935768824070692 ], [ 8209123.147671195678413, 4765012.753149919211864 ], [ 8208899.649494643323123, 4765021.570627805776894 ], [ 8208750.789871767163277, 4765019.138499175198376 ], [ 8208675.732246968895197, 4765055.305544435977936 ], [ 8208631.267592190764844, 4765116.902300603687763 ], [ 8208624.017530165612698, 4765179.107923583127558 ], [ 8208635.375538613647223, 4765241.618405387736857 ], [ 8208665.760480168275535, 4765279.51033772341907 ], [ 8208770.577303430996835, 4765318.619146592915058 ], [ 8208856.996388401836157, 4765344.961390843614936 ], [ 8209066.320543579757214, 4765441.867203108966351 ], [ 8209283.103494795039296, 4765464.099191932938993 ], [ 8209407.471590629778802, 4765447.426786488853395 ], [ 8209489.149420036002994, 4765386.430370753630996 ], [ 8209552.530532064847648, 4765306.438502427190542 ], [ 8209616.014922793954611, 4765220.21578133571893 ], [ 8209659.641386052593589, 4765208.459955709055066 ], [ 8209672.046729179099202, 4765208.661765338853002 ], [ 8209696.232666574418545, 4765246.449786928482354 ], [ 8209713.071686821989715, 4765352.676287068985403 ], [ 8209760.820498497225344, 4765465.638572538271546 ], [ 8209828.323050518520176, 4765510.363225231878459 ], [ 8209921.053530802950263, 4765530.566599049605429 ], [ 8210051.312521693296731, 4765532.679791779257357 ], [ 8210212.689465981908143, 4765529.062781410291791 ], [ 8210342.534177038818598, 4765556.095990773290396 ], [ 8210484.888565343804657, 4765577.097443275153637 ], [ 8210571.728462648577988, 4765578.501450786367059 ] ] ] } },
{ "type": "Feature", "properties": { "layer": "LDLYAAE002" }, "geometry": { "type": "Polygon", "coordinates": [ [ [ 8325488.991250281222165, 4766371.800287722609937 ], [ 8325519.747062716633081, 4766298.430276757106185 ], [ 8325562.61045354232192, 4766243.414359597489238 ], [ 8325611.837745985947549, 4766121.130918571725488 ], [ 8325630.732234340161085, 4765968.254302446730435 ], [ 8325655.915411932393909, 4765766.461136783473194 ], [ 8325699.395404045470059, 4765558.566882999613881 ], [ 8325718.014740235172212, 4765472.964621388353407 ], [ 8325823.585309215821326, 4764971.593323720619082 ], [ 8325892.184243114665151, 4764574.173776654526591 ], [ 8325905.079747212119401, 4764396.858514052815735 ], [ 8325869.154950644820929, 4764243.977664671838284 ], [ 8325772.578236095607281, 4764029.923043046146631 ], [ 8325663.602494707331061, 4763870.892339791171253 ], [ 8325548.490865783765912, 4763724.08758335839957 ], [ 8325378.450138301588595, 4763607.821311567910016 ], [ 8325226.431441770866513, 4763552.704288708046079 ], [ 8325031.686276505701244, 4763522.014300358481705 ], [ 8324855.362987078726292, 4763454.649223706685007 ], [ 8324636.541609525680542, 4763356.683538239449263 ], [ 8324472.326402858830988, 4763307.662300824187696 ], [ 8324332.470842339098454, 4763258.655372011475265 ], [ 8324162.169317420572042, 4763209.625276165083051 ], [ 8323985.676461325958371, 4763185.042720384895802 ], [ 8323785.033918686211109, 4763111.529312130995095 ], [ 8323572.241708162240684, 4763031.889493640512228 ], [ 8323383.52233358938247, 4763019.514956085942686 ], [ 8323328.586783859878778, 4763050.039728679694235 ], [ 8323322.314144691452384, 4763092.830792882479727 ], [ 8323334.100085703656077, 4763184.546211677603424 ], [ 8323363.97170680295676, 4763319.07389816083014 ], [ 8323345.362304520793259, 4763398.539276778697968 ], [ 8323308.693490537814796, 4763429.079636674374342 ], [ 8323082.691488360054791, 4763587.859872031956911 ], [ 8322941.374064073897898, 4763734.247003951109946 ], [ 8322775.485041138716042, 4763892.783376784995198 ], [ 8322676.89560279622674, 4764051.496048701927066 ], [ 8322621.294260907918215, 4764173.637002077884972 ], [ 8322620.920927927829325, 4764259.237791369669139 ], [ 8322657.553226515650749, 4764277.677488046698272 ], [ 8322718.741118448786438, 4764277.837767193093896 ], [ 8322865.750696886330843, 4764241.535205716267228 ], [ 8323049.445327219553292, 4764211.440049785189331 ], [ 8323189.546890337951481, 4764229.938152631744742 ], [ 8323274.54623778630048, 4764291.150842421688139 ], [ 8323335.212091011926532, 4764346.229119118303061 ], [ 8323426.068298685364425, 4764462.476439343765378 ], [ 8323547.352339765056968, 4764584.862457255832851 ], [ 8323680.898049581795931, 4764688.914003796875477 ], [ 8324068.983897771686316, 4765092.77781171258539 ], [ 8324135.54382985457778, 4765196.77960716560483 ], [ 8324268.744545768015087, 4765386.440314881503582 ], [ 8324383.728481921367347, 4765563.859409327618778 ], [ 8324468.389138390310109, 4765710.683489156886935 ], [ 8324528.764227039180696, 4765839.14618450216949 ], [ 8324576.805673316121101, 4766004.294525236822665 ], [ 8324661.523505158722401, 4766138.892279144376516 ], [ 8324770.533049720339477, 4766291.853834345005453 ], [ 8324873.555430336855352, 4766420.349424054846168 ], [ 8324988.864515346474946, 4766524.390586034394801 ], [ 8325116.534759569913149, 4766585.628245291300118 ], [ 8325207.782819483429193, 4766616.263309427537024 ], [ 8325280.906554087996483, 4766610.191614750772715 ], [ 8325354.230309044010937, 4766555.193343129940331 ], [ 8325439.860764152370393, 4766469.623171140439808 ], [ 8325488.991250281222165, 4766371.800287722609937 ] ] ] } },
{ "type": "Feature", "properties": { "layer": "LDLYAAE002" }, "geometry": { "type": "Polygon", "coordinates": [ [ [ 8310054.235406471416354, 4765462.523593811318278 ], [ 8309942.635789833031595, 4765472.831110682338476 ], [ 8309747.990742462687194, 4765472.529307477176189 ], [ 8309610.985990043729544, 4765479.552507570013404 ], [ 8309545.942207875661552, 4765515.638662002980709 ], [ 8309542.085280920378864, 4765519.913684443570673 ], [ 8309480.735333560034633, 4765587.913794216699898 ], [ 8309487.424499929882586, 4765703.730836235918105 ], [ 8309551.853244762867689, 4765805.164352500811219 ], [ 8309659.572026442736387, 4765899.428671768866479 ], [ 8309724.132901089265943, 4765971.910695081576705 ], [ 8309752.582923793233931, 4766058.813088612630963 ], [ 8309752.033675, 4766181.862203765660524 ], [ 8309570.885878699831665, 4766384.251561045646667 ], [ 8309476.70437790453434, 4766485.440894381143153 ], [ 8309389.600686178542674, 4766615.596035339869559 ], [ 8309338.479328750632703, 4766760.28696945682168 ], [ 8309323.537446815520525, 4766876.082804765552282 ], [ 8309337.631143514998257, 4766948.493209174834192 ], [ 8309373.584271064028144, 4766970.267384490929544 ], [ 8309438.475223772227764, 4766970.3707903791219 ], [ 8309518.014151031151414, 4766919.82545068860054 ], [ 8309619.442006882280111, 4766811.403884263709188 ], [ 8309706.512143669649959, 4766688.483146070502698 ], [ 8309793.612404144369066, 4766558.324300815351307 ], [ 8309873.404135747812688, 4766449.870324374176562 ], [ 8309982.000683405436575, 4766348.699963529594243 ], [ 8310119.369417162612081, 4766262.049698024056852 ], [ 8310271.614570301957428, 4766190.292669120244682 ], [ 8310445.679688155651093, 4766140.499789809808135 ], [ 8310464.72246143873781, 4766133.207595129497349 ], [ 8310576.283175956457853, 4766090.486337554641068 ], [ 8310902.644608117640018, 4765998.017887930385768 ], [ 8311011.357029975391924, 4765984.081765281036496 ], [ 8311133.196178070269525, 4765944.159897621721029 ], [ 8311141.924136819317937, 4765941.300072243437171 ], [ 8311301.494496407918632, 4765891.421688914299011 ], [ 8311410.423462541773915, 4765826.815346167422831 ], [ 8311533.930097877047956, 4765740.565667142160237 ], [ 8311664.677915669046342, 4765654.350874471478164 ], [ 8311758.992217173799872, 4765618.622486010193825 ], [ 8311903.975851684808731, 4765590.378570307977498 ], [ 8312019.956441788934171, 4765569.229739027097821 ], [ 8312070.688034551218152, 4765562.238184970803559 ], [ 8312106.994925899431109, 4765540.701042686589062 ], [ 8312128.969070221297443, 4765482.904323519207537 ], [ 8312100.518278214149177, 4765359.72289567720145 ], [ 8312014.15651176776737, 4765229.023654048331082 ], [ 8311898.918883339501917, 4765076.471926 ], [ 8311798.108338411897421, 4764938.46641487441957 ], [ 8311697.331085790880024, 4764793.22483944427222 ], [ 8311589.438583462499082, 4764619.00004524178803 ], [ 8311495.816583537496626, 4764495.507540522143245 ], [ 8311402.010081923566759, 4764415.437161491252482 ], [ 8311278.987037748098373, 4764393.118993531912565 ], [ 8311134.049841530621052, 4764414.113658308051527 ], [ 8311010.650164080783725, 4764478.636157705448568 ], [ 8310887.248917908407748, 4764543.157538341358304 ], [ 8310792.689195134676993, 4764636.770608991384506 ], [ 8310734.24452032148838, 4764752.27644123788923 ], [ 8310711.916391473263502, 4764889.675770251080394 ], [ 8310682.281622504815459, 4765041.515347368083894 ], [ 8310631.044290509074926, 4765164.298393685370684 ], [ 8310543.623943167738616, 4765279.663954833522439 ], [ 8310412.839719600044191, 4765373.098589816130698 ], [ 8310173.473127854056656, 4765451.509333727881312 ], [ 8310054.235406471416354, 4765462.523593811318278 ] ] ] } },
{ "type": "Feature", "properties": { "layer": "LDLYAAE002" }, "geometry": { "type": "MultiPolygon", "coordinates": [ [ [ [ 8205725.076242848299444, 4734792.824862339533865 ], [ 8205725.069404450245202, 4734792.806339075788856 ], [ 8205724.964920129626989, 4734792.824861509725451 ], [ 8205725.076242848299444, 4734792.824862339533865 ] ] ], [ [ [ 8205585.598081350326538, 4734033.037733624689281 ], [ 8205627.231950383633375, 4734262.282413925044239 ], [ 8205652.72152195405215, 4734459.005756922066212 ], [ 8205686.670909787528217, 4734688.796356909908354 ], [ 8205725.069404450245202, 4734792.806339075788856 ], [ 8206325.434834523126483, 4734686.377271714620292 ], [ 8206517.009842264465988, 4734647.726739374920726 ], [ 8206666.899884738959372, 4734608.806152107194066 ], [ 8206865.849437582306564, 4734612.443739008158445 ], [ 8207031.640471767634153, 4734615.472325672395527 ], [ 8207262.967738004401326, 4734661.163898033089936 ], [ 8207518.650038095191121, 4734723.606975710950792 ], [ 8207724.297938344068825, 4734793.388609007932246 ], [ 8207847.461741620674729, 4734853.497127015143633 ], [ 8207945.496067831292748, 4734946.358068873174489 ], [ 8208010.637901896610856, 4735005.501150792464614 ], [ 8208051.049696292728186, 4735072.522992507554591 ], [ 8208098.824978878721595, 4735189.433821336366236 ], [ 8208129.942390545271337, 4735306.070162865333259 ], [ 8208169.423891329206526, 4735431.137596129439771 ], [ 8208175.410132829099894, 4735564.115577107295394 ], [ 8208173.34128949418664, 4735713.64193547796458 ], [ 8208171.303885611705482, 4735846.556114746257663 ], [ 8208144.715120411477983, 4735954.13727290276438 ], [ 8208101.672074215486646, 4736069.751437927596271 ], [ 8208050.879980074241757, 4736143.691522215493023 ], [ 8207967.442656831815839, 4736183.831006118096411 ], [ 8207867.68279580399394, 4736198.755985737778246 ], [ 8207727.142063561826944, 4736188.062320799566805 ], [ 8207628.43856527749449, 4736144.850819477811456 ], [ 8207286.88822774682194, 4735898.228472970426083 ], [ 8206968.474882700480521, 4735716.288668435998261 ], [ 8206650.832618525251746, 4735567.365491078235209 ], [ 8206410.291817623190582, 4735430.687677588313818 ], [ 8206190.466145525686443, 4735349.682849558070302 ], [ 8206101.850037662312388, 4735359.411411938257515 ], [ 8206072.579400774091482, 4735373.524836344644427 ], [ 8206034.86972429137677, 4735391.653629418462515 ], [ 8205952.945828581228852, 4735463.193638980388641 ], [ 8205953.057151299901307, 4735463.193639813922346 ], [ 8205960.1410868242383, 4735541.488907690159976 ], [ 8206001.733096187002957, 4735746.216986528597772 ], [ 8206043.373826362192631, 4735976.144563867710531 ], [ 8206077.320338214747608, 4736181.418574029579759 ], [ 8206094.297341268509626, 4736378.057011735625565 ], [ 8206119.802889707498252, 4736583.219198881648481 ], [ 8206145.284750649705529, 4736812.935974074527621 ], [ 8206219.991205197758973, 4737034.310319375246763 ], [ 8206293.891107399947941, 4737238.879021150059998 ], [ 8206294.741767964325845, 4737435.955081097781658 ], [ 8206189.387565536424518, 4737608.914982355199754 ], [ 8206084.071231233887374, 4737781.877216386608779 ], [ 8205921.00341606605798, 4737905.559880903922021 ], [ 8205749.437002711929381, 4738029.766301278956234 ], [ 8205561.723177596926689, 4738112.387308043427765 ], [ 8205374.89555283728987, 4738220.218483076430857 ], [ 8205162.529205422848463, 4738336.082655750215054 ], [ 8205024.078664253465831, 4738492.417884664610028 ], [ 8204885.665913494303823, 4738665.555204824544489 ], [ 8204748.053057204931974, 4738847.105838591232896 ], [ 8204666.530938995070755, 4739052.725784725509584 ], [ 8204691.984547218307853, 4739274.099890125915408 ], [ 8204725.963884230703115, 4739487.199836703948677 ], [ 8204767.574444171972573, 4739684.256901725195348 ], [ 8204793.060307360254228, 4739897.890090594999492 ], [ 8204793.892075315117836, 4740111.174237580038607 ], [ 8204745.472742405720055, 4740325.04977887775749 ], [ 8204697.050054052844644, 4740530.527569475583732 ], [ 8204591.729373385198414, 4740728.083368932828307 ], [ 8204453.304696843959391, 4740868.28896720148623 ], [ 8204282.555631959810853, 4740984.115620685741305 ], [ 8204086.380438198335469, 4741107.976703658699989 ], [ 8203898.676173174753785, 4741207.396106953732669 ], [ 8203703.325963287614286, 4741289.897477718070149 ], [ 8203507.128138200379908, 4741405.994261070154607 ], [ 8203311.748474115505815, 4741546.016485790722072 ], [ 8203148.699086437001824, 4741661.94251468591392 ], [ 8203026.391006258316338, 4741843.097346788272262 ], [ 8202937.204451890662313, 4742048.651930299587548 ], [ 8202848.014530368149281, 4742254.209780772216618 ], [ 8202799.583317000418901, 4742476.523750220425427 ], [ 8202759.680405735969543, 4742673.755189311690629 ], [ 8202735.884103365242481, 4742920.355275197885931 ], [ 8202729.059749357402325, 4743117.429106302559376 ], [ 8202721.443667964078486, 4743380.43738513533026 ], [ 8202697.63867955468595, 4743577.273185755126178 ], [ 8202682.352235770784318, 4743774.883102852851152 ], [ 8202691.667658269405365, 4743996.776462820358574 ], [ 8202774.901176393032074, 4744423.412809449248016 ], [ 8202644.939724703319371, 4744579.930894803255796 ], [ 8202488.699594701640308, 4744448.990807456895709 ], [ 8202340.90638804808259, 4744293.603986921720207 ], [ 8202152.346245937980711, 4744146.673858366906643 ], [ 8201987.58339727204293, 4743991.038819770328701 ], [ 8201807.528033572249115, 4743819.016732465475798 ], [ 8201667.405707034282386, 4743679.904754312708974 ], [ 8201519.632724513299763, 4743541.327101443894207 ], [ 8201339.56348770391196, 4743418.437676555477083 ], [ 8201110.230918130837381, 4743304.519739205949008 ], [ 8200913.192102623172104, 4743255.721206025220454 ], [ 8200693.216156761161983, 4743306.139706501737237 ], [ 8200513.133788473904133, 4743437.953863593749702 ], [ 8200432.451182805933058, 4743619.076144352555275 ], [ 8200334.779664915055037, 4743849.731732917018235 ], [ 8200245.598461680114269, 4744063.707138773985207 ], [ 8200140.280778617598116, 4744244.473818403668702 ], [ 8200058.738895674236119, 4744425.594259629957378 ], [ 8199912.629987970925868, 4744582.484221546910703 ], [ 8199814.94812470022589, 4744754.964049092493951 ], [ 8199643.388546470552683, 4744920.530027640983462 ], [ 8199480.331719979643822, 4745109.499606193043292 ], [ 8199334.242490281350911, 4745274.797925627790391 ], [ 8199138.875696419738233, 4745636.583844645880163 ], [ 8199082.822875163517892, 4745850.432945064269006 ], [ 8199001.280519489198923, 4746072.959505686536431 ], [ 8198994.462952358648181, 4746286.258049204945564 ], [ 8199043.709414876066148, 4746491.990321624092758 ], [ 8199143.092646055854857, 4746680.365772230550647 ], [ 8199233.137842139229178, 4746877.012437923811376 ], [ 8199340.970074192620814, 4747066.165624649263918 ], [ 8199439.514592029154301, 4747287.520326611585915 ], [ 8199514.22956760507077, 4747525.339960648678243 ], [ 8199539.707659525796771, 4747722.333384787663817 ], [ 8199539.697857058607042, 4747919.598825047723949 ], [ 8199499.778677614405751, 4748166.724337566643953 ], [ 8199468.32693986967206, 4748396.517727623693645 ], [ 8199428.41050907317549, 4748602.257606429047883 ], [ 8199535.42559801414609, 4748823.770807569846511 ], [ 8199527.762383110821247, 4749053.932793185114861 ], [ 8199487.847201357595623, 4749251.277092725969851 ], [ 8199390.189870649017394, 4749432.241157261654735 ], [ 8199284.022804453969002, 4749613.727271711453795 ], [ 8199178.704958106391132, 4749802.991072317585349 ], [ 8199081.02545444201678, 4749984.608395648188889 ], [ 8198967.20000534504652, 4750182.15973333735019 ], [ 8198910.275852511636913, 4750387.67985522467643 ], [ 8198804.976623218506575, 4750569.190709940157831 ], [ 8198633.39858069922775, 4750676.606731928884983 ], [ 8198404.075149372220039, 4750734.633931343443692 ], [ 8198207.891035607084632, 4750784.743116533383727 ], [ 8198011.660894375294447, 4750859.432498695328832 ], [ 8197889.353155110962689, 4751016.101527052000165 ], [ 8197800.171024344861507, 4751238.615552330389619 ], [ 8197760.253540452569723, 4751452.169927593320608 ], [ 8197727.97966787032783, 4751674.255030803382397 ], [ 8197696.555636901408434, 4751887.946092361584306 ], [ 8197664.275222894735634, 4752102.275654008612037 ], [ 8197550.443278308957815, 4752291.439870783127844 ], [ 8197444.293052494525909, 4752489.133853029459715 ], [ 8197330.442954432219267, 4752695.126500526443124 ], [ 8197257.402270534075797, 4752884.266860926523805 ], [ 8197217.491472909227014, 4753106.913126063533127 ], [ 8197185.199488328769803, 4753345.209824109449983 ], [ 8197210.684178645722568, 4753542.321369651705027 ], [ 8197227.662933014333248, 4753739.955628860741854 ], [ 8197187.757389178499579, 4753961.973024842329323 ], [ 8197106.205614936538041, 4754151.007057911716402 ], [ 8196983.884438781067729, 4754307.714983638375998 ], [ 8196829.293782965280116, 4754439.989047173410654 ], [ 8196657.738417942076921, 4754564.238903530873358 ], [ 8196477.678336723707616, 4754704.538055162876844 ], [ 8196314.587417675182223, 4754819.852879445999861 ], [ 8196183.783724219538271, 4754968.665356480516493 ], [ 8196020.735987409949303, 4755149.996557528153062 ], [ 8195882.269858669489622, 4755298.693471726030111 ], [ 8195751.462410844862461, 4755446.860227801837027 ], [ 8195613.024171954020858, 4755611.739424167200923 ], [ 8195441.457917929627001, 4755768.993317197076976 ], [ 8195294.514868243597448, 4755917.561401137150824 ], [ 8195212.999325370416045, 4756098.201444022357464 ], [ 8195066.048107656650245, 4756246.770790282636881 ], [ 8194927.573949623852968, 4756428.482960641384125 ], [ 8194796.792409148998559, 4756618.082662343047559 ], [ 8194748.372776978649199, 4756815.423246967606246 ], [ 8194609.94053053855896, 4756980.310552138835192 ], [ 8194412.865097265690565, 4757005.762158477678895 ], [ 8194175.934314153157175, 4756957.444834988564253 ], [ 8193962.727683711796999, 4756875.82618110626936 ], [ 8193822.618974632583559, 4756736.426304377615452 ], [ 8193600.908817770890892, 4756605.474016200751066 ], [ 8193444.662465778179467, 4756449.639934092760086 ], [ 8193248.456917005591094, 4756343.028651124797761 ], [ 8193051.418096540495753, 4756220.219474516808987 ], [ 8192862.889842298813164, 4756138.967055500485003 ], [ 8192690.464462008327246, 4756040.485550158657134 ], [ 8192468.789544843137264, 4755958.711258176714182 ], [ 8192255.618695839308202, 4755877.065481285564601 ], [ 8192026.277165456674993, 4755811.99228962790221 ], [ 8191821.592624510638416, 4755747.299886334687471 ], [ 8191616.891340269707143, 4755722.734350874088705 ], [ 8191403.700914802029729, 4755723.274844903498888 ], [ 8191207.510049032978714, 4755724.078231907449663 ], [ 8191002.806456842459738, 4755782.350603310391307 ], [ 8190814.254505812190473, 4755848.640707104466856 ], [ 8190609.572065323591232, 4755964.514457902871072 ], [ 8190438.008028705604374, 4756080.26066183578223 ], [ 8190241.798213551752269, 4756179.433143107220531 ], [ 8190020.977504395879805, 4756311.225746662355959 ], [ 8189833.296129782684147, 4756369.746930071152747 ], [ 8189677.855669519864023, 4756509.691123988479376 ], [ 8189506.258116567507386, 4756641.610080528073013 ], [ 8189359.350973482243717, 4756781.688210851512849 ], [ 8189228.541303476318717, 4756930.437877275981009 ], [ 8189130.865013995207846, 4757111.436045527458191 ], [ 8189073.957679338753223, 4757333.869721218943596 ], [ 8189033.186744824051857, 4757539.73332703858614 ], [ 8188993.259489787742496, 4757753.382976919412613 ], [ 8188944.817532130517066, 4757967.548592838458717 ], [ 8188879.411223207600415, 4758181.447907356545329 ], [ 8188887.920035015791655, 4758387.466417450457811 ], [ 8188839.499739879742265, 4758617.831463211216033 ], [ 8188824.194201438687742, 4758823.478868876583874 ], [ 8188832.672068274579942, 4759028.862436232157052 ], [ 8188906.596918751485646, 4759242.416424795985222 ], [ 8188932.055731596425176, 4759472.684269498102367 ], [ 8188998.278251243755221, 4759686.771597407758236 ], [ 8189064.541816143319011, 4759875.609696072526276 ], [ 8189163.074227094650269, 4760154.974134877324104 ], [ 8189270.084214467555285, 4760352.239363303408027 ], [ 8189172.376960231922567, 4760525.526883623562753 ], [ 8188975.354201791808009, 4760542.462044006213546 ], [ 8188779.164092503488064, 4760534.798943730071187 ], [ 8188582.111635883338749, 4760543.307598813436925 ], [ 8188385.921996443532407, 4760535.636490503326058 ], [ 8188172.715098787099123, 4760528.336750320158899 ], [ 8187951.873418035916984, 4760544.870066300965846 ], [ 8187730.228924201801419, 4760578.870180367492139 ], [ 8187525.545807732269168, 4760595.653817865997553 ], [ 8187287.725423934869468, 4760612.546965854242444 ], [ 8187083.017398794181645, 4760613.131726747378707 ], [ 8186878.34223806578666, 4760654.510546198114753 ], [ 8186673.642776181921363, 4760679.695038551464677 ], [ 8186468.933658078312874, 4760680.267238357104361 ], [ 8186264.25867030583322, 4760713.862577319145203 ], [ 8186051.051983171142638, 4760796.532025903463364 ], [ 8185871.027902226895094, 4760903.697929703630507 ], [ 8185667.184937820769846, 4761052.567844634875655 ], [ 8185494.748560429550707, 4761176.043446650728583 ], [ 8185281.563011321239173, 4761151.844109575264156 ], [ 8185060.746500179171562, 4761103.554235635325313 ], [ 8184856.032377758994699, 4761054.2276342054829 ], [ 8184659.007927075028419, 4761005.670954534783959 ], [ 8184445.812249331735075, 4761046.861705388873816 ], [ 8184184.235951072536409, 4761137.767064552754164 ], [ 8183987.19044971652329, 4761229.080121367238462 ], [ 8183799.484574129804969, 4761328.315170767717063 ], [ 8183570.130889944732189, 4761427.509059090167284 ], [ 8183356.945471612736583, 4761477.09746460057795 ], [ 8183160.765771597623825, 4761551.572945880703628 ], [ 8182963.720291333273053, 4761634.450276975519955 ], [ 8182759.00956682022661, 4761675.747933662496507 ], [ 8182554.317511673085392, 4761750.071897721849382 ], [ 8182358.128598497249186, 4761799.922789528034627 ], [ 8182090.728495798073709, 4761854.215054348111153 ], [ 8181906.451639321632683, 4761922.331843433901668 ], [ 8181906.448026158846915, 4762376.940270776860416 ], [ 8181906.442273329012096, 4763145.069810298271477 ], [ 8181931.408010807819664, 4763218.498178496025503 ], [ 8181988.294584900140762, 4763324.098540197126567 ], [ 8182058.207629804499447, 4763429.916799588128924 ], [ 8182134.419525319710374, 4763548.922413558699191 ], [ 8182248.740861842408776, 4763727.43211695831269 ], [ 8182536.213464788161218, 4763962.039612331427634 ], [ 8182525.498907679691911, 4763927.251158810220659 ], [ 8182497.281565871089697, 4763864.042184212245047 ], [ 8182446.774324816651642, 4763811.59920462500304 ], [ 8182370.79196622222662, 4763732.934465924277902 ], [ 8182295.144748655147851, 4763654.270117752254009 ], [ 8182230.321210319176316, 4763586.843540124595165 ], [ 8182190.527827241457999, 4763545.638412048108876 ], [ 8182082.670649833977222, 4763414.219949896447361 ], [ 8182072.233187641017139, 4763377.703509985469282 ], [ 8182074.177650828845799, 4763289.064514643512666 ], [ 8182097.392280270345509, 4763219.208346019499004 ], [ 8182139.008973624557257, 4763160.69482037704438 ], [ 8182203.137079013511539, 4763091.417088081128895 ], [ 8182281.319526070728898, 4763033.429137697443366 ], [ 8182352.373873628675938, 4762986.415297774598002 ], [ 8182445.453386779874563, 4762924.94337732065469 ], [ 8182568.328951198607683, 4762856.504237478598952 ], [ 8182668.30283874925226, 4762824.680424788035452 ], [ 8182834.09912506211549, 4762808.570189530961215 ], [ 8182973.968119786120951, 4762806.863606685772538 ], [ 8183069.588001147843897, 4762815.607965037226677 ], [ 8183157.524897892959416, 4762835.326625298708677 ], [ 8183255.888110405765474, 4762881.05278174765408 ], [ 8183346.721016293391585, 4762941.446712183766067 ], [ 8183444.810121639631689, 4763013.023682766593993 ], [ 8183551.083376410417259, 4763123.578642437234521 ], [ 8184046.421282972209156, 4762994.135244622826576 ], [ 8184633.805649925023317, 4762795.061290666460991 ], [ 8184869.320583697408438, 4762691.677210742607713 ], [ 8185253.378467880189419, 4762508.862577836960554 ], [ 8185885.683398958295584, 4762147.880004277452826 ], [ 8186046.718761106021702, 4762081.069793027825654 ], [ 8186368.692685781046748, 4761966.171890828758478 ], [ 8187492.241475854068995, 4761642.001233859919012 ], [ 8188480.008616079576313, 4761266.24857291765511 ], [ 8189935.695993369445205, 4760783.98406277783215 ], [ 8190158.552340559661388, 4760699.264805115759373 ], [ 8190374.921494859270751, 4760614.471545006148517 ], [ 8190646.250583705492318, 4760545.513971411623061 ], [ 8190654.624726356007159, 4760455.772071860730648 ], [ 8190692.755497899837792, 4760386.828763124532998 ], [ 8190743.89399703964591, 4760345.845290036872029 ], [ 8190840.4823052668944, 4760337.881688052788377 ], [ 8191046.696787685155869, 4760396.202957489527762 ], [ 8191121.203351242467761, 4760416.439555700868368 ], [ 8191668.940914573147893, 4760239.147301270626485 ], [ 8191974.905139862559736, 4760161.692254844121635 ], [ 8191629.323070611804724, 4760191.001906899735332 ], [ 8191316.055736561305821, 4760219.233904662542045 ], [ 8191072.983640146441758, 4760192.83041940163821 ], [ 8190962.945495311170816, 4760158.949878787621856 ], [ 8190862.512131406925619, 4760120.562426216900349 ], [ 8190776.247488743625581, 4760059.214171366766095 ], [ 8190750.315049275755882, 4759957.006906343623996 ], [ 8190743.073092605918646, 4759836.531590428203344 ], [ 8190763.228896864689887, 4759721.057007109746337 ], [ 8190806.631883811205626, 4759596.634001346305013 ], [ 8190863.711332097649574, 4759486.283419911749661 ], [ 8190934.208610530942678, 4759385.375878716818988 ], [ 8190990.160681215114892, 4759344.456736359745264 ], [ 8191035.984316613525152, 4759340.443469826132059 ], [ 8191109.011702726595104, 4759387.714394618757069 ], [ 8191203.97958648391068, 4759486.208416734822094 ], [ 8191280.859256516210735, 4759565.941828628070652 ], [ 8191353.256356695666909, 4759631.727333643473685 ], [ 8191403.565363166853786, 4759641.660265442915261 ], [ 8191441.239352294243872, 4759600.491895901970565 ], [ 8191432.79452415369451, 4759540.195002283900976 ], [ 8191383.53342268243432, 4759465.460082007572055 ], [ 8191302.693372179754078, 4759339.380101230926812 ], [ 8191244.877180467359722, 4759218.236893955618143 ], [ 8191233.779488779604435, 4759065.30967884324491 ], [ 8191235.877892888151109, 4758921.825773248448968 ], [ 8191269.296223922632635, 4758575.064137428998947 ], [ 8191271.543270160444081, 4758422.330567847006023 ], [ 8191283.991207238286734, 4758228.068672587163746 ], [ 8191300.436553426086903, 4758070.896427594125271 ], [ 8191311.350806024856865, 4757964.573572711087763 ], [ 8191330.559543463401496, 4757913.910756530240178 ], [ 8191358.362914363853633, 4757900.394982216879725 ], [ 8191413.221793248318136, 4757919.643219030462205 ], [ 8191499.508864725939929, 4757985.600849663838744 ], [ 8191598.690862766467035, 4758107.279087292961776 ], [ 8191760.960597460158169, 4758294.609580459073186 ], [ 8192274.344912996515632, 4758963.426988311111927 ], [ 8192517.732760732062161, 4759340.490942722186446 ], [ 8192795.150072142481804, 4759818.195328352041543 ], [ 8192930.470792849548161, 4759923.243135504424572 ], [ 8193016.024450103752315, 4759904.960418003611267 ], [ 8193395.263634915463626, 4759892.064898956567049 ], [ 8193556.518203063867986, 4759880.884899629279971 ], [ 8193778.361719000153244, 4759883.590138971805573 ], [ 8193988.140378899872303, 4759899.755567754618824 ], [ 8194012.655890222638845, 4759837.071882746182382 ], [ 8194059.983888313174248, 4759637.776453743688762 ], [ 8194041.713013577274978, 4759370.802041121758521 ], [ 8193952.176647938787937, 4759163.052857235074043 ], [ 8193894.609756494872272, 4759086.194014203734696 ], [ 8193870.273674100637436, 4759018.22971448674798 ], [ 8193862.906927524134517, 4758967.394113847054541 ], [ 8193897.166182325221598, 4758925.563195041380823 ], [ 8193956.076466972008348, 4758917.878808475099504 ], [ 8194131.844951845705509, 4758971.05721786711365 ], [ 8194308.834732899442315, 4759016.489579112268984 ], [ 8194461.188925930298865, 4759027.650705715641379 ], [ 8194537.936633353121579, 4758986.73203044757247 ], [ 8194607.267061888240278, 4758886.48350344132632 ], [ 8194684.637327718548477, 4758820.202084064483643 ], [ 8194736.499702136032283, 4758753.470054145902395 ], [ 8194787.335824516601861, 4758737.462545555084944 ], [ 8194863.744743701070547, 4758738.812576862983406 ], [ 8194888.627913274802268, 4758764.624647771008313 ], [ 8194878.802671954967082, 4758857.469692447222769 ], [ 8194824.978842776268721, 4759034.108088444918394 ], [ 8194797.552734185941517, 4759168.927196386270225 ], [ 8194804.702728656120598, 4759245.166913568973541 ], [ 8194897.512023780494928, 4759280.635033482685685 ], [ 8194998.876690661534667, 4759282.433945605531335 ], [ 8195093.022875617258251, 4759233.355472409166396 ], [ 8195179.681353756226599, 4759108.036958288401365 ], [ 8195257.627674753777683, 4758991.0236686905846 ], [ 8195360.012319200672209, 4758942.093714887276292 ], [ 8195512.921860145404935, 4758910.967692066915333 ], [ 8195656.965728661976755, 4758905.052752654999495 ], [ 8195799.967128493823111, 4758958.315552893094718 ], [ 8195926.107404239475727, 4759028.186819358728826 ], [ 8196010.385060716420412, 4759046.585918181575835 ], [ 8196078.263058735989034, 4759030.869204591959715 ], [ 8196113.430575393140316, 4758955.376222025603056 ], [ 8196140.573199620470405, 4758837.464100361801684 ], [ 8196192.935329769738019, 4758745.362099592573941 ], [ 8196269.896485724486411, 4758704.431079513393342 ], [ 8196388.409300643019378, 4758706.513404589146376 ], [ 8196413.8049111738801, 4758706.959643270820379 ], [ 8196523.455347681418061, 4758734.253682898357511 ], [ 8196565.78118865005672, 4758734.99648511596024 ], [ 8196617.101764063350856, 4758702.071284032426775 ], [ 8196668.442770649679005, 4758660.691940187476575 ], [ 8196721.328005904331803, 4758534.772799605503678 ], [ 8196757.32396802585572, 4758391.650533474050462 ], [ 8196784.812080054543912, 4758265.289322109892964 ], [ 8196811.019941522739828, 4758206.558487951755524 ], [ 8196819.617006464861333, 4758198.253273103386164 ], [ 8196828.193121741525829, 4758198.40164652094245 ], [ 8196870.252648456022143, 4758216.050280457362533 ], [ 8196928.359734478406608, 4758276.263908255845308 ], [ 8196968.440154565498233, 4758420.71887496765703 ], [ 8197024.903637478128076, 4758607.742459612898529 ], [ 8197081.014426342211664, 4758803.222977153025568 ], [ 8197137.349955460987985, 4758998.706977699883282 ], [ 8197185.263274719938636, 4759177.1378412283957 ], [ 8197250.48434429615736, 4759338.957981878891587 ], [ 8197341.348343459889293, 4759492.769602338783443 ], [ 8197424.933690658770502, 4759570.341186136007309 ], [ 8197543.062071007676423, 4759597.774896814487875 ], [ 8197712.421762543730438, 4759583.818551398813725 ], [ 8197848.887594170868397, 4759535.450194077566266 ], [ 8198028.639450313523412, 4759411.724606180563569 ], [ 8198174.523621412925422, 4759287.408495293930173 ], [ 8198218.292892078869045, 4759195.144247280433774 ], [ 8198228.591992236673832, 4759076.928676676005125 ], [ 8198214.299973512999713, 4758899.093108276836574 ], [ 8198174.442067886702716, 4758746.181476452387869 ], [ 8198084.338462682440877, 4758550.118799827061594 ], [ 8198018.997421870008111, 4758388.316082117147744 ], [ 8197953.395775217562914, 4758243.423194603063166 ], [ 8197862.473559626378119, 4758114.996966073289514 ], [ 8197771.502421737648547, 4757961.210938940756023 ], [ 8197655.979831460863352, 4757781.623995796777308 ], [ 8197556.418773329816759, 4757636.147004121914506 ], [ 8197499.363929255865514, 4757508.315908214077353 ], [ 8197459.410592814907432, 4757355.42264618165791 ], [ 8197452.919549549929798, 4757228.480910737998784 ], [ 8197488.242424715310335, 4757127.637876037508249 ], [ 8197548.561548507772386, 4757052.596865832805634 ], [ 8197659.471077805384994, 4757012.252413310110569 ], [ 8197803.880906293168664, 4756980.948920388706028 ], [ 8197989.861825892701745, 4756984.190696528181434 ], [ 8198099.236335180699825, 4757028.368221427313983 ], [ 8198208.572644846513867, 4757089.450518405996263 ], [ 8198265.856932272203267, 4757217.272468757815659 ], [ 8198280.206934904679656, 4757369.71939230337739 ], [ 8198235.883742764592171, 4757512.68621788546443 ], [ 8198199.538793536834419, 4757672.708727730438113 ], [ 8198239.916831562295556, 4757791.790489173494279 ], [ 8198332.503054091706872, 4757827.22151058819145 ], [ 8198561.587002036161721, 4757788.921379940584302 ], [ 8198791.152538098394871, 4757733.709558782167733 ], [ 8198926.342309118248522, 4757744.508129150606692 ], [ 8199102.924429432488978, 4757823.663783831521869 ], [ 8199262.059888228774071, 4757936.33849642239511 ], [ 8199505.846495029516518, 4758050.472782352007926 ], [ 8199742.063141158781946, 4758113.734487168490887 ], [ 8200080.543988925404847, 4758119.5622275210917 ], [ 8200410.930154520086944, 4758108.325933711603284 ], [ 8200495.947619600221515, 4758092.870792591944337 ], [ 8200649.216419431380928, 4758036.307684765197337 ], [ 8200810.819367526099086, 4757988.341060203500092 ], [ 8200930.097583530470729, 4757939.647932728752494 ], [ 8200948.039035876281559, 4757880.762672957964242 ], [ 8200915.338275846093893, 4757804.102212824858725 ], [ 8200798.121927201747894, 4757717.539530469104648 ], [ 8200630.285146723501384, 4757604.746140380389988 ], [ 8200254.021446142345667, 4757302.350844450294971 ], [ 8200128.20525826793164, 4757232.545511965639889 ], [ 8199917.768838590011001, 4757152.829991036094725 ], [ 8199724.263715102337301, 4757073.402549820020795 ], [ 8199632.068817503750324, 4757012.628576540388167 ], [ 8199599.807017507962883, 4756893.706894806586206 ], [ 8199585.567205625586212, 4756732.816096127033234 ], [ 8199596.532880552113056, 4756555.460497060790658 ], [ 8199658.20454999897629, 4756412.792063633911312 ], [ 8199778.376139937900007, 4756304.954525569453835 ], [ 8199973.696855100803077, 4756257.591881905682385 ], [ 8200244.63257097825408, 4756262.246851686388254 ], [ 8200514.941215792670846, 4756300.703343378379941 ], [ 8200692.541939911432564, 4756312.201461873948574 ], [ 8200785.509866757318377, 4756322.248082436621189 ], [ 8200844.753054219298065, 4756323.262052677571774 ], [ 8200879.378429100848734, 4756273.128137556836009 ], [ 8200889.385487660765648, 4756171.847337515093386 ], [ 8200875.838622327893972, 4755934.901783517561853 ], [ 8200868.662107058800757, 4755850.238124173134565 ], [ 8200896.202877162955701, 4755723.8958805706352 ], [ 8200947.879939521662891, 4755665.602688970044255 ], [ 8201033.792828558944166, 4755582.533198383636773 ], [ 8201094.573172682896256, 4755482.126624430529773 ], [ 8201104.191972490400076, 4755406.207619308494031 ], [ 8201063.420638841576874, 4755304.067685828544199 ], [ 8200988.67203569598496, 4755209.800882620736957 ], [ 8200837.2840337138623, 4755131.133725775405765 ], [ 8200626.592358914203942, 4755085.255151702091098 ], [ 8200415.181873951107264, 4755064.725703568197787 ], [ 8200178.479141601361334, 4755052.206999462097883 ], [ 8199950.257281254976988, 4755031.37729714717716 ], [ 8199730.628115462139249, 4755002.236922098323703 ], [ 8199536.145983137190342, 4754981.980838752351701 ], [ 8199333.814737393520772, 4754936.221630805172026 ], [ 8199114.970208899118006, 4754856.362283240072429 ], [ 8198896.78069326095283, 4754734.244825993664563 ], [ 8198729.536057432182133, 4754587.651217197999358 ], [ 8198638.766025158576667, 4754450.828009499236941 ], [ 8198631.348087693564594, 4754383.076801744289696 ], [ 8198666.257244147360325, 4754307.608496528118849 ], [ 8198751.544179446995258, 4754258.371584926731884 ], [ 8198904.074731481261551, 4754261.008229002356529 ], [ 8199240.754797451198101, 4754368.265268239192665 ], [ 8199485.457323274575174, 4754431.654427328146994 ], [ 8199839.461534313857555, 4754513.833178222179413 ], [ 8200067.76499155908823, 4754543.115066219121218 ], [ 8200220.46525792684406, 4754520.37959810718894 ], [ 8200331.278955081477761, 4754454.63808383885771 ], [ 8200409.210116362199187, 4754354.223841428756714 ], [ 8200521.538766080513597, 4754203.537849119864404 ], [ 8200549.265561831183732, 4754043.08743242546916 ], [ 8200542.980551144108176, 4753907.514378737658262 ], [ 8200510.683947955258191, 4753805.413182258605957 ], [ 8200494.03689041081816, 4753779.757856720127165 ], [ 8200412.902373981662095, 4753757.901865715160966 ], [ 8199762.164562288671732, 4753621.437979051843286 ], [ 8199342.03181461058557, 4753551.779823321849108 ], [ 8199323.392844815738499, 4753403.548642971552908 ], [ 8199411.016286071389914, 4753172.365164811722934 ], [ 8199711.169799192808568, 4752796.407635135576129 ], [ 8199673.550527931191027, 4752499.970555426552892 ], [ 8199633.329053529538214, 4752372.571027009747922 ], [ 8199584.711131882853806, 4752368.776404604315758 ], [ 8199518.569514428265393, 4752274.627769623883069 ], [ 8199401.427224524319172, 4752188.157533618621528 ], [ 8199233.787498242221773, 4752083.973258714191616 ], [ 8198997.579264071770012, 4752029.517696423456073 ], [ 8198727.103648297488689, 4752016.848214723169804 ], [ 8198583.938949780538678, 4751972.293539566919208 ], [ 8198542.554588380269706, 4751912.391324290074408 ], [ 8198526.719318214803934, 4751827.494114362634718 ], [ 8198527.634044916369021, 4751768.250870261341333 ], [ 8198536.708617340773344, 4751742.992812174372375 ], [ 8198604.516528788022697, 4751735.582794598303735 ], [ 8198747.828024493530393, 4751763.209647761657834 ], [ 8198874.332215181551874, 4751790.571454166434705 ], [ 8199026.607075027190149, 4751792.935667299665511 ], [ 8199213.37180898245424, 4751753.505908881314099 ], [ 8199391.786810575984418, 4751713.941363444551826 ], [ 8199569.699525209143758, 4751699.763926303014159 ], [ 8199755.8121437439695, 4751702.640519857406616 ], [ 8199806.458607853390276, 4751703.424266767688096 ], [ 8199874.471380935050547, 4751721.03752876073122 ], [ 8200022.489224577322602, 4751659.840879159979522 ], [ 8200109.260433901101351, 4751492.071115562692285 ], [ 8200153.210370736196637, 4751365.933191675692797 ], [ 8200133.830716265365481, 4751259.988092690706253 ], [ 8200029.858066793531179, 4751173.922659366391599 ], [ 8199757.857396751642227, 4751064.231657376512885 ], [ 8199360.232231789268553, 4750910.403397985734046 ], [ 8199319.70852358173579, 4750804.148031828925014 ], [ 8199404.812528452835977, 4750742.025172477588058 ], [ 8199510.423100909218192, 4750701.340075843036175 ], [ 8199784.190091975964606, 4750705.406378421001136 ], [ 8200165.20436529815197, 4750542.022179983556271 ], [ 8200420.714443962089717, 4750355.634985034354031 ], [ 8200927.865062103606761, 4750215.217094868421555 ], [ 8201074.731857161968946, 4750238.510949725285172 ], [ 8201202.630113665014505, 4750134.74647471588105 ], [ 8201225.913378205150366, 4749966.06282489746809 ], [ 8201061.20531094353646, 4749731.225548499263823 ], [ 8200433.501952246762812, 4749468.435714378021657 ], [ 8200183.734079232439399, 4749295.718539950437844 ], [ 8199976.761625251732767, 4749060.256413015536964 ], [ 8199916.132381835021079, 4748890.345942786894739 ], [ 8199901.648358988575637, 4748837.072909003123641 ], [ 8199917.075856015086174, 4748813.086515246890485 ], [ 8199953.291292068548501, 4748810.596975921653211 ], [ 8200064.354699947871268, 4748836.545076739042997 ], [ 8200285.430527023039758, 4748903.365767408162355 ], [ 8200547.944722011685371, 4749002.533650321885943 ], [ 8200736.58363723102957, 4749111.12958843447268 ], [ 8200914.06988016422838, 4749251.264972172677517 ], [ 8201112.576836441643536, 4749391.722680301405489 ], [ 8201216.287741208449006, 4749520.156271921470761 ], [ 8201508.780769306235015, 4749923.673895675688982 ], [ 8201598.620222027413547, 4750052.067217773757875 ], [ 8201648.046355050988495, 4750139.867015878669918 ], [ 8201725.471800960600376, 4750267.902355978265405 ], [ 8201794.753188132308424, 4750395.817862811498344 ], [ 8201872.062787123955786, 4750531.782431744970381 ], [ 8201994.070860267616808, 4750712.266164651140571 ], [ 8202065.844923413358629, 4750820.172154747880995 ], [ 8202455.124612635932863, 4750123.922493174672127 ], [ 8202505.658366513438523, 4750033.984946371987462 ], [ 8202419.943541725166142, 4749929.617474522441626 ], [ 8202287.281343067064881, 4749792.823131842538714 ], [ 8202166.431281405501068, 4749700.794400902464986 ], [ 8202138.307082712650299, 4749679.566651042550802 ], [ 8201965.679061893373728, 4749565.947453951463103 ], [ 8201816.814480754546821, 4749460.615108191035688 ], [ 8201667.833291894756258, 4749363.207537123002112 ], [ 8201534.948730248957872, 4749242.263013001531363 ], [ 8201410.478968289680779, 4749081.810006602667272 ], [ 8201356.935575557872653, 4748962.076513211242855 ], [ 8201335.700711986981332, 4748787.349019460380077 ], [ 8201346.136987720616162, 4748628.959789855405688 ], [ 8201427.416142902337015, 4748479.587517879903316 ], [ 8201524.630644720047712, 4748346.309200728312135 ], [ 8201613.69862999022007, 4748228.983635202981532 ], [ 8201654.886499905958772, 4748142.669412078335881 ], [ 8201697.852575333788991, 4747937.832544852979481 ], [ 8201725.730501607991755, 4747701.152910901233554 ], [ 8201753.51748629566282, 4747456.577451900579035 ], [ 8201780.081145414151251, 4747291.017466411925852 ], [ 8201838.615817698650062, 4747102.240041458047926 ], [ 8201896.305017598904669, 4746976.671174423769116 ], [ 8202008.682259384542704, 4746883.54998167976737 ], [ 8202168.249807220883667, 4746830.653308277018368 ], [ 8202318.631332813762128, 4746832.938941827043891 ], [ 8202397.417734077200294, 4746865.743401198647916 ], [ 8202498.549599075689912, 4746970.014443008229136 ], [ 8202661.54667142778635, 4747035.750323018990457 ], [ 8202909.327581177465618, 4747122.695686317048967 ], [ 8203122.571235305629671, 4747137.698250520043075 ], [ 8203270.801410238258541, 4747226.680785154923797 ], [ 8203270.690087515860796, 4747226.680784319527447 ], [ 8203419.472291845828295, 4747331.663252715952694 ], [ 8203576.706442006863654, 4747405.159500841982663 ], [ 8203726.153699037618935, 4747470.633321966044605 ], [ 8203836.391880083829165, 4747511.8068344341591 ], [ 8203969.999719364568591, 4747577.039694890379906 ], [ 8204119.583753813058138, 4747634.607798276469111 ], [ 8204285.9318180475384, 4747637.101718411780894 ], [ 8204460.726636571809649, 4747608.106303823180497 ], [ 8204564.884457317180932, 4747538.535677800886333 ], [ 8204645.670357145369053, 4747444.905241557396948 ], [ 8204663.479214075952768, 4747326.624896941706538 ], [ 8204642.33787961024791, 4747168.248784518800676 ], [ 8204557.568097553215921, 4747024.72923185210675 ], [ 8204425.27630427852273, 4746880.499825643375516 ], [ 8204284.541596884839237, 4746767.754875996150076 ], [ 8204127.969375257380307, 4746654.771725292317569 ], [ 8204128.080697978846729, 4746654.771726128645241 ], [ 8203878.958014147356153, 4746481.93238709308207 ], [ 8203857.121242539025843, 4746350.660650601610541 ], [ 8203990.971275279298425, 4746205.860104817897081 ], [ 8204130.008984902873635, 4746219.058689197525382 ], [ 8204285.292042575776577, 4746260.280124857090414 ], [ 8204423.758247883059084, 4746301.249194236472249 ], [ 8204563.00161066558212, 4746308.887114751152694 ], [ 8204729.867387562990189, 4746316.939053310081363 ], [ 8204890.834887290373445, 4746358.234731283038855 ], [ 8205012.486685762181878, 4746398.947062726132572 ], [ 8205101.53808085527271, 4746416.940045019611716 ], [ 8205151.65962878242135, 4746417.686769151128829 ], [ 8205201.925517599098384, 4746396.213275660760701 ], [ 8205247.526954865083098, 4746346.88200191128999 ], [ 8205260.226166835054755, 4746252.614203960634768 ], [ 8205250.885733220726252, 4746130.241498158313334 ], [ 8205208.374670724384487, 4746012.927620177157223 ], [ 8205165.037905886769295, 4745945.607373042963445 ], [ 8205093.727460411377251, 4745872.317646655254066 ], [ 8205033.371281886473298, 4745810.303318131715059 ], [ 8205011.943164300173521, 4745765.534350882284343 ], [ 8205023.796820259653032, 4745715.709029707126319 ], [ 8205063.367799125611782, 4745694.071438222192228 ], [ 8205147.133921287022531, 4745667.543255085125566 ], [ 8205270.470199654810131, 4745619.376173839904368 ], [ 8205360.799704761244357, 4745559.6017737807706 ], [ 8205417.586193279363215, 4745493.775900970213115 ], [ 8205452.189493292011321, 4745422.064645613543689 ], [ 8205465.619040718302131, 4745283.36988025251776 ], [ 8205450.819724951870739, 4745160.926241973415017 ], [ 8205408.29068667255342, 4745038.070205830037594 ], [ 8205349.536208763718605, 4744892.750242659822106 ], [ 8205323.43850729521364, 4744786.807733293622732 ], [ 8205303.093189671635628, 4744669.841095512732863 ], [ 8205303.696288513951004, 4744619.854862421751022 ], [ 8205374.018137870356441, 4744415.352391719818115 ], [ 8205419.184213347733021, 4744371.583499701693654 ], [ 8205497.338037236593664, 4744367.188078251667321 ], [ 8205569.465838465839624, 4744390.478833535686135 ], [ 8205608.2186413500458, 4744391.057682351209223 ], [ 8205724.870714561082423, 4744409.454499091953039 ], [ 8205824.767880919389427, 4744444.264165563508868 ], [ 8205946.034998795948923, 4744507.173005137592554 ], [ 8206084.067964234389365, 4744586.989608528092504 ], [ 8206243.898958565667272, 4744689.350596942007542 ], [ 8206448.845498257316649, 4744764.597373966127634 ], [ 8206598.912847072817385, 4744783.478241894394159 ], [ 8206722.049524535425007, 4744746.405535877682269 ], [ 8206857.048952623270452, 4744665.062535729259253 ], [ 8206919.45920071657747, 4744588.207608653232455 ], [ 8206954.341733778826892, 4744505.389091230928898 ], [ 8206966.345564084127545, 4744438.905399898067117 ], [ 8206962.342325760051608, 4744349.960629162378609 ], [ 8206941.363187625072896, 4744277.432776188477874 ], [ 8206909.046326255425811, 4744210.29509755410254 ], [ 8206854.347319955006242, 4744142.829884790815413 ], [ 8206766.444482755847275, 4744069.319238127209246 ], [ 8206672.995714441873133, 4744001.280022688210011 ], [ 8206501.488924661651254, 4743932.090210285969079 ], [ 8206329.254969616420567, 4743907.327460213564336 ], [ 8206123.889961768873036, 4743865.406502114608884 ], [ 8205941.162666235119104, 4743801.597100056707859 ], [ 8205792.189193022437394, 4743710.512735798023641 ], [ 8205694.73881524335593, 4743547.97557795420289 ], [ 8205668.366291986778378, 4743458.707839712500572 ], [ 8205636.701258291490376, 4743352.698475581593812 ], [ 8205582.911243601702154, 4743224.146399426274002 ], [ 8205529.293281313963234, 4743112.255378602072597 ], [ 8205458.437958012335002, 4743005.670135862194002 ], [ 8205377.792551117949188, 4742837.836633148603141 ], [ 8205308.630669039674103, 4742642.406046454794705 ], [ 8205272.433577974326909, 4742480.792515505105257 ], [ 8205273.993314564228058, 4742386.394761979579926 ], [ 8205848.728409567847848, 4742141.667612686753273 ], [ 8206030.184490946121514, 4742095.798721157945693 ], [ 8206275.232362302951515, 4742002.306056095287204 ], [ 8206484.837995912879705, 4741929.100381057709455 ], [ 8206659.785016891546547, 4741869.248403902165592 ], [ 8206820.146159529685974, 4741843.863925356417894 ], [ 8206931.499273082241416, 4741838.565922925248742 ], [ 8207028.945230464451015, 4741839.996917492710054 ], [ 8207154.08982524741441, 4741841.835753308609128 ], [ 8207264.51771473325789, 4741871.267125635407865 ], [ 8207340.245801235549152, 4741907.237103020772338 ], [ 8207453.792183847166598, 4742002.933893229812384 ], [ 8207474.180723423138261, 4742089.846598419360816 ], [ 8207482.10251924302429, 4742252.305581958964467 ], [ 8207502.139453999698162, 4742360.857173271477222 ], [ 8207435.103216556832194, 4742522.458709739148617 ], [ 8206812.007667521946132, 4743518.838987991213799 ], [ 8206907.396376115269959, 4743650.11469535343349 ], [ 8207014.211438079364598, 4743759.910365339368582 ], [ 8207196.385734695009887, 4743892.462174670770764 ], [ 8207410.31992893666029, 4744015.127055033110082 ], [ 8207582.014216501265764, 4744082.986073974519968 ], [ 8207743.33734920900315, 4744118.198111194185913 ], [ 8207937.512793035246432, 4744110.6750991307199 ], [ 8208058.183673463761806, 4744004.484965126030147 ], [ 8208179.635660235770047, 4743822.553109408356249 ], [ 8208292.142336656339467, 4743553.881050877273083 ], [ 8208393.104746710509062, 4743317.491053685545921 ], [ 8208450.158162551932037, 4743112.833560159429908 ], [ 8208465.19992246478796, 4742864.173170979134738 ], [ 8208533.785819730721414, 4742627.250102969817817 ], [ 8208601.095227819867432, 4742455.243773695081472 ], [ 8208623.594975611194968, 4742412.333650937303901 ], [ 8208658.564989398233593, 4742080.688280353322625 ], [ 8208527.775465845130384, 4741498.992125016637146 ], [ 8208508.111518496647477, 4741266.773998628370464 ], [ 8208536.555344495922327, 4740872.886093755252659 ], [ 8208794.141832653433084, 4740621.35975971724838 ], [ 8209141.012203173711896, 4740602.992863147519529 ], [ 8209462.011679852381349, 4740769.797995207831264 ], [ 8209456.701061059720814, 4741164.005864688195288 ], [ 8209311.93988866917789, 4741602.685699386522174 ], [ 8209213.906513629481196, 4742018.83283808734268 ], [ 8209210.071610867977142, 4742297.129177825525403 ], [ 8209260.530146013014019, 4742412.801109284162521 ], [ 8209322.057702887803316, 4742553.845346353948116 ], [ 8209594.258174540475011, 4742905.580892543308437 ], [ 8209818.905150730162859, 4743372.652427543886006 ], [ 8209878.984774506650865, 4744046.264543452300131 ], [ 8209943.636356310918927, 4744395.164414130151272 ], [ 8210055.774588249623775, 4744651.925980068743229 ], [ 8210260.642567255534232, 4744863.572896392084658 ], [ 8210512.810160153545439, 4745029.460675183683634 ], [ 8210788.186468472704291, 4745172.464280533604324 ], [ 8211132.352584081701934, 4745339.611667993478477 ], [ 8211270.363374922424555, 4745387.909096711315215 ], [ 8211286.92017349973321, 4745410.271132497116923 ], [ 8211452.277901334688067, 4745471.441385060548782 ], [ 8211683.514083105139434, 4745583.774466557428241 ], [ 8211923.319100783206522, 4745687.897898961789906 ], [ 8212179.790280066430569, 4745783.948887931182981 ], [ 8212394.949411056935787, 4745854.275561267510056 ], [ 8212503.092649829573929, 4745864.406477760523558 ], [ 8212595.801869042217731, 4745790.825142820365727 ], [ 8212655.755752000957727, 4745683.320473086088896 ], [ 8212740.668734185397625, 4745576.227753724902868 ], [ 8212833.130922047421336, 4745510.989717986434698 ], [ 8212924.782414365559816, 4745504.15459846612066 ], [ 8213049.451421162113547, 4745514.553453836590052 ], [ 8213098.431960793212056, 4745582.122476760298014 ], [ 8213129.914025355130434, 4745682.791752776131034 ], [ 8213144.584455132484436, 4745808.219296723604202 ], [ 8213175.19987706001848, 4745992.32845416571945 ], [ 8213201.569407541304827, 4746047.851529812440276 ], [ 8213279.953795836307108, 4746211.048062618821859 ], [ 8213384.843408113345504, 4746421.427086405456066 ], [ 8213456.492980740964413, 4746614.574425466358662 ], [ 8213528.459380643442273, 4746816.069547472521663 ], [ 8213599.459581587463617, 4747050.946305678226054 ], [ 8213740.697657481767237, 4747612.511057222262025 ], [ 8213942.859666459262371, 4747991.458228648640215 ], [ 8213982.378893790766597, 4748125.667545114643872 ], [ 8214037.779388101771474, 4748301.87943206448108 ], [ 8214101.896128208376467, 4748453.192785242572427 ], [ 8214183.376599129289389, 4748588.343093325383961 ], [ 8214281.917076186276972, 4748681.999869856983423 ], [ 8214363.107339059002697, 4748808.848228518851101 ], [ 8214402.888727596029639, 4748951.749419772997499 ], [ 8214467.678577050566673, 4749061.596035515889525 ], [ 8214575.032178697176278, 4749121.925841121003032 ], [ 8214807.697791937738657, 4749167.558864255435765 ], [ 8214932.062608867883682, 4749203.058187143877149 ], [ 8215005.664488241076469, 4749279.574322857894003 ], [ 8215045.94721241760999, 4749380.648063635453582 ], [ 8215061.260839362628758, 4749481.315963198430836 ], [ 8215018.199037693440914, 4749581.036448223516345 ], [ 8214983.589529681019485, 4749664.160247625783086 ], [ 8214948.015515237115324, 4749814.217942673712969 ], [ 8214930.386057855561376, 4749897.614245873875916 ], [ 8214944.873891714029014, 4750040.121966300532222 ], [ 8215010.010406601242721, 4750149.977042400278151 ], [ 8215084.564634744077921, 4750176.297911873087287 ], [ 8215243.320688564330339, 4750137.035758220590651 ], [ 8215419.692911086603999, 4750022.739175169728696 ], [ 8215595.812466056086123, 4749933.541177340783179 ], [ 8215787.97756567504257, 4749886.444634432904422 ], [ 8215987.755334885790944, 4749881.31305196788162 ], [ 8216153.624248445034027, 4749934.207283440977335 ], [ 8216252.307165489532053, 4750027.858026134781539 ], [ 8216324.604353099130094, 4750204.775780462659895 ], [ 8216389.279760940931737, 4750348.092660967260599 ], [ 8216495.347291768528521, 4750500.450354141183197 ], [ 8216619.01990354526788, 4750586.138159483671188 ], [ 8216743.646569915115833, 4750604.885822543874383 ], [ 8216844.0298244766891, 4750556.290206258185208 ], [ 8216953.552869922481477, 4750465.991288072429597 ], [ 8217138.688876328058541, 4750343.427053954452276 ], [ 8217314.799519010819495, 4750254.195938789285719 ], [ 8217490.329408591613173, 4750190.063733666203916 ], [ 8217641.100626328960061, 4750133.896061354316771 ], [ 8217775.583929938264191, 4750043.991708157584071 ], [ 8217842.765562203712761, 4750003.222398144192994 ], [ 8217994.01087701972574, 4749905.215767429210246 ], [ 8218078.892934447154403, 4749797.776785052381456 ], [ 8218088.637559577822685, 4749689.142062161117792 ], [ 8218072.815439886413515, 4749630.309099716134369 ], [ 8217981.485502724535763, 4749620.479036726988852 ], [ 8217748.071685560047626, 4749641.850421839393675 ], [ 8217405.753742201253772, 4749694.947681826539338 ], [ 8217155.682434893213212, 4749724.404926517978311 ], [ 8216980.878886118531227, 4749729.961426139809191 ], [ 8216781.476622493937612, 4749693.278855384327471 ], [ 8216607.864401693455875, 4749615.162197661586106 ], [ 8216459.479680487886071, 4749503.979840601794422 ], [ 8216320.121631562709808, 4749359.465819147415459 ], [ 8216164.248430603183806, 4749197.949946714565158 ], [ 8216041.672777177765965, 4749036.973271570168436 ], [ 8215977.719568790867925, 4748851.842479964718223 ], [ 8215971.677398145198822, 4748684.38976277410984 ], [ 8216065.028578540310264, 4748552.018641968257725 ], [ 8216208.118179440498352, 4748454.044717929325998 ], [ 8216366.907350423745811, 4748406.522793642245233 ], [ 8216516.420251306146383, 4748442.322763988748193 ], [ 8216731.538588780909777, 4748529.303573823533952 ], [ 8216938.891597663983703, 4748582.8477030294016 ], [ 8217038.882512499578297, 4748576.088199771940708 ], [ 8217139.585826615802944, 4748519.134857423603535 ], [ 8217241.010053751990199, 4748412.241661288775504 ], [ 8217267.752898872829974, 4748304.146654286421835 ], [ 8217236.784371149726212, 4748145.043599676340818 ], [ 8217155.337835721671581, 4748035.214322469197214 ], [ 8217032.042848410084844, 4747933.06265374366194 ], [ 8216826.043485267087817, 4747796.189931526780128 ], [ 8216619.424254263751209, 4747692.696468775160611 ], [ 8216123.092968912795186, 4747484.354935792274773 ], [ 8215950.23711920529604, 4747373.043762422166765 ], [ 8215752.603290631435812, 4747227.947050707414746 ], [ 8215564.036805764771998, 4747049.604520468041301 ], [ 8215408.427434335462749, 4746871.802157171070576 ], [ 8215285.941889943554997, 4746719.574470299296081 ], [ 8215180.231807610020041, 4746559.273782730102539 ], [ 8215058.012838795781136, 4746390.359846348874271 ], [ 8214907.431206855922937, 4746242.150656156241894 ], [ 8214696.802592044696212, 4746084.013530935160816 ], [ 8214465.949057539924979, 4745930.024420300498605 ], [ 8214209.954331100918353, 4745808.999114508740604 ], [ 8213995.324421890079975, 4745696.993151028640568 ], [ 8213871.978702186606824, 4745594.827325846068561 ], [ 8213708.716782038100064, 4745391.85871450509876 ], [ 8213660.851908656768501, 4745274.234676509164274 ], [ 8213654.364539494737983, 4745157.293745229952037 ], [ 8213680.278706601820886, 4745082.615286156535149 ], [ 8213772.148872288875282, 4745075.772646548226476 ], [ 8213979.246094474568963, 4745129.2382199652493 ], [ 8214219.586584137752652, 4745199.929977348074317 ], [ 8214402.752744163386524, 4745194.576872324571013 ], [ 8214528.460679804906249, 4745138.21177741792053 ], [ 8214579.327685159631073, 4745063.938294994644821 ], [ 8214589.041041810065508, 4744988.986539198085666 ], [ 8214556.673257134854794, 4744930.04280502256006 ], [ 8214465.808979842811823, 4744886.835119710303843 ], [ 8214199.583461742848158, 4744882.486509160138667 ], [ 8213958.094439784996212, 4744878.539620687253773 ], [ 8213750.851962311193347, 4744841.760989187285304 ], [ 8213593.213606921955943, 4744797.454352287575603 ], [ 8213419.907354217022657, 4744719.501523854210973 ], [ 8213255.265049016103148, 4744591.626763918437064 ], [ 8213074.433751375414431, 4744463.477414306253195 ], [ 8212992.555963335558772, 4744378.682858682237566 ], [ 8212977.363389622420073, 4744286.642378930933774 ], [ 8213069.549279671162367, 4744238.094731102697551 ], [ 8213344.318381411023438, 4744234.266880280338228 ], [ 8213651.505820562131703, 4744264.346835524775088 ], [ 8213966.58384158089757, 4744336.265590123832226 ], [ 8214273.309358394704759, 4744424.724740223027766 ], [ 8214580.208045481704175, 4744488.14722253382206 ], [ 8215121.736695148050785, 4744446.896073305048048 ], [ 8215279.801649044267833, 4744449.463969903066754 ], [ 8215479.498798763379455, 4744436.019229624420404 ], [ 8215597.00198230613023, 4744371.167020632885396 ], [ 8215615.801352486014366, 4744246.299588703550398 ], [ 8215567.197878462262452, 4744153.724276497028768 ], [ 8215493.343581878580153, 4744094.114101091399789 ], [ 8215369.85412804223597, 4744008.667114332318306 ], [ 8215230.117715622298419, 4743897.922563250176609 ], [ 8215107.281006247736514, 4743770.763872515410185 ], [ 8215042.454683375544846, 4743644.552343057468534 ], [ 8215028.652508637867868, 4743469.102798031643033 ], [ 8215031.26851645950228, 4743302.237404562532902 ], [ 8215108.535853304900229, 4743119.859901663847268 ], [ 8215201.522238907404244, 4743029.533862841315567 ], [ 8215427.133332134224474, 4742949.670374338515103 ], [ 8215659.356216098181903, 4742978.405663350597024 ], [ 8215825.438992891460657, 4742997.735667753964663 ], [ 8215875.546855873428285, 4742981.839518231339753 ], [ 8215892.908617130480707, 4742923.695942360907793 ], [ 8215860.750465503893793, 4742856.416774711571634 ], [ 8215703.722216506488621, 4742778.812871335074306 ], [ 8215488.357827004045248, 4742742.000048238784075 ], [ 8215147.626370493322611, 4742736.570161115378141 ], [ 8214889.042573398910463, 4742782.519393142312765 ], [ 8214805.669540592469275, 4742814.566284914501011 ], [ 8214679.92970484495163, 4742870.979408339597285 ], [ 8214553.730497688986361, 4742977.435063261538744 ], [ 8214435.456500008702278, 4743092.314824716188014 ], [ 8214318.11025626771152, 4743140.462576708756387 ], [ 8214177.316400269046426, 4743113.127559688873589 ], [ 8213920.631225753575563, 4743033.836609997786582 ], [ 8213613.015127087943256, 4743012.110719273798168 ], [ 8213396.616416587494314, 4743016.902543596923351 ], [ 8213129.653528921306133, 4743062.57577467802912 ], [ 8212937.662031892687082, 4743109.475018215365708 ], [ 8212795.880920159630477, 4743123.828182863071561 ], [ 8212671.636778580024838, 4743088.404949171468616 ], [ 8212574.170607066713274, 4742944.955464576371014 ], [ 8212476.616418209858239, 4742793.165498769842088 ], [ 8212377.990077619440854, 4742716.446892242878675 ], [ 8212245.41365494672209, 4742689.223627387546003 ], [ 8212020.572115507908165, 4742702.189418343827128 ], [ 8211736.35674109403044, 4742772.572104548104107 ], [ 8211477.822564377449453, 4742818.338074116036296 ], [ 8211374.742580351419747, 4742814.108436441980302 ], [ 8211235.932206789962947, 4742835.404492589645088 ], [ 8211004.920746196992695, 4742832.238068991340697 ], [ 8210658.29270389303565, 4742827.478816183283925 ], [ 8210312.204939897172153, 4742799.514517900533974 ], [ 8210037.217358437366784, 4742633.339843770489097 ], [ 8210022.900762578472495, 4742580.177571266889572 ], [ 8209951.575099616311491, 4742506.036146906204522 ], [ 8209819.706204351969063, 4742305.841314926743507 ], [ 8209745.376421492546797, 4742115.497578493319452 ], [ 8209715.011729286052287, 4742052.508392797783017 ], [ 8209740.113212744705379, 4741951.393103145994246 ], [ 8209835.443987972103059, 4741828.030377376824617 ], [ 8209985.010877153836191, 4741729.006184476427734 ], [ 8210149.757732974365354, 4741661.472817949019372 ], [ 8210313.266168790869415, 4741664.209331286139786 ], [ 8210538.176426916383207, 4741730.448077880777419 ], [ 8210724.546259441412985, 4741764.800231671892107 ], [ 8210896.09190471470356, 4741752.04116422496736 ], [ 8211029.230346404016018, 4741691.782112007029355 ], [ 8211155.301366112194955, 4741600.160268950276077 ], [ 8211335.84620807506144, 4741525.059562305919826 ], [ 8211570.321414177305996, 4741458.669032600708306 ], [ 8211758.176267413422465, 4741399.306495676748455 ], [ 8211915.368188067339361, 4741316.001797372475266 ], [ 8212002.361366621218622, 4741239.342818991281092 ], [ 8212027.104024672880769, 4741138.229696920141578 ], [ 8212013.486459359526634, 4741028.665077772922814 ], [ 8211959.852742458693683, 4740973.110006852075458 ], [ 8211757.67419021204114, 4740954.140337061136961 ], [ 8211523.746391297318041, 4740965.879388081841171 ], [ 8211337.00309909787029, 4740962.775053147226572 ], [ 8211282.641006524674594, 4740946.253760985098779 ], [ 8211244.445692553184927, 4740906.569122606888413 ], [ 8211253.238249414600432, 4740836.431721243076026 ], [ 8211324.412895859219134, 4740775.13784063141793 ], [ 8211481.1147242160514, 4740715.26680207438767 ], [ 8211598.391971234232187, 4740685.976607511751354 ], [ 8211739.768236110918224, 4740610.228861755691469 ], [ 8211819.355062640272081, 4740502.218739507719874 ], [ 8211860.509287504479289, 4740362.336099532432854 ], [ 8211924.040514394640923, 4740277.49066493101418 ], [ 8211994.694913497194648, 4740239.60536798927933 ], [ 8212134.475543636828661, 4740249.690828055143356 ], [ 8212281.785605140961707, 4740298.947389361448586 ], [ 8212451.860348164103925, 4740372.009265549480915 ], [ 8212614.51318318489939, 4740413.704397087916732 ], [ 8212739.200179387815297, 4740400.10079887136817 ], [ 8212817.565052242018282, 4740362.311997654847801 ], [ 8212934.584314960986376, 4740348.580450175330043 ], [ 8212988.452412278391421, 4740388.508138308301568 ], [ 8213103.504823626950383, 4740499.727438056841493 ], [ 8213425.5808966755867, 4740801.768713233992457 ], [ 8213487.459135840646923, 4740834.011424634605646 ], [ 8213588.356232126243412, 4740843.450389424338937 ], [ 8213666.948270690627396, 4740797.843432111665606 ], [ 8213699.560752281919122, 4740704.626616075634956 ], [ 8213670.299320660531521, 4740571.360301560722291 ], [ 8213594.594402423128486, 4740429.534627010114491 ], [ 8213511.349281704984605, 4740264.156850421801209 ], [ 8213490.55040679499507, 4740107.593361061997712 ], [ 8213508.424190802499652, 4739943.849524061195552 ], [ 8213557.824538396671414, 4739860.218285446055233 ], [ 8213699.598115738481283, 4739650.109896220266819 ], [ 8213748.92073040176183, 4739471.255807992070913 ], [ 8213766.908607263118029, 4739291.904381229542196 ], [ 8213784.76799201592803, 4739143.790267645381391 ], [ 8213755.847447890788317, 4739002.736062155105174 ], [ 8213633.373760125599802, 4738867.990469411015511 ], [ 8213448.570703997276723, 4738740.051111445762217 ], [ 8213345.860839786008, 4738676.020303069613874 ], [ 8213178.692760347388685, 4738571.688692672178149 ], [ 8213093.720711754634976, 4738539.075275275856256 ], [ 8212753.392837788909674, 4738408.614270371384919 ], [ 8212720.913300744257867, 4738369.496093722060323 ], [ 8212638.895933922380209, 4738335.170095822773874 ], [ 8212506.59883597958833, 4738333.377126154489815 ], [ 8212324.578857482410967, 4738330.908870461396873 ], [ 8212141.998885495588183, 4738378.246446863748133 ], [ 8211975.057672249153256, 4738492.218839518725872 ], [ 8211741.962760194204748, 4738605.287872532382607 ], [ 8211460.035876472480595, 4738667.864125351421535 ], [ 8211195.09711186029017, 4738680.84845498111099 ], [ 8210963.795695991255343, 4738661.072711933404207 ], [ 8210682.656826853752136, 4738657.213574424386024 ], [ 8210286.093377920798957, 4738635.148391585797071 ], [ 8209956.025416935794055, 4738580.775105411186814 ], [ 8209675.800900497473776, 4738510.474957239814103 ], [ 8209462.185859850607812, 4738407.878845982253551 ], [ 8209364.796450448222458, 4738257.077497999183834 ], [ 8209334.001361634582281, 4738107.195424439385533 ], [ 8209349.382597913965583, 4737888.482462192885578 ], [ 8209423.417865379713476, 4737823.943965799175203 ], [ 8209548.466226384043694, 4737752.955884652212262 ], [ 8209709.516367364674807, 4737697.123685324564576 ], [ 8209884.681396128609776, 4737670.765496414154768 ], [ 8210096.355539644137025, 4737630.384330708533525 ], [ 8210293.359356411732733, 4737611.687507499940693 ], [ 8210475.911920483224094, 4737578.129525825381279 ], [ 8210644.121983690187335, 4737515.093402954749763 ], [ 8210813.3257692232728, 4737415.509388413280249 ], [ 8210938.294841204769909, 4737337.135903283022344 ], [ 8211026.86011222191155, 4737243.548409545794129 ], [ 8211064.908428099937737, 4737134.510156060568988 ], [ 8211066.120528134517372, 4737068.730930959805846 ], [ 8211045.381471512839198, 4736995.286301223561168 ], [ 8210987.694704107008874, 4736957.790257758460939 ], [ 8210907.39941221754998, 4736971.097593620419502 ], [ 8210803.941067217849195, 4737057.134419652633369 ], [ 8210663.864997854456306, 4737179.118843932636082 ], [ 8210539.228066887706518, 4737242.869887639768422 ], [ 8210465.987093425355852, 4737256.293473550118506 ], [ 8210291.825905757956207, 4737224.189621812663972 ], [ 8210103.438626054674387, 4737169.916944243013859 ], [ 8209950.785477979108691, 4737138.166492812335491 ], [ 8209805.192018891684711, 4737135.769372979179025 ], [ 8209673.825635449029505, 4737162.845279031433165 ], [ 8209534.734560830518603, 4737219.034757324494421 ], [ 8209395.530334180220962, 4737275.222581720910966 ], [ 8209139.022916872985661, 4737380.629149126820266 ], [ 8209065.454084642231464, 4737423.242665557190776 ], [ 8208962.385804254561663, 4737487.284875992685556 ], [ 8208814.182424834929407, 4737638.271200601011515 ], [ 8208744.884697514586151, 4737634.061082293279469 ], [ 8208578.141574125736952, 4737747.968307048082352 ], [ 8208212.968332006596029, 4737842.498730367049575 ], [ 8207865.478943427093327, 4737854.238244427368045 ], [ 8207551.75549469422549, 4737816.624823758378625 ], [ 8207304.187528476119041, 4737763.331074060872197 ], [ 8207107.139004346914589, 4737677.527717035263777 ], [ 8206943.063819510862231, 4737575.586229095235467 ], [ 8206845.123961979523301, 4737491.179045720025897 ], [ 8206845.821272281929851, 4737441.375153303146362 ], [ 8206896.136584491468966, 4737336.134384986944497 ], [ 8206952.222977816127241, 4737263.935152502730489 ], [ 8207054.610349409282207, 4737165.031048595905304 ], [ 8207193.81397473718971, 4737039.28741925675422 ], [ 8207332.956847193650901, 4736922.724644507281482 ], [ 8207525.277588005177677, 4736843.845617624931037 ], [ 8207890.41592467110604, 4736786.147653438150883 ], [ 8208274.229168138466775, 4736692.243558372370899 ], [ 8208393.779007937759161, 4736602.992565219290555 ], [ 8208486.269304768182337, 4736504.108933402225375 ], [ 8208579.360574628226459, 4736377.828466061502695 ], [ 8208627.188935616984963, 4736223.411448159255087 ], [ 8208639.069854143075645, 4736041.011059939861298 ], [ 8208642.055236767977476, 4735831.081021770834923 ], [ 8208645.764656346291304, 4735602.901151450350881 ], [ 8208630.850645985454321, 4735392.828711808659136 ], [ 8208600.249964435584843, 4735018.69777874648571 ], [ 8208639.313701653853059, 4734864.42719566449523 ], [ 8208723.088551789522171, 4734729.132180620916188 ], [ 8208834.027272207662463, 4734621.619609024375677 ], [ 8208898.204054285772145, 4734595.343167142942548 ], [ 8208989.461443467065692, 4734560.407942248508334 ], [ 8209145.262116603553295, 4734490.084514495916665 ], [ 8209328.106734201312065, 4734420.209171895869076 ], [ 8209401.772372216917574, 4734375.861007813364267 ], [ 8209420.711573989130557, 4734321.502592589706182 ], [ 8209385.626252696849406, 4734248.025568598881364 ], [ 8209277.492256991565228, 4734173.348110450431705 ], [ 8209078.509725713171065, 4734115.38674618396908 ], [ 8208942.64065299089998, 4734076.693563862703741 ], [ 8208870.876908143982291, 4734029.942712927237153 ], [ 8208794.624226723797619, 4734048.729677244089544 ], [ 8208679.032433323562145, 4734030.522722124122083 ], [ 8208480.784452769905329, 4734027.757192092016339 ], [ 8208315.255338564515114, 4734042.04563388414681 ], [ 8208231.685549039393663, 4734107.274647551588714 ], [ 8208114.37140784598887, 4734205.232524935156107 ], [ 8207948.719559591263533, 4734236.111338462680578 ], [ 8207800.058909052051604, 4734234.026992565952241 ], [ 8207453.395636044442654, 4734179.366410939954221 ], [ 8206466.005175543949008, 4733866.658248806372285 ], [ 8205872.111117311753333, 4733775.243709185160697 ], [ 8205554.617821959778666, 4733795.225525729358196 ], [ 8205554.506499241106212, 4733795.225524900481105 ], [ 8205560.149817171506584, 4733827.926261054351926 ], [ 8205585.598081350326538, 4734033.037733624689281 ] ] ] ] } },
{ "type": "Feature", "properties": { "layer": "LDLYAAE002" }, "geometry": { "type": "Polygon", "coordinates": [ [ [ 8208844.181095664389431, 4764260.346600360237062 ], [ 8208962.646069349721074, 4764224.889478110708296 ], [ 8209087.417014701291919, 4764183.302378553897142 ], [ 8209175.183978045359254, 4764128.647043289616704 ], [ 8209256.956508031114936, 4764061.429873136803508 ], [ 8209357.85465107485652, 4763963.365656785666943 ], [ 8209477.356535485945642, 4763865.603834473527968 ], [ 8209590.237750330939889, 4763792.660464334301651 ], [ 8209708.382840288802981, 4763775.885861182585359 ], [ 8209788.693602516315877, 4763795.884983860887587 ], [ 8209813.084645494818687, 4763821.207646383903921 ], [ 8209818.246983491815627, 4763883.607635041698813 ], [ 8209803.971695063635707, 4763995.546268501318991 ], [ 8209821.017976051196456, 4764089.299422630108893 ], [ 8209857.813808524981141, 4764114.823958493769169 ], [ 8209907.429541554301977, 4764115.629274341277778 ], [ 8209988.677730196155608, 4764079.556625073775649 ], [ 8210063.931501031853259, 4764030.922925382852554 ], [ 8210114.999544186517596, 4763944.50663629360497 ], [ 8210154.285546304658055, 4763820.50991599354893 ], [ 8210180.648828759789467, 4763727.463223017752171 ], [ 8210194.50427972804755, 4763640.446326588280499 ], [ 8210176.936664827167988, 4763577.846883145160973 ], [ 8210116.373330562375486, 4763489.625154517591 ], [ 8210012.400191647931933, 4763400.700527980923653 ], [ 8209907.909566775895655, 4763342.923243870958686 ], [ 8209759.698357574641705, 4763303.129523676820099 ], [ 8209598.981155422516167, 4763269.361535370349884 ], [ 8209438.786159937269986, 4763204.443562279455364 ], [ 8209278.489146364852786, 4763145.752947173081338 ], [ 8209093.284050399437547, 4763092.885078306309879 ], [ 8208914.38710852432996, 4763033.88588367216289 ], [ 8208735.387540836818516, 4762981.113225854001939 ], [ 8208531.689805908128619, 4762921.702517949976027 ], [ 8208438.671972924843431, 4762920.179921568371356 ], [ 8208370.039793470874429, 4762943.980340231209993 ], [ 8208350.282690380699933, 4763012.198863849975169 ], [ 8208342.613576873205602, 4763099.309370464645326 ], [ 8208321.912603799253702, 4763223.594413531012833 ], [ 8208289.227672512643039, 4763322.759287776425481 ], [ 8208238.357000631280243, 4763396.701555895619094 ], [ 8208205.775775972753763, 4763489.637844525277615 ], [ 8208178.975211966782808, 4763607.595965736545622 ], [ 8208177.295994490385056, 4763707.272569909691811 ], [ 8208175.616396361961961, 4763806.950467282906175 ], [ 8208198.429057121276855, 4763925.725565874017775 ], [ 8208264.760313007049263, 4764038.98384099919349 ], [ 8208362.417295897379518, 4764134.060814943164587 ], [ 8208472.899094704538584, 4764204.420300617814064 ], [ 8208614.811532815918326, 4764250.365483339875937 ], [ 8208738.746701449155807, 4764258.623862004838884 ], [ 8208844.181095664389431, 4764260.346600360237062 ] ] ] } },
{ "type": "Feature", "properties": { "layer": "LDLYAAE002" }, "geometry": { "type": "Polygon", "coordinates": [ [ [ 8211153.597834898158908, 4763786.798729717731476 ], [ 8211216.33710026089102, 4763744.187573055736721 ], [ 8211272.771312422119081, 4763707.706329860724509 ], [ 8211341.917558440938592, 4763652.735095098614693 ], [ 8211405.067141307517886, 4763585.203822385519743 ], [ 8211450.125606570392847, 4763486.225155127234757 ], [ 8211464.07289984729141, 4763392.978347681462765 ], [ 8211446.806787092238665, 4763311.693645725026727 ], [ 8211391.714055764488876, 4763267.188958116807044 ], [ 8211311.610427391715348, 4763234.74428134970367 ], [ 8211224.996590599417686, 4763220.8883066335693 ], [ 8211094.663494369015098, 4763225.020993834361434 ], [ 8210926.708972995169461, 4763253.470456138253212 ], [ 8210758.339744217693806, 4763306.83582542091608 ], [ 8210645.265290376730263, 4763392.248754167929292 ], [ 8210606.918128699995577, 4763460.174396235495806 ], [ 8210605.573153804056346, 4763541.161245583556592 ], [ 8210622.522591383196414, 4763641.138784910552204 ], [ 8210664.589690226130188, 4763722.828129879198968 ], [ 8210756.581818742677569, 4763786.629351686686277 ], [ 8210861.598465513437986, 4763813.250283122062683 ], [ 8210973.230395961552858, 4763815.050759832374752 ], [ 8211084.965740859508514, 4763810.619763416238129 ], [ 8211153.597834898158908, 4763786.798729717731476 ] ] ] } },
{ "type": "Feature", "properties": { "layer": "LDLYAAE002" }, "geometry": { "type": "Polygon", "coordinates": [ [ [ 8204579.778586465865374, 4763542.527227924205363 ], [ 8204625.194403420202434, 4763353.797817409969866 ], [ 8204655.591413667425513, 4763220.963702054694295 ], [ 8204665.273767983540893, 4763066.730804144404829 ], [ 8204661.14680911693722, 4762898.233092084527016 ], [ 8204621.773208374157548, 4762736.1657395362854 ], [ 8204540.129911699332297, 4762580.410083964467049 ], [ 8204430.147335154004395, 4762438.215645804069936 ], [ 8204326.70905074197799, 4762324.201489708386362 ], [ 8203840.913948644883931, 4761972.191513977944851 ], [ 8203764.492845483124256, 4761921.785277192480862 ], [ 8203652.950013596564531, 4761870.7871556552127 ], [ 8203568.777223074808717, 4761862.351448366418481 ], [ 8203463.288005091249943, 4761867.590036447159946 ], [ 8203294.334595631808043, 4761885.790295033715665 ], [ 8203139.673236721195281, 4761890.195121460594237 ], [ 8203062.403450068086386, 4761888.889016807079315 ], [ 8202971.816153412684798, 4761845.254781260155141 ], [ 8202881.961455821990967, 4761759.530231857672334 ], [ 8202778.425393665209413, 4761652.52297754958272 ], [ 8202653.57486695703119, 4761559.188354236073792 ], [ 8202542.530325363390148, 4761480.120708323083818 ], [ 8202487.55874811206013, 4761409.020705519244075 ], [ 8202418.906578638590872, 4761316.638502148911357 ], [ 8202343.044183603487909, 4761231.15103053022176 ], [ 8202224.376356851309538, 4761180.019296878017485 ], [ 8202056.223281854763627, 4761149.095221717841923 ], [ 8201817.937626770697534, 4761109.957535385154188 ], [ 8201628.928173333406448, 4761064.63787030428648 ], [ 8201446.944009250961244, 4761019.434986801818013 ], [ 8201272.092291261069477, 4760967.334466259926558 ], [ 8201082.981087882071733, 4760929.020029808394611 ], [ 8200893.444198948331177, 4760918.76056701131165 ], [ 8200597.372966292314231, 4760983.851737690158188 ], [ 8200435.395552256144583, 4761009.138385701924562 ], [ 8200294.16697140596807, 4761055.828427196480334 ], [ 8200187.305826866067946, 4761152.22362688370049 ], [ 8200108.360488273203373, 4761256.115417989902198 ], [ 8200049.937855408526957, 4761381.410773490555584 ], [ 8199970.441310771740973, 4761506.344507307745516 ], [ 8199891.066816917620599, 4761624.264443942345679 ], [ 8199819.583384754136205, 4761693.202371524646878 ], [ 8199755.620155398733914, 4761734.201970346271992 ], [ 8199692.152808093465865, 4761747.141699625179172 ], [ 8199615.133282549679279, 4761731.779639266431332 ], [ 8199440.768927529454231, 4761658.600883482955396 ], [ 8199280.579647360369563, 4761578.648029841482639 ], [ 8199134.192384453490376, 4761512.965567618608475 ], [ 8198959.959786728955805, 4761432.765683586709201 ], [ 8198750.734477171674371, 4761344.940051106736064 ], [ 8198604.354177366010845, 4761279.251515860669315 ], [ 8198443.552608723752201, 4761234.360544998198748 ], [ 8198296.778996990993619, 4761189.711224162951112 ], [ 8198156.843445194885135, 4761152.195093775168061 ], [ 8198002.534982775337994, 4761135.476953423582017 ], [ 8197883.128555960021913, 4761133.397590863518417 ], [ 8197742.977305178530514, 4761109.905235744081438 ], [ 8197331.191726921126246, 4760934.322351720184088 ], [ 8197233.624926678836346, 4760883.502000563777983 ], [ 8197163.278455301187932, 4760889.288138816133142 ], [ 8197134.308013970963657, 4760944.912658910267055 ], [ 8197133.104291881434619, 4761022.072498029097915 ], [ 8197188.091145551763475, 4761100.215853497385979 ], [ 8197532.564233929850161, 4761492.151219847612083 ], [ 8197608.196630644612014, 4761584.689969427883625 ], [ 8197696.99956464022398, 4761726.57735404651612 ], [ 8197729.735818766057491, 4761860.471475613303483 ], [ 8197733.496084135957062, 4762042.982034626416862 ], [ 8197736.503446113318205, 4762267.58663394767791 ], [ 8197775.387840082868934, 4762450.717158941552043 ], [ 8197837.105025033466518, 4762536.002746738493443 ], [ 8197934.951246643438935, 4762565.777748139575124 ], [ 8198110.572933814488351, 4762568.835251071490347 ], [ 8198356.318396408110857, 4762580.126051843166351 ], [ 8198573.08993121329695, 4762640.030947718769312 ], [ 8198753.740897851064801, 4762755.446750245057046 ], [ 8198899.145307662896812, 4762877.267827752046287 ], [ 8199002.277607159689069, 4763005.374384632334113 ], [ 8199091.362006865441799, 4763133.238257325254381 ], [ 8199186.975377515889704, 4763289.288136844523251 ], [ 8199283.712560484185815, 4763382.195797548629344 ], [ 8199381.447052829898894, 4763418.975305557250977 ], [ 8199501.501979532651603, 4763385.958241463638842 ], [ 8199587.548038917593658, 4763289.190237822011113 ], [ 8199674.461732468567789, 4763143.311770018190145 ], [ 8199747.446712455712259, 4762990.176624630577862 ], [ 8199799.4780567958951, 4762829.664456059224904 ], [ 8199844.234554388560355, 4762683.064310346730053 ], [ 8199882.213306855410337, 4762522.314583696424961 ], [ 8199905.644815055653453, 4762389.386107878759503 ], [ 8199963.455293325707316, 4762299.155551603063941 ], [ 8200048.37172067258507, 4762265.53024688269943 ], [ 8200125.519593931734562, 4762273.874777404591441 ], [ 8200173.701832785271108, 4762330.842161022126675 ], [ 8200249.240810350514948, 4762430.38482054695487 ], [ 8200347.093640301376581, 4762460.136116501875222 ], [ 8200403.415903946384788, 4762454.085775557905436 ], [ 8200517.791621588170528, 4762343.770415233448148 ], [ 8200567.953518678434193, 4762288.492076499387622 ], [ 8200723.60936586279422, 4762228.005048043094575 ], [ 8200843.646036113612354, 4762194.975365277379751 ], [ 8201062.520374089479446, 4762135.566451471298933 ], [ 8201295.195246433839202, 4762090.422908568754792 ], [ 8201506.056892891414464, 4762087.005490642972291 ], [ 8201667.377561756409705, 4762103.791228384710848 ], [ 8201842.993788425810635, 4762106.783086552284658 ], [ 8202011.952979395166039, 4762088.60701840184629 ], [ 8202216.891665734350681, 4762021.919176377356052 ], [ 8202329.652453968301415, 4762002.782896256074309 ], [ 8202463.119368332438171, 4762005.047940229997039 ], [ 8202589.317783437669277, 4762021.222521190531552 ], [ 8202707.881247147917747, 4762072.352396913804114 ], [ 8202762.97996258828789, 4762136.440845601260662 ], [ 8202782.589385627768934, 4762220.980476284399629 ], [ 8202836.469246892258525, 4762355.222568097524345 ], [ 8202868.909794512204826, 4762510.156045337207615 ], [ 8202915.157412571832538, 4762679.360638447105885 ], [ 8202969.651026856154203, 4762778.530107971280813 ], [ 8203045.099361388944089, 4762885.072036516852677 ], [ 8203148.65032275300473, 4762992.089809790253639 ], [ 8203307.554580374620855, 4763149.167872886173427 ], [ 8203404.085890250280499, 4763256.067363233305514 ], [ 8203465.977360785938799, 4763334.31026303768158 ], [ 8203519.993558627553284, 4763461.547655538655818 ], [ 8203560.445889950729907, 4763560.484613941982388 ], [ 8203595.209681657142937, 4763582.125336684286594 ], [ 8203644.632784699089825, 4763568.921779878437519 ], [ 8203708.714309800416231, 4763520.873845202848315 ], [ 8203786.724750839173794, 4763480.078497232869267 ], [ 8203835.661718720570207, 4763494.938587673939764 ], [ 8203890.775276048108935, 4763559.03010918200016 ], [ 8203951.945053129456937, 4763679.370083877816796 ], [ 8204005.362636509351432, 4763841.691375523805618 ], [ 8204031.284394326619804, 4763968.459909807890654 ], [ 8204099.847836232744157, 4764067.872593578882515 ], [ 8204155.329586545936763, 4764110.91658441349864 ], [ 8204246.547736854292452, 4764119.467229506000876 ], [ 8204310.024513268843293, 4764106.495854945853353 ], [ 8204360.054357350803912, 4764058.205176166258752 ], [ 8204425.344972438178957, 4763939.985117590986192 ], [ 8204476.945032378658652, 4763800.481338410638273 ], [ 8204528.664829059503973, 4763653.962999104522169 ], [ 8204579.778586465865374, 4763542.527227924205363 ] ] ] } },
{ "type": "Feature", "properties": { "layer": "LDLYAAE002" }, "geometry": { "type": "MultiPolygon", "coordinates": [ [ [ [ 8190646.250583705492318, 4760545.513971411623061 ], [ 8190374.921494859270751, 4760614.471545006148517 ], [ 8190158.552340559661388, 4760699.264805115759373 ], [ 8189935.695993369445205, 4760783.98406277783215 ], [ 8188480.008616079576313, 4761266.24857291765511 ], [ 8187492.241475854068995, 4761642.001233859919012 ], [ 8186368.692685781046748, 4761966.171890828758478 ], [ 8186046.718761106021702, 4762081.069793027825654 ], [ 8185885.683398958295584, 4762147.880004277452826 ], [ 8185253.378467880189419, 4762508.862577836960554 ], [ 8184869.320583697408438, 4762691.677210742607713 ], [ 8184633.805649925023317, 4762795.061290666460991 ], [ 8184046.421282972209156, 4762994.135244622826576 ], [ 8183551.083376410417259, 4763123.578642437234521 ], [ 8183551.083376410417259, 4763123.578642437234521 ], [ 8183905.610227171331644, 4763736.23811880685389 ], [ 8183947.842177629470825, 4763836.58510725479573 ], [ 8183989.426467008888721, 4763959.094447047449648 ], [ 8184045.778525196015835, 4764096.586715583689511 ], [ 8184124.381460411474109, 4764219.617218201048672 ], [ 8184206.990153135731816, 4764331.619319504126906 ], [ 8184480.037607690319419, 4764679.072896001860499 ], [ 8184570.610156316310167, 4764754.242178497835994 ], [ 8184712.699313407763839, 4764830.134381078183651 ], [ 8184836.665123691782355, 4764879.910032905638218 ], [ 8184942.850244668312371, 4764914.651067129336298 ], [ 8185030.768593951128423, 4764930.663771855644882 ], [ 8185104.443560974672437, 4764939.081949094310403 ], [ 8185152.269070683978498, 4764928.669752006419003 ], [ 8185219.361580212600529, 4764896.350995813496411 ], [ 8185278.972271548584104, 4764852.847598996013403 ], [ 8185339.540651392191648, 4764765.017407700419426 ], [ 8185393.354174149222672, 4764651.228124241344631 ], [ 8185439.755184427835047, 4764522.561995011754334 ], [ 8185475.491365781053901, 4764397.436815031804144 ], [ 8185500.035976483486593, 4764268.465118784457445 ], [ 8185506.958710038103163, 4764098.60863477177918 ], [ 8185524.403755546547472, 4763799.596612060442567 ], [ 8185535.452203391119838, 4763702.770661979913712 ], [ 8185565.383433948270977, 4763592.352070927619934 ], [ 8185706.939428694546223, 4763400.37181593477726 ], [ 8185786.640260928310454, 4763327.593409158289433 ], [ 8185917.519660640507936, 4763218.585888308472931 ], [ 8186048.021126734092832, 4763123.42765180952847 ], [ 8186196.499823097139597, 4763056.222970007918775 ], [ 8186367.555288026109338, 4763017.034703265875578 ], [ 8186551.394370391964912, 4763019.583965929225087 ], [ 8186753.390071952715516, 4763040.849977013655007 ], [ 8186973.718336635269225, 4763071.599387042224407 ], [ 8187202.435508785769343, 4763139.403774413280189 ], [ 8187394.340961484238505, 4763202.080431517213583 ], [ 8187503.469077514484525, 4763263.615911722183228 ], [ 8187607.239134572446346, 4763371.254561878740788 ], [ 8187803.024071903899312, 4763734.145531362853944 ], [ 8187883.757836783304811, 4763832.236912356689572 ], [ 8187937.865208399482071, 4763902.24815992731601 ], [ 8187983.248357290402055, 4763935.197803631424904 ], [ 8188051.839829139411449, 4763945.377212788909674 ], [ 8188185.787205985747278, 4763928.735418883152306 ], [ 8188329.293299959041178, 4763875.282115923240781 ], [ 8188496.102919898927212, 4763817.523664870299399 ], [ 8188662.10630960110575, 4763796.698713161051273 ], [ 8188873.209716442972422, 4763818.049762113951147 ], [ 8189052.144820643588901, 4763843.575521121732891 ], [ 8189207.76400445215404, 4763891.870961927808821 ], [ 8189353.988422809168696, 4763944.656525753438473 ], [ 8189449.450154005549848, 4764005.988224084489048 ], [ 8189549.59857642184943, 4764062.76480869576335 ], [ 8189899.990435826592147, 4764256.86023388709873 ], [ 8189996.455565677024424, 4764276.634193480014801 ], [ 8190148.063631399534643, 4764287.917675754055381 ], [ 8190263.169728549197316, 4764270.99933632556349 ], [ 8190356.188706710003316, 4764216.832835764624178 ], [ 8190449.91898808721453, 4764130.345540730282664 ], [ 8190525.765442360192537, 4764015.908027329482138 ], [ 8190620.324594399891794, 4763878.633439243771136 ], [ 8190687.063942439854145, 4763740.989070265553892 ], [ 8190759.162693127989769, 4763580.323438384570181 ], [ 8190912.388626315630972, 4763249.887618816457689 ], [ 8190973.630302107892931, 4763172.205052006989717 ], [ 8191063.114737394265831, 4763071.808652177453041 ], [ 8191165.948189563117921, 4762971.597715641371906 ], [ 8191278.200207212008536, 4762871.509239937178791 ], [ 8191394.62151066865772, 4762794.564709296450019 ], [ 8191520.008495287038386, 4762736.208188203163445 ], [ 8191663.395627566613257, 4762687.329011731781065 ], [ 8191811.969497330486774, 4762624.659765422344208 ], [ 8191914.136140248738229, 4762565.993010035715997 ], [ 8191970.42663923278451, 4762506.71341741271317 ], [ 8192004.600942626595497, 4762405.580878564156592 ], [ 8192025.182297001592815, 4762281.183784047141671 ], [ 8192013.285555669106543, 4762184.057958580553532 ], [ 8191977.722357461228967, 4762105.092061824165285 ], [ 8191901.645370107144117, 4762002.494916416704655 ], [ 8191765.34614111110568, 4761899.101601989939809 ], [ 8191610.675470345653594, 4761818.543001429177821 ], [ 8191501.058460047468543, 4761770.909142807126045 ], [ 8191364.160853737965226, 4761718.289719486609101 ], [ 8191250.486688612960279, 4761647.511932855471969 ], [ 8191110.139603205956519, 4761520.972453008405864 ], [ 8191006.461254566907883, 4761413.389147471636534 ], [ 8190902.562789711169899, 4761305.805958953686059 ], [ 8190840.048151704482734, 4761198.778350749984384 ], [ 8190773.441162732429802, 4761082.456345047801733 ], [ 8190724.255456909537315, 4760989.189109537750483 ], [ 8190680.456228269264102, 4760854.320055287331343 ], [ 8190650.487737133167684, 4760724.267188652418554 ], [ 8190646.250583705492318, 4760545.513971411623061 ] ] ] ] } },
{ "type": "Feature", "properties": { "layer": "LDLYAAE002" }, "geometry": { "type": "Polygon", "coordinates": [ [ [ 8205896.319792041555047, 4763239.641014168038964 ], [ 8205891.892178473062813, 4763133.63695362303406 ], [ 8205893.276065418496728, 4763052.654794668778777 ], [ 8205920.356085785664618, 4762928.48292784858495 ], [ 8205966.467977769672871, 4762785.935821221210063 ], [ 8206030.546032932586968, 4762687.305426571518183 ], [ 8206125.704377681016922, 4762595.422578795813024 ], [ 8206201.404774124734104, 4762546.832336536608636 ], [ 8206364.853532836772501, 4762474.773486147634685 ], [ 8206526.814959526062012, 4762489.91861117631197 ], [ 8206687.717327896505594, 4762567.352056509815156 ], [ 8206779.691590466536582, 4762662.336630084551871 ], [ 8206852.84853623714298, 4762763.240983766503632 ], [ 8206912.896667676046491, 4762901.315481383353472 ], [ 8206972.0280123911798, 4763082.994154394604266 ], [ 8207030.764965861104429, 4763277.132110472768545 ], [ 8207102.012993179261684, 4763465.248449166305363 ], [ 8207192.712737565860152, 4763603.836557570844889 ], [ 8207283.942723902873695, 4763711.276943171396852 ], [ 8207357.623980142176151, 4763756.112552200444043 ], [ 8207401.035602428019047, 4763756.828058044426143 ], [ 8207432.465829830616713, 4763732.41942704282701 ], [ 8207464.94969629496336, 4763645.713003324344754 ], [ 8207462.542645034380257, 4763421.341753342188895 ], [ 8207459.292367033660412, 4763246.811480239965022 ], [ 8207517.633485410362482, 4763098.223105404525995 ], [ 8207587.532458123750985, 4762999.675327901728451 ], [ 8207656.587852014228702, 4762950.962938042357564 ], [ 8207775.041581354103982, 4762915.524168018251657 ], [ 8207862.488644869998097, 4762879.575130966491997 ], [ 8207938.05839938018471, 4762812.275119844824076 ], [ 8207995.654311454854906, 4762707.294457181356847 ], [ 8208009.317144716158509, 4762632.747885043732822 ], [ 8208010.157549231313169, 4762582.914747005328536 ], [ 8207961.810632234439254, 4762507.350935093127191 ], [ 8207925.550829023122787, 4762450.678623479790986 ], [ 8207877.100199396722019, 4762381.344371357001364 ], [ 8207822.659529115073383, 4762299.450728315860033 ], [ 8207718.614020087756217, 4762216.742246250621974 ], [ 8207601.95848594699055, 4762146.286796213127673 ], [ 8207472.481393695808947, 4762100.541546422988176 ], [ 8207293.71726692840457, 4762035.291018816642463 ], [ 8207108.543534634634852, 4761982.392911300994456 ], [ 8206966.881360470317304, 4761923.979808147065341 ], [ 8206868.303063811734319, 4761853.816501657478511 ], [ 8206806.884990585036576, 4761796.727889926172793 ], [ 8206763.86129115242511, 4761758.63414778187871 ], [ 8206664.280912826769054, 4761744.52635982632637 ], [ 8206539.222732380032539, 4761761.147230876609683 ], [ 8206394.92260454595089, 4761808.599787971936166 ], [ 8206244.596588724292815, 4761843.489647985436022 ], [ 8206150.934317315928638, 4761848.165704034268856 ], [ 8206014.25092694722116, 4761814.744421526789665 ], [ 8205791.102472460828722, 4761730.04051866568625 ], [ 8205505.802059038542211, 4761631.836562707088888 ], [ 8205276.425182575359941, 4761547.019152586348355 ], [ 8205127.3821527576074, 4761507.150113986805081 ], [ 8204959.523000271990895, 4761473.194798864424229 ], [ 8204754.244293237105012, 4761438.61028197966516 ], [ 8204579.614685126580298, 4761435.686147103086114 ], [ 8204392.082574643194675, 4761457.463319823145866 ], [ 8204272.831734935753047, 4761499.073539231903851 ], [ 8204196.700514937750995, 4761572.558006755076349 ], [ 8204183.044348951429129, 4761640.861239842139184 ], [ 8204218.961391569115222, 4761728.688508308492601 ], [ 8204298.537534732371569, 4761817.249367393553257 ], [ 8204409.515516270883381, 4761893.87582188192755 ], [ 8204563.725436401553452, 4761996.148353984579444 ], [ 8204699.334318925626576, 4762091.877471452578902 ], [ 8204921.303854448720813, 4762245.125604478642344 ], [ 8205037.88650814909488, 4762359.226494305767119 ], [ 8205129.094542573206127, 4762497.826867912895977 ], [ 8205238.590163242071867, 4762661.656763552688062 ], [ 8205298.935803198255599, 4762781.051619314588606 ], [ 8205352.831702506169677, 4762912.801781770773232 ], [ 8205382.204938322305679, 4763019.220122727565467 ], [ 8205435.142158760689199, 4763207.038106887601316 ], [ 8205500.770967653021216, 4763382.607888557948172 ], [ 8205553.925660754553974, 4763557.972456293180585 ], [ 8205607.402291032485664, 4763714.650625444017351 ], [ 8205680.554746680893004, 4763815.573862426914275 ], [ 8205723.58317743614316, 4763853.680044907145202 ], [ 8205767.251031869091094, 4763854.406618116423488 ], [ 8205804.893732449039817, 4763842.569770242087543 ], [ 8205861.783875962719321, 4763799.894955134019256 ], [ 8205894.253053704276681, 4763725.655754707753658 ], [ 8205895.956715513952076, 4763625.979860675521195 ], [ 8205898.405735368840396, 4763482.697430081665516 ], [ 8205894.616275116801262, 4763339.313455174677074 ], [ 8205896.319792041555047, 4763239.641014168038964 ] ] ] } },
{ "type": "Feature", "properties": { "layer": "LDLYAAE002" }, "geometry": { "type": "MultiPolygon", "coordinates": [ [ [ [ 8295013.553379306569695, 4760836.324842675589025 ], [ 8295013.442056562751532, 4760836.324841868132353 ], [ 8295013.44813943747431, 4760836.334951745346189 ], [ 8295013.553379306569695, 4760836.324842675589025 ] ] ], [ [ [ 8294273.384002168662846, 4760907.413151543587446 ], [ 8294374.782673268578947, 4760996.485725607722998 ], [ 8294502.185467604547739, 4761151.542121199890971 ], [ 8294586.476085469126701, 4761375.149990274570882 ], [ 8294687.869334697723389, 4761598.824147576466203 ], [ 8294814.916334994137287, 4761822.595659347251058 ], [ 8294976.168652983382344, 4762046.494033953174949 ], [ 8295154.373166728764772, 4762313.4771035797894 ], [ 8295332.708645245060325, 4762571.951311434619129 ], [ 8295553.5631502000615, 4762882.149225629866123 ], [ 8295664.156978289596736, 4763002.870648596435785 ], [ 8295817.587621725164354, 4763106.553856574930251 ], [ 8295963.009554270654917, 4763172.731476295739412 ], [ 8296065.040910249575973, 4763219.161418386735022 ], [ 8296278.455059961415827, 4763297.264682014472783 ], [ 8296491.793344497680664, 4763392.554064015857875 ], [ 8296636.726675102487206, 4763487.604038524441421 ], [ 8296798.52904356084764, 4763634.283236249350011 ], [ 8296926.170160207897425, 4763772.249641072005033 ], [ 8297028.355989560484886, 4763867.1511405184865 ], [ 8297066.385474348440766, 4763878.764333307743073 ], [ 8297113.753027748316526, 4763893.229397944174707 ], [ 8297190.716242857277393, 4763893.491208366118371 ], [ 8297267.881113786250353, 4763850.774792562238872 ], [ 8297328.468306328170002, 4763713.450646672397852 ], [ 8297371.766427938826382, 4763610.451134582050145 ], [ 8297397.698151312768459, 4763558.966101960279047 ], [ 8297406.536049783229828, 4763498.828379539772868 ], [ 8297389.782819841057062, 4763469.118360186927021 ], [ 8297372.543106693774462, 4763438.545965661294758 ], [ 8297227.33843778539449, 4763360.696710851974785 ], [ 8297039.450983132235706, 4763308.485878700390458 ], [ 8296834.660068727098405, 4763213.238440882414579 ], [ 8296630.030946015380323, 4763083.607650675810874 ], [ 8296442.627412207424641, 4762928.250030741095543 ], [ 8296362.3269511628896, 4762837.288779525086284 ], [ 8296298.02194750867784, 4762764.445397257804871 ], [ 8296238.805215765722096, 4762626.724035870283842 ], [ 8296213.432772758416831, 4762566.473277578130364 ], [ 8296153.979090826585889, 4762480.320138064213097 ], [ 8296026.285111437551677, 4762359.550210991874337 ], [ 8295890.244479787535965, 4762195.779163618572056 ], [ 8295779.994381466880441, 4762023.603547712787986 ], [ 8295669.796482530422509, 4761842.844245761632919 ], [ 8295576.610911176539958, 4761679.324877399019897 ], [ 8295500.300512677058578, 4761558.810960810631514 ], [ 8295398.480016365647316, 4761412.440784243866801 ], [ 8295296.708019549027085, 4761257.483529064804316 ], [ 8295169.474638872779906, 4761068.083099961280823 ], [ 8295033.742926513776183, 4760870.065406486392021 ], [ 8295013.44813943747431, 4760836.334951745346189 ], [ 8294273.49532491248101, 4760907.413152351975441 ], [ 8294273.384002168662846, 4760907.413151543587446 ] ] ] ] } },
{ "type": "Feature", "properties": { "layer": "LDLYAAE002" }, "geometry": { "type": "Polygon", "coordinates": [ [ [ 8314781.888195048086345, 4763395.073716941289604 ], [ 8314901.29713533166796, 4763242.979011511430144 ], [ 8315080.036461577750742, 4763108.1157451197505 ], [ 8315165.394900711253285, 4762981.306578168645501 ], [ 8315242.498165502212942, 4762795.102600135840476 ], [ 8315311.080282773822546, 4762617.342606204561889 ], [ 8315362.655800872482359, 4762447.987553501501679 ], [ 8315439.875104520469904, 4762210.917530853301287 ], [ 8315500.125110980123281, 4761897.465239237993956 ], [ 8315585.756045668385923, 4761609.572675426490605 ], [ 8315671.038037384860218, 4761448.863149374723434 ], [ 8315756.088671564124525, 4761372.938745099119842 ], [ 8315926.117562549188733, 4761246.52420968003571 ], [ 8316002.61218583676964, 4761195.99618951138109 ], [ 8316087.590390798635781, 4761145.505345902405679 ], [ 8316189.491096476092935, 4761112.045829105190933 ], [ 8316308.135388882830739, 4761163.442310687154531 ], [ 8316536.810096616856754, 4761317.064242118038237 ], [ 8316757.0289739491418, 4761462.167914829216897 ], [ 8317002.577340877614915, 4761658.251298357732594 ], [ 8317239.823343840427697, 4761786.465633052401245 ], [ 8317400.818803158588707, 4761871.95200162846595 ], [ 8317612.854561422020197, 4761906.782552327029407 ], [ 8317858.89463306684047, 4761916.317640166729689 ], [ 8318036.888347684405744, 4761993.388693257234991 ], [ 8318155.469145450741053, 4762078.68368654884398 ], [ 8318299.361847128719091, 4762223.439406878314912 ], [ 8318527.921169298700988, 4762393.990237884223461 ], [ 8318739.780011277645826, 4762471.194957348518074 ], [ 8318892.395168533548713, 4762505.751090686768293 ], [ 8318951.8227394875139, 4762497.519917676225305 ], [ 8318968.853705015033484, 4762480.63217350281775 ], [ 8318960.60975581780076, 4762412.76275956723839 ], [ 8318926.909802780486643, 4762344.787499119527638 ], [ 8318648.090639705769718, 4761877.269953213632107 ], [ 8318538.301260070875287, 4761664.838019408285618 ], [ 8318504.732572327367961, 4761512.080750310793519 ], [ 8318538.958252367563546, 4761393.525215342640877 ], [ 8318581.524188959039748, 4761334.355291675776243 ], [ 8318675.015713167376816, 4761266.92090904712677 ], [ 8318793.959219696000218, 4761199.592764531262219 ], [ 8318912.840108875185251, 4761157.698239673860371 ], [ 8319023.054684673435986, 4761192.070979552343488 ], [ 8319150.05851876642555, 4761302.817818582057953 ], [ 8319319.308677687309682, 4761490.045964342541993 ], [ 8319488.84129074588418, 4761558.574400469660759 ], [ 8319616.169050225056708, 4761533.661742436699569 ], [ 8319735.128821660764515, 4761457.842200338840485 ], [ 8319752.253950784914196, 4761390.084212373942137 ], [ 8319735.441418155096471, 4761322.187702094204724 ], [ 8319684.926367319189012, 4761152.413495861925185 ], [ 8319685.161139440722764, 4761050.675502912141383 ], [ 8319710.652720607817173, 4761033.82360852137208 ], [ 8319761.538103943690658, 4761042.509883073158562 ], [ 8319846.282489916309714, 4761085.247463141568005 ], [ 8320024.064951222389936, 4761255.537491298280656 ], [ 8320210.241705396212637, 4761468.254195301793516 ], [ 8320404.968405317515135, 4761655.570183396339417 ], [ 8320574.511220842599869, 4761724.081432000733912 ], [ 8320667.918283574283123, 4761690.540449863299727 ], [ 8320727.55430958326906, 4761580.555692962370813 ], [ 8320753.288366268388927, 4761453.479638745076954 ], [ 8320787.692444575950503, 4761241.655400466173887 ], [ 8320830.70986667368561, 4760970.52264775428921 ], [ 8320899.157642762176692, 4760707.976067546755075 ], [ 8320933.760238073766232, 4760402.912849921733141 ], [ 8320976.708901789039373, 4760165.698344419710338 ], [ 8321003.042885655537248, 4759911.152977344579995 ], [ 8321003.753970318473876, 4759698.977619335055351 ], [ 8320944.815569565631449, 4759546.048312341794372 ], [ 8320834.721706910990179, 4759452.38482544850558 ], [ 8320656.630474121309817, 4759375.502465923316777 ], [ 8320419.063868789002299, 4759306.935347618535161 ], [ 8320147.471625998616219, 4759255.238568331114948 ], [ 8319884.487903095781803, 4759220.361433981917799 ], [ 8319630.009090221486986, 4759219.320580124855042 ], [ 8319290.684435465373099, 4759226.399449890479445 ], [ 8318993.711718966253102, 4759259.073610629886389 ], [ 8318696.614990513771772, 4759342.599145790562034 ], [ 8318526.673263716511428, 4759460.560204918496311 ], [ 8318348.099506163969636, 4759637.82256861589849 ], [ 8318178.002735486254096, 4759815.120866466313601 ], [ 8318016.614097232930362, 4759899.206056471914053 ], [ 8317889.366025634109974, 4759898.662681895308197 ], [ 8317753.741214258596301, 4759855.695923591032624 ], [ 8317567.474758730269969, 4759710.783412247896194 ], [ 8317372.709311548620462, 4759574.309676991775632 ], [ 8317169.466206603683531, 4759437.797434926964343 ], [ 8316957.745793798007071, 4759301.245526823215187 ], [ 8316729.044212783686817, 4759173.093338853679597 ], [ 8316500.236988783814013, 4759087.319854360073805 ], [ 8316296.791529539041221, 4759035.560180155560374 ], [ 8316050.732868714258075, 4759059.895899911411107 ], [ 8315863.867916746996343, 4759152.303165243007243 ], [ 8315702.402075882069767, 4759261.775771678425372 ], [ 8315617.277123996056616, 4759371.590852431952953 ], [ 8315574.472185707651079, 4759515.50465208850801 ], [ 8315488.351277118548751, 4759989.835485490038991 ], [ 8315496.096026899293065, 4760261.148352527059615 ], [ 8315537.983376480638981, 4760456.322935017757118 ], [ 8315563.111858979798853, 4760575.124937481246889 ], [ 8315563.065881630405784, 4760592.080358846113086 ], [ 8315537.614579737186432, 4760591.965510420501232 ], [ 8315376.539120868779719, 4760548.84879607334733 ], [ 8315156.126076978631318, 4760488.504282144829631 ], [ 8314935.574604524299502, 4760479.02056497335434 ], [ 8314672.533701007254422, 4760494.770489926449955 ], [ 8314409.324167524464428, 4760569.856885019689798 ], [ 8314171.489533873274922, 4760670.488576621748507 ], [ 8313967.561430028639734, 4760779.752005674876273 ], [ 8313848.5179229574278, 4760872.453819987364113 ], [ 8313780.302691449411213, 4760990.827953796833754 ], [ 8313754.457667826674879, 4761126.358066545799375 ], [ 8313711.324171032756567, 4761372.028565675020218 ], [ 8313659.949732447043061, 4761532.879676782526076 ], [ 8313549.354406705126166, 4761634.103179444558918 ], [ 8313421.886399154551327, 4761701.331727687269449 ], [ 8313328.455553650856018, 4761734.805166769772768 ], [ 8313158.636312047950923, 4761776.393984029069543 ], [ 8312980.406450948677957, 4761792.50382462143898 ], [ 8312708.844061264768243, 4761808.163309435360134 ], [ 8312293.091299007646739, 4761806.161926188506186 ], [ 8312072.409792159684002, 4761830.528746465221047 ], [ 8311987.432109965011477, 4761872.510075889527798 ], [ 8311893.707716651260853, 4761999.237742681987584 ], [ 8311816.767449954524636, 4762185.401956179179251 ], [ 8311756.593605933710933, 4762388.609468216076493 ], [ 8311696.255166226066649, 4762608.77896994445473 ], [ 8311653.102874140255153, 4762778.159102653153241 ], [ 8311626.739075404591858, 4762990.023258090019226 ], [ 8311617.200631721876562, 4763235.894041656516492 ], [ 8311641.679023377597332, 4763464.977475788444281 ], [ 8311717.511004074476659, 4763592.552813952788711 ], [ 8311810.751052588224411, 4763618.449577728286386 ], [ 8311878.374366029165685, 4763618.779477485455573 ], [ 8311955.017311101779342, 4763619.15321322530508 ], [ 8312059.786618757992983, 4763604.275806996040046 ], [ 8312243.729045134969056, 4763578.153141570277512 ], [ 8312405.181116567924619, 4763528.051759738475084 ], [ 8312464.797968478873372, 4763477.457867153920233 ], [ 8312524.485335816629231, 4763409.90352257527411 ], [ 8312635.08788232319057, 4763342.594342612661421 ], [ 8312728.469559723511338, 4763334.562115513719618 ], [ 8312838.541056525893509, 4763394.449958203360438 ], [ 8312999.284483280032873, 4763513.940023240633309 ], [ 8313100.97824783436954, 4763548.345188652165234 ], [ 8313126.612023937515914, 4763506.065759791061282 ], [ 8313169.533081686124206, 4763387.546895205974579 ], [ 8313229.634459432214499, 4763218.23054 ], [ 8313323.433143187314272, 4763108.435570652596653 ], [ 8313467.79647146910429, 4763083.67780240252614 ], [ 8313722.336375079117715, 4763093.355593707412481 ], [ 8313900.298306189477444, 4763153.548952258192003 ], [ 8314035.798260148614645, 4763222.021218026988208 ], [ 8314145.568437166512012, 4763358.21356560010463 ], [ 8314238.130621848627925, 4763553.688516412861645 ], [ 8314313.723666001111269, 4763749.08768636919558 ], [ 8314406.564494629390538, 4763876.725134334526956 ], [ 8314491.395351178944111, 4763885.597627565264702 ], [ 8314576.294359107501805, 4763877.508580983616412 ], [ 8314653.010094197466969, 4763793.056739599443972 ], [ 8314704.603034698404372, 4763623.685627435334027 ], [ 8314747.573199369944632, 4763488.198362826369703 ], [ 8314781.888195048086345, 4763395.073716941289604 ] ] ] } },
{ "type": "Feature", "properties": { "layer": "LDLYAAE002" }, "geometry": { "type": "MultiPolygon", "coordinates": [ [ [ [ 8297392.995865432545543, 4760062.989016071893275 ], [ 8297392.884542686864734, 4760062.989015265367925 ], [ 8297392.894593595527112, 4760063.025397106073797 ], [ 8297392.995865432545543, 4760062.989016071893275 ] ] ], [ [ [ 8296845.400514366105199, 4760259.669847287237644 ], [ 8296890.491845805197954, 4760558.845486724749207 ], [ 8296964.338877115398645, 4761160.264697347767651 ], [ 8297006.378722611814737, 4761297.822859125211835 ], [ 8297065.209967456758022, 4761495.560217349790037 ], [ 8297132.813095849938691, 4761650.387025756761432 ], [ 8297208.924001833423972, 4761813.833603498525918 ], [ 8297293.654907674528658, 4761968.722385636530817 ], [ 8297395.69132222328335, 4762106.492729312740266 ], [ 8297514.788634244352579, 4762287.320069955661893 ], [ 8297638.865087816491723, 4762404.950462304987013 ], [ 8297830.777162775397301, 4762494.644410345703363 ], [ 8297984.493547631427646, 4762598.290478397160769 ], [ 8298120.929406116716564, 4762736.256808452308178 ], [ 8298410.943366132676601, 4763012.245481169782579 ], [ 8298547.693402417004108, 4763081.452550821937621 ], [ 8298684.595921831205487, 4763116.278275436721742 ], [ 8298787.273277040570974, 4763142.396505677141249 ], [ 8298873.120062564499676, 4763099.699053879827261 ], [ 8298904.521834940649569, 4763045.079903242178261 ], [ 8298925.26555089559406, 4762927.968297593295574 ], [ 8298900.131184811703861, 4762798.964604200795293 ], [ 8298840.810981408692896, 4762652.663073620758951 ], [ 8298730.288785018958151, 4762463.22458450589329 ], [ 8298625.896601995453238, 4762300.819287204183638 ], [ 8298566.590044722892344, 4762213.103949313983321 ], [ 8298526.083276817575097, 4762153.193150206468999 ], [ 8298415.458229384385049, 4761989.638130966573954 ], [ 8298355.883326560258865, 4761903.552459076978266 ], [ 8298287.706718151457608, 4761826.028160557150841 ], [ 8298202.440164484083652, 4761739.858516680076718 ], [ 8298100.083674275316298, 4761645.043960290029645 ], [ 8297972.226885739713907, 4761507.200838452205062 ], [ 8297810.462309270165861, 4761334.891418130137026 ], [ 8297683.160970412194729, 4761119.755698776803911 ], [ 8297615.952375602908432, 4760870.472594167105854 ], [ 8297392.894593595527112, 4760063.025397106073797 ], [ 8296845.51183711271733, 4760259.669848092831671 ], [ 8296845.400514366105199, 4760259.669847287237644 ] ] ] ] } },
{ "type": "Feature", "properties": { "layer": "LDLYAAE002" }, "geometry": { "type": "MultiPolygon", "coordinates": [ [ [ [ 8320972.761490336619318, 4734341.436399768106639 ], [ 8320972.650167593732476, 4734341.436398973688483 ], [ 8320972.681252312846482, 4734341.481558155268431 ], [ 8320972.761490336619318, 4734341.436399768106639 ] ] ], [ [ [ 8311562.287510171532631, 4755999.470056855119765 ], [ 8311532.722756265662611, 4755803.327297353185713 ], [ 8311540.829156084917486, 4755622.449317866005003 ], [ 8311601.62083965819329, 4755479.523191757500172 ], [ 8311684.923838739283383, 4755374.398816428147256 ], [ 8311821.09638280980289, 4755246.919088643975556 ], [ 8311964.878154795616865, 4755096.862673466093838 ], [ 8312101.066693859174848, 4754961.844818281009793 ], [ 8312297.571105383336544, 4754834.656511938199401 ], [ 8312471.396795153617859, 4754722.431381301023066 ], [ 8312501.726995243690908, 4754669.814903613179922 ], [ 8312539.848982291296124, 4754534.324751421809196 ], [ 8312593.145593654364347, 4754368.759993684478104 ], [ 8312631.310583354905248, 4754218.199370197020471 ], [ 8312669.248145616613328, 4754143.01014231517911 ], [ 8312752.461406342685223, 4754060.501165840774775 ], [ 8312850.645003410056233, 4754015.748461344279349 ], [ 8313001.578390542417765, 4753986.320322902873158 ], [ 8313122.320174033753574, 4753964.283513105474412 ], [ 8313190.288531636819243, 4753934.458297662436962 ], [ 8313243.238652783446014, 4753881.950687915086746 ], [ 8313288.646254255436361, 4753829.407549759373069 ], [ 8313349.24784692376852, 4753739.252353283576667 ], [ 8313364.57471567299217, 4753656.420742586255074 ], [ 8313342.390708976425231, 4753505.582365214824677 ], [ 8313267.415712030604482, 4753354.496939704753458 ], [ 8313177.248392563313246, 4753241.022788686677814 ], [ 8313079.38568312395364, 4753180.267128159292042 ], [ 8312951.313185159116983, 4753134.439376000314951 ], [ 8312823.174395291134715, 4753111.219036617316306 ], [ 8312702.487418581731617, 4753118.178301269188523 ], [ 8312566.558449865318835, 4753177.817031997255981 ], [ 8312475.87767059635371, 4753237.67208771687001 ], [ 8312362.433818357996643, 4753342.635716437362134 ], [ 8312264.071292507462204, 4753447.672360946424305 ], [ 8312210.934745443053544, 4753560.464538542553782 ], [ 8312165.155235992744565, 4753733.587037610821426 ], [ 8312157.107763394713402, 4753899.358494631946087 ], [ 8312171.686745260842144, 4754065.242388151586056 ], [ 8312201.488445904105902, 4754185.979740676470101 ], [ 8312201.075237773358822, 4754321.646708148531616 ], [ 8312178.149378498084843, 4754419.51990503910929 ], [ 8312117.533293617889285, 4754509.673963983543217 ], [ 8311989.055684760212898, 4754591.961387020535767 ], [ 8311868.188201394863427, 4754651.672460244968534 ], [ 8311754.815224246121943, 4754726.493924903683364 ], [ 8311596.113936368376017, 4754823.705596758984029 ], [ 8311490.303488087840378, 4754891.025055599398911 ], [ 8311392.081666648387909, 4754943.305628716014326 ], [ 8311316.629019798710942, 4754950.471620638854802 ], [ 8311241.389664414338768, 4754889.799495711922646 ], [ 8311181.544842354953289, 4754731.214988833293319 ], [ 8311197.151843639090657, 4754565.467998458072543 ], [ 8311250.517650011926889, 4754384.83564776647836 ], [ 8311296.221369777806103, 4754241.85423841048032 ], [ 8311357.149598726071417, 4754053.727606466971338 ], [ 8311410.345441611483693, 4753925.860903750173748 ], [ 8311501.155807519331574, 4753828.327827551402152 ], [ 8311607.095411627553403, 4753715.795074635185301 ], [ 8311705.4441211624071, 4753618.298915714025497 ], [ 8311796.388401390053332, 4753475.547010983340442 ], [ 8311902.460064078681171, 4753317.797268035821617 ], [ 8311978.223557426594198, 4753205.119259644299746 ], [ 8312076.724909892305732, 4753054.871020256541669 ], [ 8312182.787458623759449, 4752897.124767049215734 ], [ 8312243.37042769882828, 4752814.520341288298368 ], [ 8312379.364829893223941, 4752732.280376065522432 ], [ 8312485.033007148653269, 4752702.645041112788022 ], [ 8312651.007865659892559, 4752680.834142579697073 ], [ 8312794.290580433793366, 4752681.5201580459252 ], [ 8313103.591571105644107, 4752645.314001666381955 ], [ 8313186.721984504722059, 4752585.420795892365277 ], [ 8313239.665355457924306, 4752532.920428903773427 ], [ 8313247.538856946863234, 4752419.919961570762098 ], [ 8313179.958314423449337, 4752321.634473702870309 ], [ 8313089.756760791875422, 4752223.242540209554136 ], [ 8312961.76310111861676, 4752154.812833854928613 ], [ 8312796.022726254537702, 4752101.272971253842115 ], [ 8312569.890363923273981, 4752070.047387627884746 ], [ 8312396.612544768489897, 4752016.465027610771358 ], [ 8312238.349298789165914, 4751985.558900348842144 ], [ 8312042.476016037166119, 4751924.326148936524987 ], [ 8311861.848677815869451, 4751810.416608159430325 ], [ 8311711.433606796897948, 4751681.582525873556733 ], [ 8311628.839176938869059, 4751568.150255857035518 ], [ 8311583.947538563981652, 4751454.903197890147567 ], [ 8311576.758387422189116, 4751341.842171083204448 ], [ 8311614.762984106317163, 4751244.073681227862835 ], [ 8311697.820975946262479, 4751206.805591311305761 ], [ 8311924.070468607358634, 4751192.839073073118925 ], [ 8312142.640288399532437, 4751231.553114123642445 ], [ 8312331.144186577759683, 4751285.04887645598501 ], [ 8312534.685470609925687, 4751353.683719296939671 ], [ 8312692.871133776381612, 4751437.238927417434752 ], [ 8312896.104927534237504, 4751581.30593272857368 ], [ 8313076.664911579340696, 4751732.834115874022245 ], [ 8313234.737168152816594, 4751846.560250977985561 ], [ 8313377.899464315734804, 4751914.966961955651641 ], [ 8313490.988491020165384, 4751953.088511131703854 ], [ 8313619.454534813761711, 4751923.364437701180577 ], [ 8313717.874962060712278, 4751855.812300479970872 ], [ 8313786.279968252405524, 4751742.889957059174776 ], [ 8313802.021885388530791, 4751584.519663397222757 ], [ 8313787.68916117399931, 4751395.871076527051628 ], [ 8313758.442821950651705, 4751161.911636562086642 ], [ 8313751.660043358802795, 4750973.297250096686184 ], [ 8313827.791496050544083, 4750815.150561960414052 ], [ 8313979.345458123832941, 4750672.35535987932235 ], [ 8314153.388739904388785, 4750567.354049673303962 ], [ 8314387.726177297532558, 4750485.188508774153888 ], [ 8314637.156478045508265, 4750403.069390357472003 ], [ 8314954.518229771405458, 4750321.175135261379182 ], [ 8315158.649794544093311, 4750238.89100899733603 ], [ 8315385.570489841513336, 4750118.964781035669148 ], [ 8315597.447830803692341, 4749983.899408075027168 ], [ 8315839.598686300218105, 4749826.303081199526787 ], [ 8316074.194406213238835, 4749668.678623175248504 ], [ 8316263.237227126024663, 4749578.784971670247614 ], [ 8316474.919815412722528, 4749488.962390975095332 ], [ 8316724.19520022161305, 4749436.968561567366123 ], [ 8316905.340494029223919, 4749437.548513593152165 ], [ 8317018.387094439007342, 4749483.163504156284034 ], [ 8317176.63728236220777, 4749551.54788039252162 ], [ 8317349.789488189853728, 4749672.775382460094988 ], [ 8317583.107586375437677, 4749854.531340630725026 ], [ 8317696.189701121300459, 4749892.597527110017836 ], [ 8317861.998741837218404, 4749960.997704168781638 ], [ 8318005.27558097243309, 4749999.154516817070544 ], [ 8318163.595415528863668, 4750052.441441533155739 ], [ 8318291.723801570013165, 4750105.634072639979422 ], [ 8318389.578771940432489, 4750181.361802852712572 ], [ 8318472.311530564911664, 4750264.586718497797847 ], [ 8318539.840092696249485, 4750377.937406469136477 ], [ 8318637.618612868711352, 4750476.294306773692369 ], [ 8318750.603984456509352, 4750544.523917202837765 ], [ 8318841.052315075881779, 4750582.512074671685696 ], [ 8318863.671314377337694, 4750590.123190555721521 ], [ 8318938.996592654846609, 4750635.608400529250503 ], [ 8318997.77849221881479, 4750648.995127422735095 ], [ 8318997.889814965426922, 4750648.995128219947219 ], [ 8319369.678020344115794, 4750398.885248865000904 ], [ 8319553.102125029079616, 4750238.723233751952648 ], [ 8319621.829577096737921, 4750164.29172246530652 ], [ 8319799.689581821672618, 4749992.607565098442137 ], [ 8319908.554248562082648, 4749878.110635034739971 ], [ 8320086.493732525967062, 4749683.434127970598638 ], [ 8320550.740845911204815, 4749092.679994794540107 ], [ 8320652.272926623001695, 4748923.567450245842338 ], [ 8320676.795011939480901, 4748876.943282307125628 ], [ 8320676.683689191937447, 4748876.943281511776149 ], [ 8320659.340853591449559, 4748628.420772803016007 ], [ 8320697.737366061657667, 4748432.902530957013369 ], [ 8320774.043643852695823, 4748184.82721337582916 ], [ 8320850.397235941141844, 4747921.710252170450985 ], [ 8320926.771832809783518, 4747651.076133742928505 ], [ 8320943.125798242166638, 4747274.956261568702757 ], [ 8320997.160035434179008, 4746749.046000621281564 ], [ 8320997.421126615256071, 4746628.823636799119413 ], [ 8321042.771872407756746, 4746568.891820569522679 ], [ 8321170.912128215655684, 4746561.883885343559086 ], [ 8321351.600122138857841, 4746652.761206218972802 ], [ 8321606.472420238889754, 4746768.397022901102901 ], [ 8321606.583742984570563, 4746768.397023698315024 ], [ 8321680.464199919253588, 4746412.449848587624729 ], [ 8321858.136433286592364, 4745906.835630160756409 ], [ 8322313.920117195695639, 4745098.354438616894186 ], [ 8322721.042814455926418, 4744691.737747775390744 ], [ 8322721.154137201607227, 4744691.737748570740223 ], [ 8322689.586694536730647, 4744674.432818015106022 ], [ 8322569.249121077358723, 4744561.289566160179675 ], [ 8322433.889879027381539, 4744425.551818951964378 ], [ 8322336.071356013417244, 4744357.567491675727069 ], [ 8322177.866067341528833, 4744341.936813922598958 ], [ 8322027.133817384950817, 4744356.381368901580572 ], [ 8321876.307169011794031, 4744415.897093345411122 ], [ 8321672.685514821670949, 4744497.742460232228041 ], [ 8321506.768615623004735, 4744564.707131912000477 ], [ 8321446.486904276534915, 4744564.471301367506385 ], [ 8321363.631671723909676, 4744549.12190130725503 ], [ 8321258.235421143472195, 4744503.63380625937134 ], [ 8321137.867275916039944, 4744413.012109562754631 ], [ 8321017.68067648075521, 4744239.7561528775841 ], [ 8320897.580216537229717, 4744028.941831874661148 ], [ 8320589.633354512043297, 4743584.516538869589567 ], [ 8320544.609519120305777, 4743501.708293938077986 ], [ 8320484.450892883352935, 4743448.885873049497604 ], [ 8320363.984836349263787, 4743410.844756330363452 ], [ 8320213.365623819641769, 4743380.191874046809971 ], [ 8319994.750691944733262, 4743431.888050428591669 ], [ 8319851.529193538241088, 4743461.352581392042339 ], [ 8319768.650889116339386, 4743461.014820176176727 ], [ 8319723.565413570031524, 4743408.249569707550108 ], [ 8319701.169530783779919, 4743318.020063527859747 ], [ 8319716.445335704833269, 4743227.944836237467825 ], [ 8319844.664242300204933, 4743168.376491798087955 ], [ 8320085.893585770390928, 4743109.264999792911112 ], [ 8320274.280429687350988, 4743095.002981903031468 ], [ 8320409.944576262496412, 4743073.014935222454369 ], [ 8320462.733465763740242, 4743050.692765654064715 ], [ 8320508.07127227447927, 4742990.784276473335922 ], [ 8320508.204736751504242, 4742930.694868472404778 ], [ 8320455.650594641454518, 4742847.861500395461917 ], [ 8320275.004543386399746, 4742772.024290227331221 ], [ 8320041.590590612031519, 4742710.992562970146537 ], [ 8319725.170027066022158, 4742709.705462148413062 ], [ 8319649.866331247612834, 4742694.375748673453927 ], [ 8319627.31677198689431, 4742671.75047526974231 ], [ 8319642.592233866453171, 4742581.68105086684227 ], [ 8319755.718734201043844, 4742529.56673171184957 ], [ 8319959.247925716452301, 4742477.819036180153489 ], [ 8320192.84203328192234, 4742456.232079412788153 ], [ 8320275.745621691457927, 4742441.544679249636829 ], [ 8320290.897288899868727, 4742404.051499559544027 ], [ 8320238.296715791337192, 4742343.753097255714238 ], [ 8320034.95891097933054, 4742312.888088993728161 ], [ 8319861.739035132341087, 4742289.652488930150867 ], [ 8319620.683831996284425, 4742281.157996753230691 ], [ 8319424.777806767262518, 4742295.375546297058463 ], [ 8319364.544816349633038, 4742280.106326126493514 ], [ 8319296.84874239563942, 4742234.762921461835504 ], [ 8319236.756950844079256, 4742159.408201405778527 ], [ 8319214.473848684690893, 4742024.125671020708978 ], [ 8319199.760160648263991, 4741873.855139036662877 ], [ 8319177.37226954754442, 4741783.63771625328809 ], [ 8319064.925089427269995, 4741550.353362569585443 ], [ 8319057.605046784505248, 4741460.201055359095335 ], [ 8319087.896042598411441, 4741392.735712652094662 ], [ 8319155.868076264858246, 4741317.91697037499398 ], [ 8319201.1707420386374, 4741273.044367408379912 ], [ 8319310.768172644078732, 4741195.75680470559746 ], [ 8319332.059733048081398, 4741143.084045560099185 ], [ 8319295.163585396483541, 4741079.619668412953615 ], [ 8319221.186738747172058, 4741031.82997464761138 ], [ 8319136.502595811150968, 4741036.755807369016111 ], [ 8319041.14716380648315, 4741078.568455427885056 ], [ 8318956.32472200319171, 4741141.528440413996577 ], [ 8318850.32039237767458, 4741209.675590801984072 ], [ 8318707.219544995576143, 4741298.771703930571675 ], [ 8318606.478875699453056, 4741377.491892076097429 ], [ 8318521.689399766735733, 4741424.621635266579688 ], [ 8318368.100783760659397, 4741471.460851061157882 ], [ 8318299.289063984528184, 4741476.446827726438642 ], [ 8318256.96422500628978, 4741470.991499970667064 ], [ 8318235.885563356801867, 4741433.969022235833108 ], [ 8318230.760942496359348, 4741365.356925588101149 ], [ 8318268.024838234297931, 4741275.820367663167417 ], [ 8318294.678281928412616, 4741196.791616016067564 ], [ 8318273.664385412819684, 4741133.389973354525864 ], [ 8318141.544856616295874, 4741058.966538115404546 ], [ 8318046.340726356953382, 4741037.458199674263597 ], [ 8317919.281157285906374, 4741058.021686441265047 ], [ 8317845.166813030838966, 4741068.257520971819758 ], [ 8317792.273036195896566, 4741057.479520393535495 ], [ 8317776.554793952032924, 4740994.100570991635323 ], [ 8317819.11317047290504, 4740904.591149196028709 ], [ 8317904.045039872638881, 4740799.435721771791577 ], [ 8318068.481754771433771, 4740641.860637364909053 ], [ 8318185.172270424664021, 4740531.564736437983811 ], [ 8318280.66738832462579, 4740431.73017942532897 ], [ 8318312.623096496798098, 4740347.454586144536734 ], [ 8318296.915403351187706, 4740278.805300731211901 ], [ 8318233.441868698224425, 4740267.985940027050674 ], [ 8318127.416248197667301, 4740346.670813512057066 ], [ 8318037.211732086725533, 4740446.525481192395091 ], [ 8317936.396273229271173, 4740556.886437883600593 ], [ 8317840.896277866326272, 4740656.71892764326185 ], [ 8317713.761620790697634, 4740708.933233706280589 ], [ 8317607.925553563050926, 4740708.47968191280961 ], [ 8317528.694249363616109, 4740650.105252884328365 ], [ 8317465.325780392624438, 4740597.074665568768978 ], [ 8317396.639599384739995, 4740554.572567207738757 ], [ 8317285.553250695578754, 4740538.265570211224258 ], [ 8317216.814759481698275, 4740516.865414133295417 ], [ 8317201.060413173399866, 4740469.315489448606968 ], [ 8317248.846224538050592, 4740406.21451841108501 ], [ 8317301.990174586884677, 4740316.758378560654819 ], [ 8317376.33912312425673, 4740211.567552299238741 ], [ 8317440.050652495585382, 4740127.4336331281811 ], [ 8317530.191918300464749, 4740053.964818616397679 ], [ 8317689.080645753070712, 4739996.616594212129712 ], [ 8317837.345673596486449, 4739955.046945585869253 ], [ 8317922.073678281158209, 4739929.031410682015121 ], [ 8317953.887245457619429, 4739902.789682744070888 ], [ 8317959.269829973578453, 4739865.884803770110011 ], [ 8317911.751998449675739, 4739823.479638867080212 ], [ 8317716.037953693419695, 4739796.266674164682627 ], [ 8317499.10640795622021, 4739790.060071127489209 ], [ 8317329.823681956157088, 4739773.504230285994709 ], [ 8317192.3435313180089, 4739735.981950719840825 ], [ 8317134.219786184839904, 4739704.078130426816642 ], [ 8317144.950373716652393, 4739646.096443081274629 ], [ 8317208.552661446854472, 4739604.170334998518229 ], [ 8317340.886900859884918, 4739583.641423462890089 ], [ 8317489.094404205679893, 4739563.179515464231372 ], [ 8317706.034121730364859, 4739564.11100706923753 ], [ 8317885.883078803308308, 4739585.980618994683027 ], [ 8318023.441953457891941, 4739591.841425648890436 ], [ 8318118.749096587300301, 4739565.869939445517957 ], [ 8318272.335754230618477, 4739508.492842170409858 ], [ 8318425.908031138591468, 4739456.388826511800289 ], [ 8318642.984877476468682, 4739399.273705228231847 ], [ 8318976.401496286503971, 4739369.014235619455576 ], [ 8319177.488677083514631, 4739359.297814743593335 ], [ 8319267.388134253211319, 4739380.769798891618848 ], [ 8319314.897401997819543, 4739428.442169333808124 ], [ 8319330.647569256834686, 4739481.258789068087935 ], [ 8319266.857363141141832, 4739607.600907671265304 ], [ 8318954.110898420214653, 4739843.694473119452596 ], [ 8318662.376801799982786, 4740137.902261632494628 ], [ 8318603.941683883778751, 4740232.61717102304101 ], [ 8318598.47230969555676, 4740306.452517324127257 ], [ 8318640.640658084303141, 4740375.21261031460017 ], [ 8318693.481088906526566, 4740407.087812395766377 ], [ 8318788.743374214507639, 4740402.210320551879704 ], [ 8318889.284753770567477, 4740402.629803616553545 ], [ 8318958.038753169588745, 4740418.742700939066708 ], [ 8319000.297160719521344, 4740450.572600957006216 ], [ 8319005.414196674712002, 4740524.453855738043785 ], [ 8318999.885136691853404, 4740624.670087499544024 ], [ 8319020.815132990479469, 4740724.997388201765716 ], [ 8319084.11803194321692, 4740809.673710757866502 ], [ 8319179.247706170193851, 4740862.826421290636063 ], [ 8319279.768933282233775, 4740873.793406130746007 ], [ 8319359.073625152930617, 4740905.776032583788037 ], [ 8319438.268340247683227, 4740985.241161965765059 ], [ 8319475.152931169606745, 4741053.980370040982962 ], [ 8319512.087042463943362, 4741101.616028488613665 ], [ 8319549.11906892247498, 4741107.043949677608907 ], [ 8319607.416358893737197, 4741070.350708139128983 ], [ 8319665.846994505263865, 4740975.622196200303733 ], [ 8319724.361386677250266, 4740843.963002674281597 ], [ 8319777.667138482443988, 4740675.353390134871006 ], [ 8319873.316612564958632, 4740501.642805544659495 ], [ 8319990.033679328858852, 4740370.225021675229073 ], [ 8320122.622285723686218, 4740238.871472964063287 ], [ 8320249.750489658676088, 4740181.353243776597083 ], [ 8320371.479385458864272, 4740171.292157853022218 ], [ 8320471.819607638753951, 4740261.379503734409809 ], [ 8320550.831304329447448, 4740425.240445870906115 ], [ 8320793.473865358158946, 4740779.684526901692152 ], [ 8320930.947278182953596, 4740832.989045712165534 ], [ 8321047.311812757514417, 4740859.828820200636983 ], [ 8321216.550451810471714, 4740907.979493862949312 ], [ 8321338.197359864600003, 4740940.112721718847752 ], [ 8321454.45176665019244, 4741019.707551177591085 ], [ 8321528.327363898977637, 4741120.240488519892097 ], [ 8321607.462804121896625, 4741236.622189870104194 ], [ 8321676.13811725564301, 4741294.927003948017955 ], [ 8321808.364106048829854, 4741332.373172682709992 ], [ 8322014.747116483747959, 4741338.447040068916976 ], [ 8322231.74697011616081, 4741328.728793691843748 ], [ 8322401.10634084418416, 4741324.100788841024041 ], [ 8322506.842903193086386, 4741377.265019818209112 ], [ 8322623.111526884138584, 4741456.849808288738132 ], [ 8322765.738015508279204, 4741589.296272292733192 ], [ 8322977.147946394048631, 4741732.553721476346254 ], [ 8323088.267000929452479, 4741743.523579248227179 ], [ 8323235.913243510760367, 4741732.963197828270495 ], [ 8323325.491811756975949, 4741690.613763778470457 ], [ 8323383.513873104006052, 4741632.484313995577395 ], [ 8323441.545322268269956, 4741569.078637547791004 ], [ 8323531.233584483154118, 4741468.69036861974746 ], [ 8323620.839113313704729, 4741410.510963890701532 ], [ 8323668.359319193288684, 4741336.569934016093612 ], [ 8323668.480457471683621, 4741273.256942957639694 ], [ 8323584.434118059463799, 4741178.422300118021667 ], [ 8323484.617280406877398, 4741073.060583537444472 ], [ 8323448.063623130321503, 4740920.117045949213207 ], [ 8323416.805770779028535, 4740751.339973850175738 ], [ 8323369.736783872358501, 4740593.141511796973646 ], [ 8323317.282250716350973, 4740498.261638048104942 ], [ 8323170.069527667947114, 4740408.80442551150918 ], [ 8322926.972626006230712, 4740344.778948646970093 ], [ 8322540.864278726279736, 4740253.632554882206023 ], [ 8322302.871774176135659, 4740189.41798322275281 ], [ 8322080.898789481259882, 4740056.678476262837648 ], [ 8321980.557363512925804, 4739961.333536418154836 ], [ 8321801.056849829852581, 4739765.450071667321026 ], [ 8321711.503002226352692, 4739575.192247386090457 ], [ 8321643.094547179527581, 4739395.569691403768957 ], [ 8321574.688824264332652, 4739215.949834662489593 ], [ 8321501.20687944535166, 4738936.089380958117545 ], [ 8321375.395046894438565, 4738387.021571519784629 ], [ 8321323.086492183618248, 4738107.265044439584017 ], [ 8321281.440439775586128, 4737790.637685844674706 ], [ 8321282.050328381359577, 4737505.830781829543412 ], [ 8321345.778906719759107, 4737370.081932737492025 ], [ 8321451.661487346515059, 4737291.45051780063659 ], [ 8321623.626791722141206, 4737206.488492532633245 ], [ 8321782.347699835896492, 4737134.647372522391379 ], [ 8321914.665934533812106, 4737049.528071266599 ], [ 8322027.174739824607968, 4736957.74475359171629 ], [ 8322086.976228862069547, 4736793.302750999107957 ], [ 8322127.132033578120172, 4736543.16074438393116 ], [ 8322187.057889321818948, 4736339.041170226410031 ], [ 8322240.379038769751787, 4736161.044386924244463 ], [ 8322326.625535322353244, 4736022.775864724069834 ], [ 8322373.042457594536245, 4735956.954438030719757 ], [ 8322373.197988136671484, 4735897.556583299301565 ], [ 8322340.288283416070044, 4735851.232195260934532 ], [ 8322221.481576366350055, 4735811.178398947231472 ], [ 8321864.820235972292721, 4735783.405378297902644 ], [ 8321739.250733045861125, 4735802.717903790995479 ], [ 8321501.197691441513598, 4735887.587881344370544 ], [ 8321474.790814565494657, 4735880.884885440580547 ], [ 8321428.708440019749105, 4735821.30661915242672 ], [ 8321442.207215615548193, 4735715.76378377713263 ], [ 8321508.553425934165716, 4735610.428208541125059 ], [ 8321594.805476134642959, 4735472.173411407507956 ], [ 8321714.066437629051507, 4735340.647447044961154 ], [ 8321839.929893950931728, 4735209.147286714985967 ], [ 8321952.526115639135242, 4735097.393860379233956 ], [ 8322038.522844580933452, 4735051.402815410867333 ], [ 8322164.083030508831143, 4735031.886066862381995 ], [ 8322288.669511313550174, 4735044.260515997186303 ], [ 8322385.067062961868942, 4735092.767513819038868 ], [ 8322490.916816489771008, 4735218.537613512948155 ], [ 8322538.626591145992279, 4735431.067099758423865 ], [ 8322557.354297992773354, 4735653.187140063382685 ], [ 8322556.877545145340264, 4735836.535117290914059 ], [ 8322594.888860322535038, 4736068.133224342949688 ], [ 8322642.55524445977062, 4736299.772970905527472 ], [ 8322719.327713574282825, 4736492.801761350594461 ], [ 8322776.943187267519534, 4736647.014173698611557 ], [ 8322863.598986363969743, 4736762.83875092677772 ], [ 8322950.370928890071809, 4736820.914594732224941 ], [ 8322979.219449890777469, 4736878.772585135884583 ], [ 8322979.105444341897964, 4736936.52189564332366 ], [ 8322940.355521883815527, 4737003.751676544547081 ], [ 8322834.024847378954291, 4737070.726846725679934 ], [ 8322775.964501490816474, 4737137.883818649686873 ], [ 8322737.173999314196408, 4737224.364369449205697 ], [ 8322707.998952529393137, 4737330.132416741922498 ], [ 8322712.556692101061344, 4737464.905850701965392 ], [ 8322748.502385049127042, 4737594.987121948041022 ], [ 8322806.27293536439538, 4737674.616937011480331 ], [ 8322871.357381580397487, 4737718.178050737828016 ], [ 8322951.024869551882148, 4737711.258979050442576 ], [ 8323030.763218480162323, 4737668.242649611085653 ], [ 8323132.323774172924459, 4737596.473894984461367 ], [ 8323182.829449664801359, 4737553.081036055460572 ], [ 8323255.00003403890878, 4737480.778453956358135 ], [ 8323348.792035087011755, 4737401.22338848747313 ], [ 8323471.310100926086307, 4737364.936142569407821 ], [ 8323687.381476917304099, 4737371.812237218953669 ], [ 8323889.047485350631177, 4737378.707289195619524 ], [ 8323961.103059446439147, 4737364.152608624659479 ], [ 8323990.009390246123075, 4737313.572967841289937 ], [ 8324004.631665615364909, 4737198.046942305751145 ], [ 8324004.970084046013653, 4737017.576794089749455 ], [ 8323997.997975760139525, 4736894.870807260274887 ], [ 8324027.051457354798913, 4736764.888743446208537 ], [ 8324142.518458197824657, 4736641.985619966872036 ], [ 8324250.727054595947266, 4736547.967663840390742 ], [ 8324466.992696477100253, 4736439.332662681117654 ], [ 8324582.343606905080378, 4736359.546515404246747 ], [ 8324632.85804402269423, 4736287.068239527754486 ], [ 8324726.662550123408437, 4736156.602969910018146 ], [ 8324993.484476, 4735895.536696866154671 ], [ 8325144.855976345948875, 4735793.927525598555803 ], [ 8325317.820090433582664, 4735699.517726497724652 ], [ 8325469.120002741925418, 4735648.577083784155548 ], [ 8325757.175083990208805, 4735655.297094289213419 ], [ 8325951.591296378523111, 4735676.658892111852765 ], [ 8326160.465088721364737, 4735654.557137691415846 ], [ 8326390.995097663253546, 4735588.977948644198477 ], [ 8326607.067555712535977, 4735566.853853078559041 ], [ 8326743.829469123855233, 4735624.502979493699968 ], [ 8326880.559253191575408, 4735711.105889254249632 ], [ 8327010.123131026513875, 4735768.766474873758852 ], [ 8327118.074605299159884, 4735833.706564262509346 ], [ 8327189.994616305455565, 4735920.433430263772607 ], [ 8327225.857767591252923, 4736050.665367850102484 ], [ 8327247.301683998666704, 4736195.405746139585972 ], [ 8327326.212652988731861, 4736463.011991567909718 ], [ 8327462.766479661688209, 4736650.422036997973919 ], [ 8327671.316748413257301, 4736859.346605305559933 ], [ 8327807.968809539452195, 4736989.009510275907815 ], [ 8328002.234912025742233, 4737125.774254084564745 ], [ 8328182.16428832616657, 4737219.253152650780976 ], [ 8328326.2084033889696, 4737226.176663647405803 ], [ 8329176.288981597870588, 4737108.890107338316739 ], [ 8329385.233903420157731, 4737057.908835066482425 ], [ 8329565.376024072989821, 4736999.76791525259614 ], [ 8329637.497027423232794, 4736927.423349054530263 ], [ 8329651.968901912681758, 4736876.860992331057787 ], [ 8329608.868574464693666, 4736790.331769823096693 ], [ 8329508.159703206270933, 4736696.710297599434853 ], [ 8329371.412145269103348, 4736624.821848647668958 ], [ 8329198.714280808344483, 4736509.699041590094566 ], [ 8329040.42045181710273, 4736379.946891752071679 ], [ 8328925.310541893355548, 4736249.886126132681966 ], [ 8328831.816223765723407, 4736112.540704778395593 ], [ 8328788.709604239091277, 4736004.045495602302253 ], [ 8328810.370781959034503, 4735946.087668598629534 ], [ 8328918.418705535121262, 4735924.141324024647474 ], [ 8329112.820219400338829, 4735974.39846174325794 ], [ 8329292.793086685240269, 4736053.640050569549203 ], [ 8329501.570139643736184, 4736140.054936874657869 ], [ 8329674.302673215977848, 4736269.981131795793772 ], [ 8329811.022464688867331, 4736407.225147664546967 ], [ 8329990.847946064546704, 4736594.590062289498746 ], [ 8330105.863524680957198, 4736767.577912567183375 ], [ 8330271.319128284230828, 4736926.016425340436399 ], [ 8330422.392623024992645, 4737070.049839860759676 ], [ 8330559.118041432462633, 4737170.802646116353571 ], [ 8330775.050546141341329, 4737293.029291081242263 ], [ 8330955.059957211837173, 4737343.146330739371479 ], [ 8331120.707639592699707, 4737357.198660487309098 ], [ 8331214.378011207096279, 4737328.103670482523739 ], [ 8331286.498341457918286, 4737248.526094399392605 ], [ 8331301.012398813851178, 4737154.646629592403769 ], [ 8331250.744500899687409, 4737024.826228058896959 ], [ 8331142.849382732994854, 4736902.361167278140783 ], [ 8331006.147507940419018, 4736779.963336459361017 ], [ 8330927.084553363732994, 4736642.994490715675056 ], [ 8330941.592745128087699, 4736556.339465093798935 ], [ 8330977.63830322586, 4736527.382467839866877 ], [ 8331078.444082326255739, 4736548.80292431358248 ], [ 8331207.991859216243029, 4736627.903129636310041 ], [ 8331301.56346878875047, 4736678.212670769542456 ], [ 8331366.384761560708284, 4736678.0599375218153 ], [ 8331416.850782277062535, 4736634.629888039082289 ], [ 8331452.936594560742378, 4736569.578386786393821 ], [ 8331575.601538631133735, 4736323.525826304219663 ], [ 8331647.657117029651999, 4736272.678078865632415 ], [ 8331726.864957684651017, 4736294.205540157854557 ], [ 8331798.808003826066852, 4736409.860854561440647 ], [ 8331870.731395666487515, 4736510.83309908490628 ], [ 8331921.099569048732519, 4736554.021873259916902 ], [ 8331978.757105556316674, 4736517.790326646529138 ], [ 8332065.259151813574135, 4736452.650077376514673 ], [ 8332202.109665456227958, 4736437.836432805284858 ], [ 8332288.548940323293209, 4736415.905732518993318 ], [ 8332360.614926647394896, 4736343.33473763987422 ], [ 8332403.928913377225399, 4736176.725252712145448 ], [ 8332483.220245639793575, 4736060.702655209228396 ], [ 8332656.091118095442653, 4736016.837331374175847 ], [ 8332836.137610889971256, 4736016.385850155726075 ], [ 8332994.550735177472234, 4736066.659127450548112 ], [ 8333145.736188635230064, 4736167.623095952905715 ], [ 8333275.310750027187169, 4736283.119351546280086 ], [ 8333376.057706817984581, 4736442.125567425042391 ], [ 8333476.718219198286533, 4736622.329649858176708 ], [ 8333519.728829955682158, 4736838.775684971362352 ], [ 8333512.133290080353618, 4737257.484116494655609 ], [ 8333492.473687174730003, 4737743.254852277226746 ], [ 8333497.123256909660995, 4737900.026985021308064 ], [ 8333522.547840337269008, 4738051.187402939423919 ], [ 8333594.480717603117228, 4738150.657309212721884 ], [ 8333687.94274580758065, 4738225.550175862386823 ], [ 8333945.699494490399957, 4738342.027212999761105 ], [ 8334203.49368663225323, 4738458.512607075273991 ], [ 8334772.638252031989396, 4738548.63858503010124 ], [ 8335192.738562716171145, 4738597.435083020478487 ], [ 8335395.187082609161735, 4738620.943893820978701 ], [ 8335590.947390586137772, 4738567.622401352971792 ], [ 8335730.291218472644687, 4738524.841898370534182 ], [ 8335680.800046346150339, 4738397.269841960631311 ], [ 8335661.353945275768638, 4738350.878716812469065 ], [ 8335571.403320371173322, 4738224.531638452783227 ], [ 8335433.825851627625525, 4738086.600348180159926 ], [ 8335391.453669488430023, 4738044.118711271323264 ], [ 8335193.481718960218132, 4737890.838277916423976 ], [ 8335040.492444441653788, 4737791.694780576042831 ], [ 8334824.515665088780224, 4737647.473796140402555 ], [ 8334662.537085260264575, 4737539.610372229479253 ], [ 8334491.581109407357872, 4737404.710405316203833 ], [ 8334338.652054973877966, 4737251.714496817439795 ], [ 8334212.753253775648773, 4737080.59999450109899 ], [ 8334113.971248662099242, 4736792.112399911507964 ], [ 8334096.171846335753798, 4736557.557618791237473 ], [ 8334159.328211598098278, 4736358.638456988148391 ], [ 8334249.42038160841912, 4736204.565182864665985 ], [ 8334447.537871141918004, 4736050.204857560805976 ], [ 8334627.641334341838956, 4735904.940115392208099 ], [ 8334771.734641073271632, 4735750.723133135586977 ], [ 8334825.804375073872507, 4735596.751293808221817 ], [ 8334780.862348197028041, 4735415.9056924758479 ], [ 8334681.887984708882868, 4735298.546251723542809 ], [ 8334537.915033558383584, 4735163.211933601647615 ], [ 8334384.92977636307478, 4735064.093331858515739 ], [ 8334213.921091000549495, 4735019.308974829502404 ], [ 8334177.507198384962976, 4735063.360822945833206 ], [ 8334152.200365951284766, 4735088.85419234726578 ], [ 8334160.602881076745689, 4735156.636496494524181 ], [ 8334202.715200794860721, 4735266.708169198594987 ], [ 8334219.532161334529519, 4735376.847869474440813 ], [ 8334194.206131134182215, 4735444.721527085639536 ], [ 8334143.586513440124691, 4735504.186640227213502 ], [ 8334092.962578004226089, 4735572.127972345799208 ], [ 8334033.8830128563568, 4735690.947536657564342 ], [ 8333983.257410819642246, 4735758.889553067274392 ], [ 8333915.773949564434588, 4735809.923362922854722 ], [ 8333856.737990931607783, 4735827.030599144287407 ], [ 8333730.257475538179278, 4735810.408800823614001 ], [ 8333595.369782658293843, 4735742.950671729631722 ], [ 8333494.260670471936464, 4735582.168117115274072 ], [ 8333443.748162502422929, 4735421.257131515070796 ], [ 8333410.079447265714407, 4735302.683189849369228 ], [ 8333359.50429701525718, 4735268.910362267866731 ], [ 8333258.332261729985476, 4735243.742842243984342 ], [ 8333013.787427606061101, 4735269.793078631162643 ], [ 8332769.222360476851463, 4735329.740132914856076 ], [ 8332617.443183436989784, 4735330.120021138340235 ], [ 8332406.680364736355841, 4735262.838421278633177 ], [ 8332187.525605575181544, 4735136.244133616797626 ], [ 8332010.524966031312943, 4735026.495255189947784 ], [ 8331858.789757247082889, 4734967.535445779561996 ], [ 8331715.448066619224846, 4734967.881496132351458 ], [ 8331546.763690518215299, 4735036.089757151901722 ], [ 8331344.349277251400054, 4735104.375601694919169 ], [ 8331133.531198004260659, 4735130.29955252725631 ], [ 8330981.74868543446064, 4735139.130558930337429 ], [ 8330796.251264620572329, 4735131.08620105497539 ], [ 8330610.800231674686074, 4735063.709634215570986 ], [ 8330433.8179692896083, 4734953.933557081967592 ], [ 8330349.623180150054395, 4734801.569027333520353 ], [ 8330366.582699635997415, 4734682.877207745797932 ], [ 8330400.397845473140478, 4734572.62366842571646 ], [ 8330501.691061067394912, 4734428.31682228948921 ], [ 8330518.594535212032497, 4734377.428626122884452 ], [ 8330476.498566082678735, 4734301.25081314984709 ], [ 8330333.276344143785536, 4734165.979866310954094 ], [ 8330190.09314570017159, 4733988.335505560971797 ], [ 8330089.055100025609136, 4733827.546522789634764 ], [ 8329987.977378946729004, 4733717.605486325919628 ], [ 8329861.551337239332497, 4733675.515595231205225 ], [ 8329591.735897312872112, 4733710.009131392464042 ], [ 8329406.181168581359088, 4733795.159161457791924 ], [ 8329033.218194926157594, 4734019.471412231214345 ], [ 8328970.021199962124228, 4734019.606197136454284 ], [ 8328919.51221967022866, 4733968.89554750546813 ], [ 8328913.313460295088589, 4733841.863302398473024 ], [ 8328957.713016289286315, 4733670.259933379478753 ], [ 8329014.732143264263868, 4733517.68863645195961 ], [ 8329122.291817472316325, 4733377.714185892604291 ], [ 8329362.551906477659941, 4733237.453069792129099 ], [ 8329552.196100121363997, 4733160.817287359386683 ], [ 8329659.699825312010944, 4733071.656092897988856 ], [ 8329697.714606840163469, 4732957.241271349601448 ], [ 8329697.786597884260118, 4732874.669530220329762 ], [ 8329647.279650039039552, 4732823.96820339281112 ], [ 8329501.955094363540411, 4732811.58380005788058 ], [ 8329306.021257425658405, 4732862.823389461264014 ], [ 8329097.429983562789857, 4732933.141459072008729 ], [ 8328939.382156929001212, 4733009.699992892332375 ], [ 8328806.608365182764828, 4733086.202894612215459 ], [ 8328673.838829936459661, 4733156.352816230617464 ], [ 8328509.477630054578185, 4733220.215690302662551 ], [ 8328420.99604370445013, 4733233.104006146080792 ], [ 8328364.167861636728048, 4733188.759249967522919 ], [ 8328320.055657374672592, 4733068.166803536005318 ], [ 8328256.955124729312956, 4732979.373170000500977 ], [ 8328187.48434395249933, 4732941.4061962319538 ], [ 8328105.297939871437848, 4732979.684965146705508 ], [ 8328029.422920125536621, 4733024.302206496708095 ], [ 8327972.558117980137467, 4733018.066324030980468 ], [ 8327978.929948899894953, 4732967.239800066687167 ], [ 8328016.963245959952474, 4732852.832543423399329 ], [ 8328010.750067804940045, 4732751.220079359598458 ], [ 8327966.623866408132017, 4732649.685672743245959 ], [ 8327897.170222922228277, 4732599.015030297450721 ], [ 8327808.720137326978147, 4732586.491094479337335 ], [ 8327751.871257998980582, 4732567.551380005665123 ], [ 8327720.33842359110713, 4732510.452291268855333 ], [ 8327745.735397005453706, 4732396.076508086174726 ], [ 8327796.366049026139081, 4732319.758963329717517 ], [ 8327910.228330836631358, 4732198.854845332913101 ], [ 8328042.964317400939763, 4732154.126171114854515 ], [ 8328320.99903797544539, 4732134.500894303433597 ], [ 8328687.436314704827964, 4732171.842583427205682 ], [ 8328895.887701350264251, 4732234.913330492563546 ], [ 8329079.067237446084619, 4732298.034305958077312 ], [ 8329237.003621535375714, 4732329.450747394002974 ], [ 8329401.288219812326133, 4732329.094136593863368 ], [ 8329508.750714022666216, 4732278.049531469121575 ], [ 8329584.675213580019772, 4732163.56081756670028 ], [ 8329603.759978363290429, 4732017.442665233276784 ], [ 8329603.872382081113756, 4731890.421327192336321 ], [ 8329559.705795833840966, 4731820.657505692914128 ], [ 8329433.356477252207696, 4731801.880742534995079 ], [ 8329186.941882896237075, 4731802.415125365369022 ], [ 8329010.005198173224926, 4731828.199081290513277 ], [ 8328927.885062581859529, 4731809.321639727801085 ], [ 8328896.378177724778652, 4731720.475550085306168 ], [ 8328902.835499657317996, 4731574.391891951672733 ], [ 8328940.853143266402185, 4731459.996656845323741 ], [ 8328985.139758655801415, 4731396.395072286948562 ], [ 8329086.23490100260824, 4731389.827704006806016 ], [ 8329300.984908916056156, 4731459.222584893926978 ], [ 8329471.516913177445531, 4731522.358941557817161 ], [ 8329597.817781284451485, 4731591.941188465803862 ], [ 8329736.701773500069976, 4731725.003352053463459 ], [ 8329856.656023850664496, 4731832.703630576841533 ], [ 8330077.675477967597544, 4731978.283344847150147 ], [ 8330260.811115537770092, 4732098.541708102449775 ], [ 8330412.388692285865545, 4732180.762967546470463 ], [ 8330614.542323822155595, 4732231.109994826838374 ], [ 8330835.682931636460125, 4732243.301719491370022 ], [ 8330974.672907708212733, 4732268.383554881438613 ], [ 8331221.052567323669791, 4732331.31815398670733 ], [ 8331353.739547916688025, 4732337.355795330367982 ], [ 8331454.855802277103066, 4732311.71023681294173 ], [ 8331499.112500018440187, 4732273.496941863559186 ], [ 8331473.922642512246966, 4732152.883993097580969 ], [ 8331379.306902154348791, 4731924.468641721643507 ], [ 8331272.017459808848798, 4731753.246177504770458 ], [ 8331164.699428083375096, 4731626.481305790133774 ], [ 8331038.424870774149895, 4731506.112090866081417 ], [ 8330830.004084883257747, 4731404.985473854467273 ], [ 8330621.577715885825455, 4731316.557188140228391 ], [ 8330394.216257065534592, 4731209.116490488871932 ], [ 8330160.541506670415401, 4731101.686174232512712 ], [ 8329958.488184191286564, 4730962.428836815059185 ], [ 8329819.617203452624381, 4730823.029302948154509 ], [ 8329706.020469362847507, 4730683.573785020969808 ], [ 8329636.688777381554246, 4730499.570539308711886 ], [ 8329617.848048493266106, 4730372.609796290285885 ], [ 8329573.755488726310432, 4730226.655700620263815 ], [ 8329479.143540390767157, 4730061.764856580644846 ], [ 8329277.294321256689727, 4729732.015483709052205 ], [ 8329170.01063225697726, 4729617.953714354895055 ], [ 8329043.97040961496532, 4729503.859234787523746 ], [ 8328886.345560505986214, 4729446.957421029917896 ], [ 8328709.629337407648563, 4729472.661252948455513 ], [ 8328595.943787469528615, 4729530.018119026906788 ], [ 8328463.289866046048701, 4729606.461105860769749 ], [ 8328343.12442347034812, 4729746.404207725077868 ], [ 8328235.523117051459849, 4729911.736613646149635 ], [ 8328096.473244770430028, 4730026.302002596668899 ], [ 8327862.890481824055314, 4730083.845174695365131 ], [ 8327641.951319891959429, 4730128.658804727718234 ], [ 8327484.096175917424262, 4730179.722802721895278 ], [ 8327383.002362419851124, 4730243.402842335402966 ], [ 8327275.58351515326649, 4730313.444526652805507 ], [ 8327092.551995133981109, 4730332.778859182260931 ], [ 8326934.842398035340011, 4730313.957427635788918 ], [ 8326840.358284356072545, 4730237.867656567133963 ], [ 8326778.625241103582084, 4730072.879648284055293 ], [ 8326778.513918360695243, 4730072.879647491499782 ], [ 8326553.596618494950235, 4730279.195141805335879 ], [ 8326530.889197656884789, 4730365.370970369316638 ], [ 8326480.211756555363536, 4730454.38001674413681 ], [ 8326448.633056381717324, 4730467.130877571180463 ], [ 8326396.227071477100253, 4730423.472502510994673 ], [ 8326385.842652174644172, 4730327.464650045149028 ], [ 8326392.364166149869561, 4730232.167910857126117 ], [ 8326386.12487680837512, 4730200.414682883769274 ], [ 8326354.589242197573185, 4730194.107358947396278 ], [ 8326310.235474584624171, 4730276.752715255133808 ], [ 8326272.120314098894596, 4730391.152658266015351 ], [ 8326227.707846513018012, 4730499.209713697433472 ], [ 8326165.811288333497941, 4730607.670176136307418 ], [ 8326139.276813833042979, 4730635.454111787490547 ], [ 8326087.46505193784833, 4730692.290774718858302 ], [ 8326010.399693687446415, 4730737.549449696205556 ], [ 8325958.802864045836031, 4730772.470122731290758 ], [ 8325910.636131123639643, 4730790.047649459913373 ], [ 8325821.708880832418799, 4730814.17887013591826 ], [ 8325716.17953000869602, 4730809.116395180113614 ], [ 8325665.49409715551883, 4730766.805114569142461 ], [ 8325659.37329423520714, 4730684.227739014662802 ], [ 8325722.722782703116536, 4730576.145182528533041 ], [ 8325842.90547077357769, 4730448.927162557840347 ], [ 8325944.082869746722281, 4730353.498519799672067 ], [ 8326045.315986923873425, 4730232.659866533242166 ], [ 8326102.377346380613744, 4730111.883942445740104 ], [ 8326108.987394791096449, 4729978.475343191064894 ], [ 8326058.709345390088856, 4729889.614064252004027 ], [ 8326027.260885676369071, 4729845.192351148463786 ], [ 8325983.064295260235667, 4729857.958449548110366 ], [ 8325894.554802940227091, 4729934.308515835553408 ], [ 8325768.098123256117105, 4730048.824652721174061 ], [ 8325629.120760387741029, 4730118.890372674912214 ], [ 8325528.177112436853349, 4730112.674674608744681 ], [ 8325427.395398173481226, 4730036.582096598111093 ], [ 8325364.429637587629259, 4729979.495111616328359 ], [ 8325313.965965276584029, 4729973.210079784505069 ], [ 8325250.749301197007298, 4730024.112177749164402 ], [ 8325225.331773087382317, 4730100.373995706439018 ], [ 8325244.053833974525332, 4730189.282958645373583 ], [ 8325306.990318987518549, 4730259.076647089794278 ], [ 8325319.462579822167754, 4730322.585197032429278 ], [ 8325281.409796415828168, 4730405.218582813628018 ], [ 8325173.974830065853894, 4730475.238598674535751 ], [ 8325028.602717027068138, 4730577.070985409431159 ], [ 8324889.628103354945779, 4730640.777284835465252 ], [ 8324794.899199686944485, 4730672.6625243620947 ], [ 8324750.879095724783838, 4730609.19134209677577 ], [ 8324713.123781776987016, 4730564.770509634166956 ], [ 8324618.425474631600082, 4730583.94833695050329 ], [ 8324517.44730307161808, 4730590.427407488226891 ], [ 8324479.693403623066843, 4730546.005786890164018 ], [ 8324505.087071219459176, 4730482.447931901551783 ], [ 8324574.74223000369966, 4730380.719446575269103 ], [ 8324669.621256086044014, 4730285.31225052382797 ], [ 8324777.163481881842017, 4730170.831644107587636 ], [ 8324878.513972929678857, 4730005.540352426469326 ], [ 8324992.585223131813109, 4729795.768895084969699 ], [ 8325068.720123674720526, 4729617.810331164859235 ], [ 8325144.792491652071476, 4729465.262171280570328 ], [ 8325239.657288991846144, 4729369.857760233804584 ], [ 8325391.334283306263387, 4729261.674473017454147 ], [ 8325530.286890734918416, 4729197.969430338591337 ], [ 8325643.942187575623393, 4729159.704646011814475 ], [ 8325694.532887081615627, 4729108.821400410495698 ], [ 8325726.209935027174652, 4729051.612143135629594 ], [ 8325701.103985554538667, 4728994.481123093515635 ], [ 8325619.128161332570016, 4728975.537770057097077 ], [ 8325480.267189158126712, 4729001.132257912307978 ], [ 8325347.61164958961308, 4729071.178750881925225 ], [ 8325233.852449574507773, 4729153.902539102360606 ], [ 8325139.033961006440222, 4729230.248797990381718 ], [ 8325025.331119460985065, 4729287.563984807580709 ], [ 8324892.743926867842674, 4729325.846818904392421 ], [ 8324703.370727726258337, 4729364.200119987130165 ], [ 8324602.313069659285247, 4729408.79107800591737 ], [ 8324450.7483837492764, 4729466.14836254529655 ], [ 8324286.624232219532132, 4729498.11061592772603 ], [ 8324065.713446902111173, 4729530.139094400219619 ], [ 8323876.380407059565187, 4729549.421572885476053 ], [ 8323567.276365370489657, 4729524.375180784612894 ], [ 8323415.927680576220155, 4729492.788751478306949 ], [ 8323308.665956419892609, 4729492.910564569756389 ], [ 8323176.069382070563734, 4729531.171231404878199 ], [ 8323036.167833554558456, 4729645.235171600244939 ], [ 8322857.980424867011607, 4729790.917238960973918 ], [ 8322711.705425138585269, 4729873.151218648068607 ], [ 8322571.893966168165207, 4729910.932658 ], [ 8322425.847132058814168, 4729904.231147638522089 ], [ 8322280.017288393341005, 4729814.948345915414393 ], [ 8322140.490022484213114, 4729744.736161372624338 ], [ 8321937.223968496546149, 4729763.297623557969928 ], [ 8321727.538451721891761, 4729807.247848170809448 ], [ 8321479.919686984270811, 4729787.577100134454668 ], [ 8321257.755777795799077, 4729748.907648749649525 ], [ 8321073.870862679556012, 4729646.809065967798233 ], [ 8320947.230422380380332, 4729513.093470382504165 ], [ 8320808.086370251141489, 4729309.474458590149879 ], [ 8320738.357539442367852, 4729264.832404661923647 ], [ 8320586.024182522669435, 4729239.032814183272421 ], [ 8320363.679158801212907, 4729270.216068752110004 ], [ 8320153.943151507526636, 4729333.187332055531442 ], [ 8320033.107986029237509, 4729396.389105641283095 ], [ 8319969.424359237775207, 4729459.74109130166471 ], [ 8319956.560331236571074, 4729516.875648031011224 ], [ 8319981.79861184861511, 4729574.111062700860202 ], [ 8320057.912885719910264, 4729606.072018595412374 ], [ 8320204.025618287734687, 4729587.399427883327007 ], [ 8320331.122708160430193, 4729555.970980685204268 ], [ 8320362.85672508366406, 4729562.405776403844357 ], [ 8320381.836169363930821, 4729587.863727069459856 ], [ 8320362.624373429454863, 4729644.982814200222492 ], [ 8320286.186260273680091, 4729727.361484598368406 ], [ 8320260.425371427088976, 4729854.338943897746503 ], [ 8320298.438991143368185, 4729886.19945929851383 ], [ 8320387.311324637383223, 4729899.135804459452629 ], [ 8320628.721831509843469, 4729867.99921511951834 ], [ 8320711.296698164194822, 4729861.859233092516661 ], [ 8320749.329398616217077, 4729887.366091758944094 ], [ 8320755.55638967640698, 4729931.848170189186931 ], [ 8320710.854951988905668, 4730020.666448504664004 ], [ 8320621.591438280418515, 4730147.484842074103653 ], [ 8320538.676327627152205, 4730274.320621570572257 ], [ 8320481.056146518327296, 4730439.338445352390409 ], [ 8320461.557906818576157, 4730598.105255833826959 ], [ 8320479.916035731323063, 4730845.912112733349204 ], [ 8320593.829215738922358, 4730992.324159738607705 ], [ 8320708.010313170030713, 4731043.4421954061836 ], [ 8320758.661840821616352, 4731100.749273211695254 ], [ 8320739.413652551360428, 4731170.58370647765696 ], [ 8320681.986074521206319, 4731265.733061401173472 ], [ 8320624.55741951148957, 4731360.88264537230134 ], [ 8320605.325540092773736, 4731424.365328354761004 ], [ 8320605.219161760061979, 4731462.484632965177298 ], [ 8320611.517683064565063, 4731481.560753491707146 ], [ 8320624.167629742994905, 4731500.65315050445497 ], [ 8320718.736919362097979, 4731725.943939470686018 ], [ 8320718.538405377417803, 4731797.360974842682481 ], [ 8320700.267643867060542, 4731857.672931690700352 ], [ 8320615.207794398069382, 4731868.513185430318117 ], [ 8320440.832951822318137, 4731812.51462175231427 ], [ 8320234.682457610033453, 4731772.300656421110034 ], [ 8320107.797438574954867, 4731756.097504862584174 ], [ 8320004.621304227039218, 4731771.696210809051991 ], [ 8319901.354075365699828, 4731819.03486192971468 ], [ 8319845.503383916802704, 4731929.981859808787704 ], [ 8319852.959193675778806, 4732096.646472017280757 ], [ 8319908.016189646907151, 4732263.44015490822494 ], [ 8320040.537505571730435, 4732434.074183511547744 ], [ 8320232.325465278699994, 4732605.533654354512691 ], [ 8320414.512743531726301, 4732709.176503985188901 ], [ 8320660.131257525645196, 4732828.85264474991709 ], [ 8320913.558141248300672, 4732996.161792723461986 ], [ 8321135.299736972898245, 4733147.514410153031349 ], [ 8321293.595098381862044, 4733290.768686700612307 ], [ 8321491.137421327643096, 4733592.852941178716719 ], [ 8321562.141839849762619, 4733743.828114269301295 ], [ 8321634.979025419801474, 4733968.6390775218606 ], [ 8321656.226601667702198, 4734164.721540258266032 ], [ 8321647.843381945043802, 4734331.382175776176155 ], [ 8321559.828371298499405, 4734601.034452692605555 ], [ 8321503.787682747468352, 4734783.159613764844835 ], [ 8321455.680890332907438, 4734965.312918913550675 ], [ 8321391.808527119457722, 4735107.767259310930967 ], [ 8321296.298823043704033, 4735210.458043918944895 ], [ 8321137.387269487604499, 4735281.18641418684274 ], [ 8321042.134927173145115, 4735288.738533163443208 ], [ 8320978.670127580873668, 4735280.559418510645628 ], [ 8320955.365525271743536, 4735098.12021279335022 ], [ 8321011.592327849939466, 4734852.575739718042314 ], [ 8321028.270396603271365, 4734559.314574226737022 ], [ 8320997.031385313719511, 4734376.856948096305132 ], [ 8320972.681252312846482, 4734341.481558155268431 ], [ 8320861.199330104514956, 4734404.224374074488878 ], [ 8320188.924013788811862, 4734869.197768997400999 ], [ 8319701.565605103038251, 4735304.616537033580244 ], [ 8319427.768281696364284, 4735517.626241964288056 ], [ 8318588.14461834449321, 4736372.408630378544331 ], [ 8318466.185474758036435, 4736535.206536767072976 ], [ 8317960.428196303546429, 4737022.973630894906819 ], [ 8317103.827661488205194, 4737589.704478412866592 ], [ 8316501.053031447343528, 4738046.444894552230835 ], [ 8315722.885112959891558, 4738789.419399200007319 ], [ 8312764.467354535125196, 4740269.360339106060565 ], [ 8310802.735312360338867, 4741256.704055787995458 ], [ 8310802.846635101363063, 4741256.704056586138904 ], [ 8310855.435579136013985, 4741297.819857876747847 ], [ 8310862.633855851367116, 4741334.523539737798274 ], [ 8310825.750321022234857, 4741356.389378701336682 ], [ 8310574.65467927698046, 4741377.495619770139456 ], [ 8310244.360034564509988, 4741398.19721585791558 ], [ 8309980.68665814679116, 4741441.655200782231987 ], [ 8309665.909251550212502, 4741455.655833596363664 ], [ 8309344.010186501778662, 4741425.61907157022506 ], [ 8309102.586695487610996, 4741403.084806778468192 ], [ 8308897.559295070357621, 4741424.637382219545543 ], [ 8308714.287305955775082, 4741490.246288922615349 ], [ 8308596.8164003174752, 4741570.671687629073858 ], [ 8308501.200038495473564, 4741673.15165167208761 ], [ 8308412.96838760189712, 4741760.977604783140123 ], [ 8308368.833802431821823, 4741841.294969676993787 ], [ 8308368.515345484949648, 4741878.245803542435169 ], [ 8308529.671753155998886, 4741849.268615126609802 ], [ 8308822.571704265661538, 4741820.583196656778455 ], [ 8309371.606815711595118, 4741799.785178388468921 ], [ 8309700.96780604775995, 4741800.49599181022495 ], [ 8310191.123817393556237, 4741852.882636132650077 ], [ 8310551.176599492318928, 4741890.833810507319868 ], [ 8310955.611599202267826, 4741951.056345304474235 ], [ 8311234.83789418451488, 4742040.137026169337332 ], [ 8311646.610037050209939, 4742107.695915021933615 ], [ 8312095.20963723026216, 4742168.037626431323588 ], [ 8312610.222399448044598, 4742184.584727738052607 ], [ 8312838.17501431517303, 4742222.085875236429274 ], [ 8313065.947522664442658, 4742303.597115851938725 ], [ 8313308.319937070831656, 4742414.499669088050723 ], [ 8313683.209886730648577, 4742511.191346818581223 ], [ 8314006.80420418549329, 4742556.338471071794629 ], [ 8314337.877849091775715, 4742572.15684100612998 ], [ 8314507.035652388818562, 4742594.746335154399276 ], [ 8314639.285148284398019, 4742646.552278847433627 ], [ 8314683.086909868754447, 4742734.736655936576426 ], [ 8314667.612758652307093, 4742925.428951543755829 ], [ 8314607.780050461180508, 4743167.329040305688977 ], [ 8314577.498128535225987, 4743379.988591209053993 ], [ 8314577.089399432763457, 4743482.702314640395343 ], [ 8314562.049692837521434, 4743563.356064050458372 ], [ 8314539.913831654936075, 4743577.953911588527262 ], [ 8314473.739250629208982, 4743563.053407536819577 ], [ 8314312.100740567781031, 4743496.465669092722237 ], [ 8314172.423714565113187, 4743459.299131447449327 ], [ 8314113.491709090769291, 4743473.768589877523482 ], [ 8314032.24511653278023, 4743546.855166736990213 ], [ 8313987.527043812908232, 4743686.100838556885719 ], [ 8313935.567055567167699, 4743795.974871207028627 ], [ 8313854.495057737454772, 4743825.04008955322206 ], [ 8313663.359269339591265, 4743773.011404014192522 ], [ 8313509.321751898154616, 4743647.740592418238521 ], [ 8313465.646090191788971, 4743530.196328757330775 ], [ 8313333.57187928352505, 4743434.350274223834276 ], [ 8313120.338786431588233, 4743389.571648692712188 ], [ 8312958.317147127352655, 4743418.339794249273837 ], [ 8312803.806402694433928, 4743410.448385514318943 ], [ 8312627.371585857123137, 4743365.791600065305829 ], [ 8312429.045517826452851, 4743277.032321502454579 ], [ 8312083.575260320678353, 4743180.394839460030198 ], [ 8311899.664166484959424, 4743165.045123820193112 ], [ 8311759.625994934700429, 4743215.884149346500635 ], [ 8311744.470999825745821, 4743318.541197880171239 ], [ 8311810.265575476922095, 4743421.49881518445909 ], [ 8311949.591099890880287, 4743539.401633371599019 ], [ 8312044.981365996412933, 4743605.784388338215649 ], [ 8312066.811142682097852, 4743664.560010118409991 ], [ 8312022.469010712578893, 4743708.418774658814073 ], [ 8311897.391907848417759, 4743700.621240959502757 ], [ 8311610.943001344799995, 4743567.496518857777119 ], [ 8311368.498492756858468, 4743471.213680388405919 ], [ 8311126.185791267082095, 4743345.579594448208809 ], [ 8310927.841402630321681, 4743264.12773067317903 ], [ 8310795.379599181003869, 4743263.625480277463794 ], [ 8310529.910408301278949, 4743387.338077013380826 ], [ 8310481.201312062330544, 4743447.523454427719116 ], [ 8310345.12702582962811, 4743570.049828705377877 ], [ 8310234.832211853936315, 4743562.308830050751567 ], [ 8309993.648431858979166, 4743473.760867299512029 ], [ 8309766.750355294905603, 4743465.942019685171545 ], [ 8309634.918849978595972, 4743480.333081743679941 ], [ 8309561.453120965510607, 4743538.869100443087518 ], [ 8309539.065240278840065, 4743634.199668341316283 ], [ 8309611.90951210167259, 4743715.062465255148709 ], [ 8309809.009003303013742, 4743840.21287838742137 ], [ 8310072.096874839626253, 4743943.489076048135757 ], [ 8310306.135883685201406, 4744068.819261099211872 ], [ 8310540.935646812431514, 4744231.140127289108932 ], [ 8310738.848061563447118, 4744415.329806904308498 ], [ 8310966.0801488943398, 4744628.980773999355733 ], [ 8311116.322250919416547, 4744757.494737041182816 ], [ 8311310.736678629182279, 4744923.78715071734041 ], [ 8312234.815857206471264, 4745712.386816564016044 ], [ 8312381.446236606687307, 4745852.35235639847815 ], [ 8312498.452306322753429, 4746036.242147672921419 ], [ 8312563.750745106488466, 4746263.979371571913362 ], [ 8312599.852072494104505, 4746432.903940283693373 ], [ 8312577.308368270285428, 4746542.907071761786938 ], [ 8312518.048896668478847, 4746630.760757726617157 ], [ 8312429.126965248025954, 4746769.880833505652845 ], [ 8312318.117651225067675, 4746908.92187366168946 ], [ 8312221.983674296177924, 4747011.320993952453136 ], [ 8312118.764676123857498, 4747047.639957759529352 ], [ 8311957.024131797254086, 4746995.669997888617218 ], [ 8311846.754490141756833, 4746958.566535650752485 ], [ 8311780.280692935921252, 4747009.695868955925107 ], [ 8311786.986712435260415, 4747163.84820740763098 ], [ 8311808.104314924217761, 4747391.451689816080034 ], [ 8311836.616384422406554, 4747611.748148504644632 ], [ 8311806.730574939399958, 4747714.3950334796682 ], [ 8311755.069834728725255, 4747743.563040583394468 ], [ 8311681.572739492170513, 4747713.931114006787539 ], [ 8311593.979142258875072, 4747537.450913264416158 ], [ 8311477.349573793821037, 4747265.450513265095651 ], [ 8311404.833677028305829, 4747008.299340687692165 ], [ 8311332.289674748666584, 4746758.493400739505887 ], [ 8311208.409526864998043, 4746464.466608807444572 ], [ 8311099.354146444238722, 4746148.486365523189306 ], [ 8310989.733210143633187, 4745964.606208858080208 ], [ 8310828.526313791051507, 4745795.209447996690869 ], [ 8310682.110630613751709, 4745611.192739823833108 ], [ 8310543.189091074280441, 4745397.853146648965776 ], [ 8310519.620334595441818, 4745363.475001366809011 ], [ 8310396.913003904744983, 4745184.487580022774637 ], [ 8310047.182031702250242, 4744611.133357433602214 ], [ 8310003.48234823346138, 4744559.678325823508203 ], [ 8309952.104327343404293, 4744588.920033403672278 ], [ 8309951.616544589400291, 4744698.982576195150614 ], [ 8310016.630761770531535, 4744897.238309063017368 ], [ 8310132.930555386468768, 4745088.266862856224179 ], [ 8310205.337103391066194, 4745271.868217851966619 ], [ 8310204.593474628403783, 4745440.642866616137326 ], [ 8310130.954333199188113, 4745535.88507679104805 ], [ 8310054.882101487368345, 4745564.940637164749205 ], [ 8309991.765255071222782, 4745618.822793991304934 ], [ 8309982.424000797793269, 4745699.827356149442494 ], [ 8310002.720893749967217, 4745796.80946908518672 ], [ 8310079.680679516866803, 4746051.144621609710157 ], [ 8310150.272291669622064, 4746339.393926191143692 ], [ 8310256.720968056470156, 4746672.78290168941021 ], [ 8310355.231534081511199, 4746862.239904437214136 ], [ 8310499.139198077842593, 4746997.84969531185925 ], [ 8310642.893638452515006, 4747169.474986298941076 ], [ 8310768.393432393670082, 4747386.05282564740628 ], [ 8310848.465169164352119, 4747665.492849384434521 ], [ 8310901.600798035040498, 4747908.819209072738886 ], [ 8310909.538169756531715, 4748160.984447495080531 ], [ 8310863.319070993922651, 4748403.945631012320518 ], [ 8310808.613673755899072, 4748520.805966201238334 ], [ 8310718.050998053513467, 4748574.493112038820982 ], [ 8310636.755971384234726, 4748574.183209833689034 ], [ 8310573.842005180194974, 4748501.900730343535542 ], [ 8310484.146997183561325, 4748357.474805423989892 ], [ 8310322.789265758357942, 4748077.700582020916045 ], [ 8310188.040699768811464, 4747960.191901119425893 ], [ 8310098.752043582499027, 4747833.938952663913369 ], [ 8309973.926973011344671, 4747617.567418773658574 ], [ 8309831.138861450366676, 4747401.16072994004935 ], [ 8309679.212187558412552, 4747220.752944465726614 ], [ 8309527.170057359151542, 4747067.357918180525303 ], [ 8309384.277969567105174, 4746877.967325289733708 ], [ 8309178.628691145218909, 4746661.430074149742723 ], [ 8309096.426211772486567, 4746562.638836751691997 ], [ 8308990.995488941669464, 4746435.929701982997358 ], [ 8308893.282904646359384, 4746192.625199845060706 ], [ 8308840.325473446398973, 4745985.437123280018568 ], [ 8308699.676455833949149, 4745309.922503697685897 ], [ 8308575.446446998044848, 4744976.561056012287736 ], [ 8308441.748260199092329, 4744751.209367023780942 ], [ 8308307.973199000582099, 4744543.864120583049953 ], [ 8308156.282389297150075, 4744327.47841796092689 ], [ 8308013.620618789456785, 4744102.114861425943673 ], [ 8307870.673190791159868, 4743939.761332296766341 ], [ 8307709.726674236357212, 4743786.367364400997758 ], [ 8307557.723469648510218, 4743641.995409531518817 ], [ 8307378.614447684027255, 4743533.561588522978127 ], [ 8307315.665272961370647, 4743551.413569276221097 ], [ 8307297.323685771785676, 4743632.377798340283334 ], [ 8307305.670952973887324, 4743767.411775437183678 ], [ 8307340.834530606865883, 4743929.514672184363008 ], [ 8307429.886572268791497, 4744091.747913953848183 ], [ 8307591.001452403143048, 4744209.145622128620744 ], [ 8307716.069363063201308, 4744353.462547199800611 ], [ 8307814.112230729311705, 4744515.720154089853168 ], [ 8307964.840401881374419, 4744939.157330978661776 ], [ 8308008.709560235030949, 4745164.312248910777271 ], [ 8308043.306764964945614, 4745452.467951571568847 ], [ 8308122.528324917890131, 4745803.753472563810647 ], [ 8308193.187237331643701, 4746065.000291044823825 ], [ 8308227.875580469146371, 4746335.174400623887777 ], [ 8308315.25208312086761, 4747015.68426638096571 ], [ 8308331.951769433915615, 4747145.738610036671162 ], [ 8308411.980755637399852, 4747326.002135172486305 ], [ 8308509.981091664172709, 4747506.308832753449678 ], [ 8308607.94357768446207, 4747695.622167843393981 ], [ 8308651.920847528614104, 4747902.825998382642865 ], [ 8308650.690142177976668, 4747932.462634711526334 ], [ 8308641.826574172824621, 4748145.931666527874768 ], [ 8308632.060955137014389, 4748317.003634461201727 ], [ 8308685.149160717613995, 4748497.224788716062903 ], [ 8308765.236165507696569, 4748668.504190867766738 ], [ 8308881.308086236938834, 4748830.860731078311801 ], [ 8308898.706800364889205, 4748956.97669595386833 ], [ 8308889.557718372903764, 4748992.978830729611218 ], [ 8308844.466446299105883, 4749028.900784179568291 ], [ 8308772.582200311124325, 4749028.740123162046075 ], [ 8308691.835326783359051, 4749001.54212889354676 ], [ 8308575.394182726740837, 4748920.229638855904341 ], [ 8308414.110238700173795, 4748820.803804771974683 ], [ 8308297.50761937443167, 4748775.510872942395508 ], [ 8308225.625203014351428, 4748775.346315873786807 ], [ 8308117.427276844158769, 4748856.146749431267381 ], [ 8307973.619428385980427, 4748864.82027430832386 ], [ 8307812.049654460512102, 4748828.422548943199217 ], [ 8307641.831423027440906, 4748719.959045735187829 ], [ 8307471.701529225334525, 4748593.483146395534277 ], [ 8307328.615322012454271, 4748449.060615701600909 ], [ 8307212.48790483828634, 4748304.702218221500516 ], [ 8307159.341692271642387, 4748142.48638507630676 ], [ 8307106.239827475510538, 4747971.267906973138452 ], [ 8307071.066389873623848, 4747809.10001671500504 ], [ 8307057.166270473971963, 4747741.372210811823606 ], [ 8307035.936460485681891, 4747637.929927200078964 ], [ 8307027.419666205532849, 4747538.861492304131389 ], [ 8306946.732203311286867, 4747502.649339930154383 ], [ 8306865.703981733880937, 4747538.470335219055414 ], [ 8306793.403021832928061, 4747628.338401153683662 ], [ 8306711.602665961720049, 4747826.237509147264063 ], [ 8306670.355322582647204, 4747964.449603342451155 ], [ 8306620.299700912088156, 4748132.174330645240843 ], [ 8306591.800583110190928, 4748456.284177204594016 ], [ 8306608.4405487626791, 4748735.487788778729737 ], [ 8306661.495168069377542, 4748915.727122729644179 ], [ 8306741.422472530975938, 4749114.04598845820874 ], [ 8306812.495675847865641, 4749285.329217071644962 ], [ 8306838.434350788593292, 4749528.825852391310036 ], [ 8306846.933081092312932, 4749646.06334862858057 ], [ 8306828.023190846666694, 4749871.43847415689379 ], [ 8306728.535334088839591, 4750024.485378708690405 ], [ 8306629.609216482378542, 4750042.277832433581352 ], [ 8306530.985470857471228, 4749987.933326899074018 ], [ 8306414.654700505547225, 4749870.425652942620218 ], [ 8306352.471523283980787, 4749698.951426605693996 ], [ 8306317.362207655794919, 4749500.49719544686377 ], [ 8306318.045173071324825, 4749338.201203526929021 ], [ 8306266.438355982303619, 4748851.713537534698844 ], [ 8306195.680760939605534, 4748617.397640997543931 ], [ 8306133.694268542341888, 4748428.134053096175194 ], [ 8306086.843659603968263, 4748250.427953445352614 ], [ 8306071.927333526313305, 4748193.849136431701481 ], [ 8306037.463922787457705, 4747887.600878983736038 ], [ 8305994.191998367197812, 4747545.322140520438552 ], [ 8305950.010161723010242, 4747392.138437018729746 ], [ 8305905.568298227153718, 4747292.98078291118145 ], [ 8305878.96464135684073, 4747220.881023308262229 ], [ 8305807.7910589389503, 4747076.637748795561492 ], [ 8305772.466744103468955, 4746950.494122017174959 ], [ 8305719.17603156529367, 4746824.30637725815177 ], [ 8305496.210125341080129, 4746490.606587148271501 ], [ 8305416.239310167729855, 4746310.334968842566013 ], [ 8305353.885379770770669, 4746202.136266361922026 ], [ 8305300.559842030517757, 4746084.95854249317199 ], [ 8305229.402385904453695, 4745940.726987641304731 ], [ 8305139.839594284072518, 4745886.477353897877038 ], [ 8305077.004612646996975, 4745877.311323006637394 ], [ 8305040.719601837918162, 4745949.239844432100654 ], [ 8305030.718301695771515, 4746156.282793023623526 ], [ 8305083.421824525110424, 4746399.506703679449856 ], [ 8305145.19959993287921, 4746624.752916932106018 ], [ 8305216.316588923335075, 4746777.997970456257463 ], [ 8305323.546578589826822, 4746895.323412612080574 ], [ 8305493.928681188262999, 4746958.788084458559752 ], [ 8305610.2787925908342, 4747049.123817137442529 ], [ 8305663.569309638813138, 4747175.314913781359792 ], [ 8305689.559455378912389, 4747373.470965653657913 ], [ 8305688.553951256908476, 4747580.566637467592955 ], [ 8305660.420276870951056, 4747823.615532835945487 ], [ 8305641.313751158304513, 4748057.688302824273705 ], [ 8305649.160946792922914, 4748291.835333411581814 ], [ 8305693.298466056585312, 4748454.038550546392798 ], [ 8305737.699383413419127, 4748562.213555386289954 ], [ 8305746.291463470086455, 4748643.282831537537277 ], [ 8305701.234296542592347, 4748670.184165707789361 ], [ 8305638.469163350760937, 4748643.008290129713714 ], [ 8305540.114333996549249, 4748543.699489759281278 ], [ 8305352.527940350584686, 4748318.089974596165121 ], [ 8305263.737396141514182, 4748101.742754909209907 ], [ 8305157.423120193183422, 4747795.308216377161443 ], [ 8305041.777185065671802, 4747560.89174554310739 ], [ 8304899.139902729541063, 4747335.412861194461584 ], [ 8304792.043710697442293, 4747191.066392197273672 ], [ 8304738.184762203134596, 4747181.920311913825572 ], [ 8304711.010487834922969, 4747226.868575035594404 ], [ 8304719.726963642984629, 4747280.916064330376685 ], [ 8304780.923090853728354, 4747623.238739649765193 ], [ 8304833.761394829489291, 4747839.485396264120936 ], [ 8304940.287955185398459, 4748100.901264430955052 ], [ 8305082.936818020418286, 4748326.396533665247262 ], [ 8305225.680359151214361, 4748533.884580938145518 ], [ 8305263.814835652709007, 4748628.940188178792596 ], [ 8305323.326880833134055, 4748777.28037710301578 ], [ 8305429.700131197459996, 4749074.737129354849458 ], [ 8305446.30698068998754, 4749363.05044124647975 ], [ 8305436.314038567245007, 4749597.456287607550621 ], [ 8305390.41450546681881, 4749822.757885754108429 ], [ 8305308.839189537800848, 4749984.853137455880642 ], [ 8305182.523334163241088, 4750101.748570718802512 ], [ 8305011.428313399665058, 4750182.457870608195662 ], [ 8304849.356353756971657, 4750254.171158012002707 ], [ 8304588.626670342870057, 4750280.534624542109668 ], [ 8304382.013656256720424, 4750261.949894879944623 ], [ 8304283.55869816057384, 4750171.513886515051126 ], [ 8304212.263974172063172, 4750036.065230292268097 ], [ 8304168.089791407808661, 4749864.623251039534807 ], [ 8304186.859269184060395, 4749684.336930577643216 ], [ 8304252.276347081176937, 4749134.681606321595609 ], [ 8304255.98018154874444, 4749040.689773527905345 ], [ 8303885.680157328955829, 4749356.351330142468214 ], [ 8303478.134143399074674, 4749602.971318800933659 ], [ 8303194.883287696167827, 4749672.674010540358722 ], [ 8302092.535054971463978, 4749978.331868306733668 ], [ 8302117.843425353989005, 4750074.226322693750262 ], [ 8302162.449655289761722, 4750228.71918314974755 ], [ 8302278.194432922638953, 4750463.504368769004941 ], [ 8302403.346128194592893, 4750608.144679722376168 ], [ 8302555.421199721284211, 4750761.879889108240604 ], [ 8302671.428336605429649, 4750942.566359706223011 ], [ 8302724.569295953027904, 4751114.058371813036501 ], [ 8302714.552565788850188, 4751339.482677560299635 ], [ 8302641.951034191995859, 4751492.587094065733254 ], [ 8302641.682802492752671, 4751492.902576902881265 ], [ 8302542.549105967395008, 4751609.542952140793204 ], [ 8302425.334692269563675, 4751690.373666543513536 ], [ 8302236.548231587745249, 4751698.848935630172491 ], [ 8302128.943920942954719, 4751644.426518571563065 ], [ 8301985.641021158546209, 4751535.788685042411089 ], [ 8301896.224751826375723, 4751436.326223730109632 ], [ 8301824.911320399492979, 4751309.862226847559214 ], [ 8301726.763565172441304, 4751156.266226396895945 ], [ 8301637.479872317053378, 4751029.751277555711567 ], [ 8301557.269842789508402, 4750885.228625416755676 ], [ 8301285.286546474322677, 4750260.125647486187518 ], [ 8301219.413864453323185, 4750108.722038073465228 ], [ 8301058.638493882492185, 4749900.848754103295505 ], [ 8300888.79818351380527, 4749710.982971342280507 ], [ 8300746.050717884674668, 4749494.150508539751172 ], [ 8300675.022969014011323, 4749313.604475665837526 ], [ 8300613.157931264489889, 4749115.236240975558758 ], [ 8300560.45154682546854, 4748889.935629447922111 ], [ 8300525.959510777145624, 4748619.668902324512601 ], [ 8300482.339160437695682, 4748376.396439769305289 ], [ 8300411.234332330524921, 4748232.098817511461675 ], [ 8300312.595776810310781, 4748195.775998648256063 ], [ 8300240.523602496832609, 4748231.573446674272418 ], [ 8300185.885661656036973, 4748366.479401330463588 ], [ 8300167.089207057841122, 4748519.507666801102459 ], [ 8300175.247677557170391, 4748672.621811714954674 ], [ 8300290.114213234744966, 4749033.194773477502167 ], [ 8300333.694811954163015, 4749285.511448032222688 ], [ 8300404.283900707028806, 4749556.223820249550045 ], [ 8300502.094350980594754, 4749772.925140387378633 ], [ 8300609.282438881695271, 4749908.505835325457156 ], [ 8300734.532114150002599, 4750026.107934622094035 ], [ 8300859.656279784627259, 4750170.760753110051155 ], [ 8300976.312360701151192, 4750382.180951756425202 ], [ 8301019.492785097099841, 4750577.024113176390529 ], [ 8301036.442598971538246, 4750793.498546930029988 ], [ 8301035.29051760956645, 4751036.976749435998499 ], [ 8301033.924700709991157, 4751325.550770525820553 ], [ 8300997.248515170067549, 4751478.750904379412532 ], [ 8300897.39996558893472, 4751685.873847225680947 ], [ 8300788.816390601918101, 4751838.861231381073594 ], [ 8300662.382509781979024, 4751964.738980392925441 ], [ 8300545.321866797283292, 4752009.475756610743701 ], [ 8300410.716008374467492, 4751963.969372140243649 ], [ 8300348.275885205715895, 4751864.571739909239113 ], [ 8300357.956436606124043, 4751720.303675009869039 ], [ 8300421.7792376447469, 4751531.112064564600587 ], [ 8300413.353472909890115, 4751413.84769241604954 ], [ 8300368.545119589194655, 4751386.655246444046497 ], [ 8300260.52076524682343, 4751422.395840241573751 ], [ 8300179.02431420981884, 4751548.400794492103159 ], [ 8300097.830332183279097, 4751611.278509947471321 ], [ 8300070.910529519431293, 4751602.176462357863784 ], [ 8300044.46979402191937, 4751493.87357903458178 ], [ 8300063.098184278234839, 4751358.657188631594181 ], [ 8300135.607515955343843, 4751232.627706122584641 ], [ 8300208.114715355448425, 4751106.598917309194803 ], [ 8300190.791444312781096, 4750971.276342048309743 ], [ 8300137.302770865149796, 4750880.932364169508219 ], [ 8300044.050624346360564, 4750786.617386572994292 ], [ 8300043.939301603473723, 4750786.61738576926291 ], [ 8299410.968195198103786, 4751068.919270957820117 ], [ 8298469.558075832203031, 4751378.774806511588395 ], [ 8298444.576537283137441, 4751506.813715835101902 ], [ 8298417.298245752230287, 4751569.853353757411242 ], [ 8298398.737527980469167, 4751687.032612930051982 ], [ 8298433.789071219041944, 4751867.518881857395172 ], [ 8298513.423040772788227, 4752120.304599334485829 ], [ 8298575.08395978808403, 4752373.037546182982624 ], [ 8298574.320926969870925, 4752526.361069560982287 ], [ 8298502.052784442901611, 4752598.280306801199913 ], [ 8298367.223248133435845, 4752597.839746408164501 ], [ 8298250.642043240368366, 4752543.341675362549722 ], [ 8298107.458746966905892, 4752416.601191484369338 ], [ 8297991.334875364787877, 4752271.912124219350517 ], [ 8297929.280225361697376, 4752100.34640309214592 ], [ 8297903.270612059161067, 4751910.865441413596272 ], [ 8297894.919197088107467, 4751784.576547687873244 ], [ 8297880.786990084685385, 4751554.351591821759939 ], [ 8297861.697768068872392, 4751243.365004667080939 ], [ 8297747.23248350340873, 4750774.052555868402123 ], [ 8297632.092110878787935, 4750440.018579465337098 ], [ 8297542.865743835456669, 4750313.47656225413084 ], [ 8297471.293600990436971, 4750250.115484258159995 ], [ 8297292.209703017957509, 4750132.288725195452571 ], [ 8297122.359561969526112, 4749996.457106702029705 ], [ 8296961.628574171103537, 4749833.605095733888447 ], [ 8296756.380276213400066, 4749625.033370221033692 ], [ 8296533.429285036399961, 4749397.793564938008785 ], [ 8296328.295967349782586, 4749179.969688187353313 ], [ 8296122.784813398495317, 4749007.760658682323992 ], [ 8295979.899583128280938, 4748871.918665795587003 ], [ 8295863.297023382037878, 4748871.234566447325051 ], [ 8295818.198264210484922, 4748924.971595896407962 ], [ 8295826.49634766113013, 4749069.026774981059134 ], [ 8295888.281634092330933, 4749276.534597620368004 ], [ 8295994.921195465140045, 4749448.877415867522359 ], [ 8296270.688795699737966, 4749848.162659558467567 ], [ 8296422.140768463723361, 4750029.810577527619898 ], [ 8296573.670919126830995, 4750220.006644389592111 ], [ 8296752.121533898636699, 4750428.018729135394096 ], [ 8296957.554819917306304, 4750627.106528897769749 ], [ 8297162.673451532609761, 4750889.317431879229844 ], [ 8297260.495393016375601, 4751070.006338893435895 ], [ 8297277.80470550712198, 4751196.317124230787158 ], [ 8297259.344530489295721, 4751295.454013888724148 ], [ 8297187.067890949547291, 4751385.39134709071368 ], [ 8297168.606472103856504, 4751484.529572299681604 ], [ 8297194.846550731919706, 4751619.894468731246889 ], [ 8297202.517445872537792, 4751811.043170585297048 ], [ 8297184.071172821335495, 4751971.583571 ], [ 8297147.422477514483035, 4752115.760219142772257 ], [ 8297048.206020142883062, 4752205.612039053812623 ], [ 8296996.638372025452554, 4752229.289369525387883 ], [ 8296931.217242799699306, 4752259.326995666138828 ], [ 8296787.572439181618392, 4752258.835464986972511 ], [ 8296509.494653377681971, 4752212.782411725260317 ], [ 8296322.919555505737662, 4752143.849329478107393 ], [ 8296106.154913056641817, 4752085.114931041374803 ], [ 8295908.741730056703091, 4752066.384523473680019 ], [ 8295738.451311386190355, 4752011.671264162287116 ], [ 8295622.265595712698996, 4751912.053566313348711 ], [ 8295524.227122486568987, 4751776.426001937128603 ], [ 8295408.47528928052634, 4751595.643600847572088 ], [ 8295292.632019728422165, 4751432.89957835804671 ], [ 8295185.948459079489112, 4751251.826227393932641 ], [ 8295097.459988215006888, 4751043.395237877964973 ], [ 8295036.102568831294775, 4750798.973259665071964 ], [ 8294956.8595120171085, 4750545.411249548196793 ], [ 8294895.615176586434245, 4750282.923915654420853 ], [ 8294834.213335124775767, 4750047.557312169112265 ], [ 8294727.694774900563061, 4749857.116158833727241 ], [ 8294612.156578654423356, 4749675.66146735753864 ], [ 8294469.55076945759356, 4749521.159285528585315 ], [ 8294362.504788567312062, 4749421.098654512315989 ], [ 8294192.40188174508512, 4749365.845699356868863 ], [ 8294075.739827261306345, 4749374.177869636565447 ], [ 8294039.480368915945292, 4749437.222609524615109 ], [ 8294065.95616646669805, 4749509.685755301266909 ], [ 8294136.632304643280804, 4749690.872628454118967 ], [ 8294243.029740675352514, 4749899.392577530816197 ], [ 8294376.342989045195282, 4750108.077730357646942 ], [ 8294464.916095783002675, 4750298.419313622638583 ], [ 8294535.335599563084543, 4750524.809542722068727 ], [ 8294587.547024531289935, 4750796.290185308083892 ], [ 8294621.979959914460778, 4751040.553408592008054 ], [ 8294621.06585949473083, 4751194.216034245677292 ], [ 8294629.230782876722515, 4751329.85634767729789 ], [ 8294664.472441946156323, 4751438.54200937692076 ], [ 8294851.32426099665463, 4751701.812351851724088 ], [ 8294948.955431661568582, 4751909.64325312525034 ], [ 8295010.596318515948951, 4752135.335436993278563 ], [ 8295054.044292632490396, 4752406.062736861407757 ], [ 8295080.496437936089933, 4752613.78405350074172 ], [ 8295088.516603492200375, 4752676.764439956285059 ], [ 8295078.338479281403124, 4752902.214332374744117 ], [ 8295014.721298774704337, 4753046.299462780356407 ], [ 8294924.50336848385632, 4753127.150881805457175 ], [ 8294753.910962180234492, 4753126.532459549605846 ], [ 8294466.791624998673797, 4753089.406260205432773 ], [ 8294125.43540679756552, 4753079.135913106612861 ], [ 8293766.468293970450759, 4753086.816882102750242 ], [ 8293541.611005062237382, 4753158.133357571437955 ], [ 8293361.296946240589023, 4753292.752450679428875 ], [ 8293216.843407472595572, 4753436.525962939485908 ], [ 8293054.577407543547451, 4753553.171185947023332 ], [ 8292955.509994060732424, 4753606.914841563440859 ], [ 8292883.720693808980286, 4753606.474876540713012 ], [ 8292812.209131341427565, 4753560.82557263597846 ], [ 8292749.948929383419454, 4753470.026173253543675 ], [ 8292679.605228669941425, 4753234.517483042553067 ], [ 8292618.404345169663429, 4752971.9475017786026 ], [ 8292584.069406111724675, 4752718.591210410930216 ], [ 8292540.930545579642057, 4752438.065205779857934 ], [ 8292515.626967665739357, 4752175.737961248494685 ], [ 8292471.935240685008466, 4751985.623208103701472 ], [ 8292418.380892124027014, 4751940.089997883886099 ], [ 8292391.353365127928555, 4751958.001980585046113 ], [ 8292354.739412316121161, 4752075.29527160525322 ], [ 8292362.316612988710403, 4752301.348580588586628 ], [ 8292428.967664018273354, 4753133.508930435404181 ], [ 8292427.2394865360111, 4753413.775600913912058 ], [ 8292381.033192121423781, 4753630.482209970243275 ], [ 8292325.885977083817124, 4753841.49847424775362 ], [ 8292323.896345338784158, 4754163.59008120931685 ], [ 8292366.734945754520595, 4754524.752204376272857 ], [ 8292436.205711730755866, 4754949.016542633064091 ], [ 8292560.319056557491422, 4755238.183747143484652 ], [ 8292730.044390976428986, 4755401.226959448307753 ], [ 8292917.537011365406215, 4755600.425376138649881 ], [ 8293060.331588539294899, 4755763.366075368598104 ], [ 8293175.98887494392693, 4755962.293509166687727 ], [ 8293184.025228805840015, 4756133.748303786851466 ], [ 8293147.801899858750403, 4756187.745552874170244 ], [ 8293012.933743579313159, 4756214.300089580006897 ], [ 8292743.345342751592398, 4756240.337137290276587 ], [ 8292608.726592969149351, 4756221.774684282951057 ], [ 8292456.397445321083069, 4756158.029735737480223 ], [ 8292348.976180496625602, 4756094.457178028300405 ], [ 8292215.01758349314332, 4755958.602292367257178 ], [ 8291964.361859477125108, 4755813.269260569475591 ], [ 8291686.566280708648264, 4755703.913249381817877 ], [ 8291570.071909989230335, 4755658.343115033581853 ], [ 8291435.514114413410425, 4755630.744487393647432 ], [ 8291210.944442653097212, 4755638.873310804367065 ], [ 8291049.394207306206226, 4755620.183749509975314 ], [ 8290924.408571429550648, 4755502.115206400863826 ], [ 8290826.882340958341956, 4755311.588106947019696 ], [ 8290774.120016507804394, 4755139.435517275705934 ], [ 8290730.219453577883542, 4754985.427757269702852 ], [ 8290723.708407854661345, 4754596.556670599617064 ], [ 8290724.436324847862124, 4754481.649766915477812 ], [ 8290725.312423439696431, 4754343.383489839732647 ], [ 8290754.124485203996301, 4754045.181204395368695 ], [ 8290827.174264272674918, 4753846.727918514050543 ], [ 8290855.410515901632607, 4753638.950830587185919 ], [ 8290830.033476788550615, 4753394.670673993416131 ], [ 8290795.627505408599973, 4753159.379897493869066 ], [ 8290707.328336434438825, 4752932.790895979851484 ], [ 8290582.854635450989008, 4752751.178005438297987 ], [ 8290458.213267800398171, 4752596.687449769116938 ], [ 8290342.3175467280671, 4752478.416258540004492 ], [ 8290244.369494195096195, 4752360.260362081229687 ], [ 8290155.453897198662162, 4752233.122699239291251 ], [ 8289940.175942877307534, 4752222.692431092262268 ], [ 8289982.327794263139367, 4752362.129556437954307 ], [ 8290045.546349478885531, 4752586.92672458384186 ], [ 8290094.723208678886294, 4752760.968096187338233 ], [ 8290129.394581359811127, 4752956.634771726094186 ], [ 8290177.603708785027266, 4753282.692010747268796 ], [ 8290247.55475110001862, 4753579.94276199862361 ], [ 8290267.769493276253343, 4753790.009895433671772 ], [ 8290280.569199122488499, 4754036.231114665046334 ], [ 8290293.045900318771601, 4754333.133607435971498 ], [ 8290277.243671097792685, 4754557.463986981660128 ], [ 8290249.122645307332277, 4754667.776821982115507 ], [ 8290225.651422333903611, 4754759.849203510209918 ], [ 8290138.082038073800504, 4754969.245906234718859 ], [ 8290064.695404272526503, 4755207.698980056680739 ], [ 8290027.421110754832625, 4755417.428809449076653 ], [ 8289969.283002708107233, 4755518.419800217263401 ], [ 8289796.444107958115637, 4755575.224642284214497 ], [ 8289602.231308752670884, 4755602.925432357005775 ], [ 8289429.810490818694234, 4755594.562043054029346 ], [ 8289394.254136694595218, 4755536.405562884174287 ], [ 8289359.120153672061861, 4755413.088104121387005 ], [ 8289316.894973394460976, 4755275.245108388364315 ], [ 8289260.205291321501136, 4755151.789807698689401 ], [ 8289158.778602711856365, 4755041.353066435083747 ], [ 8288506.820741307921708, 4755262.80357277020812 ], [ 8288554.807683323509991, 4755328.160649701952934 ], [ 8288561.377128018066287, 4755422.329352931119502 ], [ 8288517.881342374719679, 4755479.96572283282876 ], [ 8288438.787272524088621, 4755486.682889109477401 ], [ 8288237.624904610216618, 4755478.108408944681287 ], [ 8287993.155440610833466, 4755498.203586841933429 ], [ 8287791.465691898018122, 4755569.262734411284328 ], [ 8287647.50290715880692, 4755604.501924536190927 ], [ 8287604.38604857493192, 4755604.213022631593049 ], [ 8287588.634288048371673, 4755549.996450717560947 ], [ 8287187.495726759545505, 4755675.351866485551 ], [ 8285671.363554952666163, 4756113.231124472804368 ], [ 8285295.967534103430808, 4756203.35220711492002 ], [ 8284921.616950620897114, 4756334.153233169578016 ], [ 8284463.411019148305058, 4756457.394371596165001 ], [ 8284103.140078495256603, 4756549.705003797076643 ], [ 8283876.186728067696095, 4756622.358395116403699 ], [ 8283463.915653003379703, 4756725.328718573786318 ], [ 8282627.937112558633089, 4756842.551371306180954 ], [ 8281747.389266569167376, 4756990.986462296918035 ], [ 8281454.07539027184248, 4757054.79768614564091 ], [ 8281210.418216099962592, 4757102.34964160900563 ], [ 8281038.615104190073907, 4757122.669095834717155 ], [ 8280883.699925128370523, 4757131.939134026877582 ], [ 8280225.593374166637659, 4757129.086105489172041 ], [ 8279667.327244298532605, 4757116.222099744714797 ], [ 8279273.281014899723232, 4757122.921567059122026 ], [ 8278882.563146016560495, 4757152.298826092854142 ], [ 8278566.64787972252816, 4757175.740984765812755 ], [ 8278580.466083543375134, 4757208.927747179754078 ], [ 8278601.372845035046339, 4757295.999857617542148 ], [ 8278586.397948298603296, 4757375.537060246802866 ], [ 8278527.697825902141631, 4757534.377611448056996 ], [ 8278476.67536858189851, 4757628.104998463764787 ], [ 8278411.660074775107205, 4757671.02363389916718 ], [ 8278339.840003665536642, 4757663.191589528694749 ], [ 8278268.349005834199488, 4757611.909733644686639 ], [ 8278197.132848150096834, 4757524.419882364571095 ], [ 8278140.512498438358307, 4757408.083258174359798 ], [ 8278119.884186665527523, 4757284.802376970648766 ], [ 8278124.172843035310507, 4757209.871519159525633 ], [ 8277808.840762899257243, 4757240.382753194309771 ], [ 8276546.528509439900517, 4757409.989375124685466 ], [ 8275938.143143927678466, 4757473.20857756678015 ], [ 8274542.327936551533639, 4757725.734523153863847 ], [ 8274087.155514770187438, 4757816.702608590945601 ], [ 8274087.044192029163241, 4757816.702607776969671 ], [ 8274112.835277639329433, 4757943.332918611355126 ], [ 8274104.467152678407729, 4758073.261590003035963 ], [ 8274075.352819127961993, 4758116.421573310159147 ], [ 8274010.73700100556016, 4758116.052981561049819 ], [ 8273925.046124126762152, 4758065.016859455965459 ], [ 8273853.913339628838003, 4757992.401151521131396 ], [ 8273752.021740056574345, 4757888.383344268426299 ], [ 8273538.621176132932305, 4757935.199825620278716 ], [ 8273288.324107949621975, 4757981.350046653300524 ], [ 8273307.876884886994958, 4758032.587823865935206 ], [ 8273420.752484529279172, 4758249.868895628489554 ], [ 8273519.738354414701462, 4758416.525324065238237 ], [ 8273554.70712745282799, 4758517.82362758461386 ], [ 8273539.749174490571022, 4758582.729325534775853 ], [ 8273467.884383017197251, 4758589.536926527507603 ], [ 8273374.612704048864543, 4758581.777928683906794 ], [ 8273110.093160648830235, 4758457.486709107644856 ], [ 8272917.443836437538266, 4758326.387119046412408 ], [ 8272746.070327583700418, 4758224.294044934213161 ], [ 8272560.286643604747951, 4758149.530572384595871 ], [ 8271808.437933848239481, 4758300.309146782383323 ], [ 8270107.489488335326314, 4758508.950474088080227 ], [ 8270107.37816559523344, 4758508.950473273172975 ], [ 8270115.140261800028384, 4758544.837329613044858 ], [ 8270106.995789765380323, 4758645.907497047446668 ], [ 8270070.61288158595562, 4758696.34122462850064 ], [ 8270012.758338942192495, 4758739.485562599264085 ], [ 8269515.87389503698796, 4758889.54846019204706 ], [ 8269292.730927010066807, 4758946.599798893555999 ], [ 8269083.319313872605562, 4759068.684235263615847 ], [ 8268946.404533171094954, 4759118.787756571546197 ], [ 8268838.768614706583321, 4759111.213883274234831 ], [ 8268738.942048150114715, 4759038.670942673459649 ], [ 8268639.396822881884873, 4758937.243217432871461 ], [ 8268510.712811124511063, 4758879.046789676882327 ], [ 8268352.074820340611041, 4758849.395387534983456 ], [ 8267791.513860614039004, 4758949.758486838079989 ], [ 8267447.511485366150737, 4759003.183942734263837 ], [ 8267324.826267908327281, 4759022.191861733794212 ], [ 8267259.086967245675623, 4759105.905995524488389 ], [ 8267207.192057107575238, 4759271.823074987158179 ], [ 8267184.585462016053498, 4759380.069911191239953 ], [ 8267148.540914779528975, 4759394.388738218694925 ], [ 8267105.599645008333027, 4759379.797405909746885 ], [ 8267048.652860928326845, 4759329.048893430270255 ], [ 8266956.373542764224112, 4759220.404952947050333 ], [ 8266884.093360760249197, 4759103.486808946356177 ], [ 8266454.27128969412297, 4759192.099575630389154 ], [ 8266166.062724448740482, 4759245.738754644058645 ], [ 8265525.862997680902481, 4759334.858846361748874 ], [ 8264813.354706504382193, 4759553.013150240294635 ], [ 8263650.273775541223586, 4759856.538461037911475 ], [ 8262937.166958376765251, 4760002.999952951446176 ], [ 8261776.078062481246889, 4760286.038448489271104 ], [ 8260716.789791856892407, 4760575.183979988098145 ], [ 8259425.576276205480099, 4760923.533817277289927 ], [ 8258093.04304894991219, 4761270.535291912965477 ], [ 8258093.154371688142419, 4761270.535292732529342 ], [ 8258033.029060371220112, 4761488.447530483826995 ], [ 8257929.909332835115492, 4761581.717534404247999 ], [ 8257812.531481273472309, 4761638.783091547898948 ], [ 8257636.253854538314044, 4761746.048419373109937 ], [ 8257522.293237901292741, 4761836.874835786409676 ], [ 8257522.181915164925158, 4761836.874834965914488 ], [ 8257987.423633668571711, 4761977.290215764194727 ], [ 8258760.679557614028454, 4762070.654377805069089 ], [ 8260274.48118903208524, 4762118.707616441883147 ], [ 8263371.690238897688687, 4762128.345418025739491 ], [ 8267414.774667435325682, 4762231.140556564554572 ], [ 8269858.228297318331897, 4762216.162671974860132 ], [ 8273559.074652312323451, 4762311.264031017199159 ], [ 8274918.576689543202519, 4762124.825481534004211 ], [ 8276448.973420217633247, 4761957.488846350461245 ], [ 8279014.136937343515456, 4761279.50987422093749 ], [ 8281134.736530924215913, 4760597.920337903313339 ], [ 8284605.523285488598049, 4759978.228038985282183 ], [ 8286081.56071600690484, 4759898.348190922290087 ], [ 8287343.057750893756747, 4759995.420172782614827 ], [ 8289598.753681562840939, 4760366.00035036355257 ], [ 8291551.950619596987963, 4760752.21186638623476 ], [ 8292101.737216489389539, 4760812.85323019977659 ], [ 8292120.21561536192894, 4760567.128164770081639 ], [ 8292121.80812431499362, 4760283.739786026999354 ], [ 8292167.917530581355095, 4759991.152009099721909 ], [ 8292244.230041878297925, 4759794.735930711962283 ], [ 8292329.219834125600755, 4759704.136291936971247 ], [ 8292364.622389162890613, 4759666.396717398427427 ], [ 8292484.388276257552207, 4759649.686145690269768 ], [ 8292663.797496031969786, 4759667.552195896394551 ], [ 8292902.709179005585611, 4759745.752432100474834 ], [ 8293090.336880158632994, 4759823.752568635158241 ], [ 8293354.900007569231093, 4759902.041016859933734 ], [ 8293517.078117626719177, 4759945.5887705469504 ], [ 8293653.565760288387537, 4759997.625546033494174 ], [ 8293755.909398512914777, 4760040.945492910221219 ], [ 8293849.37797565665096, 4760144.343823362141848 ], [ 8293916.969572883099318, 4760290.583967866376042 ], [ 8293975.734587179496884, 4760488.319369140081108 ], [ 8294034.735326084308326, 4760643.119370277039707 ], [ 8294111.067917885258794, 4760755.045678853988647 ], [ 8294247.151860186830163, 4760884.369537496939301 ], [ 8294273.384002168662846, 4760907.413151543587446 ], [ 8294273.49532491248101, 4760907.413152351975441 ], [ 8295013.553379306569695, 4760836.324842675589025 ], [ 8295013.442056562751532, 4760836.324841868132353 ], [ 8294940.530659674666822, 4760715.143909837119281 ], [ 8294847.229365396313369, 4760577.399086335673928 ], [ 8294796.581421756185591, 4760456.985898897983134 ], [ 8294771.579881483688951, 4760336.667388514615595 ], [ 8294789.274773960001767, 4760225.092888034880161 ], [ 8295029.498506706207991, 4760062.801212552934885 ], [ 8295098.158848261460662, 4760011.524554123170674 ], [ 8295167.046458071097732, 4759917.312080087140203 ], [ 8295236.206685937941074, 4759771.577729911543429 ], [ 8295288.314521265216172, 4759617.19688306376338 ], [ 8295297.819021508097649, 4759436.904857791028917 ], [ 8295281.72622505761683, 4759247.937105141580105 ], [ 8295308.507223418913782, 4759033.367332709021866 ], [ 8295369.021146448329091, 4758904.786515897139907 ], [ 8295421.076964595355093, 4758759.004105639643967 ], [ 8295464.311974597163498, 4758664.709273639135063 ], [ 8295507.546171649359167, 4758570.415444251149893 ], [ 8295576.510984690859914, 4758459.041396453976631 ], [ 8295662.296099028550088, 4758399.243842692114413 ], [ 8295790.859263099730015, 4758331.011190568096936 ], [ 8295867.915191259235144, 4758305.525247359648347 ], [ 8295936.244112615473568, 4758314.352222125977278 ], [ 8296021.352187108248472, 4758383.339222516864538 ], [ 8296140.29020338319242, 4758521.133101413957775 ], [ 8296224.909219870343804, 4758684.566447171382606 ], [ 8296300.983471121639013, 4758847.972097987309098 ], [ 8296360.054834803566337, 4758994.147466634400189 ], [ 8296384.84902913402766, 4759157.37891794834286 ], [ 8296417.968297706916928, 4759363.575935409404337 ], [ 8296459.948867324739695, 4759509.698743222281337 ], [ 8296536.344793290831149, 4759613.007516564801335 ], [ 8296663.896505994722247, 4759742.254489241167903 ], [ 8296765.497289259918034, 4759931.523435991257429 ], [ 8296845.400514366105199, 4760259.669847287237644 ], [ 8296845.51183711271733, 4760259.669848092831671 ], [ 8297392.995865432545543, 4760062.989016071893275 ], [ 8297392.884542686864734, 4760062.989015265367925 ], [ 8297338.635498952120543, 4759864.7797388471663 ], [ 8297271.372220997698605, 4759632.698838933371007 ], [ 8297204.13159242272377, 4759409.20974778290838 ], [ 8297128.346447120420635, 4759185.695883390493691 ], [ 8297061.28803354036063, 4758927.870394011028111 ], [ 8297045.339218148961663, 4758704.570118352770805 ], [ 8297080.143999783322215, 4758584.48155530076474 ], [ 8297183.059441008605063, 4758516.14255100954324 ], [ 8297345.645878527313471, 4758490.93505887966603 ], [ 8297508.489846029318869, 4758439.967505113221705 ], [ 8297679.932155907154083, 4758380.440599076449871 ], [ 8297825.702295939438045, 4758320.825368891470134 ], [ 8297903.103319715708494, 4758243.809847612865269 ], [ 8297963.389976345002651, 4758166.737164333462715 ], [ 8298024.367101072333753, 4757952.295846299268305 ], [ 8298033.571876867674291, 4757823.542344619520009 ], [ 8298034.133485641330481, 4757711.933005319908261 ], [ 8297983.228324978612363, 4757625.910049630329013 ], [ 8297906.699136194773018, 4757531.21732965670526 ], [ 8297787.391171495430171, 4757436.382380121387541 ], [ 8297633.861222879961133, 4757341.432216797024012 ], [ 8297531.53882538061589, 4757272.408189583569765 ], [ 8297437.817304372787476, 4757194.827518031001091 ], [ 8297378.320356350392103, 4757117.361921138130128 ], [ 8297353.090957024134696, 4757031.427686437964439 ], [ 8297361.821638457477093, 4756997.117649365216494 ], [ 8297481.688351287506521, 4756980.352244443260133 ], [ 8297712.43040968850255, 4757032.635098492726684 ], [ 8297951.64372190553695, 4757102.110895942896605 ], [ 8298242.109182139858603, 4757188.920487722381949 ], [ 8298472.988514636643231, 4757215.432247119955719 ], [ 8298610.010347511619329, 4757190.123840158805251 ], [ 8298764.313640757463872, 4757130.529777638614178 ], [ 8298850.084066018462181, 4757087.882421315647662 ], [ 8298987.018496376462281, 4757079.738530929200351 ], [ 8299123.7836426012218, 4757105.932223128154874 ], [ 8299268.936657221056521, 4757166.490590245462954 ], [ 8299388.171699435450137, 4757278.475540636107326 ], [ 8299481.698908738791943, 4757398.964136115275323 ], [ 8299575.186772770248353, 4757528.038371331989765 ], [ 8299651.438850590027869, 4757682.815363322384655 ], [ 8299684.493245868943632, 4757923.314033737406135 ], [ 8299700.31025551725179, 4758189.521931425668299 ], [ 8299767.469505397602916, 4758455.897840350866318 ], [ 8299834.757612804882228, 4758696.522071037441492 ], [ 8299910.73068673722446, 4758911.419070988893509 ], [ 8300046.485060343518853, 4759152.265900157392025 ], [ 8300134.064704307354987, 4759313.614088174887002 ], [ 8300134.176027053035796, 4759313.614088981412351 ], [ 8300786.655924595892429, 4759194.457655366510153 ], [ 8301516.52475321572274, 4759019.465705896727741 ], [ 8301899.598301962949336, 4758921.364980731159449 ], [ 8301886.501882314682007, 4758791.531616045162082 ], [ 8301849.550687478855252, 4758633.076343742199242 ], [ 8301797.77799229696393, 4758421.798495070077479 ], [ 8301745.730492350645363, 4758278.384089596569538 ], [ 8301686.1964171808213, 4758127.409612570889294 ], [ 8301649.096406215801835, 4758006.662230159156024 ], [ 8301619.670244488865137, 4757848.240504456683993 ], [ 8301538.86885891109705, 4757455.944379608146846 ], [ 8301517.105168961919844, 4757290.014282675459981 ], [ 8301518.412980818189681, 4757011.067972335033119 ], [ 8301519.296669310890138, 4756822.595314749516547 ], [ 8301550.268068989738822, 4756626.676430418156087 ], [ 8301588.680975057184696, 4756445.860228667967021 ], [ 8301672.064537144266069, 4756287.795720916241407 ], [ 8301807.894554506056011, 4756160.040297443047166 ], [ 8302018.988644819706678, 4756002.351236080750823 ], [ 8302192.338740458711982, 4755882.241633335128427 ], [ 8302313.131826585158706, 4755754.4412478255108 ], [ 8302433.852256485261023, 4755641.716661859303713 ], [ 8302539.510831028223038, 4755536.48703914694488 ], [ 8302774.011507636867464, 4755182.875301389023662 ], [ 8302819.35924659576267, 4755122.702012686990201 ], [ 8302894.617425133474171, 4755092.764030111022294 ], [ 8303014.707484264858067, 4755115.715621810406446 ], [ 8303209.681135931052268, 4755191.63940792158246 ], [ 8303329.671191159635782, 4755237.200422218069434 ], [ 8303434.841768517158926, 4755237.492269054055214 ], [ 8303532.736686440184712, 4755184.998915856704116 ], [ 8303646.093507252633572, 4755034.557456494309008 ], [ 8303751.968774358741939, 4754876.55907919164747 ], [ 8303865.218486205674708, 4754748.731533366255462 ], [ 8304091.207370639778674, 4754606.135376767255366 ], [ 8304324.402730636298656, 4754531.390623304992914 ], [ 8304639.991128860972822, 4754509.62030150461942 ], [ 8304940.391306961886585, 4754525.486586030572653 ], [ 8305180.821286089718342, 4754541.188520647585392 ], [ 8305383.615102347917855, 4754579.399498529732227 ], [ 8305526.085494650527835, 4754670.213543831370771 ], [ 8305735.98257027938962, 4754821.497711770236492 ], [ 8305900.814921731129289, 4754965.128420048393309 ], [ 8306372.981808171607554, 4755343.196005835197866 ], [ 8306432.597001592628658, 4755486.564076358452439 ], [ 8306461.792215065099299, 4755727.854309984482825 ], [ 8306468.410149469971657, 4755976.632722716778517 ], [ 8306467.374712224118412, 4756263.091006690636277 ], [ 8306518.880438103340566, 4756572.30304364208132 ], [ 8306593.051605253480375, 4756851.424382242374122 ], [ 8306629.41955385170877, 4757190.773570699617267 ], [ 8306606.48522765468806, 4757296.266995694488287 ], [ 8306583.523363031446934, 4757409.300978842191398 ], [ 8306598.070820959284902, 4757545.046688234433532 ], [ 8306611.95817996095866, 4757581.986744616180658 ], [ 8306612.069502709433436, 4757581.986745418980718 ], [ 8307517.20990489423275, 4757358.810589878819883 ], [ 8307517.098582145757973, 4757358.810589075088501 ], [ 8307486.39679180085659, 4757215.457908795215189 ], [ 8307464.452476359903812, 4757042.004278851673007 ], [ 8307465.035708064213395, 4756876.146430877968669 ], [ 8307444.312287282198668, 4756355.919368081726134 ], [ 8307422.370465862564743, 4756182.480270936153829 ], [ 8307355.671838585287333, 4755910.939861898310483 ], [ 8307266.399428762495518, 4755646.890044149011374 ], [ 8307214.421785991638899, 4755465.853000965900719 ], [ 8307139.922609956003726, 4755277.227208925411105 ], [ 8307050.366466518491507, 4755096.105355222709477 ], [ 8306924.307607237249613, 4754613.400184146128595 ], [ 8306887.157934989780188, 4754492.713401772081852 ], [ 8306827.514879607595503, 4754356.899252185598016 ], [ 8306782.959247685037553, 4754206.048827128484845 ], [ 8306798.260631900280714, 4754130.716330939903855 ], [ 8306888.692171753384173, 4754063.103488466702402 ], [ 8307001.803531649522483, 4753957.861003812402487 ], [ 8307092.23217315133661, 4753890.247455482371151 ], [ 8307227.886147996410728, 4753785.058328051120043 ], [ 8307311.168626782484353, 4753611.91418011020869 ], [ 8307409.399287813343108, 4753461.417082140222192 ], [ 8307492.675977114588022, 4753288.27688186429441 ], [ 8307575.870311762206256, 4753137.747370453551412 ], [ 8307643.92731199413538, 4753017.328252003528178 ], [ 8307712.534708792343736, 4752738.655610136687756 ], [ 8307735.368111254647374, 4752655.814013816416264 ], [ 8307750.844017883762717, 4752527.740776564925909 ], [ 8307848.90014358330518, 4752422.469294562004507 ], [ 8307909.120952010154724, 4752392.466579091735184 ], [ 8307969.367390962317586, 4752354.927782190032303 ], [ 8307984.604814408347011, 4752294.677922872826457 ], [ 8307992.380224484950304, 4752219.340254470705986 ], [ 8307970.176428562030196, 4752121.326701669953763 ], [ 8307865.395132373087108, 4752000.516237764619291 ], [ 8307760.56406085472554, 4751894.776392926461995 ], [ 8307670.739596483297646, 4751804.142694596201181 ], [ 8307595.858595662750304, 4751751.219953175634146 ], [ 8307513.56137353926897, 4751675.674005693756044 ], [ 8307476.383949429728091, 4751585.16436268389225 ], [ 8307506.976925946772099, 4751449.605878848582506 ], [ 8307559.881477386690676, 4751366.846082919277251 ], [ 8307740.350694237276912, 4751306.990642045624554 ], [ 8307875.67049996368587, 4751269.632055550813675 ], [ 8307920.909044773317873, 4751224.528065947815776 ], [ 8307951.159782064147294, 4751171.854730561375618 ], [ 8307936.537892149761319, 4751073.86883526109159 ], [ 8307846.88748924061656, 4750960.640374919399619 ], [ 8307839.653775509446859, 4750892.811958219856024 ], [ 8307869.995609140954912, 4750817.536922329105437 ], [ 8308005.521599345840514, 4750727.43740133009851 ], [ 8308231.059844709001482, 4750660.146510672755539 ], [ 8308434.068754440173507, 4750592.799961343407631 ], [ 8308629.506371272727847, 4750540.50144156254828 ], [ 8308787.248946861363947, 4750525.78653671219945 ], [ 8308884.832360063679516, 4750533.538601013831794 ], [ 8308974.77278418559581, 4750578.944222176447511 ], [ 8309049.625846001319587, 4750661.988135220482945 ], [ 8309071.660264718346298, 4750812.726301908493042 ], [ 8309040.923815910704434, 4751016.093041743151844 ], [ 8308987.620232778601348, 4751226.948213982395828 ], [ 8308896.77090748026967, 4751430.189243024215102 ], [ 8308677.388542316854, 4751866.737132664769888 ], [ 8308624.482355596497655, 4751957.042161129415035 ], [ 8308548.904649193398654, 4752084.973862051032484 ], [ 8308510.947836904786527, 4752197.92083811480552 ], [ 8308510.613669623620808, 4752295.882704890333116 ], [ 8308562.752828163094819, 4752431.642567905597389 ], [ 8308577.422543123364449, 4752537.176507935859263 ], [ 8308547.133351248688996, 4752604.930470595136285 ], [ 8308464.394962662830949, 4752627.350582974031568 ], [ 8308283.939780201762915, 4752657.083179067820311 ], [ 8308171.063608598895371, 4752702.039815007708967 ], [ 8308125.715723804198205, 4752777.295196419581771 ], [ 8308155.489011399447918, 4752860.259611916728318 ], [ 8308230.430093492381275, 4752920.720198381692171 ], [ 8308350.332353129051626, 4753018.964117811061442 ], [ 8308455.129927122965455, 4753139.781673426739872 ], [ 8308589.887601842172444, 4753290.812659214250743 ], [ 8308739.782228453084826, 4753411.732324661687016 ], [ 8308949.929764469154179, 4753495.102355704642832 ], [ 8309152.565692014060915, 4753578.452505266293883 ], [ 8309287.590722388587892, 4753654.114670380018651 ], [ 8309730.182747957296669, 4753903.784734884276986 ], [ 8309842.620118708349764, 4753994.467340192757547 ], [ 8309999.859137838706374, 4754175.688176638446748 ], [ 8310097.024974468164146, 4754341.709223977290094 ], [ 8310216.736705061979592, 4754522.889838012866676 ], [ 8310329.290829273872077, 4754704.354422106407583 ], [ 8310464.331984817050397, 4754931.1595508325845 ], [ 8310703.753986166790128, 4755542.925994416698813 ], [ 8310793.097772479988635, 4755912.745490061119199 ], [ 8310814.744835827499628, 4756221.931687422096729 ], [ 8310788.612601133063436, 4756541.775957298465073 ], [ 8310954.96283595636487, 4756499.98516062926501 ], [ 8311682.747798337601125, 4756283.844547905959189 ], [ 8311659.630870394408703, 4756233.641620908863842 ], [ 8311562.287510171532631, 4755999.470056855119765 ] ], [ [ 8323941.732828785665333, 4734339.471002049744129 ], [ 8323877.93340352922678, 4734422.775776144117117 ], [ 8323826.708928761072457, 4734563.686942788772285 ], [ 8323800.731023041531444, 4734781.399529785849154 ], [ 8323793.228642642498016, 4735242.397115239873528 ], [ 8323773.942111233249307, 4735325.656247553415596 ], [ 8323761.047065084800124, 4735396.102553709410131 ], [ 8323735.495338486507535, 4735440.952590378001332 ], [ 8323697.286958605982363, 4735460.205924957990646 ], [ 8323633.686068579554558, 4735460.279740294441581 ], [ 8323532.020397548563778, 4735421.979859387502074 ], [ 8323436.860669183544815, 4735326.045822432264686 ], [ 8323309.935522710904479, 4735217.342542769387364 ], [ 8323176.538820305839181, 4735153.464574311859906 ], [ 8323067.995820404030383, 4735121.300518725067377 ], [ 8322959.210938535630703, 4735108.24030421115458 ], [ 8322850.393416596576571, 4735107.984347933903337 ], [ 8322786.416233316063881, 4735095.027670101262629 ], [ 8322690.616394036449492, 4735011.565539536997676 ], [ 8322633.273289642296731, 4734908.986811100505292 ], [ 8322582.332103841006756, 4734806.424259312450886 ], [ 8322518.523867380805314, 4734729.441656986251473 ], [ 8322454.633048905991018, 4734684.471085940487683 ], [ 8322403.560853236354887, 4734633.129066079854965 ], [ 8322365.324270118027925, 4734569.012868112884462 ], [ 8322320.889117329381406, 4734428.053920191712677 ], [ 8322321.258558454923332, 4734287.204957808367908 ], [ 8322347.146134042181075, 4734178.430051332339644 ], [ 8322372.932275250554085, 4734108.068665273487568 ], [ 8322405.017904522828758, 4734076.13526812940836 ], [ 8322488.272865365259349, 4734057.128685952164233 ], [ 8322629.014815951697528, 4734083.072993653826416 ], [ 8322801.693161917850375, 4734134.69949798937887 ], [ 8323057.62809238024056, 4734167.311494760215282 ], [ 8323376.181473566219211, 4734167.270282102748752 ], [ 8323662.381726740859449, 4734154.137441626749933 ], [ 8323904.113712036050856, 4734121.843298340216279 ], [ 8324063.205334924161434, 4734076.838923497125506 ], [ 8324190.546580031514168, 4734012.664580125361681 ], [ 8324362.415503026917577, 4733942.032718355767429 ], [ 8324527.876781799830496, 4733890.61209032125771 ], [ 8324725.1472088387236, 4733832.746697273105383 ], [ 8324992.304655889049172, 4733800.394916525110602 ], [ 8325335.709182781167328, 4733793.542611517012119 ], [ 8325488.373529811389744, 4733793.320698765106499 ], [ 8325583.82167103420943, 4733831.545754966326058 ], [ 8325666.480534466914833, 4733914.589342905208468 ], [ 8325704.566367464140058, 4734004.113059499301016 ], [ 8325691.768081651069224, 4734055.33214084059 ], [ 8325608.968714776448905, 4734081.079704887233675 ], [ 8325417.98523864056915, 4734068.622909496538341 ], [ 8325297.035320565104485, 4734056.038519165478647 ], [ 8325207.876569403335452, 4734075.39447969570756 ], [ 8325163.200059166178107, 4734158.667648058384657 ], [ 8325131.19678720459342, 4734286.716472044587135 ], [ 8325080.049523079767823, 4734446.798982696607709 ], [ 8325003.509924504905939, 4734549.329457620158792 ], [ 8324907.918961944058537, 4734613.49381809681654 ], [ 8324774.168346987105906, 4734645.723953691311181 ], [ 8324678.704140012152493, 4734639.475214500911534 ], [ 8324577.150617303326726, 4734556.372253321111202 ], [ 8324482.035353750921786, 4734441.249270080588758 ], [ 8324374.298757843673229, 4734389.260294258594513 ], [ 8324323.235260549001396, 4734364.618645757436752 ], [ 8324138.890106015838683, 4734332.832323372364044 ], [ 8324024.452572166919708, 4734320.16569150891155 ], [ 8323941.732828785665333, 4734339.471002049744129 ] ], [ [ 8297253.614664826542139, 4754568.979501652531326 ], [ 8297206.311134964227676, 4754674.023119219578803 ], [ 8297124.103267046622932, 4754843.240089850500226 ], [ 8297024.557902988046408, 4754989.020416671410203 ], [ 8296953.826957519166172, 4755123.211913366802037 ], [ 8296912.60981619078666, 4755239.969478012993932 ], [ 8296917.977393026463687, 4755327.662917442619801 ], [ 8296958.225082899443805, 4755421.321170443668962 ], [ 8297073.813781812787056, 4755573.688469990156591 ], [ 8297183.826260491274297, 4755679.276015962474048 ], [ 8297328.862246957607567, 4755790.826940121129155 ], [ 8297409.838002165779471, 4755861.24470978230238 ], [ 8297415.536603507585824, 4755908.026185758411884 ], [ 8297368.843422245234251, 4755925.404771761968732 ], [ 8297275.810327980667353, 4755919.244729641824961 ], [ 8297153.797882641665637, 4755883.758665380068123 ], [ 8297054.867988622747362, 4755842.505495548248291 ], [ 8296962.091435356065631, 4755801.271627568639815 ], [ 8296846.252114928327501, 4755719.041103129275143 ], [ 8296724.575370108708739, 4755619.254500033333898 ], [ 8296632.265242650173604, 4755466.962730005383492 ], [ 8296598.059919549152255, 4755309.028348587453365 ], [ 8296610.452339646406472, 4755162.946949999779463 ], [ 8296628.804028941318393, 4755011.042768149636686 ], [ 8296670.416196724399924, 4754818.308520841412246 ], [ 8296746.783373047597706, 4754654.920463999733329 ], [ 8296817.351289049722254, 4754509.04782791249454 ], [ 8296882.141719335690141, 4754398.223054456524551 ], [ 8296952.093010840006173, 4754328.329411067999899 ], [ 8297027.933467781171203, 4754287.677132035605609 ], [ 8297092.241201161406934, 4754270.36198341473937 ], [ 8297167.559098972007632, 4754288.151793067343533 ], [ 8297225.869439179077744, 4754305.882259083911777 ], [ 8297260.567119005136192, 4754346.910855601541698 ], [ 8297300.740596923977137, 4754411.336947685107589 ], [ 8297288.858178026974201, 4754481.430485175922513 ], [ 8297253.614664826542139, 4754568.979501652531326 ] ], [ [ 8300544.603354323655367, 4757927.832675416953862 ], [ 8300644.792581100948155, 4758443.639339689165354 ], [ 8300745.494721199385822, 4758830.634557948447764 ], [ 8300742.792371411807835, 4759103.819941341876984 ], [ 8300714.976132502779365, 4759156.174849785864353 ], [ 8300659.473865816369653, 4759186.783587753772736 ], [ 8300622.644569374620914, 4759171.168284338898957 ], [ 8300573.594705440104008, 4759115.355335501953959 ], [ 8300488.945511006750166, 4758855.164853783324361 ], [ 8300337.569671928882599, 4758287.555117888376117 ], [ 8300186.210263703949749, 4757719.974801897071302 ], [ 8300034.20496326778084, 4757358.52987795509398 ], [ 8299907.273460231721401, 4757074.50878510158509 ], [ 8299652.064828001894057, 4756764.102750896476209 ], [ 8299499.366653396748006, 4756505.728496014140546 ], [ 8299346.4087950065732, 4756324.640650729648769 ], [ 8299347.292899970896542, 4756144.316157286986709 ], [ 8299526.898791358806193, 4756145.2025709701702 ], [ 8299629.293759961612523, 4756171.468108917586505 ], [ 8299910.547270776703954, 4756353.176758280023932 ], [ 8300293.54184683971107, 4756792.996818412095308 ], [ 8300369.160227896645665, 4757076.756684177555144 ], [ 8300394.202246401458979, 4757205.695562233217061 ], [ 8300444.164983751252294, 4757489.342215931974351 ], [ 8300544.603354323655367, 4757927.832675416953862 ] ] ], [ [ [ 8304256.095373760908842, 4749040.591579680331051 ], [ 8304255.984051018022001, 4749040.591578878462315 ], [ 8304255.98018154874444, 4749040.689773527905345 ], [ 8304256.095373760908842, 4749040.591579680331051 ] ] ], [ [ [ 8289158.863454640842974, 4755041.324245102703571 ], [ 8289158.752131897956133, 4755041.324244292452931 ], [ 8289158.778602711856365, 4755041.353066435083747 ], [ 8289158.863454640842974, 4755041.324245102703571 ] ] ], [ [ [ 8287588.73634469974786, 4755549.964558308012784 ], [ 8287588.625021958723664, 4755549.964557499624789 ], [ 8287588.634288048371673, 4755549.996450717560947 ], [ 8287588.73634469974786, 4755549.964558308012784 ] ] ], [ [ [ 8310788.498945505358279, 4756541.804510122165084 ], [ 8310788.61026825197041, 4756541.804510924033821 ], [ 8310788.612601133063436, 4756541.775957298465073 ], [ 8310788.498945505358279, 4756541.804510122165084 ] ] ], [ [ [ 8273752.11337064485997, 4757888.363242110237479 ], [ 8273752.002047903835773, 4757888.363241297192872 ], [ 8273752.021740056574345, 4757888.383344268426299 ], [ 8273752.11337064485997, 4757888.363242110237479 ] ] ], [ [ [ 8266884.080775942653418, 4759103.466452260501683 ], [ 8266884.093360760249197, 4759103.486808946356177 ], [ 8266884.192098682746291, 4759103.466453077271581 ], [ 8266884.080775942653418, 4759103.466452260501683 ] ] ], [ [ [ 8292101.847623533569276, 4760812.865408113226295 ], [ 8292101.737216489389539, 4760812.85323019977659 ], [ 8292101.73630078881979, 4760812.865407302975655 ], [ 8292101.847623533569276, 4760812.865408113226295 ] ] ] ] } },
{ "type": "Feature", "properties": { "layer": "LDLYAAE002" }, "geometry": { "type": "MultiPolygon", "coordinates": [ [ [ [ 8260716.789791856892407, 4760575.183979988098145 ], [ 8261776.078062481246889, 4760286.038448489271104 ], [ 8262937.166958376765251, 4760002.999952951446176 ], [ 8263650.273775541223586, 4759856.538461037911475 ], [ 8264813.354706504382193, 4759553.013150240294635 ], [ 8265525.862997680902481, 4759334.858846361748874 ], [ 8266166.062724448740482, 4759245.738754644058645 ], [ 8266454.27128969412297, 4759192.099575630389154 ], [ 8266884.192098682746291, 4759103.466453077271581 ], [ 8266884.080775942653418, 4759103.466452260501683 ], [ 8266843.694855319336057, 4758996.147486563771963 ], [ 8266830.687745907343924, 4758858.896514307707548 ], [ 8266839.577523503452539, 4758685.617422671057284 ], [ 8266898.940132203511894, 4758490.853894600644708 ], [ 8266972.233274077996612, 4758339.467302292585373 ], [ 8267052.774958765134215, 4758180.886635857634246 ], [ 8267111.704252555966377, 4758029.454056452959776 ], [ 8267127.412712858058512, 4757892.315556824207306 ], [ 8267113.622038934379816, 4757834.502886387519538 ], [ 8267078.008878152817488, 4757805.497786362655461 ], [ 8266984.74748476408422, 4757797.954647161997855 ], [ 8266905.275267954915762, 4757848.22270823828876 ], [ 8266810.944907141849399, 4757948.983632613904774 ], [ 8266730.544159810058773, 4758093.117510399781168 ], [ 8266656.749832478351891, 4758295.043119344860315 ], [ 8266597.098064846359193, 4758518.685010538436472 ], [ 8266566.021051907911897, 4758756.874020801857114 ], [ 8266557.055135465227067, 4758937.374896585009992 ], [ 8266520.725033069960773, 4758980.575734327547252 ], [ 8266420.273008948192, 4758973.001046339981258 ], [ 8266306.176510523073375, 4758893.163517596200109 ], [ 8266000.876051531173289, 4758545.46247461438179 ], [ 8265851.967518529854715, 4758357.184496445581317 ], [ 8265767.393546084873378, 4758198.021882481873035 ], [ 8265690.14580106921494, 4758024.446194248273969 ], [ 8265648.653759272769094, 4757865.442408489994705 ], [ 8265592.804545742459595, 4757706.389698977582157 ], [ 8265515.130521213635802, 4757576.141698509454727 ], [ 8265451.383672775700688, 4757489.266781935468316 ], [ 8265336.950395964086056, 4757445.53039650991559 ], [ 8265221.649430396966636, 4757488.433408208191395 ], [ 8265176.909212761558592, 4757654.33926643896848 ], [ 8265167.919433559291065, 4757834.819094791077077 ], [ 8265152.54671810939908, 4757935.8516631340608 ], [ 8265123.611393052153289, 4757957.407968361862004 ], [ 8265051.961046040058136, 4757942.705135017633438 ], [ 8264944.921508151106536, 4757877.327334431000054 ], [ 8264845.426054626703262, 4757775.874150366522372 ], [ 8264782.119860196486115, 4757645.672346137464046 ], [ 8264733.464391207322478, 4757486.644670340232551 ], [ 8264684.883437624201179, 4757320.399230358190835 ], [ 8264635.721610397100449, 4757211.915059097111225 ], [ 8264572.057402127422392, 4757117.818223858252168 ], [ 8264457.559379961341619, 4757081.293360135518014 ], [ 8264335.590910695493221, 4757073.619504554197192 ], [ 8264191.793753550387919, 4757094.742426037788391 ], [ 8264141.1027711937204, 4757137.87322535738349 ], [ 8264126.15982641838491, 4757195.5778639735654 ], [ 8264110.558158189989626, 4757318.262085100635886 ], [ 8264108.802071934565902, 4757491.54165047314018 ], [ 8264107.26585937757045, 4757643.16372758615762 ], [ 8264119.64916786365211, 4757838.163639470003545 ], [ 8264152.327989534474909, 4758155.996237876825035 ], [ 8264199.295830318704247, 4758481.112778639420867 ], [ 8264268.025716201402247, 4758784.65739440638572 ], [ 8264330.090724801644683, 4759037.63563037943095 ], [ 8264356.475495523773134, 4759268.822006748057902 ], [ 8264340.654191001318395, 4759413.195674913004041 ], [ 8264275.44452001247555, 4759470.725815070793033 ], [ 8264174.843095309101045, 4759477.571003455668688 ], [ 8264081.7882768092677, 4759448.335217238403857 ], [ 8263996.500640720129013, 4759361.354262821376324 ], [ 8263947.40984305460006, 4759245.623926660045981 ], [ 8263906.087384222075343, 4759072.151995286345482 ], [ 8263858.099568068049848, 4758848.108522744849324 ], [ 8263795.827457477338612, 4758616.794998427852988 ], [ 8263718.610618771053851, 4758443.197078208439052 ], [ 8263656.049999522045255, 4758240.774218338541687 ], [ 8263621.768805363215506, 4758081.786418926902115 ], [ 8263431.970577945001423, 4757683.930906058289111 ], [ 8263369.125364294275641, 4757510.401323794387281 ], [ 8263270.460829701274633, 4757329.516656008549035 ], [ 8263164.666999858804047, 4757112.50676195230335 ], [ 8263051.242888711392879, 4756938.790520518086851 ], [ 8262930.110516938380897, 4756822.804689650423825 ], [ 8262801.071815768256783, 4756786.205725895240903 ], [ 8262721.882874363102019, 4756800.337979269213974 ], [ 8262628.187991201877594, 4756828.852465488947928 ], [ 8262475.941528889350593, 4756972.655801710672677 ], [ 8262410.003724815323949, 4757109.577492408454418 ], [ 8262394.507483567111194, 4757232.258184839971364 ], [ 8262400.507664781063795, 4757362.244703289121389 ], [ 8262428.135980295017362, 4757485.097571942955256 ], [ 8262477.130258009769022, 4757629.696482445113361 ], [ 8262554.877020006068051, 4757774.409734269604087 ], [ 8262582.31082274671644, 4757918.927972172386944 ], [ 8262580.356335830874741, 4758113.878882057964802 ], [ 8262606.476360977627337, 4758366.710228714160621 ], [ 8262631.780686411075294, 4758698.977476488798857 ], [ 8262650.203256115317345, 4759002.342662368901074 ], [ 8262647.456894613802433, 4759269.526688030920923 ], [ 8262645.081212683580816, 4759500.610290159471333 ], [ 8262614.947875616140664, 4759637.70670881588012 ], [ 8262499.462089469656348, 4759695.030208312906325 ], [ 8262355.251821829937398, 4759752.239876288920641 ], [ 8262290.773860717192292, 4759737.542598065920174 ], [ 8262148.128174600191414, 4759643.09610787127167 ], [ 8261998.90264006331563, 4759490.848302377387881 ], [ 8261850.354635540395975, 4759273.60911852773279 ], [ 8261716.173246103338897, 4759056.429613686166704 ], [ 8261441.499681590124965, 4758470.412262548692524 ], [ 8261343.133838190697134, 4758224.505648571066558 ], [ 8261294.420027920044959, 4758051.010988289490342 ], [ 8261216.756457010284066, 4757899.064131722785532 ], [ 8261130.970887183211744, 4757848.173105808906257 ], [ 8260973.107863806188107, 4757818.650678073056042 ], [ 8260793.883768099360168, 4757767.37740137707442 ], [ 8260664.572094949893653, 4757759.628219825215638 ], [ 8260542.044423473998904, 4757795.228485372848809 ], [ 8260404.871164539828897, 4757859.649182491004467 ], [ 8260317.673033807426691, 4757960.37784290406853 ], [ 8260316.863480562344193, 4758047.022357174195349 ], [ 8260420.907975791953504, 4758451.818238410167396 ], [ 8260491.442950400523841, 4758596.52909018099308 ], [ 8260597.450742572546005, 4758791.935415897518396 ], [ 8260646.35760863404721, 4758943.78270442225039 ], [ 8260688.211600437760353, 4759081.160239150747657 ], [ 8260687.136239145882428, 4759196.69942597206682 ], [ 8260642.524084450677037, 4759355.390914739109576 ], [ 8260590.452445776201785, 4759542.941411507315934 ], [ 8260574.189991547726095, 4759745.085521197877824 ], [ 8260522.047348574735224, 4759939.864341946318746 ], [ 8260441.684952622279525, 4760076.753279063850641 ], [ 8260347.038895529694855, 4760199.139623463153839 ], [ 8260266.375997354276478, 4760357.69626125600189 ], [ 8260178.681798039004207, 4760501.780737590044737 ], [ 8260106.032013799063861, 4760580.926082839258015 ], [ 8260027.113482045009732, 4760573.375776460394263 ], [ 8259912.52362797409296, 4760536.785762679763138 ], [ 8259833.980062950402498, 4760478.678464720025659 ], [ 8259733.936427406035364, 4760413.258277321234345 ], [ 8259576.854194310493767, 4760297.0417510708794 ], [ 8259412.995158425532281, 4760137.462179074063897 ], [ 8259021.068648565560579, 4759767.476415730081499 ], [ 8258857.226963056251407, 4759607.89661199785769 ], [ 8258721.940010216087103, 4759470.104169968515635 ], [ 8258615.618100266903639, 4759310.771440637297928 ], [ 8258515.396108440123498, 4759144.110624364577234 ], [ 8258421.740766986273229, 4759013.553750798106194 ], [ 8258378.632672204636037, 4758941.077058535069227 ], [ 8258327.605093875899911, 4758933.544886364601552 ], [ 8258298.268949276767671, 4758947.808946103788912 ], [ 8258224.721235889010131, 4759005.131688139401376 ], [ 8258129.481413505971432, 4759040.65747909899801 ], [ 8257998.088914413936436, 4759039.853494529612362 ], [ 8257910.07827219273895, 4759082.643000902608037 ], [ 8257865.518082141876221, 4759161.806386777199805 ], [ 8257842.510090115480125, 4759277.211054763756692 ], [ 8257884.229886416345835, 4759494.119301278144121 ], [ 8257926.436241862364113, 4759660.481350214220583 ], [ 8257975.805666058324277, 4759841.333981344476342 ], [ 8258032.407843944616616, 4760029.456281415186822 ], [ 8258074.618759161792696, 4760195.826503013260663 ], [ 8258087.35229348577559, 4760390.908656449988484 ], [ 8258093.154180800542235, 4761270.506351862102747 ], [ 8259425.576276205480099, 4760923.533817277289927 ], [ 8260716.789791856892407, 4760575.183979988098145 ] ] ], [ [ [ 8258093.154371688142419, 4761270.535292732529342 ], [ 8258093.154180800542235, 4761270.506351862102747 ], [ 8258093.04304894991219, 4761270.535291912965477 ], [ 8258093.154371688142419, 4761270.535292732529342 ] ] ] ] } },
{ "type": "Feature", "properties": { "layer": "LDLYAAE002" }, "geometry": { "type": "MultiPolygon", "coordinates": [ [ [ [ 8191974.905139862559736, 4760161.692254844121635 ], [ 8191668.940914573147893, 4760239.147301270626485 ], [ 8191121.203351242467761, 4760416.439555700868368 ], [ 8191121.203351242467761, 4760416.439555700868368 ], [ 8191298.295188202522695, 4760464.393161702901125 ], [ 8191601.552887950092554, 4760486.959868778474629 ], [ 8191795.064753577113152, 4760471.015333944000304 ], [ 8191929.06829268950969, 4760431.12672365643084 ], [ 8192040.15718103107065, 4760386.301867106929421 ], [ 8192128.518274895846844, 4760318.025014964863658 ], [ 8192161.929792637936771, 4760249.01566251181066 ], [ 8192162.56311512272805, 4760202.724665387533605 ], [ 8192135.424777776934206, 4760174.584154756739736 ], [ 8191974.905139862559736, 4760161.692254844121635 ] ] ] ] } },
{ "type": "Feature", "properties": { "layer": "LDLYAAE002" }, "geometry": { "type": "MultiPolygon", "coordinates": [ [ [ [ 8304768.092189965769649, 4758087.742794604972005 ], [ 8304768.084482341073453, 4758087.778216509148479 ], [ 8304768.203512713313103, 4758087.742795410566032 ], [ 8304768.092189965769649, 4758087.742794604972005 ] ] ], [ [ [ 8303598.595237157307565, 4758460.798702476546168 ], [ 8303074.324104293249547, 4758606.301041966304183 ], [ 8302969.745736979879439, 4758673.998772506602108 ], [ 8302841.561276237480342, 4758764.120936645194888 ], [ 8302743.391189307905734, 4758869.408166978508234 ], [ 8302614.900414746254683, 4759034.933868710882962 ], [ 8302509.085111104883254, 4759170.362284813076258 ], [ 8302342.199945389293134, 4759531.84182557836175 ], [ 8302266.7894346723333, 4759584.41095279250294 ], [ 8302168.910273653455079, 4759614.291716598905623 ], [ 8302116.332788707688451, 4759599.05719262175262 ], [ 8302026.706647382117808, 4759447.97744108363986 ], [ 8301959.88706651609391, 4759236.639710316434503 ], [ 8301915.536517361178994, 4759047.99361408315599 ], [ 8301899.598301962949336, 4758921.364980731159449 ], [ 8301516.52475321572274, 4759019.465705896727741 ], [ 8300786.655924595892429, 4759194.457655366510153 ], [ 8300134.176027053035796, 4759313.614088981412351 ], [ 8300134.064704307354987, 4759313.614088174887002 ], [ 8300233.238084390759468, 4759496.317685290239751 ], [ 8300309.831607704982162, 4759608.185361151583493 ], [ 8300412.152134844101965, 4759711.545710996724665 ], [ 8300540.200203714892268, 4759806.397693208418787 ], [ 8300634.142091478221118, 4759866.795599711127579 ], [ 8300736.684142137877643, 4759918.632122661918402 ], [ 8300779.464071607217193, 4759927.349445200525224 ], [ 8300899.348882095888257, 4759927.712833377532661 ], [ 8300976.381785498932004, 4759936.533072872087359 ], [ 8301001.964018090628088, 4759962.372308544814587 ], [ 8301018.662304352037609, 4760065.471450123004615 ], [ 8301052.559206797741354, 4760151.448289686813951 ], [ 8301146.293532460927963, 4760263.368499537929893 ], [ 8301214.268557497300208, 4760392.387250067666173 ], [ 8301282.20999526232481, 4760529.994823439978063 ], [ 8301350.046531329862773, 4760693.367759033106267 ], [ 8301409.321829246357083, 4760856.716865185648203 ], [ 8301468.457417402416468, 4761054.421179539524019 ], [ 8301543.843317812308669, 4761303.293763588182628 ], [ 8301579.765829720534384, 4761354.095738377422094 ], [ 8301633.799663446843624, 4761375.965803207829595 ], [ 8301730.094723515212536, 4761370.215985609218478 ], [ 8301880.640069832094014, 4761340.489032601937652 ], [ 8302031.331217132508755, 4761274.557413967326283 ], [ 8302151.911912217736244, 4761214.570405586622655 ], [ 8302242.407537094317377, 4761154.495379413478076 ], [ 8302314.803265985101461, 4761106.434890735894442 ], [ 8302375.116356772370636, 4761070.406737489625812 ], [ 8302417.451487900689244, 4761016.22575973905623 ], [ 8302417.814354436472058, 4760925.862404978834093 ], [ 8302418.493882304057479, 4760756.785530158318579 ], [ 8302425.116242546588182, 4760605.968730214051902 ], [ 8302419.729840283282101, 4760449.086205856874585 ], [ 8302426.327747738920152, 4760304.306739784777164 ], [ 8302481.030908827669919, 4760165.700862418860197 ], [ 8302541.651834010146558, 4760051.245524362660944 ], [ 8302644.35949020460248, 4759942.944602571427822 ], [ 8302747.088956808671355, 4759828.610606245696545 ], [ 8302868.103600783273578, 4759654.000192777253687 ], [ 8302964.955342651344836, 4759503.454311707057059 ], [ 8303095.158664399757981, 4759285.135776706039906 ], [ 8303178.200981074012816, 4759202.420580623671412 ], [ 8303328.976311011239886, 4759104.812589046545327 ], [ 8303457.160807766020298, 4759014.681514360941947 ], [ 8303607.959946310147643, 4758909.530801032669842 ], [ 8303766.24605203513056, 4758811.940006359480321 ], [ 8303879.472450190223753, 4758699.143831125460565 ], [ 8304037.723381289280951, 4758609.090792762115598 ], [ 8304286.199759811162949, 4758519.279036670923233 ], [ 8304489.443059263750911, 4758459.50189995393157 ], [ 8304625.213926518335938, 4758346.761211145669222 ], [ 8304746.115626905113459, 4758188.740909366868436 ], [ 8304768.084482341073453, 4758087.778216509148479 ], [ 8304293.059243805706501, 4758229.137378980405629 ], [ 8303598.595237157307565, 4758460.798702476546168 ] ] ] ] } },
{ "type": "Feature", "properties": { "layer": "LDLYAAE002" }, "geometry": { "type": "MultiPolygon", "coordinates": [ [ [ [ 8192930.470792849548161, 4759923.243135504424572 ], [ 8193016.024450103752315, 4759904.960418003611267 ], [ 8193395.263634915463626, 4759892.064898956567049 ], [ 8193556.518203063867986, 4759880.884899629279971 ], [ 8193778.361719000153244, 4759883.590138971805573 ], [ 8193988.140378899872303, 4759899.755567754618824 ], [ 8193988.140378899872303, 4759899.755567754618824 ], [ 8193943.533915089443326, 4760013.808418383821845 ], [ 8193875.661167523823678, 4760101.664578032679856 ], [ 8193631.285028817132115, 4760164.559687110595405 ], [ 8193409.953327047638595, 4760161.129755952395499 ], [ 8193145.159947375766933, 4760090.345646462403238 ], [ 8192930.470792849548161, 4759923.243135504424572 ] ] ] ] } },
{ "type": "Feature", "properties": { "layer": "LDLYAAE002" }, "geometry": { "type": "MultiPolygon", "coordinates": [ [ [ [ 8316594.032852126285434, 4755402.004626348614693 ], [ 8316422.052102372050285, 4755456.620208150707185 ], [ 8316278.449558814056218, 4755508.891102779656649 ], [ 8316089.505335469730198, 4755643.737924318760633 ], [ 8315885.488999094814062, 4755770.977088545449078 ], [ 8315809.99284849409014, 4755793.253855907358229 ], [ 8315742.060380010865629, 4755808.025715693831444 ], [ 8315606.378728621639311, 4755769.724471895955503 ], [ 8315501.076700322329998, 4755656.176171968691051 ], [ 8315403.361884365789592, 4755527.586239973083138 ], [ 8315283.060885760001838, 4755383.818729616701603 ], [ 8315192.873878747224808, 4755262.802231878973544 ], [ 8315140.445807131007314, 4755126.882301515899599 ], [ 8315088.10227338783443, 4754960.813747578300536 ], [ 8315028.092288733460009, 4754839.938119857572019 ], [ 8314970.689173345454037, 4754778.033053126186132 ], [ 8314970.689173345454037, 4754778.033053126186132 ], [ 8314880.428761597722769, 4754809.244095160625875 ], [ 8313919.272232404910028, 4755287.612207123078406 ], [ 8313693.685525384731591, 4755404.883314299397171 ], [ 8313693.796848135069013, 4755404.88331509847194 ], [ 8313683.525754403322935, 4755504.585884590633214 ], [ 8313705.566264597699046, 4755708.219562790356576 ], [ 8313765.260180033743382, 4755934.648967808112502 ], [ 8313772.324291603639722, 4756100.528266274370253 ], [ 8313756.69182166364044, 4756288.919967518188059 ], [ 8313711.035135781392455, 4756424.402863967232406 ], [ 8313657.877092266455293, 4756544.774205765686929 ], [ 8313536.86411030869931, 4756649.749715277925134 ], [ 8313431.003412235528231, 4756732.179121344350278 ], [ 8313204.476517298258841, 4756798.958917993120849 ], [ 8312940.315092451870441, 4756835.398129836656153 ], [ 8312487.588754424825311, 4756855.84646769054234 ], [ 8312291.528355536982417, 4756824.744671182706952 ], [ 8312088.040079902857542, 4756755.907880967482924 ], [ 8311877.242198826745152, 4756611.642783264629543 ], [ 8311757.04861147236079, 4756445.201714942231774 ], [ 8311700.349959675222635, 4756322.070879853330553 ], [ 8311682.747798337601125, 4756283.844547905959189 ], [ 8311682.747798337601125, 4756283.844547905959189 ], [ 8310954.96283595636487, 4756499.98516062926501 ], [ 8310788.498945505358279, 4756541.804510122165084 ], [ 8310788.61026825197041, 4756541.804510924033821 ], [ 8310783.344621340744197, 4756606.251824218779802 ], [ 8310779.351738087832928, 4756648.637267503887415 ], [ 8310736.492039423435926, 4757103.597479389980435 ], [ 8310720.825409144163132, 4757284.46350240893662 ], [ 8310629.614168211817741, 4757495.113374622538686 ], [ 8310523.139626543037593, 4757758.468102166429162 ], [ 8310477.263262222521007, 4757946.7337411576882 ], [ 8310256.403491370379925, 4758578.993992024101317 ], [ 8310188.052773077972233, 4758714.376771613955498 ], [ 8310089.88679164275527, 4758842.358252664096653 ], [ 8309984.197618235833943, 4758970.323143360204995 ], [ 8309893.619238071143627, 4759075.699114178307354 ], [ 8309832.57063624355942, 4759254.290307979099452 ], [ 8309832.57063624355942, 4759254.290307979099452 ], [ 8309803.26647278945893, 4759340.014770042151213 ], [ 8309798.216926299966872, 4759418.119214167818427 ], [ 8309835.69974853657186, 4759472.450167655013502 ], [ 8310181.436465212143958, 4759523.409277644008398 ], [ 8310414.830332733690739, 4759482.984900212846696 ], [ 8310414.830332733690739, 4759482.984900212846696 ], [ 8310461.662996531464159, 4759474.872656626626849 ], [ 8310532.154247387312353, 4759408.90035384055227 ], [ 8310532.154247387312353, 4759408.90035384055227 ], [ 8310835.68605584744364, 4759124.814903532154858 ], [ 8311009.792868013493717, 4758952.244272254407406 ], [ 8311131.09727590624243, 4758771.871858721598983 ], [ 8311252.515908642672002, 4758553.800027270801365 ], [ 8311305.760582281276584, 4758418.337643885985017 ], [ 8311359.027324195019901, 4758275.336566836573184 ], [ 8311389.56250874325633, 4758162.385737587697804 ], [ 8311389.963238589465618, 4758034.207494692876935 ], [ 8311277.282337710261345, 4757875.314301922917366 ], [ 8311254.931312494911253, 4757784.726608839817345 ], [ 8311285.371614517644048, 4757701.939607697539032 ], [ 8311398.710434122011065, 4757649.72036993317306 ], [ 8311474.277127007953823, 4757612.393743029795587 ], [ 8311512.30659019947052, 4757514.565707217901945 ], [ 8311573.321500650607049, 4757303.759373975917697 ], [ 8311649.258713340386748, 4757145.805025225505233 ], [ 8311724.937149218283594, 4757070.782675771974027 ], [ 8311815.494073399342597, 4757063.685848989523947 ], [ 8311943.541467003524303, 4757132.163054850883782 ], [ 8312116.743105744943023, 4757238.555192363448441 ], [ 8312327.831689216196537, 4757292.352337113581598 ], [ 8312576.759370774030685, 4757308.630226783454418 ], [ 8312856.001417900435627, 4757279.810510306619108 ], [ 8313150.375597004778683, 4757235.975838137790561 ], [ 8313542.826761913485825, 4757192.595053187571466 ], [ 8313754.205652844160795, 4757148.352174630388618 ], [ 8314010.957768514752388, 4757066.620399669744074 ], [ 8314154.51815571077168, 4756991.8962945882231 ], [ 8314260.483031366020441, 4756871.762149388901889 ], [ 8314344.047523260116577, 4756668.595692128874362 ], [ 8314465.307823588140309, 4756473.145445857197046 ], [ 8314593.937628025189042, 4756338.040840252302587 ], [ 8314737.841532727703452, 4756135.159237767569721 ], [ 8314866.253679933957756, 4756075.439305725507438 ], [ 8315054.993442364037037, 4756023.53177790902555 ], [ 8315228.622876239009202, 4755979.090686534531415 ], [ 8315334.234370424412191, 4755979.569817698560655 ], [ 8315386.937042475678027, 4756017.50037890765816 ], [ 8315379.125720747746527, 4756115.465516703203321 ], [ 8315325.989106916822493, 4756235.842477677389979 ], [ 8315212.458085630089045, 4756371.023684694431722 ], [ 8315098.840887832455337, 4756536.360115827061236 ], [ 8315007.915303974412382, 4756679.184838903136551 ], [ 8314977.383080971427262, 4756807.208748429082334 ], [ 8314992.095715202391148, 4756942.979404786601663 ], [ 8315021.877097196877003, 4757086.360330570489168 ], [ 8315059.203508748672903, 4757229.777079245075583 ], [ 8315036.257007854990661, 4757342.763532009907067 ], [ 8314967.999299559742212, 4757470.623520909808576 ], [ 8314899.844802881591022, 4757560.787077959626913 ], [ 8314922.102303518913686, 4757696.602522358298302 ], [ 8315027.543835210613906, 4757764.941479322500527 ], [ 8315193.533921292982996, 4757765.696995622478426 ], [ 8315352.143958910368383, 4757706.098791113123298 ], [ 8315480.675277606584132, 4757608.664135448634624 ], [ 8315563.976152147166431, 4757495.945875035598874 ], [ 8315624.763495638035238, 4757337.890166768804193 ], [ 8315678.14670964051038, 4757127.028303423896432 ], [ 8315784.176118096336722, 4756976.719618373550475 ], [ 8315935.387689326889813, 4756856.770751230418682 ], [ 8316131.901140090078115, 4756721.944331652484834 ], [ 8316298.172776188701391, 4756609.598747459240258 ], [ 8316449.17482843156904, 4756565.033836802467704 ], [ 8316524.576497679576278, 4756580.444447713904083 ], [ 8316592.316139575093985, 4756641.054203607141972 ], [ 8316659.702868161723018, 4756837.364754806272686 ], [ 8316719.606637632474303, 4757011.028088494203985 ], [ 8316749.35395123437047, 4757177.022229391150177 ], [ 8316741.37819666415453, 4757342.853652199730277 ], [ 8316665.361771538853645, 4757561.165779629722238 ], [ 8316589.617436145432293, 4757673.927349776960909 ], [ 8316513.832093893550336, 4757801.768688419833779 ], [ 8316445.590201794169843, 4757929.644552382640541 ], [ 8316399.961942134425044, 4758065.161280226893723 ], [ 8316407.22944815736264, 4758170.753806633874774 ], [ 8316474.919590131379664, 4758253.993818674236536 ], [ 8316640.760744187049568, 4758315.046086521819234 ], [ 8316821.733863997273147, 4758361.08184321783483 ], [ 8317002.572593647055328, 4758459.895703916437924 ], [ 8317153.174575152806938, 4758581.196784412488341 ], [ 8317266.090227256529033, 4758687.25289345998317 ], [ 8317326.379266984760761, 4758717.676089026033878 ], [ 8317394.367362809367478, 4758687.808287986554205 ], [ 8317470.052905175834894, 4758597.650503831915557 ], [ 8317553.37766681984067, 4758469.824619935825467 ], [ 8317659.336732788942754, 4758342.09679012466222 ], [ 8317818.110652980394661, 4758214.595574889332056 ], [ 8317991.95236889179796, 4758094.697892878204584 ], [ 8318150.773868857882917, 4757944.57511078659445 ], [ 8318294.574388009496033, 4757764.229595835320652 ], [ 8318408.153427369892597, 4757598.836603201925755 ], [ 8318559.861957372166216, 4757418.154576667584479 ], [ 8318711.421711555682123, 4757282.743941970169544 ], [ 8318900.583502862602472, 4757192.734452215023339 ], [ 8319248.151811236515641, 4757163.577750692144036 ], [ 8319588.032876435667276, 4757172.127004284411669 ], [ 8320426.369371804408729, 4757204.740067365579307 ], [ 8320562.384013850241899, 4757190.029862162657082 ], [ 8320721.212076683528721, 4757130.093421236611903 ], [ 8320857.454217148013413, 4757047.447206564247608 ], [ 8320940.820273020304739, 4756964.6520661925897 ], [ 8320956.180408025160432, 4756889.215470512397587 ], [ 8320903.510097505524755, 4756828.684821167960763 ], [ 8320850.738842594437301, 4756798.345715180970728 ], [ 8320714.857423068024218, 4756775.320250720717013 ], [ 8320518.422354816459119, 4756789.860963803716004 ], [ 8320246.273694955743849, 4756857.016435542143881 ], [ 8319989.280436083674431, 4756909.112641908228397 ], [ 8319747.548176633194089, 4756915.959297643043101 ], [ 8319498.262244373559952, 4756922.778299605473876 ], [ 8319241.369926220737398, 4756944.664053295738995 ], [ 8318923.995504062622786, 4756981.458677775226533 ], [ 8318750.241320762783289, 4756988.484819925390184 ], [ 8318659.600989696569741, 4756988.211365822702646 ], [ 8318561.434435926377773, 4756980.366228028200567 ], [ 8318486.254131404682994, 4756882.014425633475184 ], [ 8318433.843525376170874, 4756753.541220733895898 ], [ 8318404.120644352398813, 4756617.590616026893258 ], [ 8318404.583719501271844, 4756489.281350362114608 ], [ 8318442.756644398905337, 4756376.18362789042294 ], [ 8318518.557023699395359, 4756300.938965171575546 ], [ 8318586.722278767265379, 4756248.313131636939943 ], [ 8318632.336532420478761, 4756165.429396183229983 ], [ 8318632.904837306588888, 4756006.937284543178976 ], [ 8318656.122135705314577, 4755746.73770531732589 ], [ 8318656.233458453789353, 4755746.737706117331982 ], [ 8318285.048687458969653, 4755729.404319024644792 ], [ 8317719.968058149330318, 4755687.135204560123384 ], [ 8317255.928085634484887, 4755604.62911478523165 ], [ 8316691.580450956709683, 4755440.730161723680794 ], [ 8316594.144174873828888, 4755402.004627148620784 ], [ 8316594.032852126285434, 4755402.004626348614693 ] ] ] ] } },
{ "type": "Feature", "properties": { "layer": "LDLYAAE002" }, "geometry": { "type": "MultiPolygon", "coordinates": [ [ [ [ 8307517.098582145757973, 4757358.810589075088501 ], [ 8307517.10245094075799, 4757358.837083995342255 ], [ 8307517.20990489423275, 4757358.810589878819883 ], [ 8307517.098582145757973, 4757358.810589075088501 ] ] ], [ [ [ 8306611.95817996095866, 4757581.986744616180658 ], [ 8306657.647983311675489, 4757703.523613245226443 ], [ 8306747.436297683976591, 4757824.377804788760841 ], [ 8306837.145503726787865, 4757967.851784088648856 ], [ 8306874.145703011192381, 4758133.818913451395929 ], [ 8306873.336868303827941, 4758360.017476165667176 ], [ 8306917.480816065333784, 4758631.571657699532807 ], [ 8307103.743957779370248, 4759114.612501408904791 ], [ 8307185.950265843421221, 4759258.083527457900345 ], [ 8307239.67423224914819, 4759317.88765418715775 ], [ 8307307.128975221887231, 4759359.104617772623897 ], [ 8307384.37132490798831, 4759391.048050751909614 ], [ 8307419.314836333505809, 4759405.49864814337343 ], [ 8307533.95054985024035, 4759422.899829148314893 ], [ 8307652.958098719827831, 4759420.442112632095814 ], [ 8307739.654269558377564, 4759403.10319266282022 ], [ 8307925.214126979932189, 4759279.998911987990141 ], [ 8307946.277992336079478, 4759156.221545645967126 ], [ 8307926.928666123189032, 4758974.652091531082988 ], [ 8307905.261058659292758, 4758913.637049643322825 ], [ 8307864.28623534925282, 4758807.25285220798105 ], [ 8307774.554720109328628, 4758663.776109917089343 ], [ 8307692.450398430228233, 4758490.157515344209969 ], [ 8307655.62028731033206, 4758271.407482028007507 ], [ 8307656.279680904000998, 4758082.909825411625206 ], [ 8307626.680000239051878, 4757947.123044278472662 ], [ 8307604.678856787271798, 4757788.736549368128181 ], [ 8307575.107021011412144, 4757645.414154014550149 ], [ 8307538.018020044080913, 4757502.075622976757586 ], [ 8307517.10245094075799, 4757358.837083995342255 ], [ 8306612.069502709433436, 4757581.986745418980718 ], [ 8306611.95817996095866, 4757581.986744616180658 ] ] ] ] } },
{ "type": "Feature", "properties": { "layer": "LDLYAAE002" }, "geometry": { "type": "MultiPolygon", "coordinates": [ [ [ [ 8268352.074820340611041, 4758849.395387534983456 ], [ 8267791.513860614039004, 4758949.758486838079989 ], [ 8267447.511485366150737, 4759003.183942734263837 ], [ 8267324.826267908327281, 4759022.191861733794212 ], [ 8267324.826267908327281, 4759022.191861733794212 ], [ 8267360.88772083260119, 4758976.269860295578837 ], [ 8267527.095067723654211, 4758868.517939195968211 ], [ 8267728.988037520088255, 4758782.54927044454962 ], [ 8267951.642770253121853, 4758776.080661379732192 ], [ 8268152.405255720019341, 4758805.640007521025836 ], [ 8268352.074820340611041, 4758849.395387534983456 ] ] ] ] } },
{ "type": "Feature", "properties": { "layer": "LDLYAAE002" }, "geometry": { "type": "MultiPolygon", "coordinates": [ [ [ [ 8270107.489488335326314, 4758508.950474088080227 ], [ 8271808.437933848239481, 4758300.309146782383323 ], [ 8272560.286643604747951, 4758149.530572384595871 ], [ 8272560.286643604747951, 4758149.530572384595871 ], [ 8272338.247062386013567, 4758070.266590436920524 ], [ 8272115.885738386772573, 4758047.295409764163196 ], [ 8271728.059870382770896, 4758059.443955192342401 ], [ 8271440.540280785411596, 4758094.009065505117178 ], [ 8271145.900697770528495, 4758121.997936165891588 ], [ 8271016.597884891554713, 4758128.823664064519107 ], [ 8270779.394330081529915, 4758156.977347496896982 ], [ 8270492.205332680605352, 4758156.086846308782697 ], [ 8270305.876488460227847, 4758119.400428079068661 ], [ 8270177.537231299094856, 4758025.12756619323045 ], [ 8269865.570447877980769, 4757612.567607770673931 ], [ 8269723.782087026163936, 4757424.386148652993143 ], [ 8269595.80302058160305, 4757294.012268850579858 ], [ 8269410.881122732535005, 4757112.914382627233863 ], [ 8269240.114638860337436, 4756953.521908858790994 ], [ 8269076.393207906745374, 4756808.591997391544282 ], [ 8268948.012425228022039, 4756721.535209586843848 ], [ 8268798.237057314254344, 4756619.968065721914172 ], [ 8268641.286458782851696, 4756518.375979408621788 ], [ 8268491.447566802613437, 4756424.025484807789326 ], [ 8268327.464842948131263, 4756307.968224348500371 ], [ 8268199.447751791216433, 4756184.810150665231049 ], [ 8268057.077288762666285, 4756061.603956553153694 ], [ 8267914.71029756590724, 4755938.397273385897279 ], [ 8267772.064913295209408, 4755844.065862471237779 ], [ 8267672.207520206458867, 4755778.755007177591324 ], [ 8267550.181518657132983, 4755778.340321959927678 ], [ 8267442.15746773313731, 4755814.067691591568291 ], [ 8267377.059686644934118, 4755864.379145966842771 ], [ 8267325.963269369676709, 4755950.834925856441259 ], [ 8267303.36579189542681, 4756059.046583590097725 ], [ 8267351.984104439616203, 4756225.259259911254048 ], [ 8267429.317864918150008, 4756391.572647086344659 ], [ 8267542.759013421833515, 4756536.35207746271044 ], [ 8267671.196037280373275, 4756616.205501944757998 ], [ 8267835.810612610541284, 4756667.301192538812757 ], [ 8267972.063732824288309, 4756682.199982442893088 ], [ 8268186.931681187823415, 4756733.459191620349884 ], [ 8268565.792782112024724, 4756900.775979404337704 ], [ 8268708.530612573027611, 4756987.8862957758829 ], [ 8268879.707371543161571, 4757103.968846823088825 ], [ 8269029.420762123540044, 4757212.759702716954052 ], [ 8269214.963347418233752, 4757328.886158842593431 ], [ 8269414.799374955706298, 4757452.276871766895056 ], [ 8269600.004878887906671, 4757604.49985109642148 ], [ 8269727.711152943782508, 4757763.759004254825413 ], [ 8269840.993247542530298, 4757930.193778097629547 ], [ 8269940.057543666101992, 4758082.143685794435441 ], [ 8270024.696616929955781, 4758241.269783744588494 ], [ 8270080.756672836840153, 4758385.865625541657209 ], [ 8270107.37816559523344, 4758508.950473273172975 ], [ 8270107.489488335326314, 4758508.950474088080227 ] ] ] ] } },
{ "type": "Feature", "properties": { "layer": "LDLYAAE002" }, "geometry": { "type": "MultiPolygon", "coordinates": [ [ [ [ 8304768.203512713313103, 4758087.742795410566032 ], [ 8304293.059243805706501, 4758229.137378980405629 ], [ 8303598.595237157307565, 4758460.798702476546168 ], [ 8303074.324104293249547, 4758606.301041966304183 ], [ 8303074.324104293249547, 4758606.301041966304183 ], [ 8303120.515146898105741, 4758576.399251180700958 ], [ 8303216.645749815739691, 4758501.237869519740343 ], [ 8303277.98772625811398, 4758447.8410763759166 ], [ 8303354.586214767768979, 4758398.347467082552612 ], [ 8303431.045964205637574, 4758379.525091421790421 ], [ 8303576.275861046276987, 4758353.345427102409303 ], [ 8303683.232759464532137, 4758346.160528174601495 ], [ 8303775.638606964610517, 4758329.390052443370223 ], [ 8303927.917253545485437, 4758282.084718597121537 ], [ 8304092.322462716139853, 4758236.814325137063861 ], [ 8304272.577787147834897, 4758149.778988538309932 ], [ 8304363.379252675920725, 4757999.225156822241843 ], [ 8304416.556581224314868, 4757856.111854908056557 ], [ 8304432.514299860224128, 4757614.886172655038536 ], [ 8304455.960778769105673, 4757381.226029522716999 ], [ 8304464.427661224268377, 4757132.452473364770412 ], [ 8304442.333865386433899, 4757011.767066737636924 ], [ 8304382.738097666762769, 4756868.365880417637527 ], [ 8304285.382227382622659, 4756770.098367605358362 ], [ 8304150.440193302929401, 4756671.729550380259752 ], [ 8304007.866682536900043, 4756603.494128368794918 ], [ 8303842.596629371866584, 4756572.888721629977226 ], [ 8303707.250984401442111, 4756580.056907909922302 ], [ 8303609.287721536122262, 4756640.098188541829586 ], [ 8303586.32325201202184, 4756745.578819536603987 ], [ 8303593.370639542117715, 4756866.221182811073959 ], [ 8303607.847968613728881, 4757009.502930070273578 ], [ 8303614.895775347016752, 4757130.148401477374136 ], [ 8303591.900937056168914, 4757243.173480859026313 ], [ 8303568.670224572531879, 4757416.513693828135729 ], [ 8303522.971961575560272, 4757567.176645060069859 ], [ 8303477.419815421104431, 4757680.143674924969673 ], [ 8303417.125073040835559, 4757717.674460414797068 ], [ 8303244.201783725991845, 4757717.193454200401902 ], [ 8303184.202807549387217, 4757679.327646673657 ], [ 8303079.392214169725776, 4757565.940729862079024 ], [ 8303042.039382179267704, 4757505.520118190906942 ], [ 8303012.503334843553603, 4757369.727523673325777 ], [ 8303013.189281635917723, 4757196.325758305378258 ], [ 8303021.333383300341666, 4757038.02617946267128 ], [ 8303051.971319623291492, 4756894.870281172916293 ], [ 8303097.583896505646408, 4756766.836147296242416 ], [ 8303158.171400181949139, 4756653.923005034215748 ], [ 8303218.846526370383799, 4756518.394512791186571 ], [ 8303324.476414973847568, 4756420.686040142551064 ], [ 8303444.962148510850966, 4756368.25031709857285 ], [ 8303542.776863222941756, 4756345.905092707835138 ], [ 8303685.812442698515952, 4756293.528691341169178 ], [ 8303813.695419249124825, 4756271.263431128114462 ], [ 8303986.623400324955583, 4756264.196381360292435 ], [ 8304189.504676372744143, 4756287.361081894487143 ], [ 8304407.392736378125846, 4756318.100618966855109 ], [ 8304602.787520010955632, 4756333.698626066558063 ], [ 8304783.033862501382828, 4756379.407251948490739 ], [ 8304955.65099984779954, 4756455.247728008776903 ], [ 8305090.626215307973325, 4756546.065114410594106 ], [ 8305165.491357178427279, 4756629.186607340350747 ], [ 8305217.776525386609137, 4756719.788493816740811 ], [ 8305217.438449540175498, 4756810.254695409908891 ], [ 8305194.574889663606882, 4756893.124093308113515 ], [ 8305141.72433603182435, 4756953.298769458197057 ], [ 8305051.283476007170975, 4757013.37588151358068 ], [ 8304983.367242482490838, 4757081.050143920816481 ], [ 8304937.862174512818456, 4757186.479513986036181 ], [ 8304900.016145912930369, 4757254.233395979739726 ], [ 8304838.077909935265779, 4757729.05590826459229 ], [ 8304792.02668796852231, 4757977.745420779101551 ], [ 8304768.092189965769649, 4758087.742794604972005 ], [ 8304768.203512713313103, 4758087.742795410566032 ] ] ] ] } },
{ "type": "Feature", "properties": { "layer": "LDLYAAE002" }, "geometry": { "type": "MultiPolygon", "coordinates": [ [ [ [ 8273752.11337064485997, 4757888.363242110237479 ], [ 8273538.621176132932305, 4757935.199825620278716 ], [ 8273288.324107949621975, 4757981.350046653300524 ], [ 8273288.324107949621975, 4757981.350046653300524 ], [ 8273216.744085066951811, 4757793.773312578909099 ], [ 8273104.278326850384474, 4757533.178480467759073 ], [ 8273027.846757798455656, 4757258.357618980109692 ], [ 8272981.537193955853581, 4756832.095613840967417 ], [ 8272848.958029105328023, 4756419.78918529022485 ], [ 8272778.982795674353838, 4756224.449910318478942 ], [ 8272701.363115509040654, 4756079.605521533638239 ], [ 8272644.743176433257759, 4755992.640969028696418 ], [ 8272630.990683966316283, 4755927.585711320862174 ], [ 8272645.950332430191338, 4755862.698276027105749 ], [ 8272739.73206187877804, 4755812.709813048131764 ], [ 8272912.268345172517002, 4755784.836951784789562 ], [ 8273005.447141564451158, 4755799.816574359312654 ], [ 8273040.935680348426104, 4755843.338775729760528 ], [ 8273068.913061425089836, 4755922.914223108440638 ], [ 8273081.667480368167162, 4756096.256044813431799 ], [ 8273108.177898320369422, 4756334.657639612443745 ], [ 8273135.223367428407073, 4756515.308858047239482 ], [ 8273169.514664052985609, 4756688.785061927512288 ], [ 8273232.1220832047984, 4756905.74868178833276 ], [ 8273294.665270589292049, 4757129.936251259408891 ], [ 8273350.498336012475193, 4757303.546759562566876 ], [ 8273435.248902950435877, 4757455.665352594107389 ], [ 8273555.565718454308808, 4757644.093001509085298 ], [ 8273697.424875575117767, 4757832.646032705903053 ], [ 8273752.002047903835773, 4757888.363241297192872 ], [ 8273752.11337064485997, 4757888.363242110237479 ] ] ] ] } },
{ "type": "Feature", "properties": { "layer": "LDLYAAE002" }, "geometry": { "type": "MultiPolygon", "coordinates": [ [ [ [ 8274087.155514770187438, 4757816.702608590945601 ], [ 8274542.327936551533639, 4757725.734523153863847 ], [ 8275938.143143927678466, 4757473.20857756678015 ], [ 8276546.528509439900517, 4757409.989375124685466 ], [ 8277808.840762899257243, 4757240.382753194309771 ], [ 8278124.172843035310507, 4757209.871519159525633 ], [ 8278124.172843035310507, 4757209.871519159525633 ], [ 8278128.169483224861324, 4757140.036174307577312 ], [ 8278121.806311031803489, 4757031.359327908605337 ], [ 8278107.871430010534823, 4756973.311940248124301 ], [ 8278057.782516974024475, 4756943.932966277934611 ], [ 8278014.495670939795673, 4756965.300739924423397 ], [ 8277948.987477548420429, 4757073.383753839880228 ], [ 8277890.829887043684721, 4757159.803108558990061 ], [ 8277847.59715788718313, 4757173.929381115362048 ], [ 8277797.452604445628822, 4757151.789403098635375 ], [ 8277754.771441877819598, 4757093.50307132024318 ], [ 8277712.477225637994707, 4756984.529189568012953 ], [ 8277627.172667875885963, 4756860.716573748737574 ], [ 8277549.057411207817495, 4756736.964615977369249 ], [ 8277471.110042770393193, 4756591.491144789382815 ], [ 8277364.251915751025081, 4756467.502364615909755 ], [ 8277242.912510570138693, 4756357.875438631512225 ], [ 8277114.552353071048856, 4756255.993065100163221 ], [ 8276986.047718676738441, 4756175.882853533141315 ], [ 8276828.512240351177752, 4756131.712067949585617 ], [ 8276656.108359352685511, 4756145.214779770001769 ], [ 8276583.812786160036922, 4756202.578408660367131 ], [ 8276568.685514687560499, 4756289.131906713359058 ], [ 8276589.063898932188749, 4756419.198419431224465 ], [ 8276637.899631728418171, 4756578.300958986394107 ], [ 8276650.972515745088458, 4756722.771198395639658 ], [ 8276628.858773024752736, 4756787.631250940263271 ], [ 8276578.480155155062675, 4756801.796842168085277 ], [ 8276506.95108627807349, 4756772.526657367125154 ], [ 8276457.215562704019248, 4756714.495213121175766 ], [ 8276379.861595352180302, 4756533.574034328572452 ], [ 8276295.331659537740052, 4756352.616173450835049 ], [ 8276167.994100091978908, 4756142.547921273857355 ], [ 8276090.843194702640176, 4755939.977387745864689 ], [ 8276076.546714713796973, 4755895.564559688791633 ], [ 8276076.546714713796973, 4755895.564559688791633 ], [ 8276027.986324914731085, 4755744.708421786315739 ], [ 8276022.618257433176041, 4755542.540117608383298 ], [ 8276031.217940263450146, 4755383.767064235173166 ], [ 8276032.704314435832202, 4755217.738259694539011 ], [ 8276070.852670468389988, 4754965.288089624606073 ], [ 8276079.450686623342335, 4754806.523958124220371 ], [ 8276059.404906153678894, 4754640.386133059859276 ], [ 8276017.634907579049468, 4754495.786757943220437 ], [ 8275968.947843935340643, 4754322.278035742230713 ], [ 8275912.697777689434588, 4754192.03932361677289 ], [ 8275827.677429651841521, 4754068.861706461757421 ], [ 8275713.758134355768561, 4753967.178873279131949 ], [ 8275592.405391186475754, 4753894.3267094315961 ], [ 8275520.834785158745944, 4753872.275523195043206 ], [ 8275470.468902627937496, 4753886.43197482265532 ], [ 8275462.772316580638289, 4753944.133378092199564 ], [ 8275469.298827315680683, 4754016.350257489830256 ], [ 8275483.132081438787282, 4754074.17172390781343 ], [ 8275525.347472725436091, 4754168.242355760186911 ], [ 8275588.834516264498234, 4754291.30463410820812 ], [ 8275680.965968997217715, 4754421.74483038764447 ], [ 8275780.211503376252949, 4754559.443783880211413 ], [ 8275836.332770314998925, 4754704.124289941042662 ], [ 8275849.392075197771192, 4754848.568893766030669 ], [ 8275841.178612900897861, 4754964.023142064921558 ], [ 8275818.286408703774214, 4755115.491870161145926 ], [ 8275773.407404372468591, 4755317.374112696386874 ], [ 8275750.319014457985759, 4755490.504266366362572 ], [ 8275741.58525859285146, 4755663.716403046622872 ], [ 8275739.899288508109748, 4755851.409485505893826 ], [ 8275760.071867862716317, 4756003.129419439472258 ], [ 8275836.957389349117875, 4756234.580703821033239 ], [ 8276140.326163057237864, 4756828.280289663001895 ], [ 8276211.080327888950706, 4756944.190800623968244 ], [ 8276224.792737636715174, 4757016.467888371087611 ], [ 8276217.162334702908993, 4757066.967563909478486 ], [ 8276159.796376962214708, 4757059.432603591121733 ], [ 8276116.917328876443207, 4757037.536240719258785 ], [ 8276060.392030566930771, 4756936.142863294109702 ], [ 8275968.297753762453794, 4756798.453873511403799 ], [ 8275861.654971824027598, 4756682.345551826991141 ], [ 8275776.679755509831011, 4756551.917569944635034 ], [ 8275684.20348752848804, 4756457.547681343741715 ], [ 8275584.615783035755157, 4756355.919139480218291 ], [ 8275492.403607682324946, 4756232.672256523743272 ], [ 8275414.809828234836459, 4756080.629301930777729 ], [ 8275344.526892052963376, 4755914.189642645418644 ], [ 8275281.098306023515761, 4755783.887394116260111 ], [ 8275217.41007843054831, 4755682.461526231840253 ], [ 8275167.883195174857974, 4755602.77342112082988 ], [ 8275104.132314927875996, 4755508.567888075485826 ], [ 8275033.400763087905943, 4755392.666133156977594 ], [ 8274941.269343173131347, 4755262.207585300318897 ], [ 8274870.541356140747666, 4755146.307844264432788 ], [ 8274792.637873917818069, 4755030.368561549112201 ], [ 8274714.801671215333045, 4754907.211535230278969 ], [ 8274629.724216635338962, 4754791.233304639346898 ], [ 8274515.612452551722527, 4754711.184383601881564 ], [ 8274415.592967450618744, 4754660.088601000607014 ], [ 8274358.242404154501855, 4754652.545296118594706 ], [ 8274336.645173970609903, 4754659.641174453310668 ], [ 8274329.336465558968484, 4754674.037063820287585 ], [ 8274343.032517689280212, 4754746.300461644306779 ], [ 8274399.46280125528574, 4754854.8995295856148 ], [ 8274463.137340934947133, 4754956.322209304198623 ], [ 8274562.10920683760196, 4755122.914092617109418 ], [ 8274639.617041520774364, 4755282.167877399362624 ], [ 8274958.682132105343044, 4755717.110288293100893 ], [ 8275198.814681032672524, 4756151.62087928596884 ], [ 8275297.419237376190722, 4756361.541608103550971 ], [ 8275353.087147829122841, 4756556.786839885637164 ], [ 8275379.782326676882803, 4756780.754499889910221 ], [ 8275378.480231541208923, 4756925.149089526385069 ], [ 8275320.464113907888532, 4756989.807455869391561 ], [ 8275162.270788995549083, 4757017.805128123611212 ], [ 8275083.500638972967863, 4756995.70402339566499 ], [ 8275033.902880599722266, 4756923.224518463015556 ], [ 8275006.038281813263893, 4756829.206860993988812 ], [ 8274985.483178561553359, 4756720.791056476533413 ], [ 8274936.541786044836044, 4756576.117515845224261 ], [ 8274887.602092361077666, 4756431.446129249408841 ], [ 8274859.870676165446639, 4756322.993983848020434 ], [ 8274747.18184965569526, 4756084.112072672694921 ], [ 8274691.46262722928077, 4755896.091853549703956 ], [ 8274635.679870560765266, 4755715.293529822491109 ], [ 8274558.365727160125971, 4755534.376476417295635 ], [ 8274467.027758112177253, 4755317.287946936674416 ], [ 8274367.990173121914268, 4755157.910272393375635 ], [ 8274297.203708307817578, 4755049.226001582108438 ], [ 8274219.307575522921979, 4754933.28345612436533 ], [ 8274148.392127951607108, 4754839.037386246956885 ], [ 8274055.418909255415201, 4754802.414670519530773 ], [ 8273983.580964230000973, 4754809.223743433132768 ], [ 8273940.319559315219522, 4754830.633106532506645 ], [ 8273917.928504245355725, 4754924.34822700265795 ], [ 8273923.91535537969321, 4755054.319994743913412 ], [ 8273965.327043107710779, 4755235.028440319001675 ], [ 8273985.141392883844674, 4755422.8358891941607 ], [ 8273976.179084387607872, 4755617.701551573351026 ], [ 8273959.443928180262446, 4755877.501099469140172 ], [ 8273956.732973333448172, 4756173.485291643068194 ], [ 8273954.088151546195149, 4756462.258827212266624 ], [ 8273979.826730470173061, 4756787.302431898191571 ], [ 8274042.18779112957418, 4757033.142475061118603 ], [ 8274097.768983908928931, 4757235.627396599389613 ], [ 8274096.910642602480948, 4757329.487331037409604 ], [ 8274038.686011950485408, 4757415.801104064099491 ], [ 8274022.94014345575124, 4757567.342718839645386 ], [ 8274071.608735356479883, 4757740.915859407745302 ], [ 8274087.044192029163241, 4757816.702607776969671 ], [ 8274087.155514770187438, 4757816.702608590945601 ] ] ] ] } },
{ "type": "Feature", "properties": { "layer": "LDLYAAE002" }, "geometry": { "type": "MultiPolygon", "coordinates": [ [ [ [ 8287588.73634469974786, 4755549.964558308012784 ], [ 8287187.495726759545505, 4755675.351866485551 ], [ 8285671.363554952666163, 4756113.231124472804368 ], [ 8285295.967534103430808, 4756203.35220711492002 ], [ 8284921.616950620897114, 4756334.153233169578016 ], [ 8284463.411019148305058, 4756457.394371596165001 ], [ 8284103.140078495256603, 4756549.705003797076643 ], [ 8283876.186728067696095, 4756622.358395116403699 ], [ 8283463.915653003379703, 4756725.328718573786318 ], [ 8282627.937112558633089, 4756842.551371306180954 ], [ 8281747.389266569167376, 4756990.986462296918035 ], [ 8281454.07539027184248, 4757054.79768614564091 ], [ 8281210.418216099962592, 4757102.34964160900563 ], [ 8281038.615104190073907, 4757122.669095834717155 ], [ 8280883.699925128370523, 4757131.939134026877582 ], [ 8280225.593374166637659, 4757129.086105489172041 ], [ 8279667.327244298532605, 4757116.222099744714797 ], [ 8279273.281014899723232, 4757122.921567059122026 ], [ 8278882.563146016560495, 4757152.298826092854142 ], [ 8278566.64787972252816, 4757175.740984765812755 ], [ 8278566.64787972252816, 4757175.740984765812755 ], [ 8278516.928802846930921, 4757056.331902891397476 ], [ 8278438.637185966596007, 4756954.307554966770113 ], [ 8278353.050422111526132, 4756866.706683770753443 ], [ 8278231.475967503152788, 4756786.051331346854568 ], [ 8278074.024570931680501, 4756697.857931333594024 ], [ 8277995.575004720129073, 4756617.556245262734592 ], [ 8277967.488048139959574, 4756530.429184019565582 ], [ 8277996.619758560322225, 4756479.981147232465446 ], [ 8278083.024177829734981, 4756458.970043431967497 ], [ 8278176.614942186512053, 4756438.017638347111642 ], [ 8278227.25022635050118, 4756394.987570337019861 ], [ 8278256.435019602067769, 4756337.298474189825356 ], [ 8278235.478348295204341, 4756257.474449606612325 ], [ 8278121.592671988531947, 4756111.716937559656799 ], [ 8277965.088100979104638, 4755900.441307579167187 ], [ 8277872.713583203032613, 4755762.10465064458549 ], [ 8277801.555202218703926, 4755682.117102858610451 ], [ 8277766.553590734489262, 4755580.861062173731625 ], [ 8277767.440925495699048, 4755479.797603659331799 ], [ 8277789.290859989821911, 4755443.818466325290501 ], [ 8277832.35707489028573, 4755444.047522722743452 ], [ 8277910.868489758111537, 4755494.999013800173998 ], [ 8277989.121333917602897, 4755574.8095285249874 ], [ 8278067.398183519020677, 4755676.823431599885225 ], [ 8278124.227942899800837, 4755764.179690613411367 ], [ 8278152.58835831284523, 4755815.098078829236329 ], [ 8278202.342896739020944, 4755887.915373123250902 ], [ 8278273.383495516143739, 4755997.111859713681042 ], [ 8278337.129422975704074, 4756120.73134203068912 ], [ 8278379.262533089146018, 4756251.415091973729432 ], [ 8278392.650711753405631, 4756381.864710974507034 ], [ 8278399.01678088773042, 4756490.534497554413974 ], [ 8278427.216647302731872, 4756563.17845157533884 ], [ 8278455.799291891977191, 4756585.136730851605535 ], [ 8278484.491591911762953, 4756592.613338683731854 ], [ 8278506.27005991153419, 4756563.826989979483187 ], [ 8278521.46294485218823, 4756455.333315055817366 ], [ 8278522.664556586183608, 4756296.038112844340503 ], [ 8278487.824788719415665, 4756150.932207996025681 ], [ 8278403.666622935794294, 4755875.088733183220029 ], [ 8278347.545136290602386, 4755693.610033934004605 ], [ 8278284.020975114777684, 4755541.035512619651854 ], [ 8278241.562736895866692, 4755453.800432004034519 ], [ 8278242.001163304783404, 4755395.880240713246167 ], [ 8278270.963967247866094, 4755367.156772886402905 ], [ 8278335.472372923977673, 4755389.408338267356157 ], [ 8278420.882399209775031, 4755498.71663570869714 ], [ 8278513.20752124208957, 4755644.285198034718633 ], [ 8278798.200789419002831, 4755972.450455174781382 ], [ 8278876.380256469361484, 4756088.943060172721744 ], [ 8278947.320380755700171, 4756212.618432708084583 ], [ 8278982.166955100372434, 4756357.723691763356328 ], [ 8279009.556611824780703, 4756538.976604812778533 ], [ 8279030.194355316460133, 4756662.246421962045133 ], [ 8279065.368747275322676, 4756763.912380593828857 ], [ 8279100.977817975915968, 4756807.650622178800404 ], [ 8279136.912037754431367, 4756807.943300173617899 ], [ 8279194.678002666682005, 4756772.206110253930092 ], [ 8279252.876013896428049, 4756678.541131170466542 ], [ 8279332.903380853123963, 4756548.847723223268986 ], [ 8279398.177642681635916, 4756469.723964605480433 ], [ 8279441.459497320465744, 4756448.351534525863826 ], [ 8279498.844559201039374, 4756463.298845519311726 ], [ 8279570.657108759507537, 4756471.12159937620163 ], [ 8279649.710291122086346, 4756471.76112509239465 ], [ 8279729.086086056195199, 4756428.955646944232285 ], [ 8279852.063601784408092, 4756321.331418908201158 ], [ 8279931.919775971211493, 4756213.359661512076855 ], [ 8279932.830994030460715, 4756090.27048176061362 ], [ 8279890.999952574260533, 4755916.152575250715017 ], [ 8279828.041348173283041, 4755683.941534290090203 ], [ 8279807.717936111614108, 4755517.244262046180665 ], [ 8279815.655580778606236, 4755415.941689817234874 ], [ 8279895.022041209042072, 4755373.139232927002013 ], [ 8280010.156702217645943, 4755352.345298447646201 ], [ 8280088.773035227321088, 4755410.901340269483626 ], [ 8280123.900783653371036, 4755519.7909423597157 ], [ 8280158.548078242689371, 4755693.843171576969326 ], [ 8280193.356973068788648, 4755846.177641425281763 ], [ 8280235.459673373028636, 4755984.091050634160638 ], [ 8280292.043441006913781, 4756107.640289379283786 ], [ 8280384.720556447282434, 4756209.756844119168818 ], [ 8280527.75850753672421, 4756305.035783391445875 ], [ 8280585.250945034436882, 4756305.49539940059185 ], [ 8280664.780669738538563, 4756240.96136503200978 ], [ 8280766.451655054464936, 4756096.953050062060356 ], [ 8280882.598601227626204, 4755938.579214132390916 ], [ 8281027.116577590815723, 4755831.117275661788881 ], [ 8281185.582017676904798, 4755781.690546057187021 ], [ 8281293.374496341682971, 4755782.544972510077059 ], [ 8281386.479663201607764, 4755826.726474130526185 ], [ 8281493.747909864410758, 4755899.9824398458004 ], [ 8281622.524282045662403, 4755980.648054148070514 ], [ 8281701.259826321154833, 4756024.714307078160346 ], [ 8281744.430155510082841, 4756017.813375374302268 ], [ 8281816.920539828017354, 4755931.494230588898063 ], [ 8281875.142021809704602, 4755830.581157335080206 ], [ 8281969.866339465603232, 4755650.308796612545848 ], [ 8281999.913680948317051, 4755469.530659906566143 ], [ 8282022.826362503692508, 4755281.459710679017007 ], [ 8282081.250057857483625, 4755151.592416715808213 ], [ 8282320.299261105246842, 4754885.577973528765142 ], [ 8282385.643100766465068, 4754791.968164545483887 ], [ 8282429.58477186691016, 4754676.471904149278998 ], [ 8282459.103172910399735, 4754568.103887845762074 ], [ 8282502.680758682079613, 4754503.285705151036382 ], [ 8282531.370278135873377, 4754510.74919761531055 ], [ 8282552.35742973908782, 4754590.550902997143567 ], [ 8282572.620736855082214, 4754771.707383482716978 ], [ 8282528.266415039077401, 4754945.122774840332568 ], [ 8282462.405155840329826, 4755111.133131013251841 ], [ 8282396.437811641022563, 4755291.625605131499469 ], [ 8282309.066100275143981, 4755450.231690291315317 ], [ 8282271.630296596325934, 4755659.914772354066372 ], [ 8282270.332187331281602, 4755840.922057010233402 ], [ 8282291.112113932147622, 4755949.696301657706499 ], [ 8282339.703982784412801, 4756189.026604877784848 ], [ 8282374.96227465197444, 4756283.435604666359723 ], [ 8282431.573587742634118, 4756406.977011228911579 ], [ 8282502.663372705690563, 4756516.149624237790704 ], [ 8282581.251615937799215, 4756581.93392098788172 ], [ 8282696.239741642028093, 4756582.829364369623363 ], [ 8282725.141893504187465, 4756561.330459219403565 ], [ 8282747.217973083257675, 4756489.090015240013599 ], [ 8282748.456202236935496, 4756315.311758610419929 ], [ 8282749.642809417098761, 4756148.777335804887116 ], [ 8282765.099147687666118, 4755996.838420746847987 ], [ 8282808.990370935760438, 4755888.566918413154781 ], [ 8282831.270606242120266, 4755787.369473754428327 ], [ 8282817.825881160795689, 4755656.933129179291427 ], [ 8282761.007482515648007, 4755562.363807713612914 ], [ 8282689.973074135370553, 4755445.962883527390659 ], [ 8282647.838998523540795, 4755308.067047508433461 ], [ 8282627.573042972013354, 4755126.901173302903771 ], [ 8282628.864546243101358, 4754945.906763665378094 ], [ 8282666.548452200368047, 4754700.039227386936545 ], [ 8282703.249519825913012, 4754591.726054256781936 ], [ 8282739.331039412878454, 4754570.287377874366939 ], [ 8282775.103023344650865, 4754592.284900451079011 ], [ 8282788.803754087537527, 4754686.510028443299234 ], [ 8282794.906508030369878, 4754838.597420923411846 ], [ 8282836.783341600559652, 4755012.685304645448923 ], [ 8282886.259289334528148, 4755128.912868569605052 ], [ 8282971.665285399183631, 4755245.420057220384479 ], [ 8283078.733517640270293, 4755347.614888227544725 ], [ 8283157.162808375433087, 4755435.107228236272931 ], [ 8283214.086645771749318, 4755515.192603937350214 ], [ 8283227.228783374652267, 4755689.068287711590528 ], [ 8283189.965366726741195, 4755877.038759340532124 ], [ 8283167.226628395728767, 4756043.402394841425121 ], [ 8283180.317316665314138, 4756224.527748674154282 ], [ 8283200.697639534249902, 4756391.230314229615033 ], [ 8283235.605921628884971, 4756536.323965286836028 ], [ 8283289.408479326404631, 4756618.015516153536737 ], [ 8283400.752604138106108, 4756674.822340002283454 ], [ 8283474.083856331184506, 4756671.796434558928013 ], [ 8283572.009630665183067, 4756644.395301698707044 ], [ 8283676.916813099756837, 4756617.039002520032227 ], [ 8283739.865178287960589, 4756599.923746109008789 ], [ 8283781.958520717918873, 4756568.65289999730885 ], [ 8283853.970258007757366, 4756497.63699802942574 ], [ 8283920.325475860387087, 4756259.188103821128607 ], [ 8283957.93225662689656, 4756020.5242979535833 ], [ 8284002.419309731572866, 4755825.362761882133782 ], [ 8284068.057776199653745, 4755688.291420458815992 ], [ 8284154.797092476859689, 4755616.54803373478353 ], [ 8284262.689613968133926, 4755602.890181949362159 ], [ 8284449.52766602858901, 4755604.29116281401366 ], [ 8284593.099360374733806, 4755627.019410046748817 ], [ 8284686.318142495118082, 4755656.633961618877947 ], [ 8284700.238677685149014, 4755721.896939190104604 ], [ 8284678.178137079812586, 4755794.149342722259462 ], [ 8284562.242463438771665, 4755930.912111377343535 ], [ 8284467.81296568736434, 4756075.066650228574872 ], [ 8284452.533287672325969, 4756205.296470637433231 ], [ 8284509.371348022483289, 4756299.828383757732809 ], [ 8284660.038746690377593, 4756337.089381954632699 ], [ 8284785.432521190494299, 4756322.769616636447608 ], [ 8284876.347571579739451, 4756298.816823869012296 ], [ 8284984.849209245294333, 4756253.946312329731882 ], [ 8285037.431787342764437, 4756219.233463286422193 ], [ 8285083.076585955917835, 4756177.466819990426302 ], [ 8285094.145877858623862, 4756082.908565141260624 ], [ 8285094.032451226375997, 4755934.623880014754832 ], [ 8285059.898558193817735, 4755673.721148560754955 ], [ 8284928.163530051708221, 4754977.728960924781859 ], [ 8284933.152669595554471, 4754894.806140633299947 ], [ 8284933.152669595554471, 4754894.806140633299947 ], [ 8284958.156453544273973, 4754796.936530167236924 ], [ 8284994.533705889247358, 4754732.030051436275244 ], [ 8285088.044957879930735, 4754718.201040264219046 ], [ 8285188.342927043326199, 4754762.337642304599285 ], [ 8285281.107744266279042, 4754857.101230230182409 ], [ 8285315.841841781511903, 4755031.104168387129903 ], [ 8285328.522352074272931, 4755277.360516615211964 ], [ 8285349.035773661918938, 4755429.55046759173274 ], [ 8285384.518731232732534, 4755494.960557842627168 ], [ 8285463.366668971255422, 4755524.468115784227848 ], [ 8285564.219396623782814, 4755488.962596584111452 ], [ 8285658.578376417048275, 4755352.045847057364881 ], [ 8285738.217091448605061, 4755265.710443226620555 ], [ 8285939.619263654574752, 4755238.134631326422095 ], [ 8286047.604273544624448, 4755209.914432214573026 ], [ 8286198.998068195767701, 4755138.549195749685168 ], [ 8286336.018683866597712, 4755067.083495404571295 ], [ 8286523.092544805258512, 4755032.158621008507907 ], [ 8286659.474896846339107, 4755054.807137439027429 ], [ 8286759.734515010379255, 4755106.169456979259849 ], [ 8286823.968612233176827, 4755171.767266402952373 ], [ 8286837.902316979132593, 4755237.024303531274199 ], [ 8286837.513081488199532, 4755294.944113680161536 ], [ 8286787.114273382350802, 4755309.083067170344293 ], [ 8286650.532882189378142, 4755315.396003346890211 ], [ 8286485.109778785146773, 4755335.991197661496699 ], [ 8286355.321598850190639, 4755400.269404854625463 ], [ 8286268.69729776866734, 4755457.601029543206096 ], [ 8286239.413285030983388, 4755537.046192257665098 ], [ 8286253.245623149909079, 4755616.786772162653506 ], [ 8286295.773724338971078, 4755703.964796545915306 ], [ 8286410.361302321776748, 4755762.672323537059128 ], [ 8286582.733528614975512, 4755778.328356035985053 ], [ 8286755.544747963547707, 4755728.818194369785488 ], [ 8286928.354302263818681, 4755679.305283380672336 ], [ 8287093.879058166407049, 4755644.221633032895625 ], [ 8287165.886299829930067, 4755622.985753995366395 ], [ 8287194.87282541859895, 4755586.978634582832456 ], [ 8287210.212958608753979, 4755442.271971641108394 ], [ 8287211.858399339020252, 4755196.110704028978944 ], [ 8287184.663855970837176, 4754964.240990850143135 ], [ 8287107.462907341308892, 4754688.599571232683957 ], [ 8287051.579391844570637, 4754449.307477086782455 ], [ 8287017.108483499847353, 4754231.884636835195124 ], [ 8287018.515476319007576, 4754021.948044726625085 ], [ 8286962.686108862049878, 4753775.432211833074689 ], [ 8286920.645874573849142, 4753615.885173683054745 ], [ 8286907.005039161071181, 4753507.206156334839761 ], [ 8286907.393716091290116, 4753449.296157913282514 ], [ 8286914.772904896177351, 4753420.390028286725283 ], [ 8287001.278793461620808, 4753377.541342532262206 ], [ 8287108.659628812223673, 4753436.178796920925379 ], [ 8287172.885513482615352, 4753501.76356759481132 ], [ 8287286.680431369692087, 4753676.269896987825632 ], [ 8287342.275664402171969, 4753958.976813597604632 ], [ 8287419.236706862226129, 4754270.793058126233518 ], [ 8287474.69398548360914, 4754575.23422662448138 ], [ 8287586.148128086701035, 4755104.504096855409443 ], [ 8287585.137513476423919, 4755256.54282811935991 ], [ 8287584.078765587881207, 4755415.823912501335144 ], [ 8287588.625021958723664, 4755549.964557499624789 ], [ 8287588.73634469974786, 4755549.964558308012784 ] ] ] ] } },
{ "type": "Feature", "properties": { "layer": "LDLYAAE002" }, "geometry": { "type": "MultiPolygon", "coordinates": [ [ [ [ 8317255.928085634484887, 4755604.62911478523165 ], [ 8317719.968058149330318, 4755687.135204560123384 ], [ 8318285.048687458969653, 4755729.404319024644792 ], [ 8318656.123555710539222, 4755746.732573933899403 ], [ 8318694.757138948887587, 4755607.125899807550013 ], [ 8318679.949663661420345, 4755524.064874242059886 ], [ 8318627.300081175751984, 4755463.53047597873956 ], [ 8318529.473722185008228, 4755365.125528793781996 ], [ 8318454.387084036134183, 4755244.149268999695778 ], [ 8318424.641315373592079, 4755115.765462951734662 ], [ 8318379.738165683113039, 4755002.429941704496741 ], [ 8318297.022051820531487, 4754904.072858661413193 ], [ 8318168.696375478059053, 4754888.586859324947 ], [ 8317972.239276916719973, 4754918.167838150635362 ], [ 8317745.435576837509871, 4754985.383407811634243 ], [ 8317526.319916752167046, 4755014.885168130509555 ], [ 8317390.329966417513788, 4755029.551236080937088 ], [ 8317269.415731575340033, 4755051.809712867252529 ], [ 8317171.100168553180993, 4755089.231682874262333 ], [ 8317057.567005340009928, 4755156.791044792160392 ], [ 8316906.158914027735591, 4755254.415266047231853 ], [ 8316716.958450802601874, 4755359.463421935215592 ], [ 8316594.032852126285434, 4755402.004626348614693 ], [ 8316594.144174873828888, 4755402.004627148620784 ], [ 8316691.580450956709683, 4755440.730161723680794 ], [ 8317255.928085634484887, 4755604.62911478523165 ] ] ], [ [ [ 8318656.233458453789353, 4755746.737706117331982 ], [ 8318656.123555710539222, 4755746.732573933899403 ], [ 8318656.122135705314577, 4755746.73770531732589 ], [ 8318656.233458453789353, 4755746.737706117331982 ] ] ] ] } },
{ "type": "Feature", "properties": { "layer": "LDLYAAE002" }, "geometry": { "type": "MultiPolygon", "coordinates": [ [ [ [ 8314880.428761597722769, 4754809.244095160625875 ], [ 8314970.689173345454037, 4754778.033053126186132 ], [ 8314922.806714293546975, 4754726.39450651127845 ], [ 8314772.288406041450799, 4754605.106215395964682 ], [ 8314584.082450021058321, 4754476.106055673211813 ], [ 8314395.902190680615604, 4754339.567357 ], [ 8314169.908180908299983, 4754240.536923116073012 ], [ 8313981.456821419298649, 4754201.974291889928281 ], [ 8313890.926916247233748, 4754209.088800984434783 ], [ 8313807.874191998504102, 4754238.848983528092504 ], [ 8313747.317373781464994, 4754313.937102344818413 ], [ 8313709.190313882194459, 4754456.966391877271235 ], [ 8313715.969229381531477, 4754720.807290773838758 ], [ 8313699.049272939562798, 4755353.898334355093539 ], [ 8313693.803147411905229, 4755404.822168207727373 ], [ 8313919.272232404910028, 4755287.612207123078406 ], [ 8314880.428761597722769, 4754809.244095160625875 ] ] ], [ [ [ 8313693.796848135069013, 4755404.88331509847194 ], [ 8313693.803147411905229, 4755404.822168207727373 ], [ 8313693.685525384731591, 4755404.883314299397171 ], [ 8313693.796848135069013, 4755404.88331509847194 ] ] ] ] } },
{ "type": "Feature", "properties": { "layer": "LDLYAAE002" }, "geometry": { "type": "MultiPolygon", "coordinates": [ [ [ [ 8289158.863454640842974, 4755041.324245102703571 ], [ 8288506.820741307921708, 4755262.80357277020812 ], [ 8288506.820741307921708, 4755262.80357277020812 ], [ 8288469.336334779858589, 4755211.750207711942494 ], [ 8288341.132504352368414, 4755037.135538928210735 ], [ 8288270.465871468186378, 4754855.664385511539876 ], [ 8288264.37565987277776, 4754689.104333242401481 ], [ 8288300.969558693468571, 4754587.988743733614683 ], [ 8288481.317545841448009, 4754480.586338496766984 ], [ 8288618.455058061517775, 4754387.376059243455529 ], [ 8288727.180456473492086, 4754243.299921995028853 ], [ 8288828.717555025592446, 4754099.177719671279192 ], [ 8288908.319517584517598, 4754012.827441845089197 ], [ 8288958.756074929609895, 4753991.44045609049499 ], [ 8289030.417869887314737, 4754020.868526931852102 ], [ 8289065.825532650575042, 4754100.735095661133528 ], [ 8289071.88133820425719, 4754274.524148196913302 ], [ 8289056.287270458415151, 4754462.65385368745774 ], [ 8289012.092035693116486, 4754628.879991763271391 ], [ 8288982.40793826058507, 4754773.483573601581156 ], [ 8289017.582222552970052, 4754889.554825142025948 ], [ 8289158.752131897956133, 4755041.324244292452931 ], [ 8289158.863454640842974, 4755041.324245102703571 ] ] ] ] } },
{ "type": "Feature", "properties": { "layer": "LDLYAAE002" }, "geometry": { "type": "MultiPolygon", "coordinates": [ [ [ [ 8333882.97517198882997, 4755039.79598558600992 ], [ 8333785.662751053459942, 4755178.734549052082002 ], [ 8333487.038095478899777, 4755460.911659288220108 ], [ 8333403.406568725593388, 4755544.963255401700735 ], [ 8333301.835873552598059, 4755653.02796206343919 ], [ 8333206.286351321265101, 4755737.081942524760962 ], [ 8333116.65959488414228, 4755833.139267025515437 ], [ 8333015.066722637042403, 4755947.20692530926317 ], [ 8332889.507761986926198, 4756109.300346209667623 ], [ 8332781.884931171312928, 4756247.380831741727889 ], [ 8332572.538726566359401, 4756541.55212448630482 ], [ 8332494.781687827780843, 4756649.615966415032744 ], [ 8332422.998083652928472, 4756751.676838459447026 ], [ 8332369.155196548439562, 4756829.723656378686428 ], [ 8332345.136794807389379, 4756895.760937280021608 ], [ 8332380.751696785911918, 4756943.782387150451541 ], [ 8332464.101115675643086, 4756967.785170273855329 ], [ 8332565.409372029826045, 4756961.768994799815118 ], [ 8332654.88437909912318, 4756925.737468118779361 ], [ 8332726.600327850319445, 4756847.685899034142494 ], [ 8332804.356423236429691, 4756739.617838616482913 ], [ 8332876.185673947446048, 4756619.545672846026719 ], [ 8332954.004433669149876, 4756487.466946015134454 ], [ 8333025.813574182800949, 4756373.399409201927483 ], [ 8333121.453032189048827, 4756259.328174019232392 ], [ 8333205.092809536494315, 4756175.273062403313816 ], [ 8333300.760807736776769, 4756049.19688737206161 ], [ 8333414.283230503089726, 4755929.120125704444945 ], [ 8333569.522976108826697, 4755803.03096491470933 ], [ 8333706.789677776396275, 4755712.960586759261787 ], [ 8333838.096087237820029, 4755622.890508292242885 ], [ 8333975.405568512156606, 4755514.810651483945549 ], [ 8334106.817985846661031, 4755382.722594841383398 ], [ 8334226.296524289064109, 4755256.640494900755584 ], [ 8334291.155166149139404, 4755184.605158573947847 ], [ 8334291.155166149139404, 4755184.605158573947847 ], [ 8334339.815168312750757, 4755130.560210139490664 ], [ 8334453.439856235869229, 4754962.466035303659737 ], [ 8334537.259909802116454, 4754800.385175371542573 ], [ 8334651.326964733190835, 4754458.241789336316288 ], [ 8334663.735835238359869, 4754266.183744583278894 ], [ 8334664.370737605728209, 4754020.119989465922117 ], [ 8334670.745675396174192, 4753787.385939582251012 ], [ 8334670.946159032173455, 4753780.061182359233499 ], [ 8334707.411219738423824, 4753497.989436483941972 ], [ 8334773.531480763107538, 4753263.923248186707497 ], [ 8334815.593872878700495, 4753119.884286403656006 ], [ 8334905.302858014591038, 4752975.830151277594268 ], [ 8334965.046222856268287, 4752903.797765837050974 ], [ 8335054.614172977395356, 4752813.751748094335198 ], [ 8335162.108424241654575, 4752699.696183542720973 ], [ 8335275.707328278571367, 4752525.631828281097114 ], [ 8335359.599698893725872, 4752321.57908639498055 ], [ 8335431.652616473846138, 4752087.532868079841137 ], [ 8335527.463591593317688, 4751877.482356011867523 ], [ 8335689.045659965835512, 4751559.404745608568192 ], [ 8335742.819987670518458, 4751487.380507035180926 ], [ 8335784.609293725341558, 4751445.361456389538944 ], [ 8335784.609293725341558, 4751445.361456389538944 ], [ 8335951.557550847530365, 4751361.28508013766259 ], [ 8336130.217078443616629, 4751325.0390529576689 ], [ 8336463.561189679428935, 4751300.477471647784114 ], [ 8336767.089258781634271, 4751299.956199126318097 ], [ 8336981.37257332354784, 4751287.582881523296237 ], [ 8337213.495647040195763, 4751281.173248549923301 ], [ 8337397.979042249731719, 4751286.843510330654681 ], [ 8337534.863935376517475, 4751286.596674998290837 ], [ 8337618.212772027589381, 4751274.445681127719581 ], [ 8337659.927977718412876, 4751250.370357141830027 ], [ 8337695.77381409611553, 4751190.306749625131488 ], [ 8337708.004734743386507, 4751046.289903990924358 ], [ 8337708.346291908994317, 4750896.297151786275208 ], [ 8337685.170137875713408, 4750620.359564509242773 ], [ 8337649.641415067017078, 4750542.431383692659438 ], [ 8337613.976133339107037, 4750524.497970982454717 ], [ 8337530.661175759509206, 4750524.649081971496344 ], [ 8337417.438381288200617, 4750590.8473592242226 ], [ 8337328.005085497163236, 4750663.00124719645828 ], [ 8337250.640069538727403, 4750663.139455460011959 ], [ 8337149.680355049669743, 4750573.326470831409097 ], [ 8337036.94685220066458, 4750429.539948872290552 ], [ 8336935.991359626874328, 4750339.726879168301821 ], [ 8336781.550645026378334, 4750220.010305860079825 ], [ 8336615.19736142270267, 4750106.312482950277627 ], [ 8336448.819144238717854, 4750004.611515583470464 ], [ 8336318.047030492685735, 4749944.842367150820792 ], [ 8336252.632329716347158, 4749926.955369133502245 ], [ 8336121.643330121412873, 4749957.170065125450492 ], [ 8335972.75844962708652, 4749999.383952182717621 ], [ 8335865.449462827295065, 4750053.426270506344736 ], [ 8335752.111145320348442, 4750137.466611347161233 ], [ 8335638.696068711578846, 4750251.50272780098021 ], [ 8335543.186858896166086, 4750347.533354045823216 ], [ 8335423.79780148435384, 4750467.571058826521039 ], [ 8335334.16361081507057, 4750593.59643333312124 ], [ 8335255.812908911146224, 4750698.528631599619985 ], [ 8335244.542399755679071, 4750713.622810520231724 ], [ 8335160.827997115440667, 4750851.646440546028316 ], [ 8335059.201571426354349, 4751007.677333688363433 ], [ 8334987.254693876951933, 4751199.697122257202864 ], [ 8334944.774104895070195, 4751511.708545891568065 ], [ 8334890.181066524237394, 4751901.736877927556634 ], [ 8334841.677481363527477, 4752237.773201428353786 ], [ 8334817.640060727484524, 4752321.788161987438798 ], [ 8334775.642686741426587, 4752441.813458626158535 ], [ 8334715.823387218639255, 4752543.844548949971795 ], [ 8334620.237352419644594, 4752657.889569462276995 ], [ 8334476.939648426137865, 4752795.953691868111491 ], [ 8334357.509061095304787, 4752916.007741703651845 ], [ 8334220.144319826737046, 4753060.070774762891233 ], [ 8334154.281011373735964, 4753192.111276815645397 ], [ 8334141.847647762857378, 4753390.149783794768155 ], [ 8334164.552708771079779, 4753816.23061391338706 ], [ 8334148.128458517603576, 4753972.206221541389823 ], [ 8334146.225650845095515, 4753990.27707770653069 ], [ 8334145.578161695972085, 4754236.340052979066968 ], [ 8334139.037272484973073, 4754458.404016297310591 ], [ 8334096.769809374585748, 4754674.481005443260074 ], [ 8334054.754078904166818, 4754794.530907989479601 ], [ 8333882.97517198882997, 4755039.79598558600992 ] ] ] ] } },
{ "type": "Feature", "properties": { "layer": "LDLYAAE002" }, "geometry": { "type": "Polygon", "coordinates": [ [ [ 8204522.965547603555024, 4753307.685999874956906 ], [ 8204531.068540250882506, 4753235.278111095540226 ], [ 8204576.935996578074992, 4753090.898113301955163 ], [ 8204659.14344512950629, 4752925.307953209616244 ], [ 8204747.844090932048857, 4752810.587259660474956 ], [ 8204857.423291699029505, 4752746.950529430061579 ], [ 8204987.671506159007549, 4752756.150410862639546 ], [ 8205139.239775884896517, 4752801.929082218557596 ], [ 8205341.555861986242235, 4752862.96423067804426 ], [ 8205521.367564043030143, 4752952.67805858515203 ], [ 8205665.37200906407088, 4753020.096624395810068 ], [ 8205882.401454456150532, 4753059.583183911629021 ], [ 8206164.126661746762693, 4753121.786465714685619 ], [ 8206307.707608419470489, 4753210.951767871156335 ], [ 8206378.809984835796058, 4753306.295801785774529 ], [ 8206392.141928398050368, 4753393.531017715111375 ], [ 8206369.220495568588376, 4753465.727319034747779 ], [ 8206310.809693140909076, 4753501.128777030855417 ], [ 8206158.164656959474087, 4753535.134091970510781 ], [ 8206041.438053738325834, 4753584.178598093800247 ], [ 8205997.1984454523772, 4753634.297328311949968 ], [ 8206002.735948419198394, 4753743.184209985658526 ], [ 8206059.234382586553693, 4753845.572732020169497 ], [ 8206116.484922152012587, 4753904.448900496587157 ], [ 8206122.445290435105562, 4753977.077686991542578 ], [ 8206107.530243885703385, 4754020.376152561046183 ], [ 8206041.643617914058268, 4754055.670237991958857 ], [ 8205910.416609999723732, 4754111.752723317593336 ], [ 8205757.222071867436171, 4754174.763318950310349 ], [ 8205588.885365566238761, 4754281.070334121584892 ], [ 8205470.746812775731087, 4754409.88862284924835 ], [ 8205381.941667291335762, 4754546.391028037294745 ], [ 8205343.979354364797473, 4754661.8929189350456 ], [ 8205262.188767334446311, 4754784.000413552857935 ], [ 8205173.699053100310266, 4754898.747594825923443 ], [ 8205085.839715457521379, 4754948.219426535069942 ], [ 8204918.020426538772881, 4755018.258334168232977 ], [ 8204801.270867729559541, 4755067.295054205693305 ], [ 8204553.264502649195492, 4755157.894895639270544 ], [ 8204422.122976210899651, 4755206.710864231921732 ], [ 8204313.482067353092134, 4755197.827011875808239 ], [ 8204263.377017265185714, 4755146.294755038805306 ], [ 8204227.994935220107436, 4755094.980251299217343 ], [ 8204221.929476723074913, 4755007.837020925246179 ], [ 8204230.690753603354096, 4754906.406148771755397 ], [ 8204283.496193395927548, 4754783.870984883978963 ], [ 8204379.790820927359164, 4754647.484095579013228 ], [ 8204439.943238272331655, 4754503.302055515348911 ], [ 8204464.170531102456152, 4754336.821869150735438 ], [ 8204466.757387919351459, 4754162.766000064089894 ], [ 8204469.33713470492512, 4753974.208633516915143 ], [ 8204480.034815605729818, 4753742.251737504266202 ], [ 8204490.30796449072659, 4753553.81092278752476 ], [ 8204514.208601302467287, 4753409.101004592142999 ], [ 8204522.965547603555024, 4753307.685999874956906 ] ] ] } },
{ "type": "Feature", "properties": { "layer": "LDLYAAE002" }, "geometry": { "type": "MultiPolygon", "coordinates": [ [ [ [ 8314178.920958406291902, 4753684.338003565557301 ], [ 8314235.277694135904312, 4753684.59931084793061 ], [ 8314400.284542587585747, 4753653.930763998068869 ], [ 8314471.972420355305076, 4753640.623582260683179 ], [ 8314653.002208966761827, 4753584.879108109511435 ], [ 8314765.959263573400676, 4753540.141476475633681 ], [ 8314862.049256876111031, 4753478.423747311346233 ], [ 8314972.282031719572842, 4753436.494589729234576 ], [ 8315158.857652371749282, 4753386.360693160444498 ], [ 8315345.241713288240135, 4753327.763241596519947 ], [ 8315480.994307450018823, 4753311.295293328352273 ], [ 8315734.89725992642343, 4753278.297667969949543 ], [ 8315938.347437734715641, 4753270.508005171082914 ], [ 8316234.544264424592257, 4753305.320173972286284 ], [ 8316716.926976520568132, 4753332.26360038574785 ], [ 8317004.59810399916023, 4753383.94719120208174 ], [ 8317199.345838060602546, 4753409.946901737712324 ], [ 8317512.452805706299841, 4753453.236194478347898 ], [ 8317825.655675021931529, 4753471.134183841757476 ], [ 8318130.262450163252652, 4753463.61473342962563 ], [ 8318426.624792306683958, 4753456.05998455081135 ], [ 8318663.973516748286784, 4753439.857489300891757 ], [ 8318782.656945732422173, 4753397.912138209678233 ], [ 8318892.912216639146209, 4753313.637786086648703 ], [ 8318986.37388342153281, 4753220.852135105989873 ], [ 8319003.657998480834067, 4753153.220117236487567 ], [ 8319003.555432420223951, 4753119.379021164961159 ], [ 8318986.772980401292443, 4753077.027063531801105 ], [ 8318919.162819684483111, 4753042.983919869177043 ], [ 8318784.02482791710645, 4752983.356028486974537 ], [ 8318640.392370695248246, 4752932.161467297002673 ], [ 8318158.648897330276668, 4752702.271387689746916 ], [ 8318014.819613228552043, 4752676.449025725014508 ], [ 8317955.304459878243506, 4752684.72580092959106 ], [ 8317862.023864356800914, 4752726.73744491674006 ], [ 8317768.996354265138507, 4752760.288194419816136 ], [ 8317608.172780302353203, 4752751.3269985280931 ], [ 8317456.03457657340914, 4752683.170323227532208 ], [ 8317118.122031616047025, 4752487.525874488987029 ], [ 8316983.017647274769843, 4752394.038430079817772 ], [ 8316779.96822099853307, 4752300.333352701738477 ], [ 8316678.65118542034179, 4752257.709493410773575 ], [ 8316610.719066040590405, 4752282.870047055184841 ], [ 8316559.733001256361604, 4752333.463640615344048 ], [ 8316542.736064558848739, 4752409.545553672127426 ], [ 8316559.060301244258881, 4752511.116849266923964 ], [ 8316533.502469332888722, 4752553.333610965870321 ], [ 8316474.367902185767889, 4752578.521282221190631 ], [ 8316389.662079337984324, 4752561.327455648221076 ], [ 8316288.121775413863361, 4752518.698236937634647 ], [ 8316237.678497985936701, 4752484.694016858935356 ], [ 8316034.542704366147518, 4752472.749970208853483 ], [ 8315661.650752282701433, 4752516.639557449147105 ], [ 8315300.309972892515361, 4752549.273630755022168 ], [ 8315221.495115098543465, 4752526.448946498334408 ], [ 8315181.647539521567523, 4752455.953580842353404 ], [ 8315176.765323484316468, 4752447.339626003056765 ], [ 8315154.609766853973269, 4752311.909781649708748 ], [ 8315144.879411460831761, 4752167.834776251576841 ], [ 8315144.879411460831761, 4752167.834776251576841 ], [ 8314845.344801153056324, 4752334.978181127458811 ], [ 8314784.682751136831939, 4752375.283901550807059 ], [ 8314460.870828621089458, 4752637.509345202706754 ], [ 8314278.067600632086396, 4752960.991038963198662 ], [ 8314156.256870683282614, 4753244.174170704558492 ], [ 8314135.383136552758515, 4753446.682130947709084 ], [ 8314178.920958406291902, 4753684.338003565557301 ] ] ] ] } },
{ "type": "Feature", "properties": { "layer": "LDLYAAE002" }, "geometry": { "type": "MultiPolygon", "coordinates": [ [ [ [ 8315144.879411460831761, 4752167.834776251576841 ], [ 8314845.344801153056324, 4752334.978181127458811 ], [ 8314784.682751136831939, 4752375.283901550807059 ], [ 8314460.870828621089458, 4752637.509345202706754 ], [ 8314278.067600632086396, 4752960.991038963198662 ], [ 8314156.256870683282614, 4753244.174170704558492 ], [ 8314135.383136552758515, 4753446.682130947709084 ], [ 8314178.920958406291902, 4753684.338003565557301 ], [ 8314178.920958406291902, 4753684.338003565557301 ], [ 8314032.092040358111262, 4753683.656202163547277 ], [ 8313840.599966187030077, 4753615.15507838409394 ], [ 8313660.516432459466159, 4753501.633585802279413 ], [ 8313446.919809764251113, 4753320.346189388073981 ], [ 8313267.354507636278868, 4753071.615204959176481 ], [ 8313222.652450612746179, 4752936.197517851367593 ], [ 8313222.761302386410534, 4752823.528804975561798 ], [ 8313302.192760442383587, 4752688.701723755337298 ], [ 8313437.817336265929043, 4752576.674502156674862 ], [ 8313652.706450402736664, 4752442.095031091943383 ], [ 8313867.949492240324616, 4752251.096518230624497 ], [ 8314060.766351452097297, 4752048.739094539545476 ], [ 8314287.210464792326093, 4751902.893798816949129 ], [ 8314501.890114494599402, 4751847.237538618035614 ], [ 8314659.775107202120125, 4751825.220740482211113 ], [ 8314874.227515238337219, 4751882.346024857833982 ], [ 8315020.648216512054205, 4751961.79626078158617 ], [ 8315099.347832425497472, 4752041.016671166755259 ], [ 8315144.879411460831761, 4752167.834776251576841 ] ] ] ] } },
{ "type": "Feature", "properties": { "layer": "LDLYAAE002" }, "geometry": { "type": "MultiPolygon", "coordinates": [ [ [ [ 8342856.58595064189285, 4753360.267459636554122 ], [ 8342853.113637319765985, 4753256.434391679242253 ], [ 8342858.168422473594546, 4753122.100445852614939 ], [ 8342881.163504074327648, 4752983.093580976128578 ], [ 8342918.345490165054798, 4752867.214396354742348 ], [ 8342955.33656114526093, 4752732.810336887836456 ], [ 8342996.736387480050325, 4752640.080971911549568 ], [ 8343033.852962900884449, 4752496.416481058113277 ], [ 8343070.634518889710307, 4752352.753548183478415 ], [ 8343080.000902554020286, 4752250.840271539986134 ], [ 8343098.818019647151232, 4752125.74983724206686 ], [ 8343099.125138083472848, 4751949.759949630126357 ], [ 8343090.050495690666139, 4751884.944197182543576 ], [ 8343039.283803187310696, 4751770.443707151338458 ], [ 8343039.283803187310696, 4751770.443707151338458 ], [ 8343003.075607956387103, 4751709.164281202480197 ], [ 8342952.443173779174685, 4751639.815796991810203 ], [ 8342879.184966439381242, 4751565.890453726053238 ], [ 8342792.17142357584089, 4751478.103785483166575 ], [ 8342723.414299266412854, 4751394.905576435849071 ], [ 8342691.184817322529852, 4751311.622196002863348 ], [ 8342686.740068064071238, 4751228.275765421800315 ], [ 8342696.265822145156562, 4751163.421347919851542 ], [ 8342728.51145142223686, 4751112.406788327731192 ], [ 8342779.097828633151948, 4751079.872694646008313 ], [ 8342820.336687351576984, 4751075.145486867986619 ], [ 8342875.553779734298587, 4751084.278465363197029 ], [ 8342921.201045624911785, 4751121.217756824567914 ], [ 8342976.448636546730995, 4751176.659119970165193 ], [ 8343058.875699822790921, 4751259.821485311724246 ], [ 8343136.933064811863005, 4751342.994454948231578 ], [ 8343265.18819984421134, 4751426.047450790181756 ], [ 8343366.447975429706275, 4751439.699843768030405 ], [ 8343444.476986802183092, 4751411.726534684188664 ], [ 8343573.082811763510108, 4751355.845106546767056 ], [ 8343637.456675950437784, 4751318.642148341983557 ], [ 8343660.655338009819388, 4751313.955649974755943 ], [ 8343701.878980225883424, 4751318.486439128406346 ], [ 8343747.664905422367156, 4751341.530002179555595 ], [ 8343761.629693640395999, 4751364.651610701344907 ], [ 8343765.907169699668884, 4751420.21251318231225 ], [ 8343752.15180916711688, 4751471.187459519132972 ], [ 8343724.511840520426631, 4751517.565109182149172 ], [ 8343655.535332521423697, 4751559.41164930537343 ], [ 8343591.160325618460774, 4751596.61592214461416 ], [ 8343526.879922210238874, 4751643.081944414414465 ], [ 8343471.644011377356946, 4751708.050421073101461 ], [ 8343434.76663576066494, 4751782.237577686086297 ], [ 8343420.82633381895721, 4751874.894999896176159 ], [ 8343428.272069712169468, 4752010.331559505313635 ], [ 8343429.513901301659644, 4752036.967420534230769 ], [ 8343461.577513627707958, 4752222.144560484215617 ], [ 8343461.156978474929929, 4752337.929907499812543 ], [ 8343456.475847999565303, 4752388.887195443734527 ], [ 8343438.187026794999838, 4752467.66655595973134 ], [ 8343410.463377307169139, 4752560.363039397634566 ], [ 8343368.741730886511505, 4752648.461756731383502 ], [ 8343327.313855394721031, 4752694.876418879255652 ], [ 8343272.078683325089514, 4752755.21880320366472 ], [ 8343212.208593429066241, 4752838.730769197456539 ], [ 8343175.460570165887475, 4752899.029936616308987 ], [ 8343143.338774557225406, 4752940.791319878771901 ], [ 8343101.765035681426525, 4753005.733538669534028 ], [ 8343083.426012638956308, 4753047.46275004465133 ], [ 8343069.306816787458956, 4753112.340388954617083 ], [ 8343050.989434844814241, 4753205.019935232587159 ], [ 8343036.954548755660653, 4753348.640405655838549 ], [ 8343029.37132883630693, 4753408.964770433492959 ], [ 8343029.37132883630693, 4753408.964770433492959 ], [ 8343022.975982269272208, 4753459.839469570666552 ], [ 8343008.934670983813703, 4753543.247457342222333 ], [ 8342986.01566996704787, 4753575.725442075170577 ], [ 8342967.612484042532742, 4753589.664698725566268 ], [ 8342939.93349691759795, 4753589.729429885745049 ], [ 8342912.484756026417017, 4753585.162028531543911 ], [ 8342875.825852074660361, 4753529.664017251692712 ], [ 8342857.684998983517289, 4753395.380482725799084 ], [ 8342856.58595064189285, 4753360.267459636554122 ] ] ] ] } },
{ "type": "Feature", "properties": { "layer": "LDLYAAE002" }, "geometry": { "type": "Polygon", "coordinates": [ [ [ 8210987.494713292457163, 4752135.420452781021595 ], [ 8211057.712264657951891, 4752199.179908458143473 ], [ 8211093.0198485692963, 4752217.651027617976069 ], [ 8211199.602881632745266, 4752228.369403882883489 ], [ 8211324.368209584616125, 4752212.565892334096134 ], [ 8211441.426811072044075, 4752116.162495241500437 ], [ 8211531.93678842112422, 4752010.375881588086486 ], [ 8211541.883459112606943, 4751939.013880847021937 ], [ 8211525.81102302018553, 4751822.515169036574662 ], [ 8211483.061428352259099, 4751705.574160578660667 ], [ 8211360.677121261134744, 4751560.486645507626235 ], [ 8211193.438736385665834, 4751441.473994260653853 ], [ 8211043.460036210715771, 4751358.509036445990205 ], [ 8210945.645974078215659, 4751356.877066514454782 ], [ 8210874.243839459493756, 4751373.565674973651767 ], [ 8210811.469133305363357, 4751408.279243802651763 ], [ 8210756.526719201356173, 4751514.647220559418201 ], [ 8210753.74544813670218, 4751702.353912729769945 ], [ 8210804.319832315668464, 4751890.955444391816854 ], [ 8210900.021939253434539, 4752035.608844287693501 ], [ 8210987.494713292457163, 4752135.420452781021595 ] ] ] } },
{ "type": "Feature", "properties": { "layer": "LDLYAAE002" }, "geometry": { "type": "Polygon", "coordinates": [ [ [ 8207809.689845798537135, 4751849.04639155138284 ], [ 8207875.691875108517706, 4751770.353422527201474 ], [ 8208072.745475135743618, 4751599.52913680113852 ], [ 8208168.613184033893049, 4751448.803838139399886 ], [ 8208213.521014655940235, 4751333.505480420775712 ], [ 8208207.891566572710872, 4751224.633042473345995 ], [ 8208173.129484483972192, 4751137.04019139520824 ], [ 8208087.937557904049754, 4751048.621721803210676 ], [ 8207988.548905421979725, 4750945.467205310240388 ], [ 8207903.570805517956614, 4750842.549028647132218 ], [ 8207854.82523975148797, 4750725.722452586516738 ], [ 8207828.324682687409222, 4750565.753186318092048 ], [ 8207786.995832982473075, 4750434.548200310207903 ], [ 8207738.358734756708145, 4750310.476244078017771 ], [ 8207646.711641798727214, 4750171.196453592739999 ], [ 8207576.045133993960917, 4750075.769761956296861 ], [ 8207482.714325319975615, 4750052.48184011131525 ], [ 8207431.86681311018765, 4750080.650267153978348 ], [ 8207301.039300710894167, 4750158.260443946346641 ], [ 8207162.689177388325334, 4750257.499794932082295 ], [ 8207052.858882077969611, 4750350.07654697354883 ], [ 8206979.546702029183507, 4750407.006898174993694 ], [ 8206714.640009638853371, 4750678.652715107426047 ], [ 8206568.218807347118855, 4750778.012342314235866 ], [ 8206392.700755232945085, 4750884.191627823747694 ], [ 8206224.638938962481916, 4750975.976374739781022 ], [ 8206013.198504325002432, 4751059.864653189666569 ], [ 8205809.001931161619723, 4751143.856554581783712 ], [ 8205582.312337100505829, 4751278.273223682306707 ], [ 8205420.841721306554973, 4751413.657256036065519 ], [ 8205281.108832224272192, 4751549.364598833024502 ], [ 8205163.221644286066294, 4751678.145087257027626 ], [ 8205081.891057619825006, 4751785.714514569379389 ], [ 8205029.54863419290632, 4751893.717201262712479 ], [ 8204984.667799429036677, 4751987.327142938040197 ], [ 8204968.669274034909904, 4752088.621802258305252 ], [ 8204975.4874851051718, 4752117.733203798532486 ], [ 8204982.091201168484986, 4752161.346258666366339 ], [ 8205024.289705181494355, 4752249.00611546356231 ], [ 8205131.398240088485181, 4752359.392281922511756 ], [ 8205268.57267645932734, 4752397.69986139703542 ], [ 8205472.264071598649025, 4752349.964543517678976 ], [ 8205719.975033385679126, 4752266.616167537868023 ], [ 8205923.981635821051896, 4752197.119010283611715 ], [ 8206053.909366419538856, 4752235.307873792946339 ], [ 8206182.879440540447831, 4752338.754190169274807 ], [ 8206289.363111972808838, 4752492.636177746579051 ], [ 8206403.41715769469738, 4752624.872673025354743 ], [ 8206525.360017816536129, 4752713.708875441923738 ], [ 8206690.476187836378813, 4752824.940536704845726 ], [ 8206834.487300212495029, 4752892.341305491514504 ], [ 8206993.738518455065787, 4752909.19404976349324 ], [ 8207109.987753150984645, 4752881.937745582312346 ], [ 8207211.606667117215693, 4752832.840785671025515 ], [ 8207292.136683885008097, 4752747.130020909011364 ], [ 8207337.060476164333522, 4752631.821576051414013 ], [ 8207338.962407656013966, 4752501.300085613504052 ], [ 8207333.658759177662432, 4752370.661537853069603 ], [ 8207363.853123031556606, 4752276.872509051114321 ], [ 8207458.787776151672006, 4752191.402341394685209 ], [ 8207568.025076295249164, 4752113.419881476089358 ], [ 8207670.266767291352153, 4752020.816470376215875 ], [ 8207772.717118463478982, 4751913.711431417614222 ], [ 8207809.689845798537135, 4751849.04639155138284 ] ] ] } },
{ "type": "Feature", "properties": { "layer": "LDLYAAE002" }, "geometry": { "type": "Polygon", "coordinates": [ [ [ 8340847.322185286320746, 4751680.959231827408075 ], [ 8340809.862015227787197, 4751562.288437653332949 ], [ 8340728.760219244286418, 4751389.569759347476065 ], [ 8340663.385226093232632, 4751299.146892911754549 ], [ 8340557.40229829121381, 4751208.810687981545925 ], [ 8340443.188761335797608, 4751151.422153628431261 ], [ 8340263.868857272900641, 4751094.1684764707461 ], [ 8340027.114024573937058, 4751061.728056208230555 ], [ 8339806.642195070162416, 4751053.946443415246904 ], [ 8339545.304662582464516, 4751062.707677181810141 ], [ 8339275.654504077509046, 4751087.94341903924942 ], [ 8339005.984935022890568, 4751121.404795914888382 ], [ 8338801.809390206821263, 4751130.034677425399423 ], [ 8338720.422817728482187, 4751105.494387792423368 ], [ 8338671.622688203118742, 4751015.029582366347313 ], [ 8338663.690098565071821, 4750908.021965200081468 ], [ 8338713.009528802707791, 4750759.743367122486234 ], [ 8338794.866273967549205, 4750669.029659621417522 ], [ 8338958.122054918669164, 4750594.621774399653077 ], [ 8339097.124008270911872, 4750561.420946082100272 ], [ 8339293.010514380410314, 4750552.801938941702247 ], [ 8339513.454009776934981, 4750568.826453445479274 ], [ 8339701.328506549820304, 4750593.144572454504669 ], [ 8339791.298635998740792, 4750576.497892876155674 ], [ 8339938.402978979051113, 4750518.572001961059868 ], [ 8340069.140304989181459, 4750477.14261557161808 ], [ 8340150.932165719568729, 4750411.116714686155319 ], [ 8340159.265269009396434, 4750328.778851225972176 ], [ 8340143.07440647482872, 4750205.332517088390887 ], [ 8340200.461732797324657, 4750147.590601490810513 ], [ 8340314.700826047919691, 4750130.889148768037558 ], [ 8340486.320841075852513, 4750114.065932482481003 ], [ 8340641.465148439630866, 4750113.738494087010622 ], [ 8340853.559580153785646, 4750162.677876451052725 ], [ 8341024.986536401323974, 4750244.629241779446602 ], [ 8341188.091492550447583, 4750351.292197148315609 ], [ 8341367.515598827041686, 4750466.150060459040105 ], [ 8341554.87148130312562, 4750589.220157155767083 ], [ 8341677.300068765878677, 4750679.504018108360469 ], [ 8341799.585294478572905, 4750728.625261073932052 ], [ 8341840.668645901605487, 4750712.069277472794056 ], [ 8341881.460111943073571, 4750613.19005758035928 ], [ 8341987.708313182927668, 4750563.557801257818937 ], [ 8342183.911580992862582, 4750563.114459568634629 ], [ 8342322.625922701321542, 4750620.423987917602062 ], [ 8342363.098043198697269, 4750694.42154835909605 ], [ 8342379.503123160451651, 4750776.707819226197898 ], [ 8342346.689235835336149, 4750859.107196516357362 ], [ 8342272.917732030153275, 4750949.833053292706609 ], [ 8342174.757338939234614, 4751040.614800952374935 ], [ 8342019.512157804332674, 4751147.990628237836063 ], [ 8341896.564570527523756, 4751271.757649110630155 ], [ 8341798.589680453762412, 4751379.00428643450141 ], [ 8341700.074013900011778, 4751535.649210261180997 ], [ 8341651.063647647388279, 4751659.254331502132118 ], [ 8341628.95341148879379, 4751820.511283754371107 ], [ 8341626.221044262871146, 4751840.439100260846317 ], [ 8341633.900835226289928, 4751980.387836017645895 ], [ 8341633.700987334363163, 4752145.057040715590119 ], [ 8341633.438630455173552, 4752342.663396804593503 ], [ 8341681.943066199310124, 4752548.398859780281782 ], [ 8341730.511334390379488, 4752721.202086719684303 ], [ 8341746.552695719525218, 4752877.612865172326565 ], [ 8341762.56350876390934, 4753050.494417897425592 ], [ 8341754.148009107448161, 4753182.261337286792696 ], [ 8341737.815245832316577, 4753239.938667755573988 ], [ 8341696.897446229122579, 4753281.201637072488666 ], [ 8341631.395154957659543, 4753306.050071140751243 ], [ 8341615.250376161187887, 4753322.555193804204464 ], [ 8341590.634961766190827, 4753322.609400783665478 ], [ 8341508.969845250248909, 4753314.555291211232543 ], [ 8341427.447769841179252, 4753290.0317103555426 ], [ 8341329.541007361374795, 4753174.964742700569332 ], [ 8341248.274552009068429, 4753018.691639764234424 ], [ 8341183.346004335209727, 4752804.746011811308563 ], [ 8341126.476527589373291, 4752590.786879145540297 ], [ 8341045.346064132638276, 4752368.650966283865273 ], [ 8340972.179649395868182, 4752138.268474223092198 ], [ 8340923.643313550390303, 4751957.237965515814722 ], [ 8340875.013629251159728, 4751767.977094364352524 ], [ 8340847.322185286320746, 4751680.959231827408075 ] ] ] } },
{ "type": "Feature", "properties": { "layer": "LDLYAAE002" }, "geometry": { "type": "MultiPolygon", "coordinates": [ [ [ [ 8300043.939301603473723, 4750786.61738576926291 ], [ 8299410.968195198103786, 4751068.919270957820117 ], [ 8298469.558075832203031, 4751378.774806511588395 ], [ 8298469.558075832203031, 4751378.774806511588395 ], [ 8298465.63785136025399, 4751332.972253853455186 ], [ 8298465.63785136025399, 4751332.972253853455186 ], [ 8298401.258710441179574, 4751182.016761612147093 ], [ 8298249.647456709295511, 4750947.05276829469949 ], [ 8298134.081094551831484, 4750694.175783067941666 ], [ 8298036.403685785830021, 4750459.397660486400127 ], [ 8297929.380384979769588, 4750296.73121677711606 ], [ 8297804.479209967888892, 4750115.972247382625937 ], [ 8297661.929063062183559, 4749872.03743998426944 ], [ 8297609.017426173202693, 4749673.490335404872894 ], [ 8297609.794521334581077, 4749520.209815632551908 ], [ 8297566.290187404491007, 4749240.568234558217227 ], [ 8297513.090146930888295, 4749114.30938409268856 ], [ 8297450.848862214945257, 4748961.004671642556787 ], [ 8297415.229735496453941, 4748879.83526477124542 ], [ 8297424.590710554271936, 4748798.817831641063094 ], [ 8297506.078810906969011, 4748682.022316921502352 ], [ 8297632.785286569967866, 4748511.347849021665752 ], [ 8297723.667142295278609, 4748304.535138545557857 ], [ 8297742.624014642089605, 4748088.481514005921781 ], [ 8297716.645296276547015, 4747863.278036210685968 ], [ 8297717.208863424137235, 4747737.216740272939205 ], [ 8297735.48036503046751, 4747674.246652680449188 ], [ 8297816.513981408439577, 4747656.507535863667727 ], [ 8297906.261314255185425, 4747701.827808875590563 ], [ 8298004.804379597306252, 4747792.199235414154828 ], [ 8298067.009744056500494, 4747963.492012510076165 ], [ 8298102.151219442486763, 4748152.707818610593677 ], [ 8298128.219225980341434, 4748359.906891608610749 ], [ 8298199.166006193496287, 4748549.247620527632535 ], [ 8298270.291930486448109, 4748684.559986579231918 ], [ 8298431.322531617246568, 4748811.162264254875481 ], [ 8298601.642834514379501, 4748883.760895741172135 ], [ 8298799.021601978689432, 4748938.433389097452164 ], [ 8299023.259474694728851, 4749011.199606864713132 ], [ 8299193.488362257368863, 4749101.800741449929774 ], [ 8299327.77760184276849, 4749192.285486958920956 ], [ 8299417.239629143849015, 4749264.615462679415941 ], [ 8299515.467357883229852, 4749391.158905111253262 ], [ 8299595.724324781447649, 4749517.64350832439959 ], [ 8299639.995400719344616, 4749653.032865493558347 ], [ 8299630.219029312953353, 4749815.304380222223699 ], [ 8299611.324365151114762, 4750004.600618047639728 ], [ 8299619.30036654882133, 4750212.019579779356718 ], [ 8299690.315431431867182, 4750392.588536686263978 ], [ 8299806.4423669250682, 4750537.231694077141583 ], [ 8299922.659584066830575, 4750663.840322668664157 ], [ 8300007.144085208885372, 4750749.28972930368036 ], [ 8300007.144085208885372, 4750749.28972930368036 ], [ 8300044.050624346360564, 4750786.617386572994292 ], [ 8300043.939301603473723, 4750786.61738576926291 ] ] ] ] } },
{ "type": "Feature", "properties": { "layer": "LDLYAAE002" }, "geometry": { "type": "MultiPolygon", "coordinates": [ [ [ [ 8320676.683689191937447, 4748876.943281511776149 ], [ 8320676.731601692736149, 4748877.063844775781035 ], [ 8320676.795011939480901, 4748876.943282307125628 ], [ 8320676.683689191937447, 4748876.943281511776149 ] ] ], [ [ [ 8320550.740845911204815, 4749092.679994794540107 ], [ 8320086.493732525967062, 4749683.434127970598638 ], [ 8319908.554248562082648, 4749878.110635034739971 ], [ 8319799.689581821672618, 4749992.607565098442137 ], [ 8319621.829577096737921, 4750164.29172246530652 ], [ 8319553.102125029079616, 4750238.723233751952648 ], [ 8319369.678020344115794, 4750398.885248865000904 ], [ 8318997.889814965426922, 4750648.995128219947219 ], [ 8318997.77849221881479, 4750648.995127422735095 ], [ 8319093.097276873886585, 4750661.748560328036547 ], [ 8319271.162573385052383, 4750629.053070304915309 ], [ 8319407.408011906780303, 4750523.849398914724588 ], [ 8319543.755946250632405, 4750388.472706259228289 ], [ 8319596.700278694741428, 4750358.455066548660398 ], [ 8319626.867835928685963, 4750366.086349508725107 ], [ 8319634.153526467271149, 4750441.539160004816949 ], [ 8319633.601901458576322, 4750599.945356927812099 ], [ 8319648.173811023123562, 4750750.854654104448855 ], [ 8319738.260587868280709, 4750894.442765650339425 ], [ 8319783.056331924162805, 4751037.900695620104671 ], [ 8319858.04970043990761, 4751181.447940725833178 ], [ 8319955.822685593739152, 4751287.343637610785663 ], [ 8320076.400940627790987, 4751348.041779709048569 ], [ 8320182.011506487615407, 4751370.976565076038241 ], [ 8320318.025637960992754, 4751333.64653485827148 ], [ 8320408.949549901299179, 4751235.836253928020597 ], [ 8320477.609671245329082, 4751024.808486823923886 ], [ 8320509.513943207450211, 4750894.648539557121694 ], [ 8320531.194631386548281, 4750806.198128087446094 ], [ 8320599.95111922826618, 4750565.005586570128798 ], [ 8320668.525943191722035, 4750376.619374420493841 ], [ 8320759.666758426465094, 4750210.928394229151309 ], [ 8320888.368300203233957, 4750098.144755139015615 ], [ 8321085.075973689556122, 4749962.921483967453241 ], [ 8321501.293249059468508, 4749639.732644204050303 ], [ 8321592.165635235607624, 4749549.470288020558655 ], [ 8321713.227673484012485, 4749459.289786389097571 ], [ 8321856.954852069728076, 4749361.62762741651386 ], [ 8322083.751444304361939, 4749249.335571027360857 ], [ 8322310.494668808765709, 4749152.120187662541866 ], [ 8322537.137041862122715, 4749084.998462268151343 ], [ 8322748.753358065150678, 4748995.259687745943666 ], [ 8322914.850038905628026, 4748875.62653960287571 ], [ 8323080.976192710921168, 4748733.456360137090087 ], [ 8323193.958581098355353, 4748560.594705689698458 ], [ 8323231.818681437522173, 4748372.656874499283731 ], [ 8323217.219270717352629, 4748169.773758232593536 ], [ 8323172.480408892966807, 4748042.089609627611935 ], [ 8323022.538689646869898, 4747786.33168136421591 ], [ 8322856.99556171707809, 4747642.928574700839818 ], [ 8322661.216616471298039, 4747544.497612804174423 ], [ 8322420.232644097879529, 4747438.376693642698228 ], [ 8322239.443874130956829, 4747385.08360218256712 ], [ 8322133.983467652462423, 4747354.620743723586202 ], [ 8322058.610716080293059, 4747354.330434645526111 ], [ 8321990.665823184885085, 4747406.669850735925138 ], [ 8321975.450895472429693, 4747474.241893980652094 ], [ 8322043.053931477479637, 4747587.221407066099346 ], [ 8322238.719569180160761, 4747738.267526539973915 ], [ 8322419.377144447527826, 4747859.195015302859247 ], [ 8322577.379876879043877, 4748002.579842317849398 ], [ 8322720.311476393602788, 4748145.906768743880093 ], [ 8322787.927606529556215, 4748258.889074454084039 ], [ 8322802.748378969728947, 4748386.702943718060851 ], [ 8322749.801456164568663, 4748476.685580592602491 ], [ 8322644.131798334419727, 4748543.922743613831699 ], [ 8322485.738753828220069, 4748588.41231909301132 ], [ 8322266.78540319390595, 4748662.919606937095523 ], [ 8322070.290870933793485, 4748745.16189309488982 ], [ 8321934.195557496510446, 4748820.039292890578508 ], [ 8321775.308846170082688, 4748940.000124155543745 ], [ 8321669.176375320181251, 4749082.67655689176172 ], [ 8321245.216341678053141, 4749473.093686717562377 ], [ 8321161.9395397817716, 4749548.288047255016863 ], [ 8321063.767505357041955, 4749563.100930036976933 ], [ 8320973.344860473647714, 4749517.594067358411849 ], [ 8320868.23345141671598, 4749351.367357605136931 ], [ 8320763.428193863481283, 4749095.222706404514611 ], [ 8320676.731601692736149, 4748877.063844775781035 ], [ 8320652.272926623001695, 4748923.567450245842338 ], [ 8320550.740845911204815, 4749092.679994794540107 ] ] ] ] } },
{ "type": "Feature", "properties": { "layer": "LDLYAAE002" }, "geometry": { "type": "MultiPolygon", "coordinates": [ [ [ [ 8304256.095373760908842, 4749040.591579680331051 ], [ 8303885.680157328955829, 4749356.351330142468214 ], [ 8303478.134143399074674, 4749602.971318800933659 ], [ 8303194.883287696167827, 4749672.674010540358722 ], [ 8302092.535054971463978, 4749978.331868306733668 ], [ 8302092.535054971463978, 4749978.331868306733668 ], [ 8302075.943496195599437, 4749915.465253820642829 ], [ 8302075.943496195599437, 4749915.465253820642829 ], [ 8301994.171919253654778, 4749696.227544397115707 ], [ 8301878.5680629350245, 4749434.407447698526084 ], [ 8301790.315900947898626, 4749109.751543522812426 ], [ 8301687.122444274835289, 4748226.929044455289841 ], [ 8301696.627018094062805, 4748127.903204716742039 ], [ 8301723.770248454064131, 4748091.963908089324832 ], [ 8301822.6014054864645, 4748092.253777385689318 ], [ 8301929.711781537160277, 4748227.639902966096997 ], [ 8302081.37395232077688, 4748435.19630946777761 ], [ 8302241.793722495436668, 4748687.806524071842432 ], [ 8302411.066903544589877, 4748967.462889752350748 ], [ 8302526.621190216392279, 4749210.946927891112864 ], [ 8302615.449510684236884, 4749427.517185429111123 ], [ 8302704.567182335071266, 4749590.069692991673946 ], [ 8302803.248761018738151, 4749626.415972941555083 ], [ 8302947.189072635024786, 4749590.75567084364593 ], [ 8303100.277482858859003, 4749519.052261117845774 ], [ 8303244.418638106435537, 4749438.305738591589034 ], [ 8303343.385160544887185, 4749411.531420395709574 ], [ 8303469.065476276911795, 4749438.929031527601182 ], [ 8303558.722175098955631, 4749484.259480684064329 ], [ 8303621.623510628938675, 4749484.432453813962638 ], [ 8303666.714429670013487, 4749448.489998858422041 ], [ 8303649.347613618709147, 4749313.195049264468253 ], [ 8303587.660231500864029, 4749069.833380445837975 ], [ 8303517.328131069429219, 4748763.451501257717609 ], [ 8303446.909036360681057, 4748475.088391298428178 ], [ 8303439.295327678322792, 4748204.916878936812282 ], [ 8303511.949700972996652, 4748052.035615448839962 ], [ 8303629.069004593417048, 4747989.325150755234063 ], [ 8303745.641703984700143, 4748034.668542693369091 ], [ 8303906.730708759278059, 4748161.175468854606152 ], [ 8304040.914537721313536, 4748278.60368449613452 ], [ 8304139.026490598917007, 4748422.949316624552011 ], [ 8304218.720519112423062, 4748657.299049630761147 ], [ 8304262.566774888895452, 4748873.546402280218899 ], [ 8304255.984051018022001, 4749040.591578878462315 ], [ 8304256.095373760908842, 4749040.591579680331051 ] ] ] ] } },
{ "type": "Feature", "properties": { "layer": "LDLYAAE002" }, "geometry": { "type": "Polygon", "coordinates": [ [ [ 8333808.340589007362723, 4749546.560106138698757 ], [ 8333733.653715093620121, 4749690.54329073894769 ], [ 8333620.095799006521702, 4749864.470812067389488 ], [ 8333518.49964175093919, 4750014.415120500139892 ], [ 8333452.673152972012758, 4750152.32608113437891 ], [ 8333380.810370303690434, 4750326.20040696952492 ], [ 8333297.029294230043888, 4750500.093544281087816 ], [ 8333195.486312431283295, 4750620.081621798686683 ], [ 8333105.934560936875641, 4750704.098465894348919 ], [ 8333022.352536743506789, 4750782.114835075102746 ], [ 8332914.870915482752025, 4750890.125920780003071 ], [ 8332813.3718805257231, 4750986.14384110737592 ], [ 8332759.511331613175571, 4751094.083891470916569 ], [ 8332729.457600308582187, 4751213.978628931567073 ], [ 8332735.258701842278242, 4751285.88447807636112 ], [ 8332782.835167500190437, 4751327.771117412485182 ], [ 8332866.241273632273078, 4751333.652194296009839 ], [ 8333009.245788893662393, 4751333.459656215272844 ], [ 8333211.912120481953025, 4751297.22573119122535 ], [ 8333474.174588256515563, 4751254.911882049404085 ], [ 8333599.377920670434833, 4751218.77881256211549 ], [ 8333694.901169411838055, 4751128.752047285437584 ], [ 8333802.314154658466578, 4751050.693211172707379 ], [ 8333939.591813300736248, 4750936.635061945766211 ], [ 8334076.866060226224363, 4750822.576303822919726 ], [ 8334166.41082906909287, 4750738.54981813300401 ], [ 8334244.050035772845149, 4750648.548120533116162 ], [ 8334327.573096645064652, 4750594.492486568167806 ], [ 8334458.735470921732485, 4750552.349688732996583 ], [ 8334607.782703500241041, 4750504.185977379791439 ], [ 8334697.260359453968704, 4750450.11906720045954 ], [ 8334762.965044643729925, 4750366.126332693733275 ], [ 8334798.938515808433294, 4750252.218698932789266 ], [ 8334805.157624111510813, 4750120.381080752238631 ], [ 8334787.403014373965561, 4750060.487231663428247 ], [ 8334721.986705842427909, 4750000.666354648768902 ], [ 8334662.46923787239939, 4749970.79671033564955 ], [ 8334608.82596833165735, 4749982.862217643298209 ], [ 8334572.995312908664346, 4750024.860782192088664 ], [ 8334560.815697269514203, 4750156.705951068550348 ], [ 8334536.803743280470371, 4750246.625018618069589 ], [ 8334471.146418223157525, 4750306.646009505726397 ], [ 8334381.692839613184333, 4750348.725626743398607 ], [ 8334256.515274105593562, 4750378.873280212283134 ], [ 8334149.271900023333728, 4750379.03119377233088 ], [ 8334125.489490197040141, 4750355.097171451896429 ], [ 8334131.533356726169586, 4750313.142279015854001 ], [ 8334221.500681187026203, 4750019.39399256836623 ], [ 8334215.762995704077184, 4749911.545508224517107 ], [ 8334263.570662288926542, 4749839.570863706059754 ], [ 8334302.06578803062439, 4749793.167339156381786 ], [ 8334323.292932174168527, 4749767.578923163935542 ], [ 8334412.790203413926065, 4749701.534348876215518 ], [ 8334502.28598624188453, 4749635.48972516041249 ], [ 8334603.683620947413146, 4749575.41813894174993 ], [ 8334740.801110943779349, 4749527.275259162299335 ], [ 8334919.595270570367575, 4749491.049665227532387 ], [ 8335098.318358481861651, 4749490.771808854304254 ], [ 8335324.735451374202967, 4749472.440077128820121 ], [ 8335551.185832194052637, 4749436.127602882683277 ], [ 8335712.126314212568104, 4749387.933691015467048 ], [ 8335926.621926307678223, 4749363.645369696430862 ], [ 8336129.023853239603341, 4749363.334584503434598 ], [ 8336313.537429693154991, 4749321.257431974634528 ], [ 8336509.9869972942397, 4749249.321153337135911 ], [ 8336676.682419114746153, 4749177.43255165964365 ], [ 8336819.531597800552845, 4749141.385276505723596 ], [ 8336867.169344702735543, 4749111.467607607133687 ], [ 8336908.891819475218654, 4749051.725303743965924 ], [ 8336914.919976989738643, 4748986.078199588693678 ], [ 8336891.190662966109812, 4748926.449528195895255 ], [ 8336837.711175953969359, 4748866.872964068315923 ], [ 8336772.317660718224943, 4748819.250542968511581 ], [ 8336700.974790871143341, 4748771.637806546874344 ], [ 8336641.488954335451126, 4748759.805877787061036 ], [ 8336546.250389577820897, 4748759.851719225756824 ], [ 8336433.134013795293868, 4748759.844315675087273 ], [ 8336308.107057225890458, 4748765.811514765955508 ], [ 8336224.746197340078652, 4748783.736092674545944 ], [ 8336171.140308884903789, 4748819.594892564229667 ], [ 8336105.626943136565387, 4748855.452219234779477 ], [ 8336046.074832683429122, 4748879.35541822668165 ], [ 8335909.074521839618683, 4748903.404193159192801 ], [ 8335599.289416120387614, 4748927.816476001404226 ], [ 8335295.506136476993561, 4748892.435631503351033 ], [ 8334955.977640409953892, 4748863.078119078651071 ], [ 8334681.983388980850577, 4748827.633093426935375 ], [ 8334473.487522183917463, 4748827.946707373484969 ], [ 8334312.627335642464459, 4748852.095405863597989 ], [ 8334223.214463723823428, 4748917.978478509932756 ], [ 8334163.580827326513827, 4748989.794814955443144 ], [ 8333808.340589007362723, 4749546.560106138698757 ] ] ] } },
{ "type": "Feature", "properties": { "layer": "LDLYAAE002" }, "geometry": { "type": "MultiPolygon", "coordinates": [ [ [ [ 8322721.042814455926418, 4744691.737747775390744 ], [ 8322313.920117195695639, 4745098.354438616894186 ], [ 8321858.136433286592364, 4745906.835630160756409 ], [ 8321680.464199919253588, 4746412.449848587624729 ], [ 8321606.583742984570563, 4746768.397023698315024 ], [ 8321606.472420238889754, 4746768.397022901102901 ], [ 8321923.956382310017943, 4746865.383023248054087 ], [ 8322300.771809943951666, 4746881.860975129529834 ], [ 8322692.798211573623121, 4746830.755842779763043 ], [ 8322994.422823965549469, 4746756.753864886239171 ], [ 8323302.54099353775382, 4746711.844447427429259 ], [ 8323692.422043650411069, 4746696.202773235738277 ], [ 8323999.734418108128011, 4746733.277807698585093 ], [ 8324336.91286887973547, 4746837.919702814891934 ], [ 8324883.713590481318533, 4747115.019392558373511 ], [ 8326216.69619114510715, 4748054.082895579747856 ], [ 8327010.34276525862515, 4748783.34222711995244 ], [ 8327089.295361187309027, 4748837.863714734092355 ], [ 8327089.295361187309027, 4748837.863714734092355 ], [ 8327145.224436549469829, 4748843.434075015597045 ], [ 8327220.258546746335924, 4748813.279272574931383 ], [ 8327235.326450550928712, 4748768.122054222971201 ], [ 8327235.391656843945384, 4748726.435312382876873 ], [ 8327235.391656843945384, 4748726.435312382876873 ], [ 8327235.491064425557852, 4748662.78339977748692 ], [ 8327205.720207658596337, 4748519.848433589562774 ], [ 8327131.042996795848012, 4748324.28246206510812 ], [ 8327041.419503993354738, 4748098.636095700785518 ], [ 8326966.68881646450609, 4747940.694891921244562 ], [ 8326817.053250364027917, 4747737.670186715200543 ], [ 8326629.886304810643196, 4747564.767293787561357 ], [ 8326382.756594041362405, 4747384.38241302408278 ], [ 8326135.585964503698051, 4747234.08691662736237 ], [ 8325910.888975492678583, 4747098.819126757793128 ], [ 8325716.17484048102051, 4746971.052414201200008 ], [ 8325573.971655770204961, 4746828.278696381486952 ], [ 8324637.94940444547683, 4746206.261310529895127 ], [ 8324271.122357335872948, 4745928.877575563266873 ], [ 8324181.275325744412839, 4745868.919092227704823 ], [ 8324031.527982393279672, 4745771.4920355649665 ], [ 8323889.265591273084283, 4745681.564526393078268 ], [ 8323836.93302103318274, 4745606.517936964519322 ], [ 8323867.06081182602793, 4745531.339181300252676 ], [ 8323972.206540290266275, 4745425.987227329984307 ], [ 8324024.919874597340822, 4745298.18252232298255 ], [ 8324017.592978183180094, 4745208.040785187855363 ], [ 8323950.340842608362436, 4745095.458639430813491 ], [ 8323830.576537129469216, 4745005.500033698044717 ], [ 8323650.718001306056976, 4744983.249985231086612 ], [ 8323395.887469714507461, 4744968.626663016155362 ], [ 8323216.074590001255274, 4744923.831011743284762 ], [ 8323020.784151809290051, 4744855.983830449171364 ], [ 8322721.154137201607227, 4744691.737748570740223 ], [ 8322721.042814455926418, 4744691.737747775390744 ] ] ] ] } },
{ "type": "Feature", "properties": { "layer": "LDLYAAE002" }, "geometry": { "type": "Polygon", "coordinates": [ [ [ 8340137.672891398891807, 4748716.486483186483383 ], [ 8340011.502818051725626, 4748775.66170306224376 ], [ 8339877.398638937622309, 4748818.018805582076311 ], [ 8339575.153419667854905, 4748919.629522355273366 ], [ 8339381.990479814819992, 4749046.268179967068136 ], [ 8339197.072571463882923, 4749206.556574332527816 ], [ 8339113.134828411974013, 4749324.562090212479234 ], [ 8339062.475886397995055, 4749493.606117558665574 ], [ 8338986.422886752523482, 4749730.691118370741606 ], [ 8338876.918072623200715, 4749908.609971702098846 ], [ 8338725.456277702003717, 4750027.375177905894816 ], [ 8338607.678836560808122, 4750095.300307852216065 ], [ 8338397.73066087346524, 4750138.012275221757591 ], [ 8338129.35671048797667, 4750130.055260405875742 ], [ 8337843.787956561893225, 4750105.197401941753924 ], [ 8337625.85817950591445, 4750063.284326010383666 ], [ 8337399.371854106895626, 4749995.994977496564388 ], [ 8337214.786758333444595, 4749911.7019436173141 ], [ 8337114.236189965158701, 4749835.720131262205541 ], [ 8337097.698114604689181, 4749776.51453367434442 ], [ 8337122.887103337794542, 4749725.697182794101536 ], [ 8337173.440607444383204, 4749691.759401279501617 ], [ 8337248.880439664237201, 4749640.852623435668647 ], [ 8337324.575307452119887, 4749623.793701618909836 ], [ 8337467.362034741789103, 4749631.999618256464601 ], [ 8337601.566095746122301, 4749674.066956392489374 ], [ 8337735.656070683151484, 4749766.905611590482295 ], [ 8337894.84141690377146, 4749800.461240326054394 ], [ 8338130.170304308645427, 4749766.175965349189937 ], [ 8338314.912731475196779, 4749681.207778522744775 ], [ 8338407.543285730294883, 4749596.412722778506577 ], [ 8338432.688730113208294, 4749511.745032834820449 ], [ 8338416.410967372357845, 4749384.817965689115226 ], [ 8338332.563556078821421, 4749300.802713164128363 ], [ 8338223.390211193822324, 4749250.503426709212363 ], [ 8337812.370114963501692, 4749116.586409544572234 ], [ 8337686.433330687694252, 4749049.47848704829812 ], [ 8337560.666350815445185, 4748931.867814863100648 ], [ 8337434.80086312815547, 4748805.839681381359696 ], [ 8337300.917995390482247, 4748646.15982676576823 ], [ 8337250.444839941337705, 4748553.665497906506062 ], [ 8337250.755013731308281, 4748477.91602580063045 ], [ 8337267.569914005696774, 4748452.636813164688647 ], [ 8337326.116146749816835, 4748435.699675559066236 ], [ 8337410.28581652790308, 4748418.717447220347822 ], [ 8337594.704234492965043, 4748418.386822634376585 ], [ 8337737.372285424731672, 4748426.545226197689772 ], [ 8337938.948265744373202, 4748493.510289454832673 ], [ 8338140.28661597147584, 4748577.304890325292945 ], [ 8338408.868337371386588, 4748568.386778746731579 ], [ 8338635.511053580790758, 4748534.291257092729211 ], [ 8338904.055066961795092, 4748449.610652508214116 ], [ 8339122.428148789331317, 4748398.687859035097063 ], [ 8339348.881959023885429, 4748322.494739947840571 ], [ 8339491.644474040716887, 4748229.631577879190445 ], [ 8339584.295100978575647, 4748111.618776028975844 ], [ 8339576.003998074680567, 4748002.224823927506804 ], [ 8339525.51292666234076, 4747909.747668058611453 ], [ 8339399.921966561116278, 4747834.252994300797582 ], [ 8339240.508800799958408, 4747792.487193690612912 ], [ 8339013.97554583940655, 4747734.017691940069199 ], [ 8338661.3315584724769, 4747684.200243321247399 ], [ 8338426.49714745208621, 4747650.981996012851596 ], [ 8338384.647960771806538, 4747651.06083338521421 ], [ 8338325.911884007044137, 4747642.755266638472676 ], [ 8338040.642761844210327, 4747584.374440153129399 ], [ 8337738.526932370848954, 4747534.261351222172379 ], [ 8337444.657457203604281, 4747492.120714775286615 ], [ 8337352.305749571882188, 4747466.831350815482438 ], [ 8337301.953138535842299, 4747416.249143684282899 ], [ 8337310.15630395244807, 4747365.666333418339491 ], [ 8337352.396116703748703, 4747306.652904762886465 ], [ 8337436.178137107752264, 4747239.208178190514445 ], [ 8337545.594663606025279, 4747171.762075935490429 ], [ 8337889.964225808158517, 4746960.9887685040012 ], [ 8337999.036167323589325, 4746901.96979399304837 ], [ 8338133.27998473495245, 4746876.667849283665419 ], [ 8338200.5581721868366, 4746885.091269674710929 ], [ 8338334.761852259747684, 4746944.087069200351834 ], [ 8338452.337334301322699, 4747011.347011015750468 ], [ 8338670.322357574477792, 4747095.087174518033862 ], [ 8338913.655964286066592, 4747119.866172315552831 ], [ 8339652.144089056178927, 4747219.398548156954348 ], [ 8339887.134609183296561, 4747319.91180966142565 ], [ 8340063.260129612870514, 4747437.372063578106463 ], [ 8340247.523193455301225, 4747596.892523197457194 ], [ 8340449.007467339746654, 4747773.20930325333029 ], [ 8340675.508314039558172, 4747882.142929281108081 ], [ 8340927.204652206040919, 4747974.186538410373032 ], [ 8341178.813310424797237, 4748040.976405010558665 ], [ 8341472.64206769503653, 4748065.587187117896974 ], [ 8341674.08561734855175, 4748031.480095471255481 ], [ 8341850.157727876678109, 4747955.34413805603981 ], [ 8342043.368586623109877, 4747845.503781725652516 ], [ 8342253.348655417561531, 4747752.454734343104064 ], [ 8342454.783369629643857, 4747718.333037719130516 ], [ 8342605.588296483270824, 4747768.482609587721527 ], [ 8342698.052546318620443, 4747886.094613200984895 ], [ 8342773.470530219376087, 4748071.075688727200031 ], [ 8342815.219363864511251, 4748239.304782848805189 ], [ 8342806.602753277868032, 4748424.486141861416399 ], [ 8342756.375624969601631, 4748576.1015689028427 ], [ 8342655.603443662635982, 4748668.91777257155627 ], [ 8342487.705999294295907, 4748728.220243528485298 ], [ 8342294.510804300196469, 4748795.994567094370723 ], [ 8342059.370440795086324, 4748830.191958920098841 ], [ 8341774.185348983854055, 4748889.74653631541878 ], [ 8341555.907815757207572, 4748965.98050010856241 ], [ 8341430.015912190079689, 4748957.838945705443621 ], [ 8341245.390693126246333, 4748924.572180019691586 ], [ 8341077.468007457442582, 4748857.598540469072759 ], [ 8340834.259723830968142, 4748757.116029407829046 ], [ 8340624.266083541326225, 4748690.224817886948586 ], [ 8340473.422020267695189, 4748682.12433928437531 ], [ 8340288.768971126526594, 4748690.924657908268273 ], [ 8340137.672891398891807, 4748716.486483186483383 ] ] ] } },
{ "type": "Feature", "properties": { "layer": "LDLYAAE002" }, "geometry": { "type": "MultiPolygon", "coordinates": [ [ [ [ 8332013.050521845929325, 4747744.566959956660867 ], [ 8332080.336417363025248, 4747766.995785956270993 ], [ 8332270.196094976738095, 4747786.465293725952506 ], [ 8332505.694425584748387, 4747779.591965902596712 ], [ 8332741.664656242355704, 4747746.433007018640637 ], [ 8333003.607395456172526, 4747706.663502184674144 ], [ 8333173.882309356704354, 4747667.013195628300309 ], [ 8333285.110895160585642, 4747634.011173075996339 ], [ 8333363.712444403208792, 4747601.053338625468314 ], [ 8333586.555407415144145, 4747475.916148444637656 ], [ 8333665.043432511389256, 4747442.956462430767715 ], [ 8333756.731153609231114, 4747416.547483509406447 ], [ 8333854.953487993218005, 4747403.267603436484933 ], [ 8333959.57082321215421, 4747435.965721884742379 ], [ 8334162.582064037211239, 4747514.507705462165177 ], [ 8334391.686188074760139, 4747579.867866367101669 ], [ 8334640.357384701259434, 4747605.774150252342224 ], [ 8334856.424878775142133, 4747605.445403383113444 ], [ 8335131.632079033181071, 4747618.159616263583302 ], [ 8335308.389493117108941, 4747650.731697969138622 ], [ 8335465.272958646528423, 4747696.471810297109187 ], [ 8335635.693669009022415, 4747748.758341317996383 ], [ 8335720.686917163431644, 4747768.330827474594116 ], [ 8335818.910126441158354, 4747755.031630119308829 ], [ 8335930.158614718355238, 4747682.58019352145493 ], [ 8336113.481257564388216, 4747597.071798047050834 ], [ 8336270.791110761463642, 4747537.958600505255163 ], [ 8336401.586482120677829, 4747485.410959931090474 ], [ 8336466.949646333232522, 4747426.28784725163132 ], [ 8336480.310443704947829, 4747347.452001634985209 ], [ 8336473.694142417982221, 4747288.324441578239202 ], [ 8336414.935964602045715, 4747255.471969593316317 ], [ 8336198.900139134377241, 4747242.314170319586992 ], [ 8335753.654429459944367, 4747295.251427168026567 ], [ 8335642.335759410634637, 4747315.14037087187171 ], [ 8335498.508022186346352, 4747328.510872309096158 ], [ 8335216.866940644569695, 4747322.386708057485521 ], [ 8334974.753919152542949, 4747289.915631473064423 ], [ 8334778.361702096648514, 4747257.369049048051238 ], [ 8334588.312259164638817, 4747205.10005319211632 ], [ 8334424.898510551080108, 4747152.788678397424519 ], [ 8334267.688570427708328, 4747113.604138920083642 ], [ 8334130.121026268228889, 4747074.38872592523694 ], [ 8334012.301471184007823, 4747041.712894105352461 ], [ 8333901.000220076180995, 4747041.873420628719032 ], [ 8333776.592618546448648, 4747055.190739906392992 ], [ 8333645.842102687805891, 4747088.224019783549011 ], [ 8333514.855477978475392, 4747134.39478210080415 ], [ 8333351.112627932801843, 4747200.318552513606846 ], [ 8333134.983159864321351, 4747272.880849477835 ], [ 8332918.640704658813775, 4747332.299652288667858 ], [ 8332755.048917783424258, 4747352.226591904647648 ], [ 8332663.517721283249557, 4747332.638617287389934 ], [ 8332571.923180501908064, 4747267.062168719246984 ], [ 8332565.353215109556913, 4747181.665900143794715 ], [ 8332591.664080753922462, 4747063.379933387041092 ], [ 8332663.955619042739272, 4746905.618661317974329 ], [ 8332742.589365552179515, 4746728.142749121412635 ], [ 8332788.715688622556627, 4746544.143414152786136 ], [ 8332913.145220458507538, 4746281.214025246910751 ], [ 8333005.125026361085474, 4746175.987420652061701 ], [ 8333129.574295982718468, 4746110.129532209597528 ], [ 8333280.090227264910936, 4746050.803765134885907 ], [ 8333555.005830341018736, 4745971.595436657778919 ], [ 8333816.887339193373919, 4745944.949091876856983 ], [ 8334137.884950047358871, 4745944.485446915030479 ], [ 8334464.966687793843448, 4745963.707813992165029 ], [ 8334759.518893510103226, 4746009.245028943754733 ], [ 8334969.059459672309458, 4746081.180858832783997 ], [ 8335198.136450575664639, 4746146.513424902223051 ], [ 8335518.975523742847145, 4746218.263897408731282 ], [ 8335590.881537055596709, 4746211.579627870582044 ], [ 8335669.464590098708868, 4746178.608320391736925 ], [ 8335721.986435942351818, 4746125.972131858579814 ], [ 8335734.991854436695576, 4746093.106579804793 ], [ 8335715.534987170249224, 4745994.605370728299022 ], [ 8335669.535278125666082, 4745928.991443890146911 ], [ 8335558.406066618859768, 4745863.483089940622449 ], [ 8335362.054734117351472, 4745811.246220630593598 ], [ 8335100.33834246173501, 4745778.81402132473886 ], [ 8334871.03152971342206, 4745733.187682429328561 ], [ 8334380.199183953925967, 4745701.085925278253853 ], [ 8334203.561280179768801, 4745701.347072704695165 ], [ 8334020.084262141957879, 4745655.634340344928205 ], [ 8333817.44526597764343, 4745577.103533150628209 ], [ 8333607.756623215042055, 4745564.264143434353173 ], [ 8333483.577099966816604, 4745590.712731081992388 ], [ 8333326.417995442636311, 4745643.479688576422632 ], [ 8333156.040529035031796, 4745709.399297150783241 ], [ 8333018.589060540311038, 4745801.547400060109794 ], [ 8332894.018453050404787, 4745880.539081546477973 ], [ 8332795.880664149299264, 4745933.2201953753829 ], [ 8332730.153610090725124, 4745972.719858031719923 ], [ 8332664.844561530277133, 4746038.494254783727229 ], [ 8332612.317089196294546, 4746189.647455440834165 ], [ 8332618.596623812802136, 4746340.725864784792066 ], [ 8332605.388345110230148, 4746452.417098753154278 ], [ 8332520.159734894521534, 4746675.880657009780407 ], [ 8332447.97860661521554, 4746833.63734954316169 ], [ 8332382.286586728878319, 4746938.831862081773579 ], [ 8332152.787846563383937, 4747162.487050950527191 ], [ 8332054.730922044254839, 4747228.306691275909543 ], [ 8331904.537566783837974, 4747329.859090264886618 ], [ 8331904.537566783837974, 4747329.859090264886618 ], [ 8331812.292801226489246, 4747399.419019598513842 ], [ 8331753.285940579138696, 4747471.758298380300403 ], [ 8331727.008056345395744, 4747550.627830622717738 ], [ 8331740.037113321945071, 4747609.740411789156497 ], [ 8331864.345243458636105, 4747694.99583491589874 ], [ 8332013.050521845929325, 4747744.566959956660867 ] ] ] ] } },
{ "type": "Feature", "properties": { "layer": "LDLYAAE002" }, "geometry": { "type": "Polygon", "coordinates": [ [ [ 8210933.934120424091816, 4745613.034209693782032 ], [ 8210983.167204681783915, 4745663.927046485245228 ], [ 8211081.789771802723408, 4745749.025485832244158 ], [ 8211228.517726617865264, 4745935.078529476188123 ], [ 8211227.034265247173607, 4746035.203042748384178 ], [ 8211208.044239855371416, 4746168.427030864171684 ], [ 8211156.791430086828768, 4746251.034838417544961 ], [ 8211072.632596430368721, 4746316.400480665266514 ], [ 8210963.377561234869063, 4746389.694029742851853 ], [ 8210819.94931754656136, 4746504.151610744185746 ], [ 8210751.761557380668819, 4746611.51484309323132 ], [ 8210741.040891041047871, 4746761.572860107757151 ], [ 8210771.836114717647433, 4746903.983271921984851 ], [ 8210836.384277239441872, 4747038.606522404588759 ], [ 8210909.810057644732296, 4747131.646393259987235 ], [ 8210975.070606177672744, 4747207.858784188516438 ], [ 8211007.380844973027706, 4747283.51637002453208 ], [ 8210997.861223173327744, 4747358.480663061141968 ], [ 8210946.866741293109953, 4747424.407146535813808 ], [ 8210896.293567628599703, 4747456.953914529643953 ], [ 8210788.091168514452875, 4747463.493571269325912 ], [ 8210505.069035318680108, 4747450.422053140588105 ], [ 8210321.839334242977202, 4747464.049141311086714 ], [ 8210229.477229468524456, 4747520.931068660691381 ], [ 8210144.432411406189203, 4747619.676915773190558 ], [ 8210076.073459989391267, 4747743.73713082075119 ], [ 8210041.313052796758711, 4747834.975698053836823 ], [ 8210015.748580038547516, 4747889.046571147628129 ], [ 8209921.325604964978993, 4748131.341025195084512 ], [ 8209933.14530864264816, 4748375.109377271495759 ], [ 8210081.444201856851578, 4748635.99342305585742 ], [ 8210321.22854006383568, 4748837.244476649910212 ], [ 8210669.355618229135871, 4748887.720710628665984 ], [ 8210852.654647146351635, 4748783.660021129995584 ], [ 8211081.772596890106797, 4748680.221360142342746 ], [ 8211263.933606694452465, 4748667.49354209471494 ], [ 8211414.115403117612004, 4748776.132637862116098 ], [ 8211517.666683839634061, 4748960.265660710632801 ], [ 8211591.831658295355737, 4749083.091599765233696 ], [ 8211601.368117931298912, 4749089.664520972408354 ], [ 8211710.436695426702499, 4749181.35335405357182 ], [ 8211829.644586247391999, 4749259.618353510275483 ], [ 8211833.368503850884736, 4749262.201285012066364 ], [ 8212018.300018382258713, 4749385.869629757478833 ], [ 8212169.39788026176393, 4749529.080373252741992 ], [ 8212261.124182963743806, 4749637.804631522856653 ], [ 8212305.809787948615849, 4749772.552228224463761 ], [ 8212337.376924315467477, 4749900.381857393309474 ], [ 8212322.352833329699934, 4750000.645087015815079 ], [ 8212241.12803462240845, 4750099.805837594904006 ], [ 8212099.684773945249617, 4750191.274134065024555 ], [ 8211952.066694579087198, 4750249.134888740256429 ], [ 8211792.240199585445225, 4750253.179169956594706 ], [ 8211278.867984851822257, 4750258.043403363786638 ], [ 8211071.968019328080118, 4750274.697394968941808 ], [ 8210970.587038687430322, 4750353.419410810805857 ], [ 8210922.075258870609105, 4750493.324303887784481 ], [ 8210887.065846442244947, 4750606.65573847759515 ], [ 8210826.388052098453045, 4750652.549616848118603 ], [ 8210673.096435920335352, 4750649.988061227835715 ], [ 8210533.61949704401195, 4750607.451486108824611 ], [ 8210302.154857196845114, 4750489.658471034839749 ], [ 8210110.472396810539067, 4750379.231419204734266 ], [ 8209898.577622373588383, 4750268.466466759331524 ], [ 8209586.86521259136498, 4750176.113868795335293 ], [ 8209328.140455937944353, 4750084.650988962501287 ], [ 8209128.407983932644129, 4750067.882530481554568 ], [ 8209061.272880092263222, 4750106.951789150945842 ], [ 8209032.48519385419786, 4750233.782673864625394 ], [ 8209030.433545838110149, 4750387.897538526915014 ], [ 8209074.357092765159905, 4750576.346618098206818 ], [ 8209091.029790710657835, 4750791.178833019919693 ], [ 8209062.098837723024189, 4750965.034924534149468 ], [ 8208960.123260910622776, 4751090.774505044333637 ], [ 8208812.705425779335201, 4751148.717555114999413 ], [ 8208679.799198632128537, 4751139.839486720040441 ], [ 8208587.010898653417826, 4751098.094765112735331 ], [ 8208371.51913845539093, 4750802.898975761607289 ], [ 8208326.443770159967244, 4750694.882552570663393 ], [ 8208269.280317098833621, 4750486.100332220084965 ], [ 8208245.964776549488306, 4750271.16441900935024 ], [ 8208249.429718828760087, 4750016.451759432442486 ], [ 8208252.340387227013707, 4749815.367535896599293 ], [ 8208262.231012878008187, 4749607.693476051092148 ], [ 8208258.127074711024761, 4749419.97766712680459 ], [ 8208227.451172138564289, 4749258.650353732518852 ], [ 8208176.05745995324105, 4749130.47815574426204 ], [ 8208111.640890987589955, 4748981.986145848408341 ], [ 8208053.081428338773549, 4748887.194117145612836 ], [ 8208014.817226768471301, 4748772.647937685251236 ], [ 8208009.244075021706522, 4748685.460504779592156 ], [ 8208011.870582049712539, 4748511.313888913951814 ], [ 8208074.643807274289429, 4748338.32715914491564 ], [ 8208191.603923361748457, 4748106.382853799499571 ], [ 8208410.88870806619525, 4747735.821390775963664 ], [ 8208479.472330676391721, 4747630.044978578574955 ], [ 8208575.452971024438739, 4747457.905995922163129 ], [ 8208671.649890640750527, 4747279.087443586438894 ], [ 8208741.082388428971171, 4747099.821138965897262 ], [ 8208783.764766491018236, 4746946.831435365602374 ], [ 8208804.720732510089874, 4746880.358711793087423 ], [ 8208832.129358911886811, 4746840.722748541273177 ], [ 8208878.520721395500004, 4746792.359244028106332 ], [ 8208940.830140163190663, 4746656.223564594984055 ], [ 8209082.742208766750991, 4746277.630929668433964 ], [ 8209100.421507783234119, 4746095.21042459551245 ], [ 8209164.205992468632758, 4745867.76924149505794 ], [ 8209303.667140527628362, 4745641.385818185284734 ], [ 8209410.61290199123323, 4745581.985501053743064 ], [ 8209683.55730152502656, 4745570.551043341867626 ], [ 8209970.949843601323664, 4745635.411037261597812 ], [ 8210274.322930013760924, 4745624.379461674019694 ], [ 8210517.478717932477593, 4745582.067131460644305 ], [ 8210759.787258283235133, 4745585.404365178197622 ], [ 8210865.909724840894341, 4745602.081029266119003 ], [ 8210933.934120424091816, 4745613.034209693782032 ] ] ] } },
{ "type": "Feature", "properties": { "layer": "LDLYAAE002" }, "geometry": { "type": "Polygon", "coordinates": [ [ [ 8339147.615707030519843, 4746184.905156851746142 ], [ 8339248.403418029658496, 4746191.506478096358478 ], [ 8339308.874362183734775, 4746184.650253993459046 ], [ 8339544.013856532052159, 4746184.183819687925279 ], [ 8339658.199641384184361, 4746210.904793735593557 ], [ 8339812.671365140005946, 4746264.492102868855 ], [ 8339987.252322172746062, 4746371.935609729029238 ], [ 8340155.124184052459896, 4746472.653626129031181 ], [ 8340369.994824193418026, 4746613.697791040875018 ], [ 8340531.150409875437617, 4746721.163503168150783 ], [ 8340705.724584786221385, 4746855.550075503997505 ], [ 8340913.876291155815125, 4747016.815495231188834 ], [ 8341095.210779124870896, 4747110.757631659507751 ], [ 8341189.275158104486763, 4747110.555261901579797 ], [ 8341236.348425104282796, 4747056.550384285859764 ], [ 8341263.295545463450253, 4746962.162376699969172 ], [ 8341249.955635132268071, 4746834.173932142555714 ], [ 8341209.726047281175852, 4746726.458085207268596 ], [ 8341142.633381013758481, 4746605.326196656562388 ], [ 8341062.084333619102836, 4746511.173690434545279 ], [ 8340927.784183400683105, 4746423.873813669197261 ], [ 8340800.204902770929039, 4746336.558622102253139 ], [ 8340679.356681874021888, 4746235.753802438266575 ], [ 8340545.097036321647465, 4746108.027599198743701 ], [ 8340430.984073209576309, 4745993.733702903613448 ], [ 8340289.977945201098919, 4745906.443767 ], [ 8340169.128563506528735, 4745819.111072134226561 ], [ 8339981.095678017474711, 4745738.651771537959576 ], [ 8339779.617365683428943, 4745671.690910082310438 ], [ 8339625.087610548362136, 4745604.391849856823683 ], [ 8339504.128289420157671, 4745509.938548783771694 ], [ 8339416.777084137313068, 4745422.226202848367393 ], [ 8339322.708196078427136, 4745327.766525205224752 ], [ 8339208.474044091068208, 4745240.059175374917686 ], [ 8339100.953021352179348, 4745179.34427145589143 ], [ 8338973.262915698811412, 4745132.128879263065755 ], [ 8338818.674541600979865, 4745118.658530337736011 ], [ 8338643.915799155831337, 4745118.685767042450607 ], [ 8338522.908290321007371, 4745165.941881730221212 ], [ 8338415.323733195662498, 4745253.685867685824633 ], [ 8338274.129536468535662, 4745341.433567096479237 ], [ 8338119.499018233269453, 4745408.935279484838247 ], [ 8337884.209508266299963, 4745469.692215399816632 ], [ 8337702.673382943496108, 4745564.185237994417548 ], [ 8337628.690637570805848, 4745645.17379804328084 ], [ 8337581.590368176810443, 4745732.910134366713464 ], [ 8337574.806494798511267, 4745847.641126899980009 ], [ 8337621.78772553615272, 4745982.618013667874038 ], [ 8337688.972420858219266, 4746050.104701804928482 ], [ 8337830.105158863589168, 4746110.838007414713502 ], [ 8337971.233009278774261, 4746185.067784701474011 ], [ 8338139.264750399626791, 4746232.297051478177309 ], [ 8338394.702798526734114, 4746245.767444300465286 ], [ 8338569.483692943118513, 4746238.99563945364207 ], [ 8339147.615707030519843, 4746184.905156851746142 ] ] ] } },
{ "type": "Feature", "properties": { "layer": "LDLYAAE002" }, "geometry": { "type": "Polygon", "coordinates": [ [ [ 8345398.406035353429615, 4745527.733822899870574 ], [ 8345633.755532320588827, 4745601.664296135306358 ], [ 8345763.823793317191303, 4745626.17180145252496 ], [ 8346067.339161206036806, 4745612.950985350646079 ], [ 8346284.155945852398872, 4745525.41264340467751 ], [ 8346377.100121985189617, 4745394.72135618980974 ], [ 8346432.875263134948909, 4745276.553724526427686 ], [ 8346476.276933212764561, 4745096.306660677306354 ], [ 8346476.315316050313413, 4744941.023873124271631 ], [ 8346445.377834064885974, 4744816.882425401359797 ], [ 8346327.731386072002351, 4744692.974172063171864 ], [ 8346148.146248457022011, 4744594.074607789516449 ], [ 8345919.011387584730983, 4744513.936435617506504 ], [ 8345689.870453044772148, 4744464.848112707957625 ], [ 8345485.498656533658504, 4744434.323858469724655 ], [ 8345262.536566132679582, 4744434.897711141034961 ], [ 8345051.946924335323274, 4744472.701094009913504 ], [ 8344989.983636406250298, 4744547.390324070118368 ], [ 8344958.976973397657275, 4744646.84569258056581 ], [ 8344958.927618328481913, 4744771.068208971992135 ], [ 8344989.851949190720916, 4744882.79096516687423 ], [ 8345045.539687119424343, 4745025.508565476164222 ], [ 8345132.186273333616555, 4745199.206152036786079 ], [ 8345206.457045540213585, 4745348.091322937980294 ], [ 8345317.901097564958036, 4745478.248197141103446 ], [ 8345398.406035353429615, 4745527.733822899870574 ] ] ] } },
{ "type": "Feature", "properties": { "layer": "LDLYAAE002" }, "geometry": { "type": "Polygon", "coordinates": [ [ [ 8334301.916397326625884, 4745148.734069984406233 ], [ 8334361.71838578209281, 4745185.592237703502178 ], [ 8334444.526303305290639, 4745231.652338755317032 ], [ 8334536.53239812143147, 4745286.934874954633415 ], [ 8334651.549070578999817, 4745346.80068504717201 ], [ 8334807.998920490033925, 4745397.365048363804817 ], [ 8334913.838990814983845, 4745424.913357127457857 ], [ 8335116.344142313115299, 4745443.073577948845923 ], [ 8335259.028586349450052, 4745442.849948982708156 ], [ 8335323.473826979286969, 4745433.511382205411792 ], [ 8335369.521996045485139, 4745405.727900577709079 ], [ 8335383.358351100236177, 4745368.75862842798233 ], [ 8335387.978324701078236, 4745345.659419695846736 ], [ 8335388.030808003619313, 4745276.383238446898758 ], [ 8335383.448946603573859, 4745248.68039351888001 ], [ 8335369.676207059063017, 4745202.518747549504042 ], [ 8335332.886867173947394, 4745161.011922606267035 ], [ 8335273.077822960913181, 4745128.77813277207315 ], [ 8335213.258746980689466, 4745110.398979797959328 ], [ 8335176.445109908469021, 4745101.220191412605345 ], [ 8335015.376979069784284, 4745073.761400537565351 ], [ 8335010.774526921100914, 4745073.768273974768817 ], [ 8334753.038855568505824, 4745064.927697136066854 ], [ 8334661.014225218445063, 4745032.739744250662625 ], [ 8334546.009033439680934, 4744963.639312465675175 ], [ 8334454.02935831528157, 4744880.649410675279796 ], [ 8334366.657586621120572, 4744793.034396498464048 ], [ 8334274.684717930853367, 4744705.425913899205625 ], [ 8334196.488600747659802, 4744654.741989387199283 ], [ 8334136.673962279222906, 4744636.357296449132264 ], [ 8334104.453352306969464, 4744641.02246905118227 ], [ 8334063.007475468330085, 4744668.791320292279124 ], [ 8334049.138731706887484, 4744738.082987396046519 ], [ 8334049.05278666689992, 4744835.064499027095735 ], [ 8334081.183875783346593, 4744931.999589871615171 ], [ 8334150.144337091594934, 4745019.645495870150626 ], [ 8334242.118971285410225, 4745107.257813830859959 ], [ 8334301.916397326625884, 4745148.734069984406233 ] ] ] } },
{ "type": "Feature", "properties": { "layer": "LDLYAAE002" }, "geometry": { "type": "Polygon", "coordinates": [ [ [ 8347547.805106359533966, 4745074.739627687260509 ], [ 8347615.952313663437963, 4744956.534330754540861 ], [ 8347801.804173682816327, 4744601.976703184656799 ], [ 8347857.561380566097796, 4744458.966270526871085 ], [ 8347882.34567620139569, 4744359.521230105310678 ], [ 8347876.163610154762864, 4744253.954002611339092 ], [ 8347839.010294300504029, 4744198.161319867707789 ], [ 8347758.502521905116737, 4744161.123143896460533 ], [ 8347616.061757006682456, 4744136.679502207785845 ], [ 8347442.650326919741929, 4744149.584479531273246 ], [ 8347306.384451318532228, 4744243.124549999833107 ], [ 8347188.680605415254831, 4744423.565232090651989 ], [ 8347120.519596955738962, 4744610.082929408177733 ], [ 8347046.150388116948307, 4744858.732321491464972 ], [ 8346990.368993881158531, 4745057.645787900313735 ], [ 8346940.779006293974817, 4745256.545631886459887 ], [ 8346909.753784205764532, 4745529.937566482461989 ], [ 8346922.113215214572847, 4745672.77227526716888 ], [ 8346965.456200267188251, 4745753.406338951550424 ], [ 8347039.783003412187099, 4745771.838208427652717 ], [ 8347095.53420526906848, 4745753.050107140094042 ], [ 8347176.074072822928429, 4745665.864440920762718 ], [ 8347293.789503419771791, 4745504.036811714060605 ], [ 8347405.302117292769253, 4745373.285039411857724 ], [ 8347547.805106359533966, 4745074.739627687260509 ] ] ] } },
{ "type": "Feature", "properties": { "layer": "LDLYAAE002" }, "geometry": { "type": "Polygon", "coordinates": [ [ [ 8341102.374926940537989, 4744927.095671407878399 ], [ 8341151.704632215201855, 4745067.77849002648145 ], [ 8341160.010433022864163, 4745150.578750555403531 ], [ 8341151.66924312710762, 4745258.261284225620329 ], [ 8341118.532370375469327, 4745390.844001518562436 ], [ 8341093.659946106374264, 4745515.128562471829355 ], [ 8341101.586718936450779, 4745655.908258083276451 ], [ 8341142.772168262861669, 4745796.618947284296155 ], [ 8341134.541259163059294, 4745904.30794870480895 ], [ 8341093.344690151512623, 4745920.961576879024506 ], [ 8340977.730667531490326, 4745904.644387347623706 ], [ 8340837.274911299347878, 4745830.401901742443442 ], [ 8340730.086580271832645, 4745747.805602322332561 ], [ 8340614.488758470863104, 4745714.919903696514666 ], [ 8340416.331019683741033, 4745649.075964609161019 ], [ 8340317.212243113666773, 4745533.331156649626791 ], [ 8340234.857365557923913, 4745392.706229816190898 ], [ 8340201.872956646606326, 4745334.799922592937946 ], [ 8340119.374649089761078, 4745210.678456138819456 ], [ 8340003.513066449202597, 4745053.080504143610597 ], [ 8339863.202390361577272, 4744887.194342385977507 ], [ 8339747.685149150900543, 4744721.30255823303014 ], [ 8339590.504237095825374, 4744613.493615278974175 ], [ 8339384.068657551892102, 4744547.173756504431367 ], [ 8339111.534207738935947, 4744480.863495278172195 ], [ 8338813.874334464780986, 4744431.141358034685254 ], [ 8338706.610114680603147, 4744339.905181006528437 ], [ 8338648.937296027317643, 4744215.478513889014721 ], [ 8338640.517036176286638, 4744066.159413126297295 ], [ 8338698.615569391287863, 4743974.900621418841183 ], [ 8338904.988196963444352, 4743883.617824718356133 ], [ 8339086.891521770507097, 4743825.517290094867349 ], [ 8339277.042356492951512, 4743800.593519767746329 ], [ 8339665.366987757384777, 4743792.209219099022448 ], [ 8339962.791899170726538, 4743833.607244988903403 ], [ 8340210.530365294776857, 4743891.602895128540695 ], [ 8340408.680108002386987, 4744015.97219758015126 ], [ 8340532.695734146982431, 4744140.364045658148825 ], [ 8340615.401304582133889, 4744264.770509392954409 ], [ 8340747.552856374531984, 4744480.414025709964335 ], [ 8340862.894536860287189, 4744637.753681636415422 ], [ 8340978.638023204170167, 4744753.44792519044131 ], [ 8341069.393517285585403, 4744860.913714869879186 ], [ 8341102.374926940537989, 4744927.095671407878399 ] ] ] } },
{ "type": "Feature", "properties": { "layer": "LDLYAAE002" }, "geometry": { "type": "Polygon", "coordinates": [ [ [ 8343571.712583191692829, 4744490.847707969136536 ], [ 8343654.348103350959718, 4744382.992815314792097 ], [ 8343770.042701785452664, 4744217.091180315241218 ], [ 8343836.162594875320792, 4744100.996795451268554 ], [ 8343918.80859478097409, 4743960.020576806738973 ], [ 8344001.464445933699608, 4743794.203183660283685 ], [ 8344026.309092426672578, 4743645.090243408456445 ], [ 8344001.610555516555905, 4743496.100580675527453 ], [ 8343968.660025959834456, 4743338.852310634218156 ], [ 8343993.467210032045841, 4743264.268855502828956 ], [ 8344059.538631337694824, 4743230.986403529532254 ], [ 8344158.633026908151805, 4743205.902901334688067 ], [ 8344348.548005383461714, 4743188.874595174565911 ], [ 8344621.024009522981942, 4743188.197404190897942 ], [ 8344893.489696746692061, 4743212.353477112017572 ], [ 8345198.99027809035033, 4743219.857076834887266 ], [ 8345322.858017682097852, 4743178.138443529605865 ], [ 8345364.165745108388364, 4743111.790601981803775 ], [ 8345364.195112735033035, 4743028.98864228092134 ], [ 8345347.696477473713458, 4742987.630806092172861 ], [ 8345133.067078809253871, 4742872.259744268842041 ], [ 8345000.968166653998196, 4742856.035860168747604 ], [ 8344753.298729437403381, 4742790.4216019641608 ], [ 8344530.398062061518431, 4742733.019605997949839 ], [ 8344365.276170372031629, 4742716.869971610605717 ], [ 8344200.127599985338748, 4742758.676699520088732 ], [ 8343993.690908787772059, 4742808.861265855841339 ], [ 8343812.051434319466352, 4742801.022531417198479 ], [ 8343597.412178590893745, 4742743.580114641226828 ], [ 8343358.006267813965678, 4742686.192085304297507 ], [ 8343168.103782987222075, 4742694.921166132204235 ], [ 8342936.878991979174316, 4742769.981733579188585 ], [ 8342689.117208726704121, 4742878.196031785570085 ], [ 8342441.344499518163502, 4742994.685303305275738 ], [ 8342168.747207938693464, 4743135.968638274818659 ], [ 8341929.147910371422768, 4743243.917580525390804 ], [ 8341755.641588531434536, 4743326.946981039829552 ], [ 8341714.315068925730884, 4743459.685014204122126 ], [ 8341714.295307485386729, 4743608.996554682962596 ], [ 8341697.714176864363253, 4743733.309919531457126 ], [ 8341639.858994629234076, 4743807.964113540016115 ], [ 8341491.153502085246146, 4743907.659855139441788 ], [ 8341449.804941136389971, 4743990.559047786518931 ], [ 8341474.509975448250771, 4744081.595292197540402 ], [ 8341565.313041255809367, 4744122.801237394101918 ], [ 8341730.459541500546038, 4744130.718206686899066 ], [ 8341895.640598273836076, 4744088.946442301385105 ], [ 8342159.955361342988908, 4743980.70192101970315 ], [ 8342374.725564503110945, 4743864.283460441976786 ], [ 8342564.729600824415684, 4743731.357345510274172 ], [ 8342812.503516136668622, 4743639.698656473308802 ], [ 8343068.525104571133852, 4743556.29566808976233 ], [ 8343208.896717087365687, 4743555.965397386811674 ], [ 8343283.183186187408864, 4743605.473185270093381 ], [ 8343340.928113637492061, 4743704.703873574733734 ], [ 8343340.850097671151161, 4743845.476485629566014 ], [ 8343324.233790409751236, 4744027.694725399836898 ], [ 8343258.047652120701969, 4744251.439038372598588 ], [ 8343208.397827301174402, 4744433.742201396264136 ], [ 8343208.313259173184633, 4744582.80606993753463 ], [ 8343233.044877707958221, 4744657.280377801507711 ], [ 8343282.579093989916146, 4744682.007844125851989 ], [ 8343365.164403074420989, 4744673.530351746827364 ], [ 8343439.509424193762243, 4744631.946469311602414 ], [ 8343497.355751509778202, 4744557.27590118907392 ], [ 8343571.712583191692829, 4744490.847707969136536 ] ] ] } },
{ "type": "Feature", "properties": { "layer": "LDLYAAE002" }, "geometry": { "type": "MultiPolygon", "coordinates": [ [ [ [ 8334326.411177748814225, 4744052.190818460658193 ], [ 8334563.29955963883549, 4744178.597553635947406 ], [ 8334759.824428511783481, 4744280.192208831198514 ], [ 8334903.358087561093271, 4744349.184360280632973 ], [ 8335041.145277022384107, 4744418.183788416907191 ], [ 8335196.526252994313836, 4744469.851405358873308 ], [ 8335276.7507577650249, 4744504.331721594557166 ], [ 8335288.702428842894733, 4744508.433455245569348 ], [ 8335391.905647081322968, 4744544.52447696775198 ], [ 8335535.579803885892034, 4744584.670098706148565 ], [ 8335690.734878408722579, 4744647.866843012161553 ], [ 8335863.025060933083296, 4744711.033299576491117 ], [ 8336024.063287192955613, 4744728.110401251353323 ], [ 8336213.406612259335816, 4744751.201715034432709 ], [ 8336403.173202760517597, 4744808.897402691654861 ], [ 8336494.832396152429283, 4744866.583727666176856 ], [ 8336563.838943351991475, 4744935.804307750426233 ], [ 8336604.125176211819053, 4744999.255430403165519 ], [ 8336603.977048973552883, 4745056.936151491478086 ], [ 8336569.58092359919101, 4745114.615528207272291 ], [ 8336506.236223023384809, 4745172.292881301604211 ], [ 8336443.109547097235918, 4745235.738770151510835 ], [ 8336385.519576439633965, 4745276.112109126523137 ], [ 8336310.908661019057035, 4745328.020008555613458 ], [ 8336253.417902749963105, 4745385.697729406878352 ], [ 8336230.401626304723322, 4745437.610321287065744 ], [ 8336230.148088979534805, 4745483.756975176744163 ], [ 8336235.858358016237617, 4745535.672773020341992 ], [ 8336270.518364728428423, 4745587.591496295295656 ], [ 8336327.84556420147419, 4745610.670216413214803 ], [ 8336385.295830317772925, 4745616.443144799210131 ], [ 8336448.61766854673624, 4745599.142764481715858 ], [ 8336557.805966721847653, 4745558.770908546634018 ], [ 8336667.018849857151508, 4745478.019953297451138 ], [ 8336747.295442013069987, 4745374.194066216237843 ], [ 8336822.273682903498411, 4745264.600141918286681 ], [ 8336891.279368161223829, 4745160.774649248458445 ], [ 8336965.784930604510009, 4745091.558647750876844 ], [ 8337057.949750040657818, 4745056.95133899897337 ], [ 8337138.283175239339471, 4745033.87972314748913 ], [ 8337218.848615882918239, 4744993.503050467930734 ], [ 8337264.828885268419981, 4744958.894087018445134 ], [ 8337299.341448030434549, 4744883.909561950713396 ], [ 8337339.611836111173034, 4744785.85315780248493 ], [ 8337350.904817963019013, 4744739.709328402765095 ], [ 8337264.938791652210057, 4744376.337528641335666 ], [ 8337201.915075218304992, 4744278.287337182089686 ], [ 8337127.170889367349446, 4744197.540202304720879 ], [ 8337035.423552756197751, 4744105.257801013067365 ], [ 8336926.322402282617986, 4744030.277642470784485 ], [ 8336857.305184078402817, 4743984.135654703713953 ], [ 8336782.759868669323623, 4743949.528357940725982 ], [ 8336679.489322281442583, 4743920.686440909281373 ], [ 8336535.770594913512468, 4743914.910969906486571 ], [ 8336380.782219596207142, 4743914.900210386142135 ], [ 8336254.393125284463167, 4743932.19174880720675 ], [ 8336082.059700786136091, 4743932.174643115140498 ], [ 8335955.4271539170295, 4743938.012650266289711 ], [ 8335898.142965885810554, 4743978.479234799742699 ], [ 8335846.24352493416518, 4744059.308956591412425 ], [ 8335777.318102679215372, 4744145.934890313073993 ], [ 8335679.334544450044632, 4744209.536702264100313 ], [ 8335576.076490162871778, 4744232.773981629870832 ], [ 8335449.629408127628267, 4744221.440948176197708 ], [ 8335385.154001811519265, 4744191.087323965504766 ], [ 8335351.949027052149177, 4744175.455031249672174 ], [ 8335282.932783306576312, 4744083.282907583750784 ], [ 8335242.675113751552999, 4743967.996023330837488 ], [ 8335202.565225273370743, 4743806.570676625706255 ], [ 8335171.528949587605894, 4743733.300034717656672 ], [ 8335051.18329160194844, 4743514.44122061971575 ], [ 8335051.18329160194844, 4743514.44122061971575 ], [ 8334527.775272097438574, 4743867.646357866004109 ], [ 8334326.411177748814225, 4744052.190818460658193 ] ] ] ] } },
{ "type": "Feature", "properties": { "layer": "LDLYAAE002" }, "geometry": { "type": "MultiPolygon", "coordinates": [ [ [ [ 8333968.965386950410903, 4743866.829430325888097 ], [ 8333868.746701050549746, 4743789.039422640576959 ], [ 8333863.361054333858192, 4743785.51238501444459 ], [ 8333788.825457394123077, 4743704.876593742519617 ], [ 8333697.096258861944079, 4743572.359595545567572 ], [ 8333610.894040924496949, 4743439.835441259667277 ], [ 8333536.374096503481269, 4743347.6660738568753 ], [ 8333369.812635839916766, 4743226.789359331130981 ], [ 8333157.164937512949109, 4743105.974325747229159 ], [ 8332921.738407570868731, 4743002.487903282046318 ], [ 8332749.425048778764904, 4742898.913545871153474 ], [ 8332025.70158105995506, 4742403.907496376894414 ], [ 8332014.140269404277205, 4742363.555718505755067 ], [ 8332020.086355148814619, 4742282.81698409281671 ], [ 8332060.519501611590385, 4742196.268797984346747 ], [ 8332141.049824175424874, 4742126.970088666304946 ], [ 8332244.324619022198021, 4742074.940687257796526 ], [ 8332371.006431766785681, 4742045.946752372197807 ], [ 8332612.370025593787432, 4742045.63329516723752 ], [ 8332819.001276353374124, 4742074.191758830100298 ], [ 8333008.710389594547451, 4742120.069039108231664 ], [ 8333181.180418765172362, 4742165.966357432305813 ], [ 8333336.300449890084565, 4742211.884599508717656 ], [ 8333451.209874319843948, 4742240.557566213421524 ], [ 8333617.603425171226263, 4742286.455901826731861 ], [ 8333755.698316651396453, 4742343.925643559545279 ], [ 8333881.941082160919905, 4742430.243675374425948 ], [ 8334048.389543891884387, 4742545.335713430307806 ], [ 8334668.727402539923787, 4743092.263372358866036 ], [ 8334732.334711552597582, 4743157.43406948260963 ], [ 8334807.854814984835684, 4743225.136516605503857 ], [ 8335051.18329160194844, 4743514.44122061971575 ], [ 8335051.18329160194844, 4743514.44122061971575 ], [ 8334527.775272097438574, 4743867.646357866004109 ], [ 8334326.411177748814225, 4744052.190818460658193 ], [ 8334326.411177748814225, 4744052.190818460658193 ], [ 8334146.171154795214534, 4743956.007592566311359 ], [ 8333968.965386950410903, 4743866.829430325888097 ] ] ] ] } },
{ "type": "Feature", "properties": { "layer": "LDLYAAE002" }, "geometry": { "type": "MultiPolygon", "coordinates": [ [ [ [ 8225845.625090541318059, 4732092.482876722700894 ], [ 8225810.566967034712434, 4732073.047314174473286 ], [ 8225668.770326128229499, 4732035.215190203860402 ], [ 8225570.731729425489902, 4732033.758653090335429 ], [ 8225437.336958264000714, 4732040.699231915175915 ], [ 8225320.528094991110265, 4732128.261649428866804 ], [ 8225194.815366115421057, 4732224.619408070109785 ], [ 8225129.641735758632421, 4732301.463326598517597 ], [ 8225129.641735758632421, 4732301.463326598517597 ], [ 8225023.073060227558017, 4732427.458926402032375 ], [ 8224859.867851118557155, 4732456.285696073435247 ], [ 8224721.795275061391294, 4732420.498524961993098 ], [ 8224721.795275061391294, 4732420.498524961993098 ], [ 8224088.329568611457944, 4732256.445753859356046 ], [ 8223551.951872209087014, 4732202.20657055452466 ], [ 8223124.978164542466402, 4732260.312861344777048 ], [ 8223124.497273653745651, 4732324.879584236070514 ], [ 8223195.993558775633574, 4732431.785951944999397 ], [ 8223332.112197717651725, 4732572.228460568934679 ], [ 8223460.01800191309303, 4732704.410062966868281 ], [ 8223619.904819836840034, 4732861.498174644075334 ], [ 8223710.860367740504444, 4732962.596741971559823 ], [ 8223710.860367740504444, 4732962.596741971559823 ], [ 8223795.340769267641008, 4733083.943595316261053 ], [ 8223818.211883001029491, 4733190.120191293768585 ], [ 8223808.992215319536626, 4733271.391087097115815 ], [ 8223759.686412179842591, 4733319.493924205191433 ], [ 8223645.529280737042427, 4733358.478859219700098 ], [ 8223442.647557390853763, 4733371.697381215170026 ], [ 8223269.685908978804946, 4733348.218177136965096 ], [ 8223269.685908978804946, 4733348.218177136965096 ], [ 8223103.411759695038199, 4733285.152913563884795 ], [ 8222983.161743624135852, 4733185.639174946583807 ], [ 8222911.439307769760489, 4733086.86277406476438 ], [ 8222848.609087529592216, 4732931.236083222553134 ], [ 8222801.877889139577746, 4732808.413399441167712 ], [ 8222746.259555695578456, 4732718.024255931377411 ], [ 8222649.66436696331948, 4732659.575352727435529 ], [ 8222544.963439550250769, 4732609.14157054759562 ], [ 8222415.833118782378733, 4732574.614346770569682 ], [ 8222278.261608567088842, 4732556.239988572895527 ], [ 8222187.844835003837943, 4732676.750688880681992 ], [ 8222168.48789004329592, 4732961.976594438776374 ], [ 8222273.507548456080258, 4733407.37738202419132 ], [ 8222553.446345346048474, 4733743.9700066158548 ], [ 8222675.428494583815336, 4733987.559336214326322 ], [ 8222675.428494583815336, 4733987.559336214326322 ], [ 8222639.998048442415893, 4734034.414463022723794 ], [ 8222592.144690609537065, 4734104.870170547626913 ], [ 8222518.428547769784927, 4734286.022277130745351 ], [ 8222368.12618472520262, 4734819.54792688973248 ], [ 8222353.862575366161764, 4735051.350739508867264 ], [ 8222345.911864913068712, 4735205.917087397538126 ], [ 8222370.380565331317484, 4735382.918966165743768 ], [ 8222400.271304917521775, 4735554.469800365157425 ], [ 8222429.45109471026808, 4735807.830014239065349 ], [ 8222447.028598949313164, 4736115.172953208908439 ], [ 8222482.800561422482133, 4736313.161482581868768 ], [ 8222555.309478188864887, 4736604.990031815133989 ], [ 8222596.248026042245328, 4736808.561158963479102 ], [ 8222646.665070182643831, 4737111.001431078650057 ], [ 8222790.474166418425739, 4737782.34035440068692 ], [ 8222809.460610958747566, 4738012.941490737721324 ], [ 8222839.307016593404114, 4738216.295278227888048 ], [ 8222891.865558483637869, 4738377.069897735491395 ], [ 8223031.288981781341136, 4738975.897982861846685 ], [ 8223282.531758507713675, 4739769.837026627734303 ], [ 8223435.766386497765779, 4740164.472093558870256 ], [ 8223622.049228784628212, 4740543.032085303217173 ], [ 8223942.224528198130429, 4741149.567988570779562 ], [ 8224006.084566058591008, 4741282.888635678216815 ], [ 8224247.729764001443982, 4741633.954599351622164 ], [ 8224344.313922059722245, 4741784.309386922046542 ], [ 8224430.305689068511128, 4741906.929618903435767 ], [ 8224521.973114452324808, 4742013.086403303779662 ], [ 8224619.316260432824492, 4742102.779394344426692 ], [ 8224765.761686873622239, 4742220.773684998974204 ], [ 8224898.973818938247859, 4742309.97611996345222 ], [ 8224898.973818938247859, 4742309.97611996345222 ], [ 8224755.147619464434683, 4742303.419679607264698 ], [ 8224625.540600826963782, 4742275.694732006639242 ], [ 8224426.875247753225267, 4742212.28517755959183 ], [ 8224297.620797820389271, 4742167.143552202731371 ], [ 8224142.62318079918623, 4742095.559481522068381 ], [ 8224039.843474385328591, 4742015.913515890017152 ], [ 8223902.195655587129295, 4741927.130008433014154 ], [ 8223756.340253479778767, 4741829.531577252782881 ], [ 8223575.591790505684912, 4741748.911870764568448 ], [ 8223411.719005303457379, 4741677.211719690822065 ], [ 8223212.210452891886234, 4741692.134363404475152 ], [ 8223055.407385377213359, 4741759.83027146011591 ], [ 8222907.647896352224052, 4741784.103258518502116 ], [ 8222795.602769486606121, 4741756.573414789512753 ], [ 8222700.804093667306006, 4741703.142372244037688 ], [ 8222606.582694693468511, 4741632.299336003139615 ], [ 8222485.421625930815935, 4741613.363535075448453 ], [ 8222372.540506158955395, 4741638.064174834638834 ], [ 8222259.051774050109088, 4741706.292084459215403 ], [ 8222206.583108713850379, 4741740.460449004545808 ], [ 8222154.721641671843827, 4741731.099558709189296 ], [ 8222137.637049939483404, 4741713.469339601695538 ], [ 8222121.28192921821028, 4741643.604520119726658 ], [ 8222139.956447991542518, 4741539.354503315873444 ], [ 8222202.069897300563753, 4741426.945913343690336 ], [ 8222308.197454873472452, 4741288.967381427995861 ], [ 8222430.950854389928281, 4741177.323445921763778 ], [ 8222527.823316660709679, 4741065.352364014834166 ], [ 8222572.704749895259738, 4740961.434145512990654 ], [ 8222583.194726980291307, 4740822.260937551036477 ], [ 8222567.574473699554801, 4740691.467975915409625 ], [ 8222508.388137967325747, 4740586.247073558159173 ], [ 8222414.673287494108081, 4740471.886424766853452 ], [ 8222251.649142446927726, 4740365.358090964145958 ], [ 8222148.780596249736845, 4740294.411261947825551 ], [ 8221944.338294067420065, 4740156.259640133939683 ], [ 8221853.275931319221854, 4740055.035740703344345 ], [ 8221762.115817723795772, 4739960.958577934652567 ], [ 8221656.821502218954265, 4739852.408039991743863 ], [ 8221552.352913247421384, 4739700.978209531866014 ], [ 8221497.348851998336613, 4739557.32669935375452 ], [ 8221470.203465840779245, 4739464.062266144901514 ], [ 8221457.093078625388443, 4739392.418099305592477 ], [ 8221394.991348903626204, 4739255.826355896890163 ], [ 8221319.570423473604023, 4739054.740698081441224 ], [ 8221243.65063735935837, 4738889.388193680904806 ], [ 8221195.977861420251429, 4738738.690839251503348 ], [ 8221176.13882046379149, 4738624.086035640910268 ], [ 8221177.254127079620957, 4738552.627966477535665 ], [ 8221205.899882121011615, 4738538.69762204401195 ], [ 8221311.76680766697973, 4738597.217613372020423 ], [ 8221459.490208774805069, 4738706.298619318753481 ], [ 8221643.497368208132684, 4738780.098954939283431 ], [ 8221878.175498943775892, 4738783.06555553805083 ], [ 8222035.426045462489128, 4738727.872285381890833 ], [ 8222157.804424204863608, 4738615.062189877964556 ], [ 8222201.979308115318418, 4738515.558518134988844 ], [ 8222253.252746100537479, 4738408.999010032042861 ], [ 8222276.279731365852058, 4738287.791374414227903 ], [ 8222235.904900535009801, 4738122.906217959709466 ], [ 8222111.68476913869381, 4737842.622868899255991 ], [ 8222106.579850492067635, 4737706.773064283654094 ], [ 8222151.698658604174852, 4737528.986520502716303 ], [ 8222232.294501849450171, 4737337.770272853784263 ], [ 8222327.061964060179889, 4737182.403496191836894 ], [ 8222400.182966511696577, 4737033.839714770205319 ], [ 8222452.172748376615345, 4736870.701114545576274 ], [ 8222447.007826032117009, 4736728.077400216832757 ], [ 8222404.93012551125139, 4736677.548604553565383 ], [ 8222354.981907621026039, 4736691.042796389199793 ], [ 8222261.123013852164149, 4736796.522068316116929 ], [ 8222145.076571566052735, 4736972.934870756231248 ], [ 8222080.131615458056331, 4737043.218943492509425 ], [ 8222022.975916903465986, 4737063.729419354349375 ], [ 8221987.714602828025818, 4737034.683532607741654 ], [ 8221974.779786931350827, 4736948.955584680661559 ], [ 8222026.177577617578208, 4736821.449705749750137 ], [ 8222049.156775902956724, 4736700.637446742504835 ], [ 8222021.811585284769535, 4736628.947021049447358 ], [ 8221930.276140977628529, 4736556.280709804035723 ], [ 8221795.524677856825292, 4736532.841746132820845 ], [ 8221610.728134870529175, 4736530.017060217447579 ], [ 8221488.935230226255953, 4736606.549624890089035 ], [ 8221359.614151409827173, 4736697.224136129021645 ], [ 8221265.812168936245143, 4736788.58342959266156 ], [ 8221215.941409416496754, 4736795.096460770815611 ], [ 8221166.494025474414229, 4736787.320335263386369 ], [ 8221103.608009682036936, 4736707.917926089838147 ], [ 8221048.134200500324368, 4736607.172918622381985 ], [ 8220991.947408197447658, 4736549.294546470046043 ], [ 8220943.675153872929513, 4736434.35249787569046 ], [ 8220903.227414661087096, 4736291.105789103545249 ], [ 8220883.365488074719906, 4736176.772436908446252 ], [ 8220877.816707475110888, 4736055.533523705787957 ], [ 8220864.316204567439854, 4736019.689019035547972 ], [ 8220822.138046134263277, 4735969.157332351431251 ], [ 8220708.941447930410504, 4735946.033163009211421 ], [ 8220630.848496390506625, 4735930.579940253868699 ], [ 8220560.577764772810042, 4735879.610091961920261 ], [ 8220546.928447656333447, 4735822.390427454374731 ], [ 8220576.563602386042476, 4735751.577766174450517 ], [ 8220640.907284756191075, 4735716.937668778933585 ], [ 8220811.854566744528711, 4735683.936246228404343 ], [ 8220940.394859872758389, 4735657.402130182832479 ], [ 8220976.611721280962229, 4735600.886678457260132 ], [ 8220949.866798349656165, 4735472.005142650566995 ], [ 8220896.126011340878904, 4735264.196300633251667 ], [ 8220856.465789892710745, 4735042.339011353440583 ], [ 8220802.019174835644662, 4734877.350602826103568 ], [ 8220740.057605597190559, 4734733.661029413342476 ], [ 8220698.717485750094056, 4734640.247253664769232 ], [ 8220686.090579932555556, 4734518.731247844174504 ], [ 8220723.728137934580445, 4734376.576885815709829 ], [ 8220796.560572186484933, 4734234.970741520635784 ], [ 8220848.395831230096519, 4734085.903407705947757 ], [ 8220835.503375285305083, 4734007.202324483543634 ], [ 8220757.838685384951532, 4733970.3269760357216 ], [ 8220594.606210703030229, 4733953.542933819815516 ], [ 8220531.131390518508852, 4733902.615211601369083 ], [ 8220504.230386800132692, 4733809.427269749343395 ], [ 8220520.140230706892908, 4733688.358596156351268 ], [ 8220570.954604455269873, 4733596.376283493824303 ], [ 8220601.196940223686397, 4733482.663083836436272 ], [ 8220609.700127836316824, 4733382.891953704878688 ], [ 8220632.390629100613296, 4733269.07175516244024 ], [ 8220669.613389295525849, 4733148.337172563187778 ], [ 8220741.97342793084681, 4733063.820613369345665 ], [ 8220849.734465461224318, 4732972.716385882347822 ], [ 8220900.565631867386401, 4732895.006679610349238 ], [ 8220900.910425602458417, 4732837.101089957170188 ], [ 8220902.426060081459582, 4732488.464560825377703 ], [ 8220746.986305454745889, 4731999.735232456587255 ], [ 8220321.824359329417348, 4731543.639280897565186 ], [ 8219485.890138969756663, 4730920.044586984440684 ], [ 8219359.543831697665155, 4730972.496712874621153 ], [ 8219357.12752568628639, 4731024.819863810203969 ], [ 8219364.053590181283653, 4731060.396153009496629 ], [ 8219382.676919524557889, 4731097.520607980899513 ], [ 8219494.528182493522763, 4731222.850973778404295 ], [ 8219624.751845171675086, 4731405.531732955947518 ], [ 8219764.07723581045866, 4731607.377813205122948 ], [ 8219884.455927480943501, 4731808.946508405730128 ], [ 8219995.518808837980032, 4731991.35394546110183 ], [ 8220068.501512737944722, 4732201.743189560249448 ], [ 8220160.195699881762266, 4732421.927877984009683 ], [ 8220223.596392840147018, 4732632.185417509637773 ], [ 8220267.768060287460685, 4732861.222113498486578 ], [ 8220282.49126283545047, 4733146.912139217369258 ], [ 8220249.907276601530612, 4733450.906596045941114 ], [ 8220218.566610622219741, 4733650.258086859248579 ], [ 8220149.527593032456934, 4733849.075594830326736 ], [ 8220033.918889720924199, 4733980.598898316733539 ], [ 8219900.822515335865319, 4734007.186817820183933 ], [ 8219759.296438226476312, 4733967.034140840172768 ], [ 8219647.301254066638649, 4733841.672474292106926 ], [ 8219591.528508939780295, 4733755.206805949099362 ], [ 8219573.93677354324609, 4733650.273966822773218 ], [ 8219575.814301730133593, 4733517.08096157386899 ], [ 8219616.116004568524659, 4733355.908735902048647 ], [ 8219655.902815129607916, 4733223.27913451846689 ], [ 8219696.335932304151356, 4733052.598095923662186 ], [ 8219746.044814134016633, 4732872.546113039366901 ], [ 8219739.22399943228811, 4732691.658466195687652 ], [ 8219704.106553714722395, 4732500.841569813899696 ], [ 8219640.449523143470287, 4732309.608738746494055 ], [ 8219538.375197997316718, 4732146.356632900424302 ], [ 8219398.375954667106271, 4731992.058291655965149 ], [ 8219258.089042004197836, 4731866.296868982724845 ], [ 8219154.388739393092692, 4731826.705163038335741 ], [ 8218481.876060325652361, 4731788.184137602336705 ], [ 8218424.232472602277994, 4731834.898676636628807 ], [ 8218404.198835914954543, 4731910.714039410464466 ], [ 8218450.475158003158867, 4731997.029161739163101 ], [ 8218525.070346044376493, 4732083.767742401920259 ], [ 8218694.272737916558981, 4732190.939257661812007 ], [ 8218901.40847550239414, 4732289.159104400314391 ], [ 8219099.34077685046941, 4732368.20969420671463 ], [ 8219353.779400404542685, 4732457.611202540807426 ], [ 8219494.812167372554541, 4732554.840261194854975 ], [ 8219540.318694703280926, 4732688.720849919132888 ], [ 8219537.949948599562049, 4732840.929096689447761 ], [ 8219451.045179663226008, 4732953.826625620014966 ], [ 8219356.250102170743048, 4732961.93850302323699 ], [ 8219186.174911180511117, 4732930.874792936258018 ], [ 8218988.231025015003979, 4732851.82101399358362 ], [ 8218894.268354163505137, 4732793.337352938950062 ], [ 8218676.430911821313202, 4732780.588309018872678 ], [ 8218477.413259607739747, 4732777.629641444422305 ], [ 8218259.035771983675659, 4732802.923674798570573 ], [ 8218144.363173902966082, 4732867.820173561573029 ], [ 8218104.988585326820612, 4732962.386069793254137 ], [ 8218113.677158027887344, 4733010.093296153470874 ], [ 8218151.315378985367715, 4733029.684819624759257 ], [ 8218350.337748005986214, 4733032.650093242526054 ], [ 8218558.925316223874688, 4733045.265855368226767 ], [ 8218690.979673585854471, 4733075.777445368468761 ], [ 8218803.875192696228623, 4733144.059462717734277 ], [ 8218916.330090329051018, 4733328.409851849079132 ], [ 8218763.332287093624473, 4734047.64919267501682 ], [ 8218664.430357822217047, 4734722.3881068341434 ], [ 8218706.94190707616508, 4734799.848663939163089 ], [ 8218788.088379120454192, 4734855.969416584819555 ], [ 8218918.95405394397676, 4734896.403164573945105 ], [ 8219033.42855523340404, 4734920.127538318745792 ], [ 8219114.853216181509197, 4734965.277871187776327 ], [ 8219124.893991702236235, 4735025.775381338782609 ], [ 8219085.437648892402649, 4735101.960923400707543 ], [ 8218996.706505379639566, 4735193.834254573099315 ], [ 8218924.056800357997417, 4735285.963163908571005 ], [ 8218884.462425068020821, 4735378.603664952330291 ], [ 8218888.947281125001609, 4735444.502953897230327 ], [ 8218921.147820088081062, 4735472.436841484159231 ], [ 8219068.603794638998806, 4735502.157745601609349 ], [ 8219166.697376237250865, 4735531.111508425325155 ], [ 8219203.989861031994224, 4735592.037239089608192 ], [ 8219186.569191452115774, 4735668.657437226735055 ], [ 8219097.487664993852377, 4735766.197469019331038 ], [ 8218970.363963733427227, 4735852.152556610293686 ], [ 8218833.031477084383368, 4735893.979341894388199 ], [ 8218744.650904194451869, 4735942.066847025416791 ], [ 8218705.543760750442743, 4736012.900232817977667 ], [ 8218693.734651235863566, 4736073.17114841658622 ], [ 8218698.70338205806911, 4736100.729849735274911 ], [ 8218851.817390875890851, 4736119.601397259160876 ], [ 8218998.923044705763459, 4736160.364619783125818 ], [ 8219079.886187034659088, 4736233.073242624290287 ], [ 8219101.07265823148191, 4736282.866928403265774 ], [ 8219084.250291745178401, 4736326.570181020535529 ], [ 8219045.234743979759514, 4736375.427940930239856 ], [ 8218984.79735841602087, 4736390.975916950963438 ], [ 8218869.910992196761072, 4736378.197431267239153 ], [ 8218717.218526304699481, 4736337.34608478564769 ], [ 8218651.655031252652407, 4736336.322367622517049 ], [ 8218629.213344125077128, 4736374.444781146943569 ], [ 8218633.553693121299148, 4736445.963364213705063 ], [ 8218665.370407757349312, 4736517.909236853010952 ], [ 8218751.917950478382409, 4736590.708720771595836 ], [ 8218910.434056850150228, 4736615.160756582394242 ], [ 8219101.443406055681407, 4736656.605948440730572 ], [ 8219166.114758605137467, 4736712.577177825383842 ], [ 8219159.813642609864473, 4736778.432999246753752 ], [ 8219120.685673275031149, 4736827.293186123482883 ], [ 8219049.220962995663285, 4736848.167116000317037 ], [ 8218900.928485396318138, 4736889.828333076089621 ], [ 8218796.107240667566657, 4736954.15071479883045 ], [ 8218712.673677870072424, 4737046.289656544104218 ], [ 8218628.577086731791496, 4737176.895253804512322 ], [ 8218539.948358415625989, 4737241.472813628613949 ], [ 8218446.651264154352248, 4737272.992215061560273 ], [ 8218331.20473459456116, 4737298.673281433992088 ], [ 8218248.551901681348681, 4737335.857485486194491 ], [ 8218054.883950622752309, 4737486.731553918682039 ], [ 8217945.334499421529472, 4737490.512741645798087 ], [ 8217885.409622432664037, 4737462.092167879454792 ], [ 8217880.837219845503569, 4737407.052534635178745 ], [ 8217903.36304450314492, 4737363.432307983748615 ], [ 8218031.146093863993883, 4737233.516036878339946 ], [ 8218125.422626496292651, 4737141.552849077619612 ], [ 8218203.579098289832473, 4737043.837180339731276 ], [ 8218232.488846291787922, 4736928.866665985435247 ], [ 8218212.881108487024903, 4736769.166494065895677 ], [ 8218159.680081318132579, 4736669.399731678888202 ], [ 8218110.941765788011253, 4736624.669362155720592 ], [ 8218066.651614781469107, 4736651.45915531180799 ], [ 8217966.715826224535704, 4736748.82681505382061 ], [ 8217850.343915725126863, 4736862.422714803367853 ], [ 8217744.772607523016632, 4736970.694680206477642 ], [ 8217644.830584497191012, 4737068.062379909679294 ], [ 8217562.177241828292608, 4737105.240097735077143 ], [ 8217469.494973486289382, 4737070.807120305486023 ], [ 8217453.899248661473393, 4737021.092632587999105 ], [ 8217471.427785959094763, 4736944.418219666928053 ], [ 8217516.970369389280677, 4736807.728602159768343 ], [ 8217589.783027143217623, 4736693.450138349086046 ], [ 8217674.00001760199666, 4736562.859237820841372 ], [ 8217724.852850505150855, 4736437.249382961541414 ], [ 8217781.306388076394796, 4736333.705692442134023 ], [ 8217890.345048191025853, 4735983.673236557282507 ], [ 8217904.099987206049263, 4735780.54558780696243 ], [ 8217878.126021206378937, 4735675.721331649459898 ], [ 8217835.279119254089892, 4735625.585375852882862 ], [ 8217780.633140789344907, 4735619.23290762770921 ], [ 8217709.06308713182807, 4735640.095297839492559 ], [ 8217620.506672559306026, 4735715.643941894173622 ], [ 8217514.484947103075683, 4735840.385295988991857 ], [ 8217408.794581485912204, 4735965.127009727060795 ], [ 8217319.915952085517347, 4736062.653767193667591 ], [ 8217198.801806078292429, 4736110.211845177225769 ], [ 8217138.696454700082541, 4736087.28558193705976 ], [ 8217090.855313953943551, 4736004.090565634891391 ], [ 8217075.707282702438533, 4735915.918334880843759 ], [ 8217054.975903178565204, 4735827.66063869278878 ], [ 8217011.798538416624069, 4735777.520483136177063 ], [ 8216925.095760736614466, 4735732.184439391829073 ], [ 8216782.905042032711208, 4735707.962738098576665 ], [ 8216685.418154706247151, 4735651.463947039097548 ], [ 8216653.705931007862091, 4735574.043946457095444 ], [ 8216677.126504399813712, 4735459.213791421614587 ], [ 8216777.131557511165738, 4735362.047171325422823 ], [ 8216860.995981152169406, 4735253.652816683985293 ], [ 8216928.358392997644842, 4735150.484547305852175 ], [ 8216968.108104582875967, 4735041.40124764572829 ], [ 8217013.968153885565698, 4734904.984414898790419 ], [ 8217090.573705982416868, 4734560.603760006837547 ], [ 8217149.564387156628072, 4734265.330813200213015 ], [ 8217186.999040738679469, 4733969.721571940928698 ], [ 8217101.756195855326951, 4733809.317422970198095 ], [ 8217014.434707294218242, 4733807.939318699762225 ], [ 8216947.887267185375094, 4733850.774483841843903 ], [ 8216902.059491431340575, 4733992.660890333354473 ], [ 8216877.283271174877882, 4734189.732524945400655 ], [ 8216813.618908347561955, 4734402.655578981153667 ], [ 8216750.174771386198699, 4734615.582614856772125 ], [ 8216682.396844802424312, 4734768.101869669742882 ], [ 8216610.119193580001593, 4734827.30480033159256 ], [ 8216544.398790597915649, 4734837.236265091225505 ], [ 8216457.403637969866395, 4734791.979446942918003 ], [ 8216365.661620314233005, 4734713.731127565726638 ], [ 8216329.309611011296511, 4734592.475581699050963 ], [ 8216369.844027179293334, 4734439.529308664612472 ], [ 8216427.070699313655496, 4734275.876736045815051 ], [ 8216473.296602756716311, 4734123.020919036120176 ], [ 8216452.440997662954032, 4734040.418606195598841 ], [ 8216398.170677714981139, 4734017.618639742955565 ], [ 8216320.842672393657267, 4734071.24514268245548 ], [ 8216215.039964308962226, 4734190.243912596255541 ], [ 8216126.962387460283935, 4734216.277039508335292 ], [ 8216089.106988713145256, 4734193.735049590468407 ], [ 8216051.894743476994336, 4734121.839072533883154 ], [ 8216020.965442919172347, 4733989.708928802981973 ], [ 8216039.513923811726272, 4733597.360054723918438 ], [ 8216048.119623009115458, 4732948.406419081613421 ], [ 8216002.044525817036629, 4732352.857537208124995 ], [ 8215897.39500841870904, 4732117.114636890590191 ], [ 8215852.917757050134242, 4731982.120069082826376 ], [ 8215829.429783041588962, 4731894.248791007325053 ], [ 8215658.774271527305245, 4731629.055795005522668 ], [ 8215609.762022987939417, 4731572.031076991930604 ], [ 8215505.520185364410281, 4731464.13135599065572 ], [ 8215357.307845348492265, 4731355.537390878424048 ], [ 8215252.479988617822528, 4731278.876572943292558 ], [ 8215167.346289739944041, 4731152.530529438517988 ], [ 8215156.702285086736083, 4731033.624914206564426 ], [ 8215207.694203429855406, 4730946.951259111054242 ], [ 8215296.053672974929214, 4730892.111576536670327 ], [ 8215458.676352889277041, 4730844.707903095521033 ], [ 8215676.602425751276314, 4730879.411798001267016 ], [ 8215874.730526644736528, 4730963.795564773492515 ], [ 8216060.579722392372787, 4731047.948345769196749 ], [ 8216240.981151805259287, 4731050.676300341263413 ], [ 8216360.153172727674246, 4731002.445588600821793 ], [ 8216486.139669590629637, 4730898.039489298127592 ], [ 8216537.718709707260132, 4730792.507122321054339 ], [ 8216532.47998000588268, 4730723.642568534240127 ], [ 8216507.927063561044633, 4730698.259835030883551 ], [ 8216427.098021709360182, 4730672.032020845450461 ], [ 8216252.528422068804502, 4730681.905164626426995 ], [ 8216016.350779592059553, 4730659.574775223620236 ], [ 8215686.125626121647656, 4730648.327689714729786 ], [ 8215562.398435042239726, 4730596.425683351233602 ], [ 8215488.95017231721431, 4730514.019683491438627 ], [ 8215496.446840793825686, 4730426.590404976159334 ], [ 8215553.76696524117142, 4730339.917321069166064 ], [ 8215635.886536486446857, 4730253.622274360619485 ], [ 8215693.023463082499802, 4730179.453077736310661 ], [ 8215781.277783104218543, 4730099.503689111210406 ], [ 8215876.273263375274837, 4730007.145868552848697 ], [ 8215952.090293190442026, 4729933.259414608590305 ], [ 8216222.295726111158729, 4729762.268126592971385 ], [ 8216323.357925455085933, 4729657.500277054496109 ], [ 8216368.412786217406392, 4729564.389784226194024 ], [ 8216370.14486001059413, 4729451.869729441590607 ], [ 8216326.981904725544155, 4729413.705829718150198 ], [ 8216277.544269199483097, 4729394.201155076734722 ], [ 8216202.523804093711078, 4729405.5753388479352 ], [ 8216108.592815488576889, 4729447.9222501963377 ], [ 8216008.231470603495836, 4729496.425582870841026 ], [ 8215920.95684708468616, 4729501.358376245014369 ], [ 8215852.684013947844505, 4729469.066622589714825 ], [ 8215810.343165775761008, 4729392.125383370555937 ], [ 8215810.343165775761008, 4729392.125383370555937 ], [ 8217322.550450073555112, 4729275.846239796839654 ], [ 8219325.490784856490791, 4728847.399386417120695 ], [ 8219325.490784856490791, 4728847.399386417120695 ], [ 8219414.351038466207683, 4728884.649079329334199 ], [ 8219699.805374283343554, 4728962.475384429097176 ], [ 8219839.903186999261379, 4728971.229120776057243 ], [ 8219973.583485554903746, 4728946.430025221779943 ], [ 8220047.541056041605771, 4728893.985059667378664 ], [ 8220121.779623250477016, 4728821.468423454090953 ], [ 8220229.922532384283841, 4728715.98922304995358 ], [ 8220325.319631718099117, 4728583.58296706341207 ], [ 8220349.912099504843354, 4728556.287026798352599 ], [ 8220349.912099504843354, 4728556.287026798352599 ], [ 8221062.450752229429781, 4728315.92135083861649 ], [ 8221062.450752229429781, 4728315.92135083861649 ], [ 8221101.223611358553171, 4728381.37760500330478 ], [ 8221100.534856365993619, 4728414.828599494881928 ], [ 8221005.702799000777304, 4728540.512034263461828 ], [ 8220877.32984556350857, 4728665.684749613516033 ], [ 8220782.830583654344082, 4728751.226760965771973 ], [ 8220694.320767041295767, 4728877.013716015964746 ], [ 8220578.90993557497859, 4729035.844290267676115 ], [ 8220504.207980891689658, 4729135.075484441593289 ], [ 8220402.533803725615144, 4729240.587222086265683 ], [ 8220294.997064168564975, 4729312.542242278344929 ], [ 8220167.344212139956653, 4729390.956179779954255 ], [ 8220026.334975046105683, 4729462.496635485440493 ], [ 8219858.943898817524314, 4729513.569785026833415 ], [ 8219644.986194095574319, 4729557.26158450730145 ], [ 8219431.103981286287308, 4729587.566781023517251 ], [ 8219251.054875550791621, 4729598.2878094073385 ], [ 8219063.566386739723384, 4729655.743536440655589 ], [ 8218949.286803907714784, 4729714.283392579294741 ], [ 8218908.362018803134561, 4729787.291699859313667 ], [ 8218907.225463238544762, 4729867.584702463820577 ], [ 8218932.657466301694512, 4729954.964810064993799 ], [ 8218984.625616441480815, 4730036.049566124565899 ], [ 8219030.846918405964971, 4730083.579551518894732 ], [ 8219103.777069545350969, 4730104.739321498200297 ], [ 8219217.09835453890264, 4730106.416829725727439 ], [ 8219343.956885404884815, 4730101.599057085812092 ], [ 8219497.445474454201758, 4730083.790988102555275 ], [ 8219671.62506103515625, 4730032.819311814382672 ], [ 8219845.46898633800447, 4729981.844846279360354 ], [ 8220039.73668123036623, 4729924.470944362692535 ], [ 8220200.016079843044281, 4729913.44140895921737 ], [ 8220313.006017033942044, 4729921.830778145231307 ], [ 8220372.811896616593003, 4729942.828753730282187 ], [ 8220392.709925443865359, 4729949.827900388278067 ], [ 8220406.055611544288695, 4729956.724598550237715 ], [ 8220438.795572276227176, 4729990.693682493641973 ], [ 8220484.80571545753628, 4730044.94193946197629 ], [ 8220543.623148895800114, 4730112.778205120936036 ], [ 8220602.851066566072404, 4730167.231571373529732 ], [ 8220663.144593339413404, 4730161.462976198643446 ], [ 8220710.132053228095174, 4730122.032621687278152 ], [ 8220826.879968333989382, 4729876.198804173618555 ], [ 8220895.872365117073059, 4729716.635993145406246 ], [ 8220991.144585956819355, 4729584.248436460271478 ], [ 8221092.481977389194071, 4729478.727179052308202 ], [ 8221227.358143746852875, 4729373.716622404754162 ], [ 8221421.626994677819312, 4729303.077260784804821 ], [ 8221675.772180397063494, 4729240.041555068455637 ], [ 8221915.827142274007201, 4729223.631829429417849 ], [ 8222182.480291368439794, 4729227.694588053040206 ], [ 8222428.532168769277632, 4729251.518487666733563 ], [ 8222594.38328614551574, 4729307.576421436853707 ], [ 8222746.947383749298751, 4729376.811352133750916 ], [ 8222932.386648587882519, 4729446.549527807161212 ], [ 8223144.798460082150996, 4729509.997249332256615 ], [ 8223330.780339134857059, 4729573.038086971268058 ], [ 8223536.696968625299633, 4729616.304789680987597 ], [ 8223736.592327774502337, 4729612.629511689767241 ], [ 8223977.078639423474669, 4729589.479140842333436 ], [ 8224110.244070081971586, 4729591.48415912874043 ], [ 8224162.844766160473228, 4729652.505256677046418 ], [ 8224194.299317393451929, 4729773.446071862243116 ], [ 8224172.117461008951068, 4729933.734525345265865 ], [ 8224103.873399439267814, 4730066.558283452875912 ], [ 8224016.052022313699126, 4730152.242880787700415 ], [ 8223921.839236877858639, 4730217.752290182746947 ], [ 8223827.44211230520159, 4730296.644522684626281 ], [ 8223732.54615580290556, 4730395.611110026948154 ], [ 8223698.125423253513873, 4730475.407629206776619 ], [ 8223711.127373195253313, 4730515.758209113962948 ], [ 8223730.845995679497719, 4730536.134519219398499 ], [ 8223796.90199279692024, 4730563.90557777043432 ], [ 8223963.060738163068891, 4730580.911155640147626 ], [ 8224149.407645818777382, 4730610.502179632894695 ], [ 8224361.952935629524291, 4730667.272804753854871 ], [ 8224503.593561838380992, 4730722.972683156840503 ], [ 8224591.544577421620488, 4730786.798531025648117 ], [ 8224688.236332791857421, 4730886.467859289608896 ], [ 8224784.828986929729581, 4730977.209271908737719 ], [ 8224872.551410216838121, 4731049.962379090487957 ], [ 8224952.453525411896408, 4731060.087190475314856 ], [ 8225202.010471950285137, 4731028.097009264864028 ], [ 8225389.09373476728797, 4731004.100205660797656 ], [ 8225575.805292068980634, 4731015.810828549787402 ], [ 8225752.912465419620275, 4731072.024901958182454 ], [ 8225885.564100247807801, 4731127.575552553869784 ], [ 8226017.144207442179322, 4731254.548138375394046 ], [ 8226121.81251675542444, 4731398.980973298661411 ], [ 8226208.31362455803901, 4731596.720780001953244 ], [ 8226268.518473722971976, 4731749.425891973078251 ], [ 8226284.041139859706163, 4731901.473616937175393 ], [ 8226283.974577749148011, 4731923.000299511477351 ], [ 8226283.21704722288996, 4731979.394860145635903 ], [ 8226283.21704722288996, 4731979.394860145635903 ], [ 8226282.481931951828301, 4732017.545388355851173 ], [ 8226246.055430287495255, 4732097.376256647519767 ], [ 8226156.299200312234461, 4732149.629514304921031 ], [ 8226049.580597082152963, 4732156.974053675308824 ], [ 8225942.991222438402474, 4732146.459996193647385 ], [ 8225845.625090541318059, 4732092.482876722700894 ] ] ] ] } },
{ "type": "Feature", "properties": { "layer": "LDLYAAE002" }, "geometry": { "type": "MultiPolygon", "coordinates": [ [ [ [ 8224898.973818938247859, 4742309.97611996345222 ], [ 8224765.761686873622239, 4742220.773684998974204 ], [ 8224619.316260432824492, 4742102.779394344426692 ], [ 8224521.973114452324808, 4742013.086403303779662 ], [ 8224430.305689068511128, 4741906.929618903435767 ], [ 8224344.313922059722245, 4741784.309386922046542 ], [ 8224247.729764001443982, 4741633.954599351622164 ], [ 8224006.084566058591008, 4741282.888635678216815 ], [ 8223942.224528198130429, 4741149.567988570779562 ], [ 8223622.049228784628212, 4740543.032085303217173 ], [ 8223435.766386497765779, 4740164.472093558870256 ], [ 8223282.531758507713675, 4739769.837026627734303 ], [ 8223031.288981781341136, 4738975.897982861846685 ], [ 8222891.865558483637869, 4738377.069897735491395 ], [ 8222839.307016593404114, 4738216.295278227888048 ], [ 8222809.460610958747566, 4738012.941490737721324 ], [ 8222790.474166418425739, 4737782.34035440068692 ], [ 8222646.665070182643831, 4737111.001431078650057 ], [ 8222596.248026042245328, 4736808.561158963479102 ], [ 8222555.309478188864887, 4736604.990031815133989 ], [ 8222482.800561422482133, 4736313.161482581868768 ], [ 8222447.028598949313164, 4736115.172953208908439 ], [ 8222429.45109471026808, 4735807.830014239065349 ], [ 8222400.271304917521775, 4735554.469800365157425 ], [ 8222370.380565331317484, 4735382.918966165743768 ], [ 8222345.911864913068712, 4735205.917087397538126 ], [ 8222353.862575366161764, 4735051.350739508867264 ], [ 8222368.12618472520262, 4734819.54792688973248 ], [ 8222518.428547769784927, 4734286.022277130745351 ], [ 8222592.144690609537065, 4734104.870170547626913 ], [ 8222639.998048442415893, 4734034.414463022723794 ], [ 8222675.428494583815336, 4733987.559336214326322 ], [ 8222675.428494583815336, 4733987.559336214326322 ], [ 8222769.371146513149142, 4734174.928535438142717 ], [ 8222883.075571797788143, 4734430.354033539071679 ], [ 8222953.071819484233856, 4734556.90874105039984 ], [ 8222992.945098850876093, 4734637.873122251592577 ], [ 8223051.935467258095741, 4734739.472315588034689 ], [ 8223113.357145572081208, 4734839.544300002045929 ], [ 8223175.181649158708751, 4734932.643010159954429 ], [ 8223212.653664725832641, 4735024.48333696834743 ], [ 8223244.036544172093272, 4735103.190244434401393 ], [ 8223381.615452383644879, 4735502.955954895354807 ], [ 8223489.607720498926938, 4735661.063413354568183 ], [ 8223617.90665449667722, 4735793.20971432607621 ], [ 8223720.764287860132754, 4735853.353229715488851 ], [ 8223831.152332701720297, 4735861.525861850939691 ], [ 8223922.280238850973547, 4735836.861745797097683 ], [ 8223994.704510441049933, 4735779.360988487489522 ], [ 8224119.056293483823538, 4735690.099897816777229 ], [ 8224237.087149069644511, 4735613.651711042970419 ], [ 8224309.320072540082037, 4735562.578864715993404 ], [ 8224533.125649943947792, 4735331.237167852930725 ], [ 8224664.266245188191533, 4735228.894867705181241 ], [ 8224775.621084255166352, 4735165.368006065487862 ], [ 8224886.974546716548502, 4735101.840283850207925 ], [ 8225023.89296149276197, 4735051.736317136324942 ], [ 8225141.005406116135418, 4735033.929502162151039 ], [ 8225302.852315658703446, 4735068.943697653710842 ], [ 8225431.977932182140648, 4735123.025288703851402 ], [ 8225548.409473578445613, 4735163.876081200316548 ], [ 8225671.550748820416629, 4735172.231842262670398 ], [ 8225794.867748243734241, 4735167.549936220981181 ], [ 8225931.853475177660584, 4735136.987396854907274 ], [ 8226061.59776181075722, 4735145.435096068307757 ], [ 8226119.759055370464921, 4735165.856747689656913 ], [ 8226158.270625392906368, 4735199.025538683868945 ], [ 8226183.448137825354934, 4735258.074342343956232 ], [ 8226214.807542000897229, 4735323.737847833894193 ], [ 8226213.715388768352568, 4735421.511113801971078 ], [ 8226186.082462118007243, 4735544.973278251476586 ], [ 8226145.903879405930638, 4735635.651995878666639 ], [ 8226112.195634503848851, 4735719.886634944006801 ], [ 8226110.616254785098135, 4735830.530715410597622 ], [ 8226128.908444738946855, 4735928.448080688714981 ], [ 8226166.454869102686644, 4736026.655207691714168 ], [ 8226223.726300948299468, 4736131.661247675307095 ], [ 8226293.32972470857203, 4736269.404064166359603 ], [ 8226368.996170309372246, 4736439.789229897782207 ], [ 8226418.928709670901299, 4736583.755897969007492 ], [ 8226443.064002778381109, 4736714.32144855055958 ], [ 8226441.857725554145873, 4736805.448963468894362 ], [ 8226368.333231708966196, 4736980.138610946945846 ], [ 8226334.18055650126189, 4737090.315168336965144 ], [ 8226287.658998532220721, 4737187.281259388662875 ], [ 8226259.82490448653698, 4737310.574891224503517 ], [ 8226258.5805544545874, 4737421.236219995655119 ], [ 8226231.52263174392283, 4737485.946319177746773 ], [ 8226159.716342197731137, 4737530.453204325400293 ], [ 8226061.973714554682374, 4737555.045440640300512 ], [ 8225886.00331131182611, 4737584.987502398900688 ], [ 8225807.306234650313854, 4737642.415071708150208 ], [ 8225741.272666996344924, 4737732.584346352145076 ], [ 8225675.671227491460741, 4737790.205167837440968 ], [ 8225577.98706650082022, 4737801.773421184159815 ], [ 8225545.496099934913218, 4737794.779819896444678 ], [ 8225474.503779329359531, 4737761.166043053381145 ], [ 8225326.462073714472353, 4737661.292473300360143 ], [ 8225172.153132409788668, 4737561.320488595403731 ], [ 8225043.422535352408886, 4737474.754708125256002 ], [ 8224920.664218205027282, 4737427.342423591762781 ], [ 8224830.02318995911628, 4737406.452687875367701 ], [ 8224758.512444697320461, 4737411.892412572167814 ], [ 8224712.712235632352531, 4737437.24913910869509 ], [ 8224653.639463709667325, 4737475.430197393521667 ], [ 8224620.01452081464231, 4737553.058002502657473 ], [ 8224592.167698635719717, 4737708.89939177967608 ], [ 8224589.935459061525762, 4737858.62297882232815 ], [ 8224607.755607658065856, 4737982.601328432559967 ], [ 8224651.637206451967359, 4738100.461104478687048 ], [ 8224701.94983079098165, 4738231.439343479461968 ], [ 8224930.13928693253547, 4738651.590373780578375 ], [ 8224993.857482611201704, 4738743.706477036699653 ], [ 8225076.623671005479991, 4738868.666874647140503 ], [ 8225120.712568413466215, 4738980.02416814211756 ], [ 8225125.900710033252835, 4739077.779046978801489 ], [ 8225092.559537510387599, 4739142.399354547262192 ], [ 8225046.09380943980068, 4739200.314862381666899 ], [ 8224967.117576422169805, 4739277.276947448961437 ], [ 8224888.251794474199414, 4739354.238651149906218 ], [ 8224828.581429370678961, 4739444.513500310480595 ], [ 8224768.473915883339942, 4739567.343346797861159 ], [ 8224727.56220870744437, 4739703.488354962319136 ], [ 8224693.739997302182019, 4739820.199228032492101 ], [ 8224640.297884302213788, 4739930.10787065140903 ], [ 8224547.838788825087249, 4740026.410070028156042 ], [ 8224456.305340712890029, 4740077.287534644827247 ], [ 8224325.830052242614329, 4740114.84907054901123 ], [ 8224143.738332275301218, 4740125.650395818054676 ], [ 8224020.948483659885824, 4740084.948124710470438 ], [ 8223910.592100334353745, 4740077.047580745071173 ], [ 8223884.112250398844481, 4740096.309484428726137 ], [ 8223864.034261259250343, 4740154.822891585528851 ], [ 8223868.979527555406094, 4740259.3585045337677 ], [ 8223887.321886209771037, 4740350.999790592119098 ], [ 8223918.817137962207198, 4740423.217515664175153 ], [ 8224085.651917643845081, 4740568.945587929338217 ], [ 8224162.830828486941755, 4740635.199720058590174 ], [ 8224200.916111308149993, 4740700.970842394977808 ], [ 8224219.646364589221776, 4740740.385202273726463 ], [ 8224218.7700907420367, 4740812.20175973046571 ], [ 8224197.661331532523036, 4740929.479766312986612 ], [ 8224195.865286083891988, 4741060.058543254621327 ], [ 8224220.350053592585027, 4741177.903225920163095 ], [ 8224251.401206281036139, 4741282.771648882888258 ], [ 8224289.040268714539707, 4741381.192456365562975 ], [ 8224333.447427784092724, 4741460.106750767678022 ], [ 8224368.71333231497556, 4741533.216636132448912 ], [ 8224434.033433785662055, 4741707.332139699719846 ], [ 8224458.359612436033785, 4741820.830749519169331 ], [ 8224501.919377373531461, 4741920.459450379014015 ], [ 8224556.232970825396478, 4742011.956410875543952 ], [ 8224623.933973651379347, 4742065.374395248480141 ], [ 8224650.728622020222247, 4742089.605368234217167 ], [ 8224701.006354539655149, 4742122.096450929529965 ], [ 8224800.258487256243825, 4742173.359792607836425 ], [ 8224886.42435634881258, 4742209.254167308099568 ], [ 8224937.81437389459461, 4742253.426928823813796 ], [ 8224946.12142669968307, 4742279.652791395783424 ], [ 8224936.996048015542328, 4742296.958630765788257 ], [ 8224898.973818938247859, 4742309.97611996345222 ] ] ] ] } },
{ "type": "Feature", "properties": { "layer": "LDLYAAE002" }, "geometry": { "type": "MultiPolygon", "coordinates": [ [ [ [ 8338089.059177180752158, 4741825.943750577047467 ], [ 8338136.211926793679595, 4741889.103026686236262 ], [ 8338229.418881040066481, 4741982.719485157169402 ], [ 8338336.971159105189145, 4742083.536527638323605 ], [ 8338401.501436101272702, 4742148.347920906729996 ], [ 8338458.862231582403183, 4742205.957902945578098 ], [ 8338552.040135053917766, 4742378.799609764479101 ], [ 8338609.37808930221945, 4742494.029136420227587 ], [ 8338673.825369467027485, 4742760.511919532902539 ], [ 8338709.626796448603272, 4742918.964599750004709 ], [ 8338709.574188106693327, 4743041.411155125126243 ], [ 8338479.787808004766703, 4743524.04149426985532 ], [ 8338429.531324941664934, 4743603.28236972540617 ], [ 8338364.898420485667884, 4743740.151756566949189 ], [ 8338300.260060975328088, 4743884.22573918197304 ], [ 8338264.322398126125336, 4744021.094663521274924 ], [ 8338249.91140020173043, 4744150.759640885517001 ], [ 8338249.860379796475172, 4744258.813382896594703 ], [ 8338249.798764588311315, 4744388.47983284574002 ], [ 8338249.720349899493158, 4744554.167116612195969 ], [ 8338249.641606665216386, 4744719.856761832721531 ], [ 8338228.057732904329896, 4744842.327145141549408 ], [ 8338213.65888649597764, 4744943.18575063161552 ], [ 8338184.933205264620483, 4744993.617920399643481 ], [ 8338141.863402225077152, 4745029.643002562224865 ], [ 8338084.449508273042738, 4745051.260983915999532 ], [ 8338019.863357532769442, 4745065.674943464808166 ], [ 8337926.582554849795997, 4745065.682319290935993 ], [ 8337833.327793586999178, 4745015.25954703707248 ], [ 8337775.973175132647157, 4744921.609540947712958 ], [ 8337747.332341474480927, 4744806.346312995068729 ], [ 8337733.057335095480084, 4744662.267582923173904 ], [ 8337725.969324686564505, 4744496.578959920443594 ], [ 8337740.421260863542557, 4744302.077557357028127 ], [ 8337740.553722711279988, 4744049.952142572030425 ], [ 8337740.689629179425538, 4743790.629823827184737 ], [ 8337755.174213994294405, 4743531.313264572992921 ], [ 8337776.794798571616411, 4743344.032228020951152 ], [ 8337776.91471038851887, 4743113.539301469922066 ], [ 8337769.819499767385423, 4742962.281185168772936 ], [ 8337748.376819081604481, 4742811.026454059407115 ], [ 8337683.922640833072364, 4742602.156166235916317 ], [ 8337605.108833630569279, 4742422.0999062564224 ], [ 8337479.738904125057161, 4742176.090962971560657 ], [ 8337479.850226872600615, 4742176.090963762253523 ], [ 8338029.771924643777311, 4741862.457886546850204 ], [ 8338088.947854433208704, 4741825.943749787285924 ], [ 8338089.059177180752158, 4741825.943750577047467 ] ] ] ] } },
{ "type": "Feature", "properties": { "layer": "LDLYAAE002" }, "geometry": { "type": "MultiPolygon", "coordinates": [ [ [ [ 8337479.850226872600615, 4742176.090963762253523 ], [ 8338029.771924643777311, 4741862.457886546850204 ], [ 8338088.947854433208704, 4741825.943749787285924 ], [ 8338089.059177180752158, 4741825.943750577047467 ], [ 8338028.685485039837658, 4741745.074312077835202 ], [ 8337963.389249508269131, 4741646.668783534318209 ], [ 8337963.389249508269131, 4741646.668783534318209 ], [ 8337942.673609497956932, 4741615.448664921335876 ], [ 8337835.156203491613269, 4741464.220262686721981 ], [ 8337691.804644972085953, 4741262.584092631004751 ], [ 8337562.769151598215103, 4741125.76189577486366 ], [ 8337426.548738617449999, 4741017.745653370395303 ], [ 8337268.813262929208577, 4740909.728622354567051 ], [ 8337111.081469357945025, 4740801.710589457303286 ], [ 8336974.835317478515208, 4740751.300612810999155 ], [ 8336845.745693759061396, 4740729.694049654528499 ], [ 8336774.003850965760648, 4740758.496011652052402 ], [ 8336759.632225661538541, 4740801.702706813812256 ], [ 8336773.901469469070435, 4740924.124441561289132 ], [ 8336788.197466692887247, 4741003.339316812343895 ], [ 8336838.325983279384673, 4741132.966239494271576 ], [ 8336960.153191803023219, 4741313.006764441728592 ], [ 8337074.811975833959877, 4741493.048925142735243 ], [ 8337189.47867563739419, 4741665.891332357190549 ], [ 8337232.974701560102403, 4741728.720110587775707 ], [ 8337304.15337045956403, 4741831.533297546207905 ], [ 8337479.738904125057161, 4742176.090962971560657 ], [ 8337479.850226872600615, 4742176.090963762253523 ] ] ] ] } },
{ "type": "Feature", "properties": { "layer": "LDLYAAE002" }, "geometry": { "type": "MultiPolygon", "coordinates": [ [ [ [ 8345799.106833771802485, 4741133.289205579087138 ], [ 8345952.910418150015175, 4741120.032700068317354 ], [ 8346204.036395808681846, 4741061.255765972658992 ], [ 8346416.527678793296218, 4741002.576321299187839 ], [ 8346561.399813410826027, 4740992.502113239839673 ], [ 8346715.927122637629509, 4740992.084678831510246 ], [ 8346783.530918438918889, 4741001.586888192221522 ], [ 8346822.152486955747008, 4741049.909183425828815 ], [ 8346793.161952557973564, 4741127.471723790280521 ], [ 8346715.879957677796483, 4741205.165665122680366 ], [ 8346599.954585265368223, 4741321.706408490426838 ], [ 8346469.651701733469963, 4741406.047764834947884 ], [ 8346469.651701733469963, 4741406.047764834947884 ], [ 8346348.794194640591741, 4741496.724304899573326 ], [ 8346203.883377297781408, 4741623.027292041108012 ], [ 8346058.960315987467766, 4741778.388313493691385 ], [ 8345943.006437072530389, 4741943.359364669770002 ], [ 8345836.705125257372856, 4742117.993141529150307 ], [ 8345730.421751057729125, 4742224.822506240569055 ], [ 8345614.498975830152631, 4742263.870570897124708 ], [ 8345440.640682127326727, 4742244.947653453797102 ], [ 8345160.56480358261615, 4742139.114849109202623 ], [ 8344851.498356181196868, 4742081.780561159364879 ], [ 8344561.728047913871706, 4742082.507447440177202 ], [ 8344387.857046985067427, 4742102.31231056433171 ], [ 8344146.353857971727848, 4742161.02638780977577 ], [ 8344001.457925263792276, 4742180.753542960621417 ], [ 8343750.281235817819834, 4742258.854883424937725 ], [ 8343518.424648080021143, 4742327.218052041716874 ], [ 8343305.904777792282403, 4742356.783585839904845 ], [ 8343035.450685642659664, 4742347.7340675778687 ], [ 8342803.509659974835813, 4742270.281847276724875 ], [ 8342668.203818913549185, 4742221.838929953053594 ], [ 8342552.226328311488032, 4742221.901803436689079 ], [ 8342397.586017470806837, 4742280.204831391572952 ], [ 8342242.942344671115279, 4742357.913233038038015 ], [ 8342039.977043108083308, 4742377.421019596979022 ], [ 8341846.680396956391633, 4742358.105648830533028 ], [ 8341750.037571323104203, 4742309.631659416481853 ], [ 8341721.053287959657609, 4742232.016013700515032 ], [ 8341759.721221665851772, 4742164.073699579574168 ], [ 8341895.034164660610259, 4742105.790207713842392 ], [ 8342088.332199700176716, 4742057.180392815731466 ], [ 8342223.640210476703942, 4742018.29953998234123 ], [ 8342310.627973432652652, 4741930.925555146299303 ], [ 8342397.616817173548043, 4741804.738712367601693 ], [ 8342484.600127444602549, 4741736.771286210045218 ], [ 8342687.551030050963163, 4741736.661982760764658 ], [ 8342909.830785548314452, 4741707.428093506023288 ], [ 8343083.788155240938067, 4741668.514922162517905 ], [ 8343238.414246504195035, 4741561.690048793330789 ], [ 8343451.021243466995656, 4741445.124938155524433 ], [ 8343779.594703916460276, 4741386.697281504049897 ], [ 8344050.152860245667398, 4741357.315277953632176 ], [ 8344272.276237393729389, 4741395.513276585377753 ], [ 8344484.721559032797813, 4741482.159502521157265 ], [ 8344687.544666267000139, 4741491.339250070042908 ], [ 8344832.445193073712289, 4741432.859973323531449 ], [ 8345006.364273146726191, 4741258.077188038267195 ], [ 8345151.281457742676139, 4741141.481547482311726 ], [ 8345257.545428453013301, 4741073.411346020177007 ], [ 8345305.842813302762806, 4741053.916723250411451 ], [ 8345373.441948666237295, 4741073.113666089251637 ], [ 8345479.657179489731789, 4741140.638063572347164 ], [ 8345721.110140181146562, 4741140.011247921735048 ], [ 8345799.106833771802485, 4741133.289205579087138 ] ] ] ] } },
{ "type": "Feature", "properties": { "layer": "LDLYAAE002" }, "geometry": { "type": "Polygon", "coordinates": [ [ [ 8330510.437760047614574, 4741352.493505156598985 ], [ 8330589.179575823247433, 4741267.438568130135536 ], [ 8330673.976310861296952, 4741176.307152123190463 ], [ 8330752.693048843182623, 4741109.439627920277417 ], [ 8330873.721713898703456, 4741066.723989426158369 ], [ 8330982.637121454812586, 4741036.15976382791996 ], [ 8331103.606917284429073, 4741041.940678241662681 ], [ 8331212.507244302891195, 4741023.498871667310596 ], [ 8331273.066072917543352, 4740962.733123727142811 ], [ 8331369.94449295476079, 4740877.632513892836869 ], [ 8331569.683700360357761, 4740761.976273583248258 ], [ 8331793.572173747234046, 4740682.646925931796432 ], [ 8331987.194258386269212, 4740621.713946577161551 ], [ 8332156.587265782058239, 4740591.154509146697819 ], [ 8332301.694793513044715, 4740645.593046007677913 ], [ 8332434.662359890528023, 4740742.530798230320215 ], [ 8332561.571292888373137, 4740851.61449676938355 ], [ 8332646.241167314350605, 4740863.642148506827652 ], [ 8332730.960266027599573, 4740827.113965831696987 ], [ 8332779.423616699874401, 4740754.21757263597101 ], [ 8332821.880520114675164, 4740638.844145767390728 ], [ 8332834.087781547568738, 4740529.581699965521693 ], [ 8332803.998283788561821, 4740377.892636832781136 ], [ 8332761.770098328590393, 4740268.705179654061794 ], [ 8332707.427490666508675, 4740177.741977425292134 ], [ 8332671.18112734425813, 4740135.30665195453912 ], [ 8332616.790167485363781, 4740092.895569823682308 ], [ 8332544.217171512544155, 4740086.921597176231444 ], [ 8332193.430314696393907, 4740075.464078948833048 ], [ 8331770.044879061169922, 4740082.550498940981925 ], [ 8331503.893086411990225, 4740107.432546066120267 ], [ 8331249.829742488451302, 4740138.341519180685282 ], [ 8331044.115689871832728, 4740199.441128578968346 ], [ 8330874.67478483915329, 4740272.576809970661998 ], [ 8330717.343190585263073, 4740333.558615233749151 ], [ 8330426.973474640399218, 4740370.59248426463455 ], [ 8330118.487354782409966, 4740383.410617936402559 ], [ 8329912.839975916780531, 4740383.867966073565185 ], [ 8329767.653224879875779, 4740402.374412528239191 ], [ 8329616.32103243470192, 4740493.636715565808117 ], [ 8329458.929836388677359, 4740590.973036837764084 ], [ 8329337.835156205110252, 4740682.167275276966393 ], [ 8329234.851789940148592, 4740797.5708929290995 ], [ 8329168.183087069541216, 4740894.71000568382442 ], [ 8329143.8386419294402, 4741003.884310233406723 ], [ 8329161.868827726691961, 4741088.719061563722789 ], [ 8329228.323733383789659, 4741149.201052383519709 ], [ 8329294.82901625521481, 4741173.307868469506502 ], [ 8329379.505679390393198, 4741179.187911528162658 ], [ 8329536.794177370145917, 4741166.721617957577109 ], [ 8329772.741578349843621, 4741135.893264622427523 ], [ 8329936.022966930642724, 4741165.844693870283663 ], [ 8330062.949183552525938, 4741244.375071561895311 ], [ 8330208.001826270483434, 4741341.051274844445288 ], [ 8330322.849550435319543, 4741407.48165300488472 ], [ 8330407.543880403973162, 4741401.227571785449982 ], [ 8330468.05720884911716, 4741382.90262071415782 ], [ 8330510.437760047614574, 4741352.493505156598985 ] ] ] } },
{ "type": "Feature", "properties": { "layer": "LDLYAAE002" }, "geometry": { "type": "MultiPolygon", "coordinates": [ [ [ [ 8315722.885112959891558, 4738789.419399200007319 ], [ 8316501.053031447343528, 4738046.444894552230835 ], [ 8317103.827661488205194, 4737589.704478412866592 ], [ 8317960.428196303546429, 4737022.973630894906819 ], [ 8318466.185474758036435, 4736535.206536767072976 ], [ 8318588.14461834449321, 4736372.408630378544331 ], [ 8319427.768281696364284, 4735517.626241964288056 ], [ 8319701.565605103038251, 4735304.616537033580244 ], [ 8320188.924013788811862, 4734869.197768997400999 ], [ 8320861.199330104514956, 4734404.224374074488878 ], [ 8320972.761490336619318, 4734341.436399768106639 ], [ 8320972.650167593732476, 4734341.436398973688483 ], [ 8320925.899470754899085, 4734273.518321101553738 ], [ 8320846.680765636265278, 4734225.639603054150939 ], [ 8320719.631976770237088, 4734256.843801650218666 ], [ 8320600.273962096311152, 4734375.27953187096864 ], [ 8320417.475755233317614, 4734477.605498506687582 ], [ 8320266.414962145499885, 4734580.057402953505516 ], [ 8320059.803670565597713, 4734682.282959101721644 ], [ 8319932.769447654485703, 4734705.551024972461164 ], [ 8319711.172158163040876, 4734498.528986445628107 ], [ 8319640.052519398741424, 4734395.180106497369707 ], [ 8319576.961428882554173, 4734260.15473092533648 ], [ 8319529.948565379716456, 4734053.851458228193223 ], [ 8319498.968255711719394, 4733792.128515548072755 ], [ 8319435.974597072228789, 4733625.40296646207571 ], [ 8319364.841066914610565, 4733529.987642198801041 ], [ 8319293.500189527869225, 4733505.91310063470155 ], [ 8319245.730987223796546, 4733561.204146445728838 ], [ 8319205.593907463364303, 4733719.576847122982144 ], [ 8319197.403486921451986, 4733806.740450900048018 ], [ 8319149.771935738623142, 4733814.470368980430067 ], [ 8319070.821826375089586, 4733679.384152298793197 ], [ 8319023.424409645609558, 4733607.845028701238334 ], [ 8318967.976503971964121, 4733575.907185524702072 ], [ 8318888.631073366850615, 4733575.577024271711707 ], [ 8318753.508576917462051, 4733654.28239703271538 ], [ 8318666.204690845683217, 4733661.844066835008562 ], [ 8318587.048558476381004, 4733598.097103988751769 ], [ 8318523.857316918671131, 4733502.70941437035799 ], [ 8318436.936007492244244, 4733383.442104912362993 ], [ 8318318.566415557637811, 4733168.923743893392384 ], [ 8318255.643898465670645, 4732986.348288872279227 ], [ 8318192.459877802990377, 4732890.964574499987066 ], [ 8318121.102235346101224, 4732874.809400112368166 ], [ 8317962.084156977012753, 4732985.103294363245368 ], [ 8317795.128537003882229, 4733095.361625976860523 ], [ 8317588.522555060684681, 4733197.522035089321434 ], [ 8317389.9701854204759, 4733260.080249266698956 ], [ 8317246.98001756425947, 4733314.949291254393756 ], [ 8317119.658470917493105, 4733433.298094222322106 ], [ 8317103.391676500439644, 4733560.056572698056698 ], [ 8317158.461632341146469, 4733710.90748611651361 ], [ 8317253.181922359392047, 4733869.858665287494659 ], [ 8317308.329554752446711, 4733996.931673080660403 ], [ 8317300.172368095256388, 4734068.241576190106571 ], [ 8317228.658994553610682, 4734099.641190365888178 ], [ 8316958.946897563524544, 4734074.687881283462048 ], [ 8316649.561672273091972, 4734049.55375044606626 ], [ 8316340.203485093079507, 4734016.482532025314867 ], [ 8316078.584655520506203, 4733943.978799287229776 ], [ 8315713.662333572283387, 4733918.568966423161328 ], [ 8315578.771400325931609, 4733917.963713719509542 ], [ 8315404.101811678148806, 4733948.885833963751793 ], [ 8315253.05132501386106, 4734035.402703677304089 ], [ 8315117.762373286299407, 4734153.698776431381702 ], [ 8314934.80719347205013, 4734287.631904108449817 ], [ 8314736.030083049088717, 4734405.636191980913281 ], [ 8314592.929133013822138, 4734484.25591868814081 ], [ 8314465.588707748800516, 4734594.657013785094023 ], [ 8314441.243751875124872, 4734753.09938305336982 ], [ 8314456.602728730067611, 4734903.799595780670643 ], [ 8314408.854643364436924, 4734943.219004681333899 ], [ 8314345.343187855556607, 4734950.853835918940604 ], [ 8314289.902491386048496, 4734918.886092386208475 ], [ 8314210.872752613388002, 4734823.385841649025679 ], [ 8314163.776333660818636, 4734672.539725598879158 ], [ 8314188.098273224197328, 4734522.026676491834223 ], [ 8314275.900334406644106, 4734371.809463259764016 ], [ 8314387.396703525446355, 4734253.412478107959032 ], [ 8314546.50009626802057, 4734135.234875064343214 ], [ 8314729.484643410891294, 4733993.383500359021127 ], [ 8314873.003264131955802, 4733787.934028409421444 ], [ 8315000.620654272846878, 4733590.341387446969748 ], [ 8315120.404387507587671, 4733361.008566898293793 ], [ 8315216.38037721440196, 4733131.571651481091976 ], [ 8315296.720230574719608, 4732830.731247105635703 ], [ 8315345.399416141211987, 4732505.977900022640824 ], [ 8315401.930587027221918, 4732205.047155252657831 ], [ 8315417.983273628167808, 4732146.273089158348739 ], [ 8315458.144112938083708, 4731999.231373552232981 ], [ 8315434.893964946269989, 4731832.688983149826527 ], [ 8315403.789804727770388, 4731642.337955885566771 ], [ 8315340.745511518791318, 4731515.248096231371164 ], [ 8315248.467208579182625, 4731484.066841250285506 ], [ 8315248.355885840952396, 4731484.066840454936028 ], [ 8315079.667116963304579, 4731752.801401239819825 ], [ 8314371.233805361203849, 4733056.510139024816453 ], [ 8313549.840635198168457, 4734648.439510666765273 ], [ 8313119.375817004591227, 4735360.739620883949101 ], [ 8313264.517835632897913, 4735397.708960711956024 ], [ 8313430.81127967685461, 4735501.561444645747542 ], [ 8313573.216847413219512, 4735629.085543746128678 ], [ 8313644.06249759811908, 4735795.917148667387664 ], [ 8313659.411134222522378, 4735946.633550008758903 ], [ 8313674.925213498063385, 4736049.78000788576901 ], [ 8313730.342600951902568, 4736089.683605450205505 ], [ 8313801.880711065605283, 4736058.302531559951603 ], [ 8313889.537562116980553, 4735955.637734401971102 ], [ 8313921.830278294160962, 4735797.215127152390778 ], [ 8313946.322612452320755, 4735599.116103769280016 ], [ 8313978.531345812603831, 4735464.483131336048245 ], [ 8314026.529342448338866, 4735353.710314514115453 ], [ 8314074.226046929135919, 4735330.147160766646266 ], [ 8314208.837417871691287, 4735417.982201373204589 ], [ 8314319.561479681171477, 4735529.491369874216616 ], [ 8314501.982203980907798, 4735562.045943190343678 ], [ 8314684.564684592187405, 4735547.027477071620524 ], [ 8314811.648122115060687, 4735515.895637833513319 ], [ 8314883.258373681455851, 4735460.724228356033564 ], [ 8315177.021051939576864, 4735422.418763077817857 ], [ 8315280.240924589335918, 4735407.029536503367126 ], [ 8315351.401799580082297, 4735486.634458602406085 ], [ 8315414.418245123699307, 4735629.630482818000019 ], [ 8315390.059306242503226, 4735796.01992432679981 ], [ 8315358.025620770640671, 4735883.090104019269347 ], [ 8315214.855863315984607, 4735977.586956168524921 ], [ 8314960.493541465140879, 4736095.363133357837796 ], [ 8314714.302858431823552, 4736141.811571633443236 ], [ 8314325.252222259528935, 4736187.595309109427035 ], [ 8313912.388276915997267, 4736233.25327283795923 ], [ 8313412.079527873545885, 4736318.128103681840003 ], [ 8313062.839763436466455, 4736324.406360282562673 ], [ 8312848.804563120938838, 4736252.027700013481081 ], [ 8312698.066597426310182, 4736235.450165135785937 ], [ 8312490.240063442848623, 4736234.708466209471226 ], [ 8312261.412458411417902, 4736272.998023722320795 ], [ 8312015.118601568043232, 4736343.167833665385842 ], [ 8311268.627850410528481, 4736474.129892937839031 ], [ 8311268.42984953802079, 4736537.431694116443396 ], [ 8311371.36143605876714, 4736617.066677812486887 ], [ 8311553.762179327197373, 4736665.43842887878418 ], [ 8311775.922173426486552, 4736690.261476716026664 ], [ 8312097.186462691985071, 4736741.668522015213966 ], [ 8312132.914746932685375, 4736747.385050438344479 ], [ 8312505.928120404481888, 4736757.094602805562317 ], [ 8313085.350632802583277, 4736751.944577058777213 ], [ 8313893.371749398298562, 4736820.849859555251896 ], [ 8314112.942201854661107, 4736821.870474386028945 ], [ 8314371.633904623799026, 4736854.339836863800883 ], [ 8314559.838083040900528, 4736855.20610436424613 ], [ 8314763.682206985540688, 4736871.776715622283518 ], [ 8314959.642177617177367, 4736903.943943176418543 ], [ 8315071.172380832955241, 4736956.797961961477995 ], [ 8315100.367220488376915, 4737025.28438320197165 ], [ 8315119.661090054549277, 4737132.785745286382735 ], [ 8315119.231655282899737, 4737289.024294037371874 ], [ 8315099.051529143936932, 4737503.767318284139037 ], [ 8315078.870527498424053, 4737718.514480378478765 ], [ 8315068.537736353464425, 4737913.77977495174855 ], [ 8315038.640433276072145, 4738099.193896477110684 ], [ 8315018.537821719422936, 4738284.655618889257312 ], [ 8314959.305033712647855, 4738450.4102469291538 ], [ 8314870.709917877800763, 4738606.267044423148036 ], [ 8314831.146498408168554, 4738742.816259554587305 ], [ 8314791.744849002920091, 4738820.768390571698546 ], [ 8314742.709651526995003, 4738840.077181810513139 ], [ 8314713.403103883378208, 4738810.643381395377219 ], [ 8314704.069985301233828, 4738644.570534490980208 ], [ 8314743.743565814569592, 4738468.958473050966859 ], [ 8314754.083221794106066, 4738273.683276907540858 ], [ 8314734.982039184309542, 4738097.80862268153578 ], [ 8314657.109788947738707, 4737921.667764132842422 ], [ 8314598.967099245637655, 4737696.792157170362771 ], [ 8314589.527375583536923, 4737569.798371063545346 ], [ 8314560.38904120400548, 4737481.776408141478896 ], [ 8314540.881596023216844, 4737452.391121338121593 ], [ 8314511.524609798565507, 4737442.490737915039062 ], [ 8314472.125610965304077, 4737520.43172768689692 ], [ 8314442.356333570554852, 4737657.010097100399435 ], [ 8314412.475826841779053, 4737832.652271208353341 ], [ 8314372.881838697008789, 4737978.954858170822263 ], [ 8314205.744737323373556, 4738195.473077593371272 ], [ 8314117.33477526716888, 4738282.95749111007899 ], [ 8314014.271548153832555, 4738355.72461296711117 ], [ 8313933.289389058016241, 4738413.944516466930509 ], [ 8313859.631972040981054, 4738479.523084918037057 ], [ 8313763.848777084611356, 4738574.297172359190881 ], [ 8313675.368190221488476, 4738683.754954728297889 ], [ 8313601.664480430074036, 4738763.983045441098511 ], [ 8313557.518549741245806, 4738785.750695805065334 ], [ 8313513.500176300294697, 4738763.569299668073654 ], [ 8313477.020533664152026, 4738675.499692849814892 ], [ 8313411.282436307519674, 4738543.34447293356061 ], [ 8313323.334116048179567, 4738469.683032645843923 ], [ 8313227.911027700640261, 4738439.933551617898047 ], [ 8313154.39983584266156, 4738454.235202447511256 ], [ 8313102.777980416081846, 4738519.912996616214514 ], [ 8313102.259586210362613, 4738695.704829623922706 ], [ 8313094.502239963039756, 4738834.840853258036077 ], [ 8313072.309967372566462, 4738886.010260635055602 ], [ 8313028.248733909800649, 4738878.47638554405421 ], [ 8312962.363269072026014, 4738797.588992203585804 ], [ 8312874.350458052940667, 4738745.895972151309252 ], [ 8312830.268414516933262, 4738745.686173706315458 ], [ 8312807.900072291493416, 4738855.453058760613203 ], [ 8312785.571177557110786, 4738943.271866885945201 ], [ 8312697.117793607525527, 4738986.954808176495135 ], [ 8312476.410272363573313, 4738993.490233151242137 ], [ 8312322.305804862640798, 4738904.927427320741117 ], [ 8312131.455964914523065, 4738808.894994516856968 ], [ 8311933.068114668130875, 4738756.832623474299908 ], [ 8311734.557035990059376, 4738734.099664668552577 ], [ 8311454.9146364973858, 4738762.39441454410553 ], [ 8311263.53937731217593, 4738791.012684718705714 ], [ 8311086.811498005874455, 4738834.349575956352055 ], [ 8310917.405942503362894, 4738885.04462878126651 ], [ 8310703.89575807005167, 4738928.236130274832249 ], [ 8310255.139226973056793, 4738948.53541967831552 ], [ 8310162.623691569082439, 4738939.645791616290808 ], [ 8309488.821097445674241, 4739416.567687064409256 ], [ 8309572.390761419199407, 4739453.11328449845314 ], [ 8309674.475344736129045, 4739534.005186173133552 ], [ 8309703.353277420625091, 4739622.074664100073278 ], [ 8309702.896227455697954, 4739724.749854697845876 ], [ 8309709.691011927090585, 4739842.110261450521648 ], [ 8309760.295519862323999, 4739981.56805338524282 ], [ 8309803.746025364845991, 4740084.340522044338286 ], [ 8309817.958130550570786, 4740179.717541447840631 ], [ 8309765.068504558876157, 4740553.665245618671179 ], [ 8309720.79981523565948, 4740634.252295047976077 ], [ 8309705.738568455912173, 4740729.571813881397247 ], [ 8309712.730293530039489, 4740802.93505310639739 ], [ 8309821.985169641673565, 4740920.526131466962397 ], [ 8309989.986102132126689, 4740994.231641099788249 ], [ 8310267.767207578755915, 4741082.855892343446612 ], [ 8310480.874937625601888, 4741142.354640673846006 ], [ 8310642.546520885080099, 4741186.982737274840474 ], [ 8310802.78691618796438, 4741256.678082207217813 ], [ 8312764.467354535125196, 4740269.360339106060565 ], [ 8315722.885112959891558, 4738789.419399200007319 ] ] ], [ [ [ 8310162.623691569082439, 4738939.645791616290808 ], [ 8310162.636997035704553, 4738939.636374141089618 ], [ 8310162.525674293749034, 4738939.636373342946172 ], [ 8310162.623691569082439, 4738939.645791616290808 ] ] ], [ [ [ 8310802.78691618796438, 4741256.678082207217813 ], [ 8310802.735312360338867, 4741256.704055787995458 ], [ 8310802.846635101363063, 4741256.704056586138904 ], [ 8310802.78691618796438, 4741256.678082207217813 ] ] ] ] } },
{ "type": "Feature", "properties": { "layer": "LDLYAAE002" }, "geometry": { "type": "MultiPolygon", "coordinates": [ [ [ [ 8339831.451376545242965, 4740787.907151999883354 ], [ 8339797.779612713493407, 4740805.741138523444533 ], [ 8339476.067910904064775, 4740985.34213465359062 ], [ 8339476.067910904064775, 4740985.34213465359062 ], [ 8339563.605934008024633, 4741069.858951289206743 ], [ 8339574.654888346791267, 4741080.526291265152395 ], [ 8339672.472393868491054, 4741162.367090608924627 ], [ 8339998.528149541467428, 4741484.288864286616445 ], [ 8340123.519368509761989, 4741615.242446443997324 ], [ 8340221.326855811290443, 4741768.036219308152795 ], [ 8340275.649934211745858, 4741909.92847996391356 ], [ 8340324.530957024544477, 4742079.115311832167208 ], [ 8340378.842829792760313, 4742275.594176333397627 ], [ 8340427.714330557733774, 4742493.911888439208269 ], [ 8340487.456140941008925, 4742734.064604948274791 ], [ 8340568.931953561492264, 4743039.719119305722415 ], [ 8340655.878270807676017, 4743225.286419068463147 ], [ 8340759.148812682367861, 4743367.179366867989302 ], [ 8340905.937818045727909, 4743421.71464408095926 ], [ 8341085.358401780948043, 4743438.023236321285367 ], [ 8341210.412486319430172, 4743432.514711332507432 ], [ 8341264.791285884566605, 4743388.821464535780251 ], [ 8341281.11187815759331, 4743334.226390434429049 ], [ 8341286.570010095834732, 4743214.130149970762432 ], [ 8341297.474376337602735, 4743039.446424629539251 ], [ 8341292.059262466616929, 4742913.89935124758631 ], [ 8341259.464483137242496, 4742766.531229036860168 ], [ 8341210.550597382709384, 4742673.756295452825725 ], [ 8341118.182162974961102, 4742384.496992416679859 ], [ 8341161.700144078582525, 4742248.02218952216208 ], [ 8341248.703668181784451, 4742133.364442191086709 ], [ 8341319.390943282283843, 4742051.462755776941776 ], [ 8341357.467230484820902, 4741920.451955469325185 ], [ 8341335.752868605777621, 4741740.345736823044717 ], [ 8341324.910081967711449, 4741565.695858010090888 ], [ 8341362.975458561442792, 4741489.269586052745581 ], [ 8341406.468422743491828, 4741461.962061090394855 ], [ 8341569.554249297827482, 4741429.14488863106817 ], [ 8341863.103677823208272, 4741390.807376146316528 ], [ 8342047.932641040533781, 4741341.599137731827796 ], [ 8342200.144391433335841, 4741286.946598433889449 ], [ 8342379.536088350228965, 4741204.989022116176784 ], [ 8342542.617781742475927, 4741106.664959996007383 ], [ 8342700.260912100784481, 4741002.884367555379868 ], [ 8342852.465391393750906, 4740893.647989548742771 ], [ 8342988.359340583905578, 4740795.335149925202131 ], [ 8343113.3794602798298, 4740713.399678468704224 ], [ 8343265.575284413993359, 4740631.447378182783723 ], [ 8343466.689521620050073, 4740560.377110511995852 ], [ 8343689.542306411080062, 4740483.832206649705768 ], [ 8343812.941544746048748, 4740392.695680912584066 ], [ 8343812.941544746048748, 4740392.695680912584066 ], [ 8343825.420381922274828, 4740358.225406392477453 ], [ 8343798.237970162183046, 4740287.299550065770745 ], [ 8343684.090389030985534, 4740221.887533810921013 ], [ 8343467.443029507063329, 4740189.398321947082877 ], [ 8343467.443029507063329, 4740189.398321947082877 ], [ 8343271.001690893433988, 4740189.403902444988489 ], [ 8343004.669235721230507, 4740216.847791303880513 ], [ 8342787.252639657817781, 4740277.001112829893827 ], [ 8342520.913078958168626, 4740375.376812969334424 ], [ 8342308.922240633517504, 4740484.63343374338001 ], [ 8342189.335365151055157, 4740550.181895314715803 ], [ 8342004.513335652649403, 4740681.250187891535461 ], [ 8341901.225267156027257, 4740779.533435760065913 ], [ 8341808.803971675224602, 4740899.64180342387408 ], [ 8341683.77103844191879, 4740981.562225271947682 ], [ 8341520.685400530695915, 4741063.498287308961153 ], [ 8341346.730819736607373, 4741112.691135685890913 ], [ 8341145.60034188721329, 4741134.603486584499478 ], [ 8341009.706891650334001, 4741118.283401971682906 ], [ 8340873.823577365837991, 4741058.300155246630311 ], [ 8340792.293719761073589, 4741025.584314318373799 ], [ 8340732.50600204244256, 4740998.317771487869322 ], [ 8340623.790229853242636, 4740998.355629432946444 ], [ 8340449.835156687535346, 4741036.61711932439357 ], [ 8340292.190838135778904, 4741058.497872806154191 ], [ 8340156.302829509600997, 4741031.2511797985062 ], [ 8340020.430511393584311, 4740954.884555973112583 ], [ 8339967.180821785703301, 4740907.807227532379329 ], [ 8339831.562699292786419, 4740787.907152788713574 ], [ 8339831.451376545242965, 4740787.907151999883354 ] ] ] ] } },
{ "type": "Feature", "properties": { "layer": "LDLYAAE002" }, "geometry": { "type": "MultiPolygon", "coordinates": [ [ [ [ 8339831.451376545242965, 4740787.907151999883354 ], [ 8339797.779612713493407, 4740805.741138523444533 ], [ 8339476.067910904064775, 4740985.34213465359062 ], [ 8339476.067910904064775, 4740985.34213465359062 ], [ 8339433.37171916756779, 4740944.119166743010283 ], [ 8339297.528436943888664, 4740807.710640945471823 ], [ 8339172.557503246702254, 4740676.757168292999268 ], [ 8339074.772120680660009, 4740534.884208789095283 ], [ 8338998.709607237949967, 4740447.581359470263124 ], [ 8338976.974090495146811, 4740431.213489521294832 ], [ 8338922.596965311095119, 4740485.796042875386775 ], [ 8338889.963621780276299, 4740534.917827227152884 ], [ 8338786.679119787178934, 4740556.764513328671455 ], [ 8338759.520074726082385, 4740513.109985066577792 ], [ 8338754.135396151803434, 4740393.050181418657303 ], [ 8338710.719512446783483, 4740234.797401648014784 ], [ 8338661.876566316001117, 4740060.176202984526753 ], [ 8338607.580908808857203, 4739929.214633555151522 ], [ 8338520.688245667144656, 4739770.974455110728741 ], [ 8338450.081119431182742, 4739661.845341162756085 ], [ 8338395.807880781590939, 4739492.690205884166062 ], [ 8338346.971417565830052, 4739323.537169868126512 ], [ 8338292.699502450414002, 4739159.843678197823465 ], [ 8338227.551764314994216, 4739012.523091190494597 ], [ 8338184.134189058095217, 4738887.028100993484259 ], [ 8338151.563041205517948, 4738810.641163241118193 ], [ 8338135.304153013043106, 4738717.884060446172953 ], [ 8338146.199727430008352, 4738663.319300109520555 ], [ 8338200.560653419233859, 4738630.575585143640637 ], [ 8338271.212008826434612, 4738625.111813548021019 ], [ 8338374.447947720065713, 4738668.7507085474208 ], [ 8338477.667207264341414, 4738750.583026676438749 ], [ 8338580.876318880356848, 4738859.697442702949047 ], [ 8338673.201574457809329, 4739007.009366664104164 ], [ 8338743.79745649266988, 4739137.956269380636513 ], [ 8338841.558108956553042, 4739296.183060300536454 ], [ 8338950.191567553207278, 4739454.409566704183817 ], [ 8339053.408694298937917, 4739574.440304862335324 ], [ 8339140.3186275055632, 4739705.388349125161767 ], [ 8339254.410712078213692, 4739825.417974712327123 ], [ 8339390.250248165801167, 4739934.528524050489068 ], [ 8339466.331814575940371, 4739967.253874131478369 ], [ 8339651.133565063588321, 4739956.295598656870425 ], [ 8339787.016108393669128, 4739950.804021103307605 ], [ 8339879.40806482359767, 4739972.607682039029896 ], [ 8339939.174055434763432, 4740043.533054804429412 ], [ 8339977.197686935774982, 4740119.922150356695056 ], [ 8339993.475643021054566, 4740212.689015874639153 ], [ 8339955.408009781502187, 4740278.186158275231719 ], [ 8339873.861713010817766, 4740327.323454430326819 ], [ 8339786.891422312706709, 4740338.26113857794553 ], [ 8339651.016532792709768, 4740305.55201846268028 ], [ 8339498.861040248535573, 4740201.901928070001304 ], [ 8339373.877195285633206, 4740120.072960261255503 ], [ 8339303.226212297566235, 4740098.259699828922749 ], [ 8339238.0005336496979, 4740103.730598785914481 ], [ 8339227.11765755712986, 4740136.475386838428676 ], [ 8339243.396811882033944, 4740207.415257787331939 ], [ 8339341.193458591587842, 4740316.538663451559842 ], [ 8339493.329997569322586, 4740474.765200489200652 ], [ 8339656.342304147779942, 4740632.989667564630508 ], [ 8339831.562699292786419, 4740787.907152788713574 ], [ 8339831.451376545242965, 4740787.907151999883354 ] ] ] ] } },
{ "type": "Feature", "properties": { "layer": "LDLYAAE002" }, "geometry": { "type": "MultiPolygon", "coordinates": [ [ [ [ 8342664.387986926361918, 4739497.750482867471874 ], [ 8342662.270405631512403, 4739453.064165140502155 ], [ 8342705.752922807820141, 4739371.188795587047935 ], [ 8342841.627281337045133, 4739294.719235260039568 ], [ 8343124.240242905914783, 4739229.075619930401444 ], [ 8343336.198731373995543, 4739212.577891041524708 ], [ 8343434.025563619099557, 4739212.517370238900185 ], [ 8343515.548815853893757, 4739234.292716389521956 ], [ 8343580.769230711273849, 4739277.904465474188328 ], [ 8343613.38138241134584, 4739332.450873264111578 ], [ 8343624.255573048256338, 4739408.838100895285606 ], [ 8343613.390010903589427, 4739485.239888438023627 ], [ 8343472.086150523275137, 4739616.293142422102392 ], [ 8343406.86700024548918, 4739665.445712718181312 ], [ 8343150.403077415190637, 4739927.618530562147498 ], [ 8343150.403077415190637, 4739927.618530562147498 ], [ 8343097.069445048458874, 4739982.137863993644714 ], [ 8343015.540498735383153, 4740058.584595795720816 ], [ 8342950.316603075712919, 4740113.19344162940979 ], [ 8342874.222028960473835, 4740113.236901352182031 ], [ 8342798.129764523357153, 4740036.880470715463161 ], [ 8342716.605750113725662, 4739878.671317008323967 ], [ 8342678.566878747195005, 4739682.242189595475793 ], [ 8342667.70099903922528, 4739567.654071592725813 ], [ 8342664.387986926361918, 4739497.750482867471874 ] ] ] ] } },
{ "type": "Feature", "properties": { "layer": "LDLYAAE002" }, "geometry": { "type": "MultiPolygon", "coordinates": [ [ [ [ 8329714.128930726088583, 4739725.332313154824078 ], [ 8329738.253882343880832, 4739759.885975963436067 ], [ 8329738.190346277318895, 4739808.379442176781595 ], [ 8329725.998564425855875, 4739881.146406433545053 ], [ 8329695.645987964235246, 4739966.077061232179403 ], [ 8329629.019525822252035, 4740038.964319034479558 ], [ 8329501.973989282734692, 4740063.488514152355492 ], [ 8329356.733897261321545, 4740124.4214041614905 ], [ 8329259.837308668531477, 4740215.558117928914726 ], [ 8329156.882680447772145, 4740312.769845952279866 ], [ 8329017.676954786293209, 4740379.74852096196264 ], [ 8328969.28932089637965, 4740379.85095227882266 ], [ 8328902.773127404041588, 4740367.867919761687517 ], [ 8328860.485045375302434, 4740331.585222592577338 ], [ 8328848.507001657038927, 4740246.743425502441823 ], [ 8328884.98337160050869, 4740113.305077357217669 ], [ 8328921.467207458801568, 4739973.806700738146901 ], [ 8328910.923153233714402, 4739830.66057207621634 ], [ 8328911.034475981257856, 4739830.660572867840528 ], [ 8329665.849525873549283, 4739722.535090745426714 ], [ 8329714.017607981339097, 4739725.33231236319989 ], [ 8329714.128930726088583, 4739725.332313154824078 ] ] ] ] } },
{ "type": "Feature", "properties": { "layer": "LDLYAAE002" }, "geometry": { "type": "MultiPolygon", "coordinates": [ [ [ [ 8329714.017607981339097, 4739725.33231236319989 ], [ 8329665.849525873549283, 4739722.535090745426714 ], [ 8328911.034475981257856, 4739830.660572867840528 ], [ 8328911.034475981257856, 4739830.660572867840528 ], [ 8328891.608208504505455, 4739779.895635031163692 ], [ 8328855.233552495017648, 4739761.787330020219088 ], [ 8328782.639818084426224, 4739774.063388924114406 ], [ 8328655.517965889535844, 4739853.131455546244979 ], [ 8328552.647760284133255, 4739889.715945780277252 ], [ 8328455.842335161752999, 4739914.163755086250603 ], [ 8328334.741140206344426, 4739932.598744605667889 ], [ 8328280.41853545140475, 4739932.710354387760162 ], [ 8328195.935167355462909, 4739878.328145200386643 ], [ 8328123.482322716154158, 4739793.612816107459366 ], [ 8328099.477241164073348, 4739666.36781301908195 ], [ 8328093.52354146912694, 4739526.964582816697657 ], [ 8328105.815749553963542, 4739393.587493952363729 ], [ 8328136.11305336561054, 4739278.35963914822787 ], [ 8328160.677896327339113, 4739175.267683179117739 ], [ 8328178.878743999637663, 4739060.066594132222235 ], [ 8328191.218522707000375, 4738969.12360758613795 ], [ 8328233.649117268621922, 4738902.364558331668377 ], [ 8328306.369509309530258, 4738799.176804877817631 ], [ 8328427.348302594386041, 4738701.950512252748013 ], [ 8328518.172874236479402, 4738622.969848679378629 ], [ 8328584.678014881908894, 4738556.161135643720627 ], [ 8328615.000865981914103, 4738495.488862524740398 ], [ 8328615.300994933582842, 4738440.940917912870646 ], [ 8328578.992347934283316, 4738380.408136198297143 ], [ 8328464.327708714641631, 4738295.79540696926415 ], [ 8328355.556925119832158, 4738241.473196021281183 ], [ 8328270.914197563193738, 4738229.526030194945633 ], [ 8328198.339269675314426, 4738235.73514315392822 ], [ 8328125.719427370466292, 4738272.247769840992987 ], [ 8328040.915588418021798, 4738369.39286523591727 ], [ 8327913.510742898099124, 4738496.927637295797467 ], [ 8327828.675438369624317, 4738612.255518206395209 ], [ 8327762.276290205307305, 4738679.059902341105044 ], [ 8327701.478374197147787, 4738745.851844714954495 ], [ 8327629.038950357586145, 4738806.607059120200574 ], [ 8327544.346139283850789, 4738824.958129775710404 ], [ 8327489.927760236896574, 4738819.00484913866967 ], [ 8327441.492118091322482, 4738782.733699731528759 ], [ 8327429.407087532803416, 4738703.963973319157958 ], [ 8327453.968403917737305, 4738606.940347800962627 ], [ 8327490.215923881158233, 4738485.65028266236186 ], [ 8327538.965213909745216, 4738315.851252906024456 ], [ 8327575.57231679931283, 4738176.382295115850866 ], [ 8327630.069429830648005, 4738055.060698577202857 ], [ 8327714.865728308446705, 4737963.983133571222425 ], [ 8327866.056765884160995, 4737878.832288972102106 ], [ 8327999.357320573180914, 4737848.261237903498113 ], [ 8328108.193584999069571, 4737854.100789729505777 ], [ 8328198.724258644506335, 4737896.339388727210462 ], [ 8328307.370391867123544, 4737956.721879526972771 ], [ 8328458.467249099165201, 4738010.95522287953645 ], [ 8328603.621439665555954, 4738071.260071343742311 ], [ 8328778.875996690243483, 4738149.681410645134747 ], [ 8328942.133258736692369, 4738240.247875716537237 ], [ 8329062.737097071483731, 4738324.841782624833286 ], [ 8329214.008382154628634, 4738421.491645546630025 ], [ 8329371.098686690442264, 4738524.188146535307169 ], [ 8329497.979774221777916, 4738608.766088628210127 ], [ 8329594.62581080570817, 4738693.409415619447827 ], [ 8329654.97998827137053, 4738784.192562330514193 ], [ 8329745.414338302798569, 4738911.277093783952296 ], [ 8329842.041686117649078, 4739014.103742375969887 ], [ 8330023.21924473438412, 4739122.803898675367236 ], [ 8330174.446327855810523, 4739183.079236324876547 ], [ 8330428.272231813520193, 4739237.05893015768379 ], [ 8330476.847069723531604, 4739261.194632670842111 ], [ 8330506.833358962088823, 4739285.371233873069286 ], [ 8330506.773183238692582, 4739333.862465742044151 ], [ 8330470.552656136453152, 4739370.313419805839658 ], [ 8330367.782145513221622, 4739425.099002019502223 ], [ 8330222.318413116037846, 4739498.16364214476198 ], [ 8330131.641356695443392, 4739552.920558574609458 ], [ 8330053.074979472905397, 4739595.526758966967463 ], [ 8329986.570738695561886, 4739577.490415496751666 ], [ 8329895.698988876305521, 4739523.137838811613619 ], [ 8329787.217362151481211, 4739402.148436811752617 ], [ 8329684.411890967749059, 4739311.453129754401743 ], [ 8329617.822887545451522, 4739275.230536706745625 ], [ 8329569.53575655259192, 4739287.45895155146718 ], [ 8329539.351402978412807, 4739329.95438648108393 ], [ 8329539.246625334024429, 4739408.752906534820795 ], [ 8329539.038260249421, 4739481.490365176461637 ], [ 8329593.436273870058358, 4739590.478947775438428 ], [ 8329714.017607981339097, 4739725.33231236319989 ] ] ] ] } },
{ "type": "Feature", "properties": { "layer": "LDLYAAE002" }, "geometry": { "type": "Polygon", "coordinates": [ [ [ 8341048.186646602116525, 4739513.841828891076148 ], [ 8341091.43114644754678, 4739579.306912533007562 ], [ 8341140.557629238814116, 4739639.313130625523627 ], [ 8341129.456757084466517, 4739682.972580573521554 ], [ 8341102.278232377022505, 4739699.354056158103049 ], [ 8340912.267941748723388, 4739721.254304856061935 ], [ 8340727.358062764629722, 4739743.149309854023159 ], [ 8340607.785343340598047, 4739743.191035075113177 ], [ 8340472.034136229194701, 4739683.210451878607273 ], [ 8340330.749783708713949, 4739579.575475133024156 ], [ 8340227.517481665126979, 4739459.557751598767936 ], [ 8340124.295930728316307, 4739312.256918192841113 ], [ 8340031.944921790622175, 4739170.410480879247189 ], [ 8339928.725548771210015, 4739034.024879906326532 ], [ 8339825.512335733510554, 4738886.727120235562325 ], [ 8339738.606093355454504, 4738739.425989149138331 ], [ 8339662.458105556666851, 4738597.579976581037045 ], [ 8339591.844695772044361, 4738493.927946945652366 ], [ 8339483.309345154091716, 4738373.916434476152062 ], [ 8339407.259159500710666, 4738286.635124658234417 ], [ 8339401.735191952437162, 4738226.618765651248395 ], [ 8339434.241269866935909, 4738193.874962370842695 ], [ 8339483.374447081238031, 4738188.407525376416743 ], [ 8339542.923301728442311, 4738204.761775858700275 ], [ 8339651.598422903567553, 4738237.472175135277212 ], [ 8339798.533363862894475, 4738281.083876342512667 ], [ 8339939.693005031906068, 4738351.976048103533685 ], [ 8340048.356182870455086, 4738433.788473475724459 ], [ 8340151.580502358265221, 4738537.427156092599034 ], [ 8340249.485111729241908, 4738635.610945381224155 ], [ 8340336.182657207362354, 4738755.624199937097728 ], [ 8340417.893138254992664, 4738875.639646302908659 ], [ 8340521.120122160762548, 4739001.105082270689309 ], [ 8340618.698803164064884, 4739099.290063138119876 ], [ 8340700.425491388887167, 4739175.653941859491169 ], [ 8340787.367725908756256, 4739241.102703787386417 ], [ 8341048.186646602116525, 4739513.841828891076148 ] ] ] } },
{ "type": "Feature", "properties": { "layer": "LDLYAAE002" }, "geometry": { "type": "MultiPolygon", "coordinates": [ [ [ [ 8310162.636997035704553, 4738939.636374141089618 ], [ 8309488.821097445674241, 4739416.567687064409256 ], [ 8309488.821097445674241, 4739416.567687064409256 ], [ 8309353.295218648388982, 4739357.299300281330943 ], [ 8309156.255196765996516, 4739239.528888515196741 ], [ 8308988.421964400447905, 4739136.487789087928832 ], [ 8308798.507635494694114, 4739062.730079698376358 ], [ 8308593.961791420355439, 4738988.936518317088485 ], [ 8308506.491783193312585, 4738915.404314096085727 ], [ 8308455.742201810702682, 4738812.62126256339252 ], [ 8308456.278989645652473, 4738695.288745596073568 ], [ 8308493.299584014341235, 4738600.039578740485013 ], [ 8308588.485062720254064, 4738585.587945060804486 ], [ 8308764.088654530234635, 4738585.981358960270882 ], [ 8309049.080181829631329, 4738667.279500791803002 ], [ 8309326.759178522974253, 4738748.554693604819477 ], [ 8309648.311984045431018, 4738837.25012437812984 ], [ 8310021.090070844627917, 4738926.044176624156535 ], [ 8310162.525674293749034, 4738939.636373342946172 ], [ 8310162.636997035704553, 4738939.636374141089618 ] ] ] ] } },
{ "type": "Feature", "properties": { "layer": "LDLYAAE002" }, "geometry": { "type": "MultiPolygon", "coordinates": [ [ [ [ 8315248.467208579182625, 4731484.066841250285506 ], [ 8315248.355885840952396, 4731484.066840454936028 ], [ 8315248.346293227747083, 4731484.082122041843832 ], [ 8315248.467208579182625, 4731484.066841250285506 ] ] ], [ [ [ 8315034.745783775113523, 4731579.893675689585507 ], [ 8314999.313495594076812, 4731608.804291748441756 ], [ 8314895.600086122751236, 4731782.691224863752723 ], [ 8314831.736042414791882, 4731901.28293305169791 ], [ 8314799.736679513938725, 4731980.392842945642769 ], [ 8314743.990406302735209, 4732043.543114182539284 ], [ 8314664.523477337323129, 4732082.807875452563167 ], [ 8314585.136706944555044, 4732098.295274065807462 ], [ 8314473.96235129982233, 4732129.487126181833446 ], [ 8314331.053635748103261, 4732160.531391254626215 ], [ 8314219.932035118341446, 4732175.869472296908498 ], [ 8314085.01001831702888, 4732191.095919960178435 ], [ 8313942.181231030263007, 4732198.357741733081639 ], [ 8313830.976436050608754, 4732237.468723264522851 ], [ 8313664.126345520839095, 4732308.021660294383764 ], [ 8313473.473116563633084, 4732378.460429408587515 ], [ 8313290.862131010740995, 4732417.229819466359913 ], [ 8313116.267543736845255, 4732432.256321296095848 ], [ 8312949.521725952625275, 4732471.095196468755603 ], [ 8312854.177381979301572, 4732510.271499228663743 ], [ 8312798.246866174973547, 4732620.970472782850266 ], [ 8312782.096905181184411, 4732700.155096282251179 ], [ 8312797.287234902381897, 4732890.458285769447684 ], [ 8312876.034962554462254, 4733057.288016733713448 ], [ 8312994.428644149564207, 4733232.235071004368365 ], [ 8313065.472344213165343, 4733335.618724324740469 ], [ 8313191.806582596153021, 4733510.605877193622291 ], [ 8313302.276441173627973, 4733685.519579039886594 ], [ 8313365.669615873135626, 4733709.599501758813858 ], [ 8313421.239471823908389, 4733701.93438358977437 ], [ 8313453.310460306704044, 4733606.961962075904012 ], [ 8313485.546945931389928, 4733464.430193712003529 ], [ 8313557.39879092015326, 4733337.939834424294531 ], [ 8313629.166132319718599, 4733235.229964612051845 ], [ 8313764.487167430110276, 4733109.038222403265536 ], [ 8313876.085352490656078, 4732958.956391762010753 ], [ 8313948.201919940300286, 4732753.207709747366607 ], [ 8313988.471527058631182, 4732579.019200627692044 ], [ 8314060.474175373092294, 4732404.980897068977356 ], [ 8314179.749427675269544, 4732326.274674235843122 ], [ 8314346.623285292647779, 4732247.787429042160511 ], [ 8314449.785168388858438, 4732240.337257461622357 ], [ 8314560.772961092181504, 4732264.624992846511304 ], [ 8314631.852723574265838, 4732360.06216792203486 ], [ 8314631.316758089698851, 4732518.579937250353396 ], [ 8314543.42868560180068, 4732700.477358820848167 ], [ 8314447.738189827650785, 4732842.709860347211361 ], [ 8314320.443894203752279, 4732945.165356514975429 ], [ 8314185.131598243489861, 4733071.362592442892492 ], [ 8314065.466404607519507, 4733261.045278429053724 ], [ 8313961.720365801826119, 4733434.950480270199478 ], [ 8313834.084803499281406, 4733632.526868237182498 ], [ 8313769.949166357517242, 4733822.475422052666545 ], [ 8313706.25134717579931, 4733885.594138853251934 ], [ 8313547.169811378233135, 4733995.828907921910286 ], [ 8313356.34510035905987, 4734105.91242809779942 ], [ 8313125.841261863708496, 4734215.805944103747606 ], [ 8312911.371643843129277, 4734278.206671684980392 ], [ 8312514.506567772477865, 4734308.020298368297517 ], [ 8312284.361280829645693, 4734314.840773137286305 ], [ 8312093.747208993881941, 4734361.484888423234224 ], [ 8311934.90093289501965, 4734400.35249243862927 ], [ 8311823.664375524967909, 4734439.449551691301167 ], [ 8311783.814444026909769, 4734486.820962022989988 ], [ 8311799.133587097749114, 4734637.520763403736055 ], [ 8311893.633614925667644, 4734836.174932434223592 ], [ 8311964.243657677434385, 4735058.499907171353698 ], [ 8311986.982419920153916, 4735351.951519198715687 ], [ 8312025.50770162884146, 4735669.273514738306403 ], [ 8312040.803293098695576, 4735827.918761614710093 ], [ 8312072.461633041501045, 4735851.858036316931248 ], [ 8312128.072916892357171, 4735836.270128006115556 ], [ 8312207.865960814058781, 4735717.726955970749259 ], [ 8312303.643962097354233, 4735567.547930158674717 ], [ 8312454.998710820451379, 4735409.708845649845898 ], [ 8312653.680072951130569, 4735331.378818543627858 ], [ 8312883.876364973373711, 4735316.621036618947983 ], [ 8313074.224348803050816, 4735349.238530381582677 ], [ 8313119.375817004591227, 4735360.739620883949101 ], [ 8313549.840635198168457, 4734648.439510666765273 ], [ 8314371.233805361203849, 4733056.510139024816453 ], [ 8315079.667116963304579, 4731752.801401239819825 ], [ 8315248.346293227747083, 4731484.082122041843832 ], [ 8315134.54339852463454, 4731498.464080184698105 ], [ 8315034.745783775113523, 4731579.893675689585507 ] ] ] ] } },
{ "type": "Feature", "properties": { "layer": "LDLYAAE002" }, "geometry": { "type": "Polygon", "coordinates": [ [ [ 8311979.346845561638474, 4732870.271893195807934 ], [ 8312015.868904773145914, 4732826.85433934442699 ], [ 8312176.236229289323092, 4732725.91107293497771 ], [ 8312241.952317913062871, 4732653.572024770081043 ], [ 8312329.510970590636134, 4732574.073029429651797 ], [ 8312482.468086756765842, 4732509.418795825913548 ], [ 8312635.423266520723701, 4732444.762638028711081 ], [ 8312693.810113308951259, 4732386.918413838371634 ], [ 8312708.692051596008241, 4732292.53997911978513 ], [ 8312694.640335996635258, 4732154.432466314174235 ], [ 8312680.666819618083537, 4731994.531794932670891 ], [ 8312702.898013418540359, 4731878.396796030923724 ], [ 8312746.659736743196845, 4731842.280630534514785 ], [ 8312834.00078802369535, 4731820.902183703146875 ], [ 8312943.286203114315867, 4731763.302408321760595 ], [ 8312958.010107604786754, 4731712.518009949475527 ], [ 8312958.216365677304566, 4731654.399599816650152 ], [ 8312936.581015390343964, 4731603.442880729213357 ], [ 8312871.238256365992129, 4731574.072638431563973 ], [ 8312747.618098393082619, 4731573.483277063816786 ], [ 8312689.391857801936567, 4731587.734924990683794 ], [ 8312558.447776793502271, 4731601.637984724715352 ], [ 8312412.933405812829733, 4731622.734027569182217 ], [ 8312289.129173032008111, 4731672.992359481751919 ], [ 8312158.104209953919053, 4731708.684662676416337 ], [ 8311969.088814469054341, 4731693.239912513643503 ], [ 8311845.679619267582893, 4731634.521230898797512 ], [ 8311729.729902242310345, 4731524.984476154670119 ], [ 8311628.246124868281186, 4731437.312316118739545 ], [ 8311519.358389815315604, 4731385.926764138974249 ], [ 8311417.609411498531699, 4731370.898971363902092 ], [ 8311257.552598560228944, 4731391.906567226164043 ], [ 8311133.88077231682837, 4731405.826773553155363 ], [ 8311032.023397690616548, 4731419.853103910572827 ], [ 8310973.768851742148399, 4731441.358991502784193 ], [ 8310937.247375842183828, 4731484.766576920635998 ], [ 8310937.056753760203719, 4731535.619151019491255 ], [ 8310951.518900519236922, 4731557.485114551149309 ], [ 8311024.100844949483871, 4731594.168296614661813 ], [ 8311133.014996139332652, 4731638.295400386676192 ], [ 8311183.728502857498825, 4731689.399732016026974 ], [ 8311176.213570200838149, 4731754.746865518391132 ], [ 8311161.31822419911623, 4731849.118328998796642 ], [ 8311124.55258007068187, 4731957.912722665816545 ], [ 8311124.227596491575241, 4732045.092576707713306 ], [ 8311131.364385671913624, 4732081.453645952045918 ], [ 8311203.869721679016948, 4732139.932671064510942 ], [ 8311320.036050013266504, 4732191.361011056229472 ], [ 8311479.83699796628207, 4732243.002318944782019 ], [ 8311588.813868140801787, 4732272.596752173267305 ], [ 8311639.559517967514694, 4732316.436660651117563 ], [ 8311668.461800684221089, 4732367.435314860194921 ], [ 8311704.450504022650421, 4732469.326996931806207 ], [ 8311718.702236642129719, 4732549.316639367491007 ], [ 8311718.595700358971953, 4732578.378310144878924 ], [ 8311718.249129293486476, 4732672.829066255129874 ], [ 8311754.18617935013026, 4732789.254278458654881 ], [ 8311790.230063918046653, 4732876.618410933762789 ], [ 8311833.680363330990076, 4732927.690154599957168 ], [ 8311884.589762330986559, 4732927.937665753997862 ], [ 8311913.70697808265686, 4732920.813459022901952 ], [ 8311942.850951367989182, 4732906.423428564332426 ], [ 8311979.346845561638474, 4732870.271893195807934 ] ] ] } },
{ "type": "Feature", "properties": { "layer": "LDLYAAE002" }, "geometry": { "type": "MultiPolygon", "coordinates": [ [ [ [ 8213811.753144523128867, 4726997.957095130346715 ], [ 8213669.428830436430871, 4727036.431436084210873 ], [ 8213421.415170201100409, 4727149.708010478876531 ], [ 8213225.36787221301347, 4727276.783671393990517 ], [ 8212951.34831643011421, 4727402.658904964104295 ], [ 8212755.64358720742166, 4727490.70788502227515 ], [ 8212597.447457237169147, 4727644.147948117926717 ], [ 8212452.035352209582925, 4727810.81422742921859 ], [ 8212332.983639563433826, 4727964.903103763237596 ], [ 8212089.831364618614316, 4728159.240004665218294 ], [ 8211952.496019122190773, 4728244.770590624772012 ], [ 8211805.055126196704805, 4728339.890870574861765 ], [ 8211667.687148693948984, 4728405.920394646935165 ], [ 8211589.978091645054519, 4728404.654451509006321 ], [ 8211532.46277129650116, 4728335.460564188659191 ], [ 8211524.643549483269453, 4728228.062884294427931 ], [ 8211624.826710443943739, 4728044.41695242933929 ], [ 8211725.159352635964751, 4727851.02464606333524 ], [ 8211804.658043474890292, 4727745.05507324077189 ], [ 8211835.145395644009113, 4727648.044285031966865 ], [ 8211826.405752004124224, 4727599.144287042319775 ], [ 8211728.720591144636273, 4727617.060136679559946 ], [ 8211563.016834989190102, 4727643.615485023707151 ], [ 8211427.147748462855816, 4727621.901740008033812 ], [ 8211273.820829865522683, 4727473.140717606060207 ], [ 8211120.651791326701641, 4727314.631548476405442 ], [ 8210975.915307535789907, 4727224.517079496756196 ], [ 8210897.79664667788893, 4727242.742085031233728 ], [ 8210877.070557069033384, 4727330.156638839282095 ], [ 8210932.619355095550418, 4727516.326181680895388 ], [ 8210959.689427307806909, 4727643.531353083439171 ], [ 8210929.32122655864805, 4727711.293597699142992 ], [ 8210860.771669337525964, 4727739.426522700116038 ], [ 8210716.057347529567778, 4727668.801587943919003 ], [ 8210562.432181995362043, 4727539.525767551735044 ], [ 8210370.984633102081716, 4727341.37473566737026 ], [ 8210276.541690929792821, 4727154.567903920076787 ], [ 8210220.920656071975827, 4726987.897363402880728 ], [ 8210173.525641252286732, 4726909.117658251896501 ], [ 8210057.894786004908383, 4726838.967990881763399 ], [ 8209998.722263507544994, 4726896.495343863964081 ], [ 8209986.985592195764184, 4727023.056022938340902 ], [ 8209984.709132394753397, 4727159.525662623345852 ], [ 8209973.169889650307596, 4727266.593594502657652 ], [ 8209875.045133427716792, 4727333.230987383052707 ], [ 8209611.587844585999846, 4727367.902275964617729 ], [ 8209319.904352315701544, 4727363.092697221785784 ], [ 8209283.938436627388, 4727367.418584574013948 ], [ 8209283.938436627388, 4727367.418584574013948 ], [ 8209105.566654284484684, 4727388.80488056037575 ], [ 8208988.159121722914279, 4727416.1203951863572 ], [ 8208987.447849488817155, 4727474.609374224208295 ], [ 8209093.195863167755306, 4727554.363143285736442 ], [ 8209227.348792279139161, 4727683.33994384855032 ], [ 8209332.635200104676187, 4727792.338223757222295 ], [ 8209341.052397998049855, 4727860.738450520671904 ], [ 8209320.045148852281272, 4727957.903355444781482 ], [ 8209280.427142606116831, 4728015.753592257387936 ], [ 8209279.738319076597691, 4728044.999618296511471 ], [ 8209240.586359605193138, 4728073.603668733499944 ], [ 8209152.419862659648061, 4728111.153310808353126 ], [ 8209005.511140514165163, 4728157.486832527443767 ], [ 8208946.213626167736948, 4728215.014787648804486 ], [ 8208934.884694345295429, 4728322.092316286638379 ], [ 8208990.558520193211734, 4728498.540488035418093 ], [ 8209143.955104846507311, 4728627.85225089546293 ], [ 8209279.899197303690016, 4728659.348347887396812 ], [ 8209417.174144863151014, 4728593.350101636722684 ], [ 8209544.497065153904259, 4728527.190037523396313 ], [ 8209710.33151522371918, 4728500.665693217888474 ], [ 8209865.310202786698937, 4728551.972543330863118 ], [ 8210000.835061998106539, 4728602.957519298419356 ], [ 8210116.330604251474142, 4728682.869652847759426 ], [ 8210211.75432812422514, 4728801.459757896140218 ], [ 8210237.161930708214641, 4729026.179139542393386 ], [ 8210201.864768440835178, 4729425.4453344065696 ], [ 8210180.79388133995235, 4729512.877173171378672 ], [ 8210130.759556409902871, 4729599.830320438370109 ], [ 8210052.070374992676079, 4729666.803773665800691 ], [ 8209905.210566506721079, 4729722.907018527388573 ], [ 8209778.271773899905384, 4729750.077702983282506 ], [ 8209748.000520805828273, 4729817.850360255688429 ], [ 8209824.325775172561407, 4729906.885197388939559 ], [ 8209968.82344395853579, 4730006.790938907302916 ], [ 8210006.235462827607989, 4730095.186412875540555 ], [ 8209936.849558615125716, 4730181.823524017818272 ], [ 8209799.023672551847994, 4730267.34065084066242 ], [ 8209436.555763858370483, 4730417.425437258556485 ], [ 8209387.087989409454167, 4730475.128959602676332 ], [ 8209366.497258821502328, 4730552.81680007930845 ], [ 8209433.871433664113283, 4730592.944733624346554 ], [ 8209618.423120151273906, 4730615.494218990206718 ], [ 8209803.087343999184668, 4730638.040073979645967 ], [ 8209880.614598674699664, 4730658.823147756978869 ], [ 8210098.569253288209438, 4730848.626087223179638 ], [ 8210352.486409544013441, 4731015.955970770679414 ], [ 8210605.900677322410047, 4731253.484135207720101 ], [ 8210742.133046786300838, 4731512.81453927513212 ], [ 8210763.32395810354501, 4731676.944799216464162 ], [ 8210777.643620603717864, 4731785.53145045787096 ], [ 8210795.718557558953762, 4731873.621066804975271 ], [ 8210783.565362771973014, 4732019.749296368099749 ], [ 8210732.290293014608324, 4732184.7480428237468 ], [ 8210700.741777814924717, 4732340.315060924738646 ], [ 8210677.313174678012729, 4732583.820863698609173 ], [ 8210654.765760875307024, 4732778.566046972759068 ], [ 8210622.793931598775089, 4732953.648575145751238 ], [ 8210561.470597652718425, 4733138.00903014652431 ], [ 8210472.029367529787123, 4733253.617528343573213 ], [ 8210027.622380609624088, 4733646.337804003618658 ], [ 8209880.660957115702331, 4733712.215715480037034 ], [ 8209832.72961818613112, 4733672.398263380862772 ], [ 8209824.591381536796689, 4733564.943537128157914 ], [ 8209837.38062858581543, 4733379.779181924648583 ], [ 8209899.115953498519957, 4733156.404709209688008 ], [ 8209971.267360324971378, 4732903.93405582383275 ], [ 8209974.897194595076144, 4732689.362205540761352 ], [ 8209938.139525584876537, 4732552.178573238663375 ], [ 8209892.469889297150075, 4732356.319150995463133 ], [ 8209846.801609636284411, 4732160.463624136522412 ], [ 8209819.381219755858183, 4732062.456948004662991 ], [ 8209752.627028869464993, 4732057.732914381660521 ], [ 8209684.806211957708001, 4732106.817066410556436 ], [ 8209636.804420867934823, 4732223.185668600723147 ], [ 8209609.739601734094322, 4732480.297478411346674 ], [ 8209467.206509934738278, 4732688.993838091380894 ], [ 8209184.675761369988322, 4732872.348247806541622 ], [ 8209113.674929407425225, 4732964.994915585964918 ], [ 8209109.708105090074241, 4733067.771904637105763 ], [ 8209141.693778324872255, 4733204.851456124335527 ], [ 8209191.388415517285466, 4733299.551788775250316 ], [ 8209283.540709509514272, 4733394.956064376048744 ], [ 8209350.561794698238373, 4733464.340899168513715 ], [ 8209509.765152224339545, 4733620.597316372208297 ], [ 8209524.865781118161976, 4733748.869545399211347 ], [ 8209497.71762234531343, 4733842.309825112111866 ], [ 8209463.093017093837261, 4733884.412595978006721 ], [ 8209360.516184571199119, 4733908.325510298833251 ], [ 8209198.661814733408391, 4733897.121085206978023 ], [ 8209011.872569350525737, 4733868.425839942879975 ], [ 8208800.63450011331588, 4733771.041451049037278 ], [ 8208666.050540272146463, 4733666.391197605989873 ], [ 8208582.825585595332086, 4733545.522454421035945 ], [ 8208516.791792800650001, 4733407.871608816087246 ], [ 8208451.033459277823567, 4733253.157656376250088 ], [ 8208367.899948850274086, 4733140.824317572638392 ], [ 8208258.919998277910054, 4733019.5350261349231 ], [ 8208150.028348748572171, 4732906.778352634049952 ], [ 8208024.061227598227561, 4732810.802212364040315 ], [ 8207897.376612056046724, 4732731.889393656514585 ], [ 8207795.357357701286674, 4732721.655892170965672 ], [ 8207718.301532415673137, 4732754.506968366913497 ], [ 8207683.588492043316364, 4732788.067186558619142 ], [ 8207682.901235066354275, 4732830.727239730767906 ], [ 8207724.753967678174376, 4732882.628888524137437 ], [ 8207808.264286287128925, 4732977.900131815113127 ], [ 8207883.073377094231546, 4733098.626789379864931 ], [ 8207915.728839920833707, 4733193.048831708729267 ], [ 8207888.181581896729767, 4733303.544019805267453 ], [ 8207793.656559332273901, 4733370.243484967388213 ], [ 8207656.392061080783606, 4733419.16800285037607 ], [ 8207485.706650453619659, 4733441.924702181480825 ], [ 8207341.218656940385699, 4733422.418770307675004 ], [ 8207154.785323885269463, 4733342.204674663022161 ], [ 8206994.471895177848637, 4733236.85868015140295 ], [ 8206842.415606637485325, 4733148.731398564763367 ], [ 8206731.85045753698796, 4733112.575579900294542 ], [ 8206168.87606733944267, 4733128.352271366864443 ], [ 8205920.970298793166876, 4732985.502545070834458 ], [ 8205870.291623474098742, 4732650.388464892283082 ], [ 8205958.613265724852681, 4732275.467204128392041 ], [ 8206115.566549991257489, 4731985.117089162580669 ], [ 8206172.432758780196309, 4731888.400387062691152 ], [ 8206244.541191033087671, 4731694.379323163069785 ], [ 8206310.641733159311116, 4731581.953447565436363 ], [ 8206313.358355133794248, 4731581.35359123814851 ], [ 8206372.139587773941457, 4731501.14702614583075 ], [ 8206484.464592914097011, 4731483.952953916043043 ], [ 8206484.464592914097011, 4731483.952953916043043 ], [ 8206694.066759560257196, 4731475.794040329754353 ], [ 8206897.912954110652208, 4731474.795046603307128 ], [ 8207127.219812801107764, 4731507.083617240190506 ], [ 8207314.924635913223028, 4731415.445435786619782 ], [ 8207518.75269232224673, 4731349.214367465116084 ], [ 8207648.708136918023229, 4731192.833822161890566 ], [ 8207566.358615791425109, 4731004.420312574133277 ], [ 8207605.41093497723341, 4730774.451291828416288 ], [ 8207621.572408794425428, 4730577.74197709467262 ], [ 8207669.112364620901644, 4730355.64921734854579 ], [ 8207766.809320686385036, 4730182.688374705612659 ], [ 8207855.125840523280203, 4729952.781107030808926 ], [ 8207985.093293442390859, 4729788.024414263665676 ], [ 8208090.40588020440191, 4729557.715951945632696 ], [ 8208171.110128826461732, 4729377.425158667378128 ], [ 8208244.167296164669096, 4729180.24485211353749 ], [ 8208259.437635288573802, 4728982.906688198447227 ], [ 8208290.876963895745575, 4728761.26658565364778 ], [ 8208257.75525470636785, 4728564.552582196891308 ], [ 8208191.543021499179304, 4728351.886798026971519 ], [ 8208125.285099072381854, 4728163.109665682539344 ], [ 8208017.424652880989015, 4727917.593538956716657 ], [ 8207967.299248655326664, 4727704.519460728392005 ], [ 8207950.332266388460994, 4727499.659104751423001 ], [ 8207908.70254080183804, 4727253.792811185121536 ], [ 8207931.635014817118645, 4727048.854338907636702 ], [ 8207971.570691673085093, 4726851.902599279768765 ], [ 8208069.267151278443635, 4726678.99768594186753 ], [ 8208281.609024349600077, 4726629.035987693816423 ], [ 8208476.936135960742831, 4726594.969279984012246 ], [ 8208673.1531837368384, 4726537.029707080684602 ], [ 8208794.592361925169826, 4726380.58879302162677 ], [ 8208899.937461136840284, 4726199.39974629227072 ], [ 8208980.628752207383513, 4726002.380681878887117 ], [ 8209102.092408008873463, 4725837.554581546224654 ], [ 8209215.881646552123129, 4725640.354068358428776 ], [ 8209345.851790668442845, 4725475.648323066532612 ], [ 8209525.067634455859661, 4725392.939670775085688 ], [ 8209712.776391460560262, 4725326.479339863173664 ], [ 8209941.208629484288394, 4725292.845015755854547 ], [ 8210145.051406274549663, 4725291.780329708009958 ], [ 8210341.263261932879686, 4725331.909337984398007 ], [ 8210528.955286525189877, 4725404.831229652278125 ], [ 8210709.871359733864665, 4725518.315382555127144 ], [ 8210857.662939907982945, 4725690.073409243486822 ], [ 8211013.062221989966929, 4725828.375924835912883 ], [ 8211184.642364516854286, 4725926.239109753631055 ], [ 8211397.807222539559007, 4725949.801382253877819 ], [ 8211577.049219066277146, 4725858.662465509958565 ], [ 8211723.12884278036654, 4725727.056242755614221 ], [ 8211860.713920814916492, 4725578.55436250846833 ], [ 8212023.808581586927176, 4725462.667406650260091 ], [ 8212219.140448713675141, 4725404.653225156478584 ], [ 8212448.451803836971521, 4725460.679234277456999 ], [ 8212693.944533083587885, 4725508.528994988650084 ], [ 8212890.124033440835774, 4725573.132962978444993 ], [ 8213110.943266212940216, 4725612.895861942321062 ], [ 8213339.411910438910127, 4725669.536832094192505 ], [ 8213576.366964579559863, 4725725.641498568467796 ], [ 8213740.2859553610906, 4725839.49200086388737 ], [ 8213822.660594625398517, 4726019.370871740393341 ], [ 8213849.006882426328957, 4726216.57307843118906 ], [ 8213849.840705568902194, 4726437.963718386366963 ], [ 8213785.297910435125232, 4726626.856351492926478 ], [ 8213778.507891203276813, 4726856.544416343793273 ], [ 8213811.753144523128867, 4726997.957095130346715 ] ] ] ] } },
{ "type": "Feature", "properties": { "layer": "LDLYAAE002" }, "geometry": { "type": "MultiPolygon", "coordinates": [ [ [ [ 8343869.883133844472468, 4725857.405135069973767 ], [ 8344131.926726405508816, 4725940.931656283326447 ], [ 8344170.866095381788909, 4725946.270389382727444 ], [ 8344277.424960428848863, 4725957.028167320415378 ], [ 8344329.366557890549302, 4725957.17478384822607 ], [ 8344376.002995701506734, 4725957.30650941003114 ], [ 8344420.273077920079231, 4725954.816462413407862 ], [ 8344464.33694679196924, 4725947.098355699330568 ], [ 8344846.334592432714999, 4725911.565739491954446 ], [ 8345025.525065037421882, 4725914.674251461401582 ], [ 8345077.306720785796642, 4725930.501541040837765 ], [ 8345137.070040700957179, 4725956.805999313481152 ], [ 8345173.348400428891182, 4725983.046236871741712 ], [ 8345204.210113827139139, 4726009.272535909898579 ], [ 8345224.906230384483933, 4726035.470116203650832 ], [ 8345245.792994445189834, 4726072.124221407808363 ], [ 8345258.690132998861372, 4726100.914597344584763 ], [ 8345271.661884759552777, 4726132.434256477281451 ], [ 8345282.210538901388645, 4726164.186757830902934 ], [ 8345284.954486899077892, 4726193.274421004578471 ], [ 8345279.671014262363315, 4726219.696905359625816 ], [ 8345151.429708465002477, 4726496.929195361211896 ], [ 8345107.345847565680742, 4726554.970028702169657 ], [ 8345086.962989799678326, 4726589.281654077582061 ], [ 8345071.511812842451036, 4726615.676208722405136 ], [ 8345056.074004172347486, 4726644.714617259800434 ], [ 8345002.010886090807617, 4726784.685203462839127 ], [ 8344991.976756015792489, 4726811.094765410758555 ], [ 8344981.85229323618114, 4726863.942691938951612 ], [ 8344971.714619445614517, 4726914.147323626093566 ], [ 8344961.452419891022146, 4726961.707975336350501 ], [ 8344951.399348998442292, 4727006.624935202300549 ], [ 8344928.157810410484672, 4727077.945094304159284 ], [ 8344918.104476317763329, 4727122.862852615304291 ], [ 8344913.134830391965806, 4727167.794825087301433 ], [ 8344913.412626574747264, 4727223.317820218391716 ], [ 8344916.137407225556672, 4727270.916049423627555 ], [ 8344929.593853159807622, 4727331.70854913815856 ], [ 8344989.818709923885763, 4727537.587811898440123 ], [ 8345096.905890757218003, 4727772.749234423972666 ], [ 8345256.277098118327558, 4728021.41774850897491 ], [ 8345274.58343249373138, 4728063.689143386669457 ], [ 8345308.562292976304889, 4728127.137274662032723 ], [ 8345342.427013466134667, 4728187.951162663288414 ], [ 8345371.164501384831965, 4728230.28878116980195 ], [ 8345407.718456069007516, 4728267.406004326418042 ], [ 8345457.560509393922985, 4728325.68392472807318 ], [ 8345509.846075595356524, 4728428.770642519928515 ], [ 8345528.167996816337109, 4728481.582605806179345 ], [ 8345541.038244837895036, 4728523.822648987174034 ], [ 8345569.963170821778476, 4728755.482481461949646 ], [ 8345578.015822975896299, 4728813.058944202028215 ], [ 8345585.736232004128397, 4728888.940122567117214 ], [ 8345596.286857759580016, 4728959.60816846229136 ], [ 8345617.158153359778225, 4729035.571580259129405 ], [ 8345643.026395373977721, 4729142.948086845688522 ], [ 8345698.057393072172999, 4729488.473039238713682 ], [ 8345713.717238063924015, 4729585.328640783205628 ], [ 8345734.595466298982501, 4729697.908107881434262 ], [ 8345768.406180872581899, 4729836.721569684334099 ], [ 8345786.559319561347365, 4729899.599113618023694 ], [ 8345815.368868626654148, 4729973.002748966217041 ], [ 8345930.266102680005133, 4730190.778492645360529 ], [ 8346003.309414714574814, 4730298.456864644773304 ], [ 8346034.390911904163659, 4730340.495038607157767 ], [ 8346071.133228964172304, 4730377.335325442254543 ], [ 8346117.864048946648836, 4730419.470374203287065 ], [ 8346193.735268065705895, 4730490.551382686942816 ], [ 8346227.425356370396912, 4730527.375103084370494 ], [ 8346258.951736715622246, 4730558.952422907575965 ], [ 8346292.641412475146353, 4730590.545604903250933 ], [ 8346326.548566119745374, 4730627.275343819521368 ], [ 8346362.546036736108363, 4730653.438926394097507 ], [ 8346436.899842099286616, 4730760.6890401057899 ], [ 8346465.412749951705337, 4730813.004338971339166 ], [ 8346488.338969425298274, 4730865.318562231957912 ], [ 8346511.487751088105142, 4730917.633001032285392 ], [ 8346529.513636460527778, 4731061.487177005037665 ], [ 8346532.208160057663918, 4731121.643998038955033 ], [ 8346532.220467064529657, 4731181.80022862739861 ], [ 8346527.200898496434093, 4731236.724354608915746 ], [ 8346514.604736484587193, 4731292.998488627374172 ], [ 8346514.604736484587193, 4731292.998488627374172 ], [ 8346490.813857161439955, 4731401.703577324748039 ], [ 8346475.267421781085432, 4731448.866161528974771 ], [ 8346454.585269254632294, 4731493.40714540053159 ], [ 8346428.871907577849925, 4731537.946990151889622 ], [ 8346397.864639401435852, 4731598.207925989292562 ], [ 8346384.619087905623019, 4731663.71485336497426 ], [ 8346384.721396738663316, 4731710.882760877721012 ], [ 8346387.078255640342832, 4731794.73750694654882 ], [ 8346398.241026065312326, 4732298.651628482155502 ], [ 8346398.241026065312326, 4732298.651628482155502 ], [ 8346321.565683636814356, 4732205.402980356477201 ], [ 8346300.468074017204344, 4732160.264094796031713 ], [ 8346279.479318440891802, 4732102.23314187861979 ], [ 8346268.904177444986999, 4732061.396861739456654 ], [ 8346260.499122796580195, 4732007.664720233529806 ], [ 8346256.405231052078307, 4731938.887976140715182 ], [ 8346239.657077068462968, 4731764.798688834533095 ], [ 8346227.158265864476562, 4731685.277451022528112 ], [ 8346210.203613697551191, 4731633.696637324988842 ], [ 8346175.971532444469631, 4731569.221122882328928 ], [ 8346137.678895718418062, 4731509.044537972658873 ], [ 8346000.976863548159599, 4731151.507406343705952 ], [ 8345943.449406877160072, 4731024.233640762045979 ], [ 8345909.004091929644346, 4730953.04538740310818 ], [ 8345877.142866925336421, 4730888.32771204598248 ], [ 8345849.339009214192629, 4730819.325999065302312 ], [ 8345793.470999776385725, 4730634.50307744462043 ], [ 8345782.990339227020741, 4730578.665189706720412 ], [ 8345776.343831477686763, 4730531.434251680038869 ], [ 8345767.890377488918602, 4730471.319813169538975 ], [ 8345757.186486017890275, 4730411.192771270871162 ], [ 8345748.510601512156427, 4730351.079020383767784 ], [ 8345733.751536584459245, 4730290.925791529938579 ], [ 8345723.051409614272416, 4730256.539433730766177 ], [ 8345699.514734135940671, 4730204.913442781195045 ], [ 8345650.303215322084725, 4730103.794048656709492 ], [ 8345620.346989741548896, 4730028.534216327592731 ], [ 8345601.088845895603299, 4729970.500997291877866 ], [ 8345588.02572273556143, 4729918.943021743558347 ], [ 8345579.687978600151837, 4729882.425848921760917 ], [ 8345570.903261820785701, 4729830.894909956492484 ], [ 8345558.174756440334022, 4729779.33760130405426 ], [ 8345485.529916211031377, 4729497.907103906385601 ], [ 8345457.494181516580284, 4729433.388893436640501 ], [ 8345414.820223494432867, 4729366.632518817670643 ], [ 8345378.452752392739058, 4729306.350773502141237 ], [ 8345346.476789966225624, 4729265.399174605496228 ], [ 8345316.528211870230734, 4729222.316241481341422 ], [ 8345297.05284739844501, 4729192.169064535759389 ], [ 8345280.050329885445535, 4729159.890567625872791 ], [ 8345269.464990610256791, 4729134.086480389349163 ], [ 8345264.96274452842772, 4729110.467302015982568 ], [ 8345258.765590822324157, 4729071.821708165109158 ], [ 8345257.644294386729598, 4728687.788820307701826 ], [ 8345255.423311686143279, 4728622.942363198846579 ], [ 8345244.530242076143622, 4728553.720000451430678 ], [ 8345229.60186693072319, 4728499.59881376940757 ], [ 8345212.428684748709202, 4728449.786300998181105 ], [ 8345188.603622159920633, 4728389.128273598849773 ], [ 8345167.164508191868663, 4728347.933590872213244 ], [ 8345150.122291222214699, 4728313.248913556337357 ], [ 8345118.08499968983233, 4728259.020350170321763 ], [ 8345075.256847395561635, 4728215.529634486883879 ], [ 8344944.556728353723884, 4728110.975241522304714 ], [ 8344890.917321243323386, 4728060.933585519902408 ], [ 8344850.462657977826893, 4728026.100086252205074 ], [ 8344805.375995256006718, 4727973.951590468175709 ], [ 8344775.493536372669041, 4727930.542268087156117 ], [ 8344709.072294430807233, 4727828.556605225428939 ], [ 8344649.112861911766231, 4727763.347514758817852 ], [ 8344601.871482509188354, 4727696.059631870128214 ], [ 8344571.969888160005212, 4727635.363765357062221 ], [ 8344548.372859208844602, 4727574.709063667804003 ], [ 8344539.779770190827549, 4727542.241569647565484 ], [ 8344533.151743177324533, 4727457.927156880497932 ], [ 8344522.394290892407298, 4727403.837756035849452 ], [ 8344505.335476383566856, 4727351.86886294092983 ], [ 8344481.522023875266314, 4727295.537313335575163 ], [ 8344445.320911985822022, 4727236.962988146580756 ], [ 8344410.937306883744895, 4727189.207024769857526 ], [ 8344376.649977954104543, 4727128.486151724122465 ], [ 8344338.08891265001148, 4727069.898834020830691 ], [ 8344314.53026351891458, 4727039.497559292241931 ], [ 8344186.198748908936977, 4726921.994819453917444 ], [ 8344143.375189523212612, 4726874.184047260321677 ], [ 8344119.812562641687691, 4726839.461457572877407 ], [ 8344098.373537642881274, 4726791.78860304877162 ], [ 8344085.392154900357127, 4726757.134940344840288 ], [ 8344074.769123911857605, 4726720.334307585842907 ], [ 8344063.779768263921142, 4726655.44489801954478 ], [ 8344065.991436956450343, 4726525.818789547309279 ], [ 8344083.005964742042124, 4726461.093500719405711 ], [ 8344095.408911329694092, 4726406.92170293815434 ], [ 8344095.141723331063986, 4726352.713359483517706 ], [ 8344090.768320854753256, 4726307.166344680823386 ], [ 8344081.811224404722452, 4726263.775811125524342 ], [ 8344062.48403986915946, 4726209.513428614474833 ], [ 8344032.442191774025559, 4726142.210660406388342 ], [ 8344002.521660344675183, 4726086.15074023231864 ], [ 8343973.017825410701334, 4726021.744872116483748 ], [ 8343869.883133844472468, 4725857.405135069973767 ] ] ] ] } },
{ "type": "Feature", "properties": { "layer": "LDLYAAE002" }, "geometry": { "type": "Polygon", "coordinates": [ [ [ 8333692.785327123478055, 4730900.622078467160463 ], [ 8333721.400891621597111, 4730838.975633232854307 ], [ 8333714.435161070898175, 4730740.307341367006302 ], [ 8333686.448762551881373, 4730606.44987475220114 ], [ 8333672.508473431691527, 4730430.26492674741894 ], [ 8333707.632079726085067, 4730303.295874253846705 ], [ 8333756.732556658796966, 4730274.973280277103186 ], [ 8333819.851071990095079, 4730260.710765565745533 ], [ 8333932.046318071894348, 4730267.465323475189507 ], [ 8334023.210964813828468, 4730260.176711220294237 ], [ 8334065.297944841906428, 4730231.871070261113346 ], [ 8334072.332162824459374, 4730182.511802284047008 ], [ 8334044.370727876201272, 4729985.226324208080769 ], [ 8334009.334919843822718, 4729928.930888860486448 ], [ 8333946.260859178379178, 4729851.564371084794402 ], [ 8333890.202912086620927, 4729767.131168958730996 ], [ 8333848.169641336426139, 4729682.661599879153073 ], [ 8333799.098848894238472, 4729654.597043290734291 ], [ 8333714.968353007920086, 4729626.623667502775788 ], [ 8333546.691638401709497, 4729605.916266767308116 ], [ 8333350.363997929729521, 4729592.326136750169098 ], [ 8333140.005170531570911, 4729592.864667824469507 ], [ 8332824.463272775523365, 4729600.712420275434852 ], [ 8332712.268082889728248, 4729608.042693275026977 ], [ 8332635.132349841296673, 4729615.283934161998332 ], [ 8332382.679967362433672, 4729651.152846616692841 ], [ 8332179.318883287720382, 4729672.798815442249179 ], [ 8332081.141560325399041, 4729687.135904758237302 ], [ 8331905.827336586080492, 4729708.70778177306056 ], [ 8331702.459215071052313, 4729737.392201307229698 ], [ 8331442.99322496727109, 4729766.20674120914191 ], [ 8331330.780113741755486, 4729794.666681764647365 ], [ 8331183.50046899728477, 4729830.256328275427222 ], [ 8331036.240585522726178, 4729837.650519798509777 ], [ 8330973.152603821828961, 4729809.604643476195633 ], [ 8330952.169433549977839, 4729739.170256386511028 ], [ 8330980.265002959407866, 4729675.670117430388927 ], [ 8331043.420145063661039, 4729612.088362880982459 ], [ 8331106.584792195819318, 4729534.409996661357582 ], [ 8331127.66694075986743, 4729470.927345016039908 ], [ 8331113.669359311461449, 4729435.719580390490592 ], [ 8331050.578307836316526, 4729414.723347565159202 ], [ 8331001.490307155065238, 4729421.886173170991242 ], [ 8330952.380899899639189, 4729457.24138608854264 ], [ 8330910.304508632980287, 4729464.387588504701853 ], [ 8330851.306113262660801, 4729442.186809746548533 ], [ 8330823.285694215446711, 4729385.83488960750401 ], [ 8330813.995943332090974, 4729301.231655426323414 ], [ 8330795.323184404522181, 4729254.2617028336972 ], [ 8330767.296406254172325, 4729207.313147231936455 ], [ 8330711.185406612232327, 4729188.637558791786432 ], [ 8330617.620721088722348, 4729217.061012400314212 ], [ 8330505.332204290665686, 4729264.331983780488372 ], [ 8330393.057709766551852, 4729292.796447703614831 ], [ 8330336.946610564365983, 4729274.118620765395463 ], [ 8330280.882174028083682, 4729199.024516286328435 ], [ 8330262.227694656699896, 4729133.248551717028022 ], [ 8329897.694871512241662, 4728804.983175029046834 ], [ 8329785.666022586636245, 4728711.157869228161871 ], [ 8329701.722456525079906, 4728636.059714835137129 ], [ 8329608.312124376185238, 4728626.818466315045953 ], [ 8329486.765395605005324, 4728674.059859511442482 ], [ 8329449.339541153982282, 4728702.342386323027313 ], [ 8329411.750994424335659, 4728815.278316705487669 ], [ 8329374.179412744939327, 4728918.809269892983139 ], [ 8329364.564092923887074, 4729059.917415400035679 ], [ 8329355.003253892995417, 4729172.808533987961709 ], [ 8329326.791248954832554, 4729266.920143272727728 ], [ 8329326.610338750295341, 4729351.58445677254349 ], [ 8329345.267977831885219, 4729407.96086551528424 ], [ 8329429.415885127149522, 4729454.791707620024681 ], [ 8329597.755050402134657, 4729501.437406243756413 ], [ 8329728.677747114561498, 4729548.163507857359946 ], [ 8329784.772717678919435, 4729585.651190883480012 ], [ 8329812.77177925221622, 4729660.812867294065654 ], [ 8329831.41625287476927, 4729735.996333492919803 ], [ 8329840.690164960920811, 4729830.007093008607626 ], [ 8329859.335474169813097, 4729905.191428256221116 ], [ 8329934.046483188867569, 4730055.478355895727873 ], [ 8329999.420705672353506, 4730186.980979098007083 ], [ 8330074.128340226598084, 4730346.674541801214218 ], [ 8330158.216963576152921, 4730478.137761972844601 ], [ 8330223.620195186696947, 4730581.432444271631539 ], [ 8330335.787334233522415, 4730703.429570494219661 ], [ 8330494.79575673583895, 4730750.087495760060847 ], [ 8330672.553990075364709, 4730749.679337933659554 ], [ 8330859.667507328093052, 4730749.246429837308824 ], [ 8331056.109258277341723, 4730786.40426068007946 ], [ 8331205.766627327539027, 4730833.073158465325832 ], [ 8331308.633016170933843, 4730898.659375248476863 ], [ 8331383.426042167469859, 4730973.715750168077648 ], [ 8331467.583246820606291, 4731039.345445425249636 ], [ 8331542.417649173177779, 4731057.97541634645313 ], [ 8331645.346224498003721, 4731038.920133682899177 ], [ 8331776.379863740876317, 4730963.370718907564878 ], [ 8331888.662839390337467, 4730944.290326651185751 ], [ 8331935.436006703414023, 4730953.581114675849676 ], [ 8331982.191059921868145, 4730991.084366946481168 ], [ 8332010.210234640166163, 4731066.250625715591013 ], [ 8332066.273461079224944, 4731178.966642892919481 ], [ 8332131.682503088377416, 4731310.46962559223175 ], [ 8332234.541892366483808, 4731404.263288924470544 ], [ 8332337.449739278294146, 4731422.819307046942413 ], [ 8332421.656468782573938, 4731422.610747011378407 ], [ 8332477.816939, 4731384.852847137488425 ], [ 8332552.728416499681771, 4731281.216123327612877 ], [ 8332599.586834190413356, 4731149.436760128475726 ], [ 8332646.460390149615705, 4730989.445473806932569 ], [ 8332693.316238764673471, 4730857.66942145768553 ], [ 8332740.127629306167364, 4730801.12719402089715 ], [ 8332852.380401347763836, 4730829.057136560790241 ], [ 8332917.834114335477352, 4730894.721060246229172 ], [ 8333048.759317364543676, 4730997.836123173125088 ], [ 8333198.403991893865168, 4731091.498091812245548 ], [ 8333319.993047843687236, 4731166.421843579038978 ], [ 8333422.890706147998571, 4731203.774987739510834 ], [ 8333488.383237490430474, 4731203.606140772812068 ], [ 8333535.177920301444829, 4731175.271820813417435 ], [ 8333610.063079266808927, 4731099.842315125279129 ], [ 8333619.907238266430795, 4731076.754996570758522 ], [ 8333656.674062416888773, 4730988.825456884689629 ], [ 8333692.785327123478055, 4730900.622078467160463 ] ] ] } },
{ "type": "Feature", "properties": { "layer": "LDLYAAE002" }, "geometry": { "type": "MultiPolygon", "coordinates": [ [ [ [ 8214729.28808135446161, 4729475.09447717666626 ], [ 8214641.280301663093269, 4729675.659549150615931 ], [ 8214577.008703279308975, 4729793.355023187585175 ], [ 8214518.916789645329118, 4729936.139113668352365 ], [ 8214485.422726686112583, 4730079.323674391955137 ], [ 8214483.799017778597772, 4730191.772141241468489 ], [ 8214488.556474475190043, 4730273.085707690566778 ], [ 8214518.663459704257548, 4730342.303820856846869 ], [ 8214573.831039507873356, 4730418.168146198615432 ], [ 8214653.999556614086032, 4730475.688937823288143 ], [ 8214778.447433020919561, 4730477.679699406959116 ], [ 8214853.857418556697667, 4730453.883706089109182 ], [ 8214935.823733454570174, 4730380.208233999088407 ], [ 8215019.002887030132115, 4730256.554880726151168 ], [ 8215178.359841465950012, 4730009.07191332615912 ], [ 8215255.089249046519399, 4729872.677191667258739 ], [ 8215357.765855357050896, 4729680.401187022216618 ], [ 8215434.630278557538986, 4729519.005088101141155 ], [ 8215500.020435566082597, 4729415.950418994762003 ], [ 8215500.020435566082597, 4729415.950418994762003 ], [ 8214729.28808135446161, 4729475.09447717666626 ] ] ] ] } },
{ "type": "Feature", "properties": { "layer": "LDLYAAE002" }, "geometry": { "type": "MultiPolygon", "coordinates": [ [ [ [ 8214150.795618361793458, 4727625.324695101007819 ], [ 8214150.902498355135322, 4727625.344244007021189 ], [ 8214150.906941080465913, 4727625.324695927090943 ], [ 8214150.795618361793458, 4727625.324695101007819 ] ] ], [ [ [ 8214095.116666716523468, 4727844.946144036017358 ], [ 8214037.361225844360888, 4727969.090654140338302 ], [ 8213998.630135675892234, 4728062.27093053329736 ], [ 8213946.876226726919413, 4728186.512792554683983 ], [ 8213876.847033116966486, 4728297.968885058537126 ], [ 8213813.664093885570765, 4728359.518048773519695 ], [ 8213554.289137624204159, 4728617.9310337100178 ], [ 8213447.049359210766852, 4728684.935328116640449 ], [ 8213340.156622878275812, 4728758.185351300053298 ], [ 8213257.746747168712318, 4728831.836170987226069 ], [ 8213256.692666795104742, 4728906.792119805701077 ], [ 8213299.460547736845911, 4728969.958836835809052 ], [ 8213385.746422390453517, 4729033.828158359974623 ], [ 8213496.934943440370262, 4729085.605043843388557 ], [ 8213608.570227461867034, 4729137.381313199177384 ], [ 8213707.116538328118622, 4729207.695684208534658 ], [ 8213805.98344237357378, 4729271.763144963420928 ], [ 8213898.411014227196574, 4729341.9769167592749 ], [ 8214028.913649910129607, 4729369.062769453972578 ], [ 8214134.842430733144283, 4729358.267958671785891 ], [ 8214279.095570155419409, 4729316.837376210838556 ], [ 8214454.727326569147408, 4729235.235661747865379 ], [ 8214561.158042155206203, 4729205.597126563079655 ], [ 8214648.207904730923474, 4729200.675886678509414 ], [ 8214723.24876528326422, 4729195.564176868647337 ], [ 8214772.480086326599121, 4729221.327063211239874 ], [ 8214790.747460800223053, 4729265.368217990733683 ], [ 8214783.245788617059588, 4729352.786955953575671 ], [ 8214729.28808135446161, 4729475.09447717666626 ], [ 8215500.020435566082597, 4729415.950418994762003 ], [ 8215536.73541655857116, 4729357.988386335782707 ], [ 8215651.382544641382992, 4729190.911324868910015 ], [ 8215812.48724293988198, 4728818.220204494893551 ], [ 8215856.959045204333961, 4728750.122350358404219 ], [ 8215901.291500333696604, 4728707.02702790684998 ], [ 8215951.086322458460927, 4728701.529823460616171 ], [ 8215975.473669395782053, 4728745.660801770165563 ], [ 8215974.098398387432098, 4728833.170285975560546 ], [ 8215960.311163507401943, 4728932.993769530206919 ], [ 8215921.864569306373596, 4729007.438335493206978 ], [ 8215883.779195138253272, 4729056.879766309633851 ], [ 8215838.70086614228785, 4729143.732426487840712 ], [ 8215805.48575252853334, 4729287.032725987024605 ], [ 8215810.343165775761008, 4729392.125383370555937 ], [ 8217322.550450073555112, 4729275.846239796839654 ], [ 8219325.490784856490791, 4728847.399386417120695 ], [ 8219235.620287590660155, 4728795.012896358966827 ], [ 8219189.453783456236124, 4728767.560767788439989 ], [ 8219143.254432076588273, 4728726.728083408437669 ], [ 8219130.47464525513351, 4728679.698446812108159 ], [ 8219144.878260217607021, 4728619.683042713440955 ], [ 8219192.572541241534054, 4728546.780340761877596 ], [ 8219293.473874360322952, 4728474.666761078871787 ], [ 8219421.238889853470027, 4728396.256368868052959 ], [ 8219515.489340477623045, 4728330.733137454837561 ], [ 8219602.979570598341525, 4728271.801084234379232 ], [ 8219643.91030010394752, 4728205.490570420399308 ], [ 8219658.463940958492458, 4728118.717169541865587 ], [ 8219626.553789360448718, 4728017.876279134303331 ], [ 8219574.256858243606985, 4727936.810920263640583 ], [ 8219488.560643112286925, 4727868.633523029275239 ], [ 8219349.112270824611187, 4727846.496552430093288 ], [ 8219215.600350248627365, 4727844.525739137083292 ], [ 8219035.186865610070527, 4727875.311111824586987 ], [ 8218801.3003458539024, 4727932.061936198733747 ], [ 8218587.734970648773015, 4727942.275504232384264 ], [ 8218341.036615252494812, 4727938.609339835122228 ], [ 8218161.094846347346902, 4727935.930043930187821 ], [ 8218061.429344199597836, 4727921.060730585828424 ], [ 8217975.441933026537299, 4727866.250338996760547 ], [ 8217916.256456431001425, 4727825.216835482046008 ], [ 8217863.481239563785493, 4727770.903267754241824 ], [ 8217831.39944052696228, 4727683.440129037946463 ], [ 8217773.455869794823229, 4727555.441696825437248 ], [ 8217735.442695680074394, 4727400.985548422671854 ], [ 8217717.566049678251147, 4727260.208989741280675 ], [ 8217719.968165206722915, 4727099.66542799025774 ], [ 8217728.524803032167256, 4726959.291216032579541 ], [ 8217743.665384769439697, 4726832.396728009916842 ], [ 8217759.934651681222022, 4726618.546890846453607 ], [ 8217762.187473578378558, 4726460.578416767530143 ], [ 8217736.340123653411865, 4726346.931858874857426 ], [ 8217704.940531927160919, 4726276.519929882138968 ], [ 8217646.035867860540748, 4726208.736915988847613 ], [ 8217566.362008191645145, 4726187.475204394198954 ], [ 8217499.447993936948478, 4726190.669583815149963 ], [ 8217499.336671216413379, 4726190.669582990929484 ], [ 8217458.681445585563779, 4726319.790868549607694 ], [ 8217411.129060048609972, 4726517.317037807777524 ], [ 8217330.405926913022995, 4726722.804868074133992 ], [ 8217225.115493869408965, 4726920.229864748194814 ], [ 8217136.744719887152314, 4727141.760822222568095 ], [ 8216990.662137052975595, 4727339.303512929007411 ], [ 8216852.230015015229583, 4727479.498579071834683 ], [ 8216723.116578988730907, 4727644.345242762938142 ], [ 8216510.784745612181723, 4727719.664749085903168 ], [ 8216298.441945146769285, 4727687.825221058912575 ], [ 8216085.2672801874578, 4727639.833013539202511 ], [ 8215865.306395191699266, 4727640.80500222556293 ], [ 8215660.599204622209072, 4727633.582440584897995 ], [ 8215448.271862810477614, 4727610.117213149555027 ], [ 8215228.279912385158241, 4727643.995649714022875 ], [ 8215015.942945103161037, 4727645.695706676691771 ], [ 8214787.502852451987565, 4727671.060637097805738 ], [ 8214566.638836839236319, 4727664.246329070068896 ], [ 8214370.460651421919465, 4727665.502650626003742 ], [ 8214150.902498355135322, 4727625.344244007021189 ], [ 8214127.873665511608124, 4727726.672106400132179 ], [ 8214095.116666716523468, 4727844.946144036017358 ] ] ] ] } },
{ "type": "Feature", "properties": { "layer": "LDLYAAE002" }, "geometry": { "type": "MultiPolygon", "coordinates": [ [ [ [ 8326778.513918360695243, 4730072.879647491499782 ], [ 8326553.596618494950235, 4730279.195141805335879 ], [ 8326553.596618494950235, 4730279.195141805335879 ], [ 8326562.70549556799233, 4730244.626999734900892 ], [ 8326607.196798181161284, 4730098.456621983088553 ], [ 8326626.294250000268221, 4730022.200565581209958 ], [ 8326677.079350114800036, 4729882.37610440235585 ], [ 8326759.203249787911773, 4729837.790011300705373 ], [ 8326784.400709881447256, 4729856.809506442397833 ], [ 8326784.220195702277124, 4729939.388924964703619 ], [ 8326778.625241103582084, 4730072.879648284055293 ], [ 8326778.513918360695243, 4730072.879647491499782 ] ] ] ] } },
{ "type": "Feature", "properties": { "layer": "LDLYAAE002" }, "geometry": { "type": "MultiPolygon", "coordinates": [ [ [ [ 8221062.450752229429781, 4728315.92135083861649 ], [ 8220349.912099504843354, 4728556.287026798352599 ], [ 8220349.912099504843354, 4728556.287026798352599 ], [ 8220426.747542602941394, 4728471.388424634933472 ], [ 8220521.451950429938734, 4728379.161917641758919 ], [ 8220622.33171665109694, 4728313.798379271291196 ], [ 8220762.965270100161433, 4728249.048799561336637 ], [ 8220869.851626026444137, 4728230.616182084195316 ], [ 8221002.735970716923475, 4728259.422045572660863 ], [ 8221062.450752229429781, 4728315.92135083861649 ] ] ] ] } },
{ "type": "Feature", "properties": { "layer": "LDLYAAE002" }, "geometry": { "type": "MultiPolygon", "coordinates": [ [ [ [ 8251076.394513988867402, 4721709.539675207808614 ], [ 8251005.856756451539695, 4721787.237362978979945 ], [ 8250991.145884990692139, 4721896.426997002214193 ], [ 8251003.534297284670174, 4722040.007942704483867 ], [ 8251097.29568362608552, 4722314.090263337828219 ], [ 8251192.572370022535324, 4722431.042718240059912 ], [ 8251294.802393396385014, 4722541.220713707618415 ], [ 8251390.214835579507053, 4722644.509395467117429 ], [ 8251441.508229398168623, 4722761.360220826230943 ], [ 8251441.508229398168623, 4722761.360220826230943 ], [ 8251477.43386697396636, 4722884.385744331404567 ], [ 8251509.871845322661102, 4723069.147105352953076 ], [ 8251514.728279440663755, 4723281.011704464443028 ], [ 8251499.234586487524211, 4723472.210075411945581 ], [ 8251442.593671935610473, 4723622.069597735069692 ], [ 8251399.860894000157714, 4723792.544869246892631 ], [ 8251426.291763984598219, 4723908.93518262449652 ], [ 8251548.674506201408803, 4724073.964399569667876 ], [ 8251650.33633123524487, 4724245.655732552520931 ], [ 8251779.260006523691118, 4724424.411674542352557 ], [ 8251895.270276642404497, 4724548.387409188784659 ], [ 8251983.643956751562655, 4724658.467134892009199 ], [ 8252105.895702254958451, 4724850.83627663180232 ], [ 8252214.637856078334153, 4725015.758395241573453 ], [ 8252342.32115719653666, 4725209.386552688665688 ], [ 8252342.32115719653666, 4725209.386552688665688 ], [ 8252424.929640895687044, 4725331.882822400890291 ], [ 8252540.486237650737166, 4725517.368484754115343 ], [ 8252608.21290120575577, 4725627.282616548240185 ], [ 8252778.442370535805821, 4725847.39734491892159 ], [ 8252894.276440876536071, 4725957.710192902013659 ], [ 8253017.223329052329063, 4726068.079413642175496 ], [ 8253160.965172439813614, 4726164.949191982857883 ], [ 8253277.766824665479362, 4726220.584776346571743 ], [ 8253373.653507702052593, 4726255.546455305069685 ], [ 8253428.354379364289343, 4726310.673481516540051 ], [ 8253551.294427138753235, 4726434.709809128195047 ], [ 8253612.325201224535704, 4726537.736554358154535 ], [ 8253611.299386532977223, 4726647.093096903525293 ], [ 8253576.04185252264142, 4726721.995743773877621 ], [ 8253527.550256269052625, 4726762.611826383508742 ], [ 8253416.841261928901076, 4726802.721070602536201 ], [ 8253147.471856885589659, 4726889.375797701999545 ], [ 8253043.243743503466249, 4726984.218273058533669 ], [ 8252889.114776339381933, 4727256.3782759597525 ], [ 8252839.702313935384154, 4727358.510604090988636 ], [ 8252762.338314235210419, 4727549.276467722840607 ], [ 8252698.591319417580962, 4727733.323330754414201 ], [ 8252683.647872409783304, 4727856.250464434735477 ], [ 8252668.96336424164474, 4727951.83598773740232 ], [ 8252660.45490987226367, 4728122.672696705907583 ], [ 8252686.392859878949821, 4728293.796660310588777 ], [ 8252732.388843000866473, 4728506.11010205373168 ], [ 8252800.147369022481143, 4728650.236136460676789 ], [ 8252860.166928016580641, 4728848.997209359891713 ], [ 8252906.955127578228712, 4729013.466465405188501 ], [ 8252926.091997317038476, 4729164.038529151119292 ], [ 8252918.056981064379215, 4729273.366644963622093 ], [ 8252876.422688058577478, 4729327.718947225250304 ], [ 8252779.728942656889558, 4729347.385886019095778 ], [ 8252710.813758140429854, 4729333.103862158022821 ], [ 8252628.863628217950463, 4729243.544512487016618 ], [ 8252512.873675158247352, 4729133.179396728985012 ], [ 8252375.707477387040854, 4729049.956007797271013 ], [ 8252031.944452289491892, 4728954.61824921797961 ], [ 8251935.982986804097891, 4728899.091363325715065 ], [ 8251805.760546191595495, 4728822.756231002509594 ], [ 8251641.709478852339089, 4728705.117342998273671 ], [ 8251512.280097749084234, 4728539.968656852841377 ], [ 8251403.688412169925869, 4728381.840429306961596 ], [ 8251288.053398944437504, 4728216.819825945422053 ], [ 8251193.185266560874879, 4728065.65121026802808 ], [ 8251077.738183007575572, 4727893.801849705167115 ], [ 8250975.719000411219895, 4727735.742213563993573 ], [ 8250908.431369201280177, 4727584.830200613476336 ], [ 8250854.861606677994132, 4727440.876952712424099 ], [ 8250815.176256140694022, 4727276.558817178942263 ], [ 8250789.124222965911031, 4727105.539265702478588 ], [ 8250776.997029910795391, 4726961.936837926506996 ], [ 8250771.560982477851212, 4726811.509618010371923 ], [ 8250793.785395042039454, 4726627.143304265104234 ], [ 8250790.263462432660162, 4726278.517598066478968 ], [ 8250792.288595983758569, 4726080.317696337588131 ], [ 8250795.369506159797311, 4725772.773976027034223 ], [ 8250784.209447097964585, 4725478.790827173739672 ], [ 8250776.839002372696996, 4725366.83444594591856 ], [ 8250776.839002372696996, 4725366.83444594591856 ], [ 8250766.232588179409504, 4725212.093660462647676 ], [ 8250733.99621451459825, 4724972.621970650739968 ], [ 8250681.013722847215831, 4724753.481673330999911 ], [ 8250641.434735674411058, 4724595.962927677668631 ], [ 8250515.349463425576687, 4724102.862491603940725 ], [ 8250454.827789846807718, 4723952.011397137306631 ], [ 8250380.357869449071586, 4723807.878412373363972 ], [ 8250298.696201995015144, 4723718.350687716156244 ], [ 8250267.970092317089438, 4723702.883935390040278 ], [ 8250267.970092317089438, 4723702.883935390040278 ], [ 8250188.937451533973217, 4723662.753627339377999 ], [ 8250009.653948224149644, 4723674.897576957009733 ], [ 8249809.356889924034476, 4723734.691921771503985 ], [ 8249595.440670307725668, 4723801.197740784846246 ], [ 8249422.884433475323021, 4723840.721982644870877 ], [ 8249291.644209765829146, 4723880.597756769508123 ], [ 8249181.017735302448273, 4723913.816742638126016 ], [ 8249083.512973791919649, 4724035.981740271672606 ], [ 8249006.151172415353358, 4724199.323727231472731 ], [ 8248928.473919521085918, 4724383.167529095895588 ], [ 8248857.478625156916678, 4724587.573536957614124 ], [ 8248800.158970722928643, 4724833.071978491730988 ], [ 8248804.73962598759681, 4725044.840440643019974 ], [ 8248789.153417128138244, 4725229.102941661141813 ], [ 8248745.240922245196998, 4725454.087621520273387 ], [ 8248680.884390423074365, 4725699.37289778701961 ], [ 8248631.080417323857546, 4725849.175430204719305 ], [ 8248519.391333776526153, 4725984.738744786009192 ], [ 8248435.756397312507033, 4726052.261863198131323 ], [ 8248346.172357711009681, 4726071.910677570849657 ], [ 8248270.821888953447342, 4726016.55919852014631 ], [ 8248175.337000076659024, 4725920.034289469011128 ], [ 8248053.970739562995732, 4725672.996247172355652 ], [ 8247987.629755420610309, 4725426.482521191239357 ], [ 8247970.062045051716268, 4725118.965597232803702 ], [ 8247931.250438087619841, 4724865.895845854654908 ], [ 8247844.395829291082919, 4724626.034589482471347 ], [ 8247743.143879310227931, 4724413.363727009855211 ], [ 8247621.446825867518783, 4724200.500327363610268 ], [ 8247533.657718203961849, 4724008.452032244764268 ], [ 8247453.279008692130446, 4723809.643315377645195 ], [ 8247203.445384063757956, 4723301.935930979438126 ], [ 8247068.176582015119493, 4723082.13077746797353 ], [ 8246987.047643128782511, 4722924.303495979867876 ], [ 8246878.00777570810169, 4722820.836768266744912 ], [ 8246685.100729752331972, 4722818.996063907630742 ], [ 8246423.008076542057097, 4722843.803240314126015 ], [ 8246291.521028099581599, 4722876.687328998930752 ], [ 8246063.369449781253934, 4722970.093357260338962 ], [ 8245627.132694042287767, 4723115.963942599482834 ], [ 8245525.188108569942415, 4723114.943517751060426 ], [ 8245097.013913796283305, 4723165.269069587811828 ], [ 8245028.942663498222828, 4723191.897111287340522 ], [ 8244906.228146331384778, 4723238.460791199468076 ], [ 8244748.978791511617601, 4723339.304207163862884 ], [ 8244584.899336288683116, 4723433.249361558817327 ], [ 8244455.09559132438153, 4723507.052324675954878 ], [ 8244358.904033091850579, 4723622.167799616232514 ], [ 8244275.659968132153153, 4723785.219383512623608 ], [ 8244273.516885836608708, 4723983.242542673833668 ], [ 8244291.223804683424532, 4724208.790882967412472 ], [ 8244323.325862823985517, 4724400.338193616829813 ], [ 8244402.550049875862896, 4724599.199637437239289 ], [ 8244761.436900443397462, 4725313.138435521163046 ], [ 8244814.216535742394626, 4725477.593204509466887 ], [ 8244899.770151401869953, 4725710.688636404462159 ], [ 8245085.622890244238079, 4726291.848034051246941 ], [ 8245085.622890244238079, 4726291.848034051246941 ], [ 8245156.021527454257011, 4726512.454827503301203 ], [ 8245168.650248751975596, 4726601.383990892209113 ], [ 8245140.754052641801536, 4726689.903570412658155 ], [ 8245051.88036005012691, 4726743.656351643614471 ], [ 8244970.385064173489809, 4726742.834445989690721 ], [ 8244841.789995132945478, 4726680.059598734602332 ], [ 8244700.647283934056759, 4726542.014126348309219 ], [ 8244580.546719257719815, 4726363.194354885257781 ], [ 8244480.231501593254507, 4726218.732432446442544 ], [ 8244417.30874852836132, 4726119.835336593911052 ], [ 8244417.30874852836132, 4726119.835336593911052 ], [ 8244366.706633970141411, 4726039.984918521717191 ], [ 8244259.754728760570288, 4725881.797120485454798 ], [ 8244105.568014277145267, 4725695.80906411446631 ], [ 8243917.063936260528862, 4725543.623288545757532 ], [ 8243720.363335850648582, 4725500.638132570311427 ], [ 8243591.493469939567149, 4725506.149460723623633 ], [ 8243448.33594726305455, 4725545.667535102926195 ], [ 8243016.104156756773591, 4725821.547306205146015 ], [ 8243016.104156756773591, 4725821.547306205146015 ], [ 8242395.197563437744975, 4726217.87675133254379 ], [ 8241969.974191075190902, 4726582.334409587085247 ], [ 8241880.743001040071249, 4726677.039822109043598 ], [ 8241804.376267817802727, 4726826.528669212944806 ], [ 8241734.495920293033123, 4727003.411161121912301 ], [ 8241664.916230459697545, 4727152.974235535599291 ], [ 8241629.443813466466963, 4727289.231731481850147 ], [ 8241627.549974616616964, 4727459.998408096842468 ], [ 8241673.653617957606912, 4727590.278042952530086 ], [ 8241794.095044176094234, 4727734.998842221684754 ], [ 8241921.439029450528324, 4727900.283626347780228 ], [ 8242369.766723079606891, 4728526.644966914318502 ], [ 8242503.814244225621223, 4728671.511221641674638 ], [ 8242679.291826640255749, 4728796.303438254632056 ], [ 8242909.081011552363634, 4728894.327010742388666 ], [ 8243098.340876852162182, 4728991.927839253097773 ], [ 8244204.210286181420088, 4729754.839511890895665 ], [ 8245217.261531407013535, 4730318.582496204413474 ], [ 8245453.830809645354748, 4730423.464629461057484 ], [ 8245731.098464384675026, 4730556.082114877179265 ], [ 8246008.493322960101068, 4730681.855665595270693 ], [ 8246255.76711399666965, 4730793.570494948886335 ], [ 8246502.751003501936793, 4730912.114039526320994 ], [ 8246694.468728291802108, 4731030.125734086148441 ], [ 8246831.35792226716876, 4731127.10843469388783 ], [ 8246961.248835485428572, 4731244.52477384544909 ], [ 8247056.698878161609173, 4731347.945716239511967 ], [ 8247151.53482167609036, 4731499.200955530628562 ], [ 8247333.92632082477212, 4731849.486670292913914 ], [ 8247422.569092622958124, 4731966.512469907291234 ], [ 8247586.342004646547139, 4732132.095106010325253 ], [ 8247798.496442496776581, 4732277.632513622753322 ], [ 8247969.860966929234564, 4732388.606361859478056 ], [ 8248134.539719336666167, 4732458.508405298925936 ], [ 8248327.345163765363395, 4732487.66247830260545 ], [ 8248582.430687988176942, 4732496.892818316817284 ], [ 8248789.212712901644409, 4732519.333239063620567 ], [ 8248933.889930976554751, 4732534.355782570317388 ], [ 8249071.529695138335228, 4732562.980378929525614 ], [ 8249181.514696567319334, 4732598.180219812318683 ], [ 8249270.164377214387059, 4732674.192768515087664 ], [ 8249400.456700689159334, 4732757.423934530466795 ], [ 8249558.760228955186903, 4732799.903935077600181 ], [ 8249709.945828192867339, 4732842.317268578335643 ], [ 8249826.832501409575343, 4732877.575477935373783 ], [ 8249916.063685485161841, 4732919.411711513064802 ], [ 8249949.95440367795527, 4732988.075671413913369 ], [ 8249955.71428715903312, 4733076.989050650969148 ], [ 8249906.705719474703074, 4733158.558530700393021 ], [ 8249843.621598512865603, 4733267.339566256850958 ], [ 8249752.68568938691169, 4733369.031036843545735 ], [ 8249605.526278878562152, 4733593.239541679620743 ], [ 8249535.780830453149974, 4733667.784083220176399 ], [ 8249472.447751338593662, 4733810.743724947795272 ], [ 8249436.538574872538447, 4733926.620471222326159 ], [ 8249428.480547023005784, 4734049.590145222842693 ], [ 8249475.247609145008028, 4734207.250996256247163 ], [ 8249542.767957823351026, 4734337.764362894929945 ], [ 8249617.328906104899943, 4734454.67164468858391 ], [ 8249671.955567922443151, 4734530.374587398953736 ], [ 8249725.503457200713456, 4734667.598717036657035 ], [ 8249758.20060471072793, 4734852.483035168610513 ], [ 8249749.822939895093441, 4734995.97191661503166 ], [ 8249713.612077771686018, 4735173.386998030357063 ], [ 8249670.9437190964818, 4735275.543950923718512 ], [ 8249559.174073744565248, 4735431.750567594543099 ], [ 8249482.43602897413075, 4735492.571520751342177 ], [ 8249371.86332490388304, 4735532.562740450724959 ], [ 8249219.880232653580606, 4735531.149877863936126 ], [ 8249033.486903172917664, 4735543.08486561384052 ], [ 8248798.632266349159181, 4735581.909949375316501 ], [ 8248591.725538254715502, 4735586.806937702000141 ], [ 8248350.176463076844811, 4735584.538915244862437 ], [ 8248136.442859096452594, 4735582.525530632585287 ], [ 8247942.783059259876609, 4735608.04811184015125 ], [ 8247756.642166424542665, 4735606.287212391383946 ], [ 8247598.303062186576426, 4735563.766712753102183 ], [ 8247461.42612128239125, 4735480.423806732520461 ], [ 8247393.053848958574235, 4735411.407202181406319 ], [ 8247332.12483674287796, 4735301.439692996442318 ], [ 8247305.614552523009479, 4735198.637150255031884 ], [ 8247293.366208734922111, 4735041.279568832367659 ], [ 8247315.646241169422865, 4734891.087946101091802 ], [ 8247337.892696482129395, 4734754.569918900728226 ], [ 8247353.240715649910271, 4734617.98827950656414 ], [ 8247368.333141595125198, 4734495.0792176714167 ], [ 8247348.577628650702536, 4734406.021254818886518 ], [ 8247281.039826171472669, 4734248.151430719532073 ], [ 8247220.30215778015554, 4734131.36054974514991 ], [ 8247118.393873722292483, 4733973.165631912648678 ], [ 8247030.143628012388945, 4733849.27921751793474 ], [ 8246927.884849614463747, 4733745.766753096133471 ], [ 8246825.29418951831758, 4733642.254324590787292 ], [ 8246661.693595525808632, 4733469.799853693693876 ], [ 8246528.807108557783067, 4733003.721936853602529 ], [ 8246502.087984093464911, 4732900.940564253367484 ], [ 8246462.457823975011706, 4732757.021571732126176 ], [ 8246428.921125853434205, 4732667.844862101599574 ], [ 8246395.201143848709762, 4732585.503090747632086 ], [ 8246313.281389458104968, 4732495.864137322641909 ], [ 8246245.198112409561872, 4732433.694464950822294 ], [ 8246169.851386626251042, 4732385.126498865894973 ], [ 8246074.036200888454914, 4732315.857013447210193 ], [ 8245944.149467401206493, 4732218.913986093364656 ], [ 8245850.629395195282996, 4732088.117924380116165 ], [ 8245797.435393861494958, 4731957.730767480097711 ], [ 8245757.543202289380133, 4731875.317315961234272 ], [ 8245724.66917253471911, 4731792.972376199439168 ], [ 8245664.210048099979758, 4731717.189261906780303 ], [ 8245583.517404813319445, 4731648.035110988654196 ], [ 8245515.97301391325891, 4731599.51814348436892 ], [ 8245421.327046254649758, 4731564.39504087343812 ], [ 8245272.176448044367135, 4731521.890486468560994 ], [ 8245136.763172800652683, 4731465.854017430916429 ], [ 8245001.906068477779627, 4731389.316036073490977 ], [ 8244866.607418025843799, 4731333.276714229024947 ], [ 8244758.597225234843791, 4731257.011044395156205 ], [ 8244630.354904194362462, 4731187.371660743840039 ], [ 8244521.867225267924368, 4731145.270579267293215 ], [ 8244413.752225137315691, 4731110.00177407078445 ], [ 8244312.135163251310587, 4731081.63408868573606 ], [ 8243968.676216725260019, 4730797.951367466710508 ], [ 8243867.100986323319376, 4730755.914440637454391 ], [ 8243731.928536098450422, 4730699.863585244864225 ], [ 8243562.527747295796871, 4730657.12968610227108 ], [ 8243433.780108557082713, 4730614.810629843734205 ], [ 8243291.557495717890561, 4730572.350594674237072 ], [ 8243128.954459042288363, 4730529.679610595107079 ], [ 8242966.689217116683722, 4730466.507812547497451 ], [ 8242831.302787268534303, 4730410.446589765138924 ], [ 8242709.280338060110807, 4730375.02237029466778 ], [ 8242580.425783850252628, 4730353.191813455894589 ], [ 8242430.965433892793953, 4730351.646583264693618 ], [ 8242301.882320300675929, 4730370.808421727269888 ], [ 8242179.0323242014274, 4730410.537185410037637 ], [ 8242062.522168768569827, 4730491.331698754802346 ], [ 8241938.869999910704792, 4730633.550085764378309 ], [ 8241862.175246885046363, 4730789.92929797526449 ], [ 8241791.813251483254135, 4731007.878901374526322 ], [ 8241748.358036383986473, 4731260.281721672974527 ], [ 8241710.74295517988503, 4731580.821223508566618 ], [ 8241715.556487481109798, 4731751.607192447409034 ], [ 8241753.807741086930037, 4731970.577900109812617 ], [ 8241772.155677728354931, 4732127.86604530364275 ], [ 8241797.748383644036949, 4732285.232442318461835 ], [ 8241856.796823884360492, 4732470.298830620013177 ], [ 8241922.741007153876126, 4732628.127957629971206 ], [ 8242009.926497576758265, 4732752.042396343313158 ], [ 8242238.095284221693873, 4733014.140419784933329 ], [ 8242271.301823574118316, 4733082.813763367943466 ], [ 8242297.471944367513061, 4733171.899723895825446 ], [ 8242349.702527881599963, 4733350.073790904134512 ], [ 8242382.199993764981627, 4733480.215460021980107 ], [ 8242428.409260682761669, 4733610.510578744113445 ], [ 8242487.871228445321321, 4733761.448276340961456 ], [ 8242520.371702799573541, 4733891.594778407365084 ], [ 8242532.315031149424613, 4734035.174985576421022 ], [ 8242510.461879528127611, 4734151.057768413797021 ], [ 8242441.229571064934134, 4734266.410497986711562 ], [ 8242345.282901836559176, 4734319.988209296017885 ], [ 8242209.230662854388356, 4734332.127445167861879 ], [ 8241937.45763273909688, 4734308.589720942080021 ], [ 8241713.287896267138422, 4734285.579723876900971 ], [ 8241508.739735556766391, 4734310.605444438755512 ], [ 8241284.315162569284439, 4734328.566626752726734 ], [ 8241107.365798796527088, 4734319.740466073155403 ], [ 8240978.672141897492111, 4734284.128934505395591 ], [ 8240864.268864452838898, 4734180.369446100667119 ], [ 8240764.508946237154305, 4733987.974241592921317 ], [ 8240692.304078539833426, 4733775.401266997680068 ], [ 8240653.846966744400561, 4733556.387872756458819 ], [ 8240565.289567546918988, 4733008.952039375901222 ], [ 8240519.378866110928357, 4732864.998520129360259 ], [ 8240473.326805474236608, 4732714.21714508254081 ], [ 8240386.686261664144695, 4732583.461589959450066 ], [ 8240299.584294285625219, 4732473.193273750133812 ], [ 8240260.317684576846659, 4732342.980959369800985 ], [ 8240235.503243333660066, 4732130.980557329021394 ], [ 8240211.92698039021343, 4731823.385245427489281 ], [ 8240229.17287765070796, 4731523.092081869952381 ], [ 8240215.933374510146677, 4730915.162471923045814 ], [ 8240218.122460961341858, 4730710.32849636580795 ], [ 8240220.595754913054407, 4730519.154072287492454 ], [ 8240242.886734828352928, 4730348.697805163450539 ], [ 8240258.20025534555316, 4730212.303595678880811 ], [ 8240266.493260552175343, 4730075.834002687595785 ], [ 8240268.903492762707174, 4729871.017100796103477 ], [ 8240250.408983082510531, 4729700.107218728400767 ], [ 8240224.8277598163113, 4729563.25792053155601 ], [ 8240198.652974708937109, 4729494.660835042595863 ], [ 8240090.963009883649647, 4729404.695708692073822 ], [ 8239685.826777145266533, 4729154.273932473734021 ], [ 8239591.833330278284848, 4729064.43922470510006 ], [ 8239457.405413750559092, 4728926.351817460730672 ], [ 8239350.551375630311668, 4728774.923482408747077 ], [ 8239223.716648389585316, 4728589.130430388264358 ], [ 8239116.971594452857971, 4728410.400097514502704 ], [ 8238997.864666645415127, 4728135.921708664856851 ], [ 8238945.035114071331918, 4728012.381699458695948 ], [ 8238885.391047994606197, 4727861.446436917409301 ], [ 8238796.661394108086824, 4727320.799559171311557 ], [ 8238785.029756732285023, 4727129.399868705309927 ], [ 8238787.670096050016582, 4726897.167475398629904 ], [ 8238797.02337165363133, 4726671.843089213594794 ], [ 8238812.691288514994085, 4726508.066051905043423 ], [ 8238848.906695039011538, 4726289.870567672885954 ], [ 8238942.140287317335606, 4725874.199402781203389 ], [ 8238957.780455575324595, 4725683.116994296200573 ], [ 8238965.922249556519091, 4725573.918514001183212 ], [ 8238926.153619664721191, 4725477.871893190778792 ], [ 8238825.307248258031905, 4725388.001853695139289 ], [ 8238717.517114087939262, 4725311.717575312592089 ], [ 8238582.290172361768782, 4725269.287561326287687 ], [ 8238446.719822819344699, 4725247.343272952362895 ], [ 8238310.804925149306655, 4725245.884874715469778 ], [ 8238222.565805468708277, 4725251.765128831379116 ], [ 8238127.893635076470673, 4725216.596646280959249 ], [ 8238094.489397938363254, 4725168.427007635124028 ], [ 8238068.500071502290666, 4725065.698210476897657 ], [ 8238090.58804097212851, 4724915.679431260563433 ], [ 8238139.834864465519786, 4724765.955048836767673 ], [ 8238175.26623369846493, 4724636.572804868221283 ], [ 8238169.256784750148654, 4724568.212233097292483 ], [ 8238142.265465768054128, 4724533.776267573237419 ], [ 8238067.656588007695973, 4724526.143616247922182 ], [ 8237951.841125122271478, 4724559.043769337236881 ], [ 8237835.242184163071215, 4724660.230076192878187 ], [ 8237779.189776289276779, 4724830.364625535905361 ], [ 8237736.537662978284061, 4724986.990384710021317 ], [ 8237680.997114268131554, 4725102.496975917369127 ], [ 8237591.706839348189533, 4725190.321096614934504 ], [ 8237461.797961574979126, 4725257.216270172037184 ], [ 8237372.785801025107503, 4725310.893406829796731 ], [ 8237283.491055282764137, 4725398.716187740676105 ], [ 8237179.544722123071551, 4725588.831975313834846 ], [ 8237110.223202030174434, 4725711.024256265722215 ], [ 8237061.239260948263109, 4725826.609404237009585 ], [ 8236992.127822655253112, 4725948.789675804786384 ], [ 8236936.999984878115356, 4726002.750023683533072 ], [ 8236828.149707975797355, 4726021.950971825048327 ], [ 8236651.597788396291435, 4725992.582878716289997 ], [ 8236469.608438618481159, 4725888.062352669425309 ], [ 8236308.115337333641946, 4725756.482268610037863 ], [ 8236180.514919523149729, 4725632.125815771520138 ], [ 8236065.177067068405449, 4725617.116834718734026 ], [ 8236010.406799102202058, 4725650.597241243347526 ], [ 8235988.138448559679091, 4725786.843201982788742 ], [ 8235986.116638030856848, 4725971.102625742554665 ], [ 8235964.04174877051264, 4726100.528229094110429 ], [ 8235922.0540483109653, 4726209.241156781092286 ], [ 8235887.27523657400161, 4726256.612755130045116 ], [ 8235805.294597622007132, 4726310.247538728639483 ], [ 8235716.295591611415148, 4726363.801429121755064 ], [ 8235640.468495505861938, 4726451.639699307270348 ], [ 8235577.896366345696151, 4726566.938347483985126 ], [ 8235563.22203254699707, 4726655.501228176057339 ], [ 8235575.532737225294113, 4726751.211570056155324 ], [ 8235631.684832858853042, 4727161.443275853060186 ], [ 8235623.221416509710252, 4727297.869177870452404 ], [ 8235573.734053232707083, 4727454.290598437190056 ], [ 8235524.106102702207863, 4727631.191110715270042 ], [ 8235495.364700930193067, 4727740.07893893122673 ], [ 8235425.624806920066476, 4727903.090670017525554 ], [ 8235383.177956128492951, 4728039.123507172800601 ], [ 8235333.76680894009769, 4728188.729012510739267 ], [ 8235291.011426978744566, 4728331.591230090707541 ], [ 8235235.693305265158415, 4728426.510867821983993 ], [ 8235174.108831321820617, 4728459.915068900212646 ], [ 8235099.127733361907303, 4728459.026879976503551 ], [ 8235025.346151699312031, 4728396.703123901039362 ], [ 8234951.456006562337279, 4728307.075202658772469 ], [ 8234885.620206600986421, 4728142.442992381751537 ], [ 8234847.083303910680115, 4727950.833788651973009 ], [ 8234801.890616737306118, 4727765.972546030767262 ], [ 8234762.487335107289255, 4727663.102366544306278 ], [ 8234717.075061905197799, 4727478.246306403540075 ], [ 8234706.340753443539143, 4727246.02101244777441 ], [ 8234681.623272116295993, 4727054.590085959993303 ], [ 8234630.401362541131675, 4726780.938130675815046 ], [ 8234612.874529205262661, 4726548.647678680717945 ], [ 8234567.803248478099704, 4726363.811178050003946 ], [ 8234514.931875725276768, 4726233.493564764969051 ], [ 8234454.509614177048206, 4726164.516867955215275 ], [ 8234359.30009414255619, 4726170.204868486151099 ], [ 8234317.743411503732204, 4726251.612720624543726 ], [ 8234302.38414712715894, 4726394.768383670598269 ], [ 8234251.98408804833889, 4726605.768226966261864 ], [ 8234195.120705657638609, 4726816.690932357683778 ], [ 8234118.744112537242472, 4726938.646641593426466 ], [ 8234022.42868094611913, 4727033.058051353320479 ], [ 8233933.32954503968358, 4727093.425198496319354 ], [ 8233858.496743126772344, 4727099.353274675086141 ], [ 8233777.76861522346735, 4727050.59744630381465 ], [ 8233677.448985496535897, 4726919.695368175394833 ], [ 8233570.623285404406488, 4726747.762091628275812 ], [ 8233497.431083701550961, 4726630.838639630004764 ], [ 8233403.208682179450989, 4726547.794760392978787 ], [ 8233308.334601506590843, 4726526.173506719060242 ], [ 8233247.148391098715365, 4726545.910253408364952 ], [ 8233191.003378996625543, 4726688.575992515310645 ], [ 8233148.081277807243168, 4726851.851496696472168 ], [ 8233078.600743289105594, 4726973.74398241750896 ], [ 8233009.118843192234635, 4727095.637736178003252 ], [ 8232994.532671686261892, 4727184.173288045451045 ], [ 8233046.764962426386774, 4727355.572255253791809 ], [ 8233065.22550824098289, 4727492.367521859705448 ], [ 8233050.15464227553457, 4727628.685008713975549 ], [ 8233001.053885755129158, 4727750.873983912169933 ], [ 8232904.271949945017695, 4727872.392505110241473 ], [ 8232801.682479017414153, 4727932.383635859005153 ], [ 8232699.467056947760284, 4727944.59398053959012 ], [ 8232584.369417727924883, 4727908.83137455675751 ], [ 8232524.40638923086226, 4727812.406141314655542 ], [ 8232505.533393515273929, 4727682.431569112464786 ], [ 8232521.116430222988129, 4727532.463130939751863 ], [ 8232577.726542452350259, 4727362.598018911667168 ], [ 8232633.710792790167034, 4727233.686690884642303 ], [ 8232659.134698658250272, 4727192.351409540511668 ], [ 8232659.134698658250272, 4727192.351409540511668 ], [ 8232689.608469278551638, 4727111.602125329896808 ], [ 8232690.888895488344133, 4727009.225007618777454 ], [ 8232651.37433345336467, 4726899.447608185000718 ], [ 8232578.313546609133482, 4726755.065534759312868 ], [ 8232405.465202714316547, 4726465.921289602294564 ], [ 8232359.101444150321186, 4726369.701684354804456 ], [ 8232381.084926220588386, 4726233.498080914840102 ], [ 8232464.012054014950991, 4726132.285193575546145 ], [ 8232546.458316461183131, 4726051.545584264211357 ], [ 8232703.640203926712275, 4725971.862862278707325 ], [ 8232799.638849155046046, 4725911.787874520756304 ], [ 8232896.232401316054165, 4725803.941856985911727 ], [ 8232978.902160681784153, 4725695.90460907574743 ], [ 8233095.815193526446819, 4725601.99477309640497 ], [ 8233294.374837817624211, 4725481.704262231476605 ], [ 8233512.949861817061901, 4725381.962624713778496 ], [ 8233752.040910079143941, 4725289.28617418371141 ], [ 8233964.009277728386223, 4725182.631117545999587 ], [ 8234599.971530245617032, 4724855.821393971331418 ], [ 8234736.603222737088799, 4724796.028100922703743 ], [ 8234934.18195616081357, 4724743.784331091679633 ], [ 8235124.964663002640009, 4724691.456384108401835 ], [ 8235336.405142221599817, 4724625.719458416104317 ], [ 8235568.668786494061351, 4724532.925497677177191 ], [ 8235834.5236791158095, 4724454.041450444608927 ], [ 8236018.399258186109364, 4724408.254267604090273 ], [ 8236141.199545163661242, 4724368.622915127314627 ], [ 8236270.850606426596642, 4724294.921927712857723 ], [ 8236387.80953336134553, 4724173.272057470865548 ], [ 8236518.754250691272318, 4723997.1439592493698 ], [ 8236650.265796139836311, 4723800.532720343209803 ], [ 8236760.913153399713337, 4723617.357398726046085 ], [ 8236871.227083468809724, 4723481.980122086592019 ], [ 8236932.814552179537714, 4723421.193103738129139 ], [ 8236995.082949448376894, 4723339.922888212837279 ], [ 8237023.229903401806951, 4723244.628089376725256 ], [ 8237011.195264360867441, 4723101.09709735121578 ], [ 8237026.570227507501841, 4722964.690905925817788 ], [ 8237088.455167930573225, 4722897.078618791885674 ], [ 8237149.945777487941086, 4722863.604090081527829 ], [ 8237258.563041490502656, 4722864.782818662934005 ], [ 8237454.221939519047737, 4722962.502820103429258 ], [ 8237595.954272620379925, 4723045.977213895879686 ], [ 8237798.923397777602077, 4723089.143946005962789 ], [ 8238042.927700464613736, 4723125.917454686947167 ], [ 8238287.078374440781772, 4723169.512741146609187 ], [ 8238463.053104200400412, 4723198.718896648846567 ], [ 8238673.662030576728284, 4723187.318792375735939 ], [ 8238844.147713828831911, 4723141.339667340740561 ], [ 8239014.297933794558048, 4723095.357847206294537 ], [ 8239192.076515266671777, 4722994.824126322753727 ], [ 8239335.797167108394206, 4722893.926933681592345 ], [ 8239473.034924009814858, 4722765.646500639617443 ], [ 8239630.215280176140368, 4722664.891338037326932 ], [ 8239794.050770935602486, 4722562.50897713471204 ], [ 8239794.050770935602486, 4722562.50897713471204 ], [ 8240081.476533060893416, 4722382.884275436401367 ], [ 8240163.395764840766788, 4722342.781014104373753 ], [ 8240210.879255259409547, 4722336.455210331827402 ], [ 8240339.967543293721974, 4722337.815533204935491 ], [ 8240522.528675494715571, 4722394.363782900385559 ], [ 8240691.925265213474631, 4722443.939563579857349 ], [ 8240874.601350826211274, 4722500.482412290759385 ], [ 8241037.066525244154036, 4722543.154076976701617 ], [ 8241205.87092047650367, 4722606.37674474157393 ], [ 8241354.307059082202613, 4722689.867104862816632 ], [ 8241462.312607149593532, 4722766.103581194765866 ], [ 8241522.955485476180911, 4722807.706267747096717 ], [ 8241657.744266386143863, 4722897.879956720396876 ], [ 8241792.913394563831389, 4722953.914120396599174 ], [ 8241941.812000145204365, 4722996.432300824671984 ], [ 8242091.089153183624148, 4723004.809408064000309 ], [ 8242213.289816029369831, 4722985.592328373342752 ], [ 8242356.677181105129421, 4722932.445592289790511 ], [ 8242513.907275500707328, 4722824.816045889630914 ], [ 8242904.225708439014852, 4722521.563904137350619 ], [ 8242952.753231545910239, 4722440.123209270648658 ], [ 8243056.222554585896432, 4722290.967982022091746 ], [ 8243145.740018645301461, 4722155.328557964414358 ], [ 8243269.306246892549098, 4722040.519704196602106 ], [ 8243378.921319909393787, 4721959.706750229932368 ], [ 8243556.303576651960611, 4721879.587208145298064 ], [ 8243713.17027779482305, 4721812.91137732565403 ], [ 8243822.371379802003503, 4721738.922295668162405 ], [ 8243853.928957395255566, 4721709.486848467029631 ], [ 8243853.817634671926498, 4721709.486847650259733 ], [ 8244371.16597056016326, 4721709.488049856387079 ], [ 8244989.625544895417988, 4721709.492584015242755 ], [ 8245608.08511992637068, 4721709.497117072343826 ], [ 8246226.544695652090013, 4721709.501649032346904 ], [ 8246845.004272074438632, 4721709.506179888732731 ], [ 8247463.463849188759923, 4721709.510709643363953 ], [ 8248081.923427000641823, 4721709.515238299034536 ], [ 8248700.383005506359041, 4721709.519765854813159 ], [ 8249318.842584705911577, 4721709.524292307905853 ], [ 8249937.302164601162076, 4721709.528817663900554 ], [ 8250555.761745188385248, 4721709.533341919071972 ], [ 8251076.283191262744367, 4721709.539674393832684 ], [ 8251076.394513988867402, 4721709.539675207808614 ] ] ] ] } },
{ "type": "Feature", "properties": { "layer": "LDLYAAE002" }, "geometry": { "type": "MultiPolygon", "coordinates": [ [ [ [ 8325502.300943965092301, 4721710.076270897872746 ], [ 8325308.705042013898492, 4721835.652723852545023 ], [ 8324631.09452273696661, 4722343.258030908182263 ], [ 8323874.261514473706484, 4722937.020326679572463 ], [ 8323768.121980403549969, 4723020.195839544758201 ], [ 8323768.121980403549969, 4723020.195839544758201 ], [ 8323752.614961210638285, 4723078.631388702429831 ], [ 8323715.368064630776644, 4723208.001796196214855 ], [ 8323702.989364814013243, 4723355.820659998804331 ], [ 8323690.448518039658666, 4723479.007026463747025 ], [ 8323683.469673343002796, 4723780.791990230791271 ], [ 8323707.745358545333147, 4723903.940503007732332 ], [ 8323810.60297916457057, 4724365.745837640948594 ], [ 8323865.268879592418671, 4724525.820505794137716 ], [ 8323938.200141037814319, 4724722.831451129168272 ], [ 8324017.080689464695752, 4724944.47692537214607 ], [ 8324102.350848540663719, 4725147.63979272171855 ], [ 8324181.523718809708953, 4725252.257682390511036 ], [ 8324242.789649080485106, 4725264.502626415342093 ], [ 8324297.88603896740824, 4725252.115646995604038 ], [ 8324352.818944268859923, 4725215.089590070769191 ], [ 8324420.485984263010323, 4725110.29216679930687 ], [ 8324451.204170778393745, 4725011.700682247057557 ], [ 8324488.62589178327471, 4724808.391191083937883 ], [ 8324537.785845815204084, 4724672.823151947930455 ], [ 8324586.871608309447765, 4724660.443070316687226 ], [ 8324690.835305497981608, 4724678.789860193617642 ], [ 8324757.958932337351143, 4724752.61706449277699 ], [ 8324837.217283212579787, 4724869.54474613070488 ], [ 8324940.907189726829529, 4725004.920420362614095 ], [ 8325032.469196109101176, 4725047.918366787955165 ], [ 8325130.488412381149828, 4725041.630705866962671 ], [ 8325203.966176128946245, 4725016.895784785039723 ], [ 8325295.633069607429206, 4724967.498133529908955 ], [ 8325424.539549454115331, 4724881.093367248773575 ], [ 8325553.249551544897258, 4724782.368802460841835 ], [ 8325645.305036735720932, 4724659.056496282108128 ], [ 8325706.711349570192397, 4724560.423504452221096 ], [ 8325743.700906055048108, 4724437.188203848898411 ], [ 8325743.857017498463392, 4724320.163547335192561 ], [ 8325701.480980940163136, 4724172.403660401701927 ], [ 8325665.086163803003728, 4723987.683457374572754 ], [ 8325647.017403694801033, 4723815.25914529338479 ], [ 8325647.481593283824623, 4723661.289280505850911 ], [ 8325672.359192575328052, 4723531.922599704936147 ], [ 8325721.343621571548283, 4723414.841397868469357 ], [ 8325770.60341976955533, 4723371.664078738540411 ], [ 8325831.651355798356235, 4723377.73851924855262 ], [ 8325862.154265595600009, 4723414.647600960917771 ], [ 8325929.138357803225517, 4723550.044683435000479 ], [ 8326069.631809557788074, 4723691.498654445633292 ], [ 8326209.919486316852272, 4723777.523310478776693 ], [ 8326344.398213589563966, 4723875.873393660411239 ], [ 8326442.296307539567351, 4723918.844911049120128 ], [ 8326662.397364397533238, 4723980.114209709689021 ], [ 8326845.709713444113731, 4724029.115902902558446 ], [ 8327084.333103125914931, 4724065.71338539198041 ], [ 8327322.6504618646577, 4724089.987307519651949 ], [ 8327536.668442443013191, 4724138.929929760284722 ], [ 8327646.804873439483345, 4724237.303901041857898 ], [ 8327713.805272853001952, 4724378.859290077351034 ], [ 8327725.771045695990324, 4724508.183877336792648 ], [ 8327725.376819963566959, 4724643.688863812945783 ], [ 8327724.92639824654907, 4724859.268669369630516 ], [ 8327712.427837450057268, 4725037.914457315579057 ], [ 8327669.199360154569149, 4725228.930524491705 ], [ 8327509.196843389421701, 4725666.526263043284416 ], [ 8327392.431183652952313, 4725906.947006887756288 ], [ 8327275.791677074506879, 4726085.769603123888373 ], [ 8327128.520918061956763, 4726227.678492469713092 ], [ 8326975.304552506655455, 4726338.794200105592608 ], [ 8326858.894097669050097, 4726406.731404052115977 ], [ 8326736.416464942507446, 4726450.03502765391022 ], [ 8326558.71287786681205, 4726511.898935168981552 ], [ 8326411.755871986970305, 4726555.234699494205415 ], [ 8326277.118550498969853, 4726561.587751077488065 ], [ 8326112.134991174563766, 4726555.661365518346429 ], [ 8325928.61323388107121, 4726531.276024055667222 ], [ 8325714.552802574820817, 4726482.288034056313336 ], [ 8325408.569424220360816, 4726396.455939862877131 ], [ 8325164.184530136175454, 4726329.016649318858981 ], [ 8324919.507432703860104, 4726292.373207220807672 ], [ 8324886.700639705173671, 4726287.98305906355381 ], [ 8324886.700639705173671, 4726287.98305906355381 ], [ 8324601.417907266877592, 4726249.656377763487399 ], [ 8324399.265881600789726, 4726249.908613074570894 ], [ 8324276.987466925755143, 4726299.342019215226173 ], [ 8324203.185558727942407, 4726361.035436793230474 ], [ 8324197.154091984964907, 4726416.486233532428741 ], [ 8324251.927130431868136, 4726539.627912405878305 ], [ 8324337.171607702970505, 4726668.893772116862237 ], [ 8324422.656086914241314, 4726791.999587812460959 ], [ 8324501.941202000714839, 4726902.792502176947892 ], [ 8324624.035575014539063, 4727025.853832148946822 ], [ 8324776.508082889020443, 4727148.875952086411417 ], [ 8324960.1735306577757, 4727210.249032556079328 ], [ 8325000.252513019368052, 4727221.269221580587327 ], [ 8325000.252513019368052, 4727221.269221580587327 ], [ 8325161.991898035630584, 4727265.433787039481103 ], [ 8325327.094133583828807, 4727320.663735979236662 ], [ 8325473.895994105376303, 4727351.272061424329877 ], [ 8325626.737525687552989, 4727320.260456971824169 ], [ 8325798.382374562323093, 4727289.221350836567581 ], [ 8325963.36339367646724, 4727301.314287244342268 ], [ 8326122.392758626490831, 4727338.057128701359034 ], [ 8326355.123778414912522, 4727356.209692217409611 ], [ 8326575.238453731872141, 4727343.569699121639132 ], [ 8326832.711022996343672, 4727241.537445090711117 ], [ 8326955.224463988095522, 4727185.907566764391959 ], [ 8327114.244500189088285, 4727124.06034395750612 ], [ 8327322.415798423811793, 4727074.457991605624557 ], [ 8327463.381328816525638, 4727024.955536058172584 ], [ 8327586.01300429366529, 4726963.158398704603314 ], [ 8327733.099584215320647, 4726858.196734208613634 ], [ 8327861.653627697378397, 4726728.620899579487741 ], [ 8327966.125006025657058, 4726568.281225292012095 ], [ 8328076.750168955884874, 4726389.451808584854007 ], [ 8328187.186547119170427, 4726192.143722627311945 ], [ 8328316.272932938300073, 4725957.847064170986414 ], [ 8328531.39999204967171, 4725421.577942210249603 ], [ 8328593.030339917168021, 4725255.162740265950561 ], [ 8328660.751735621131957, 4725045.622596249915659 ], [ 8328691.834911230020225, 4724799.190989879891276 ], [ 8328729.056951688602567, 4724429.569167781621218 ], [ 8328846.25208533834666, 4724059.827711573801935 ], [ 8328901.603617984801531, 4723911.919821201823652 ], [ 8328956.694235048256814, 4723782.490271327085793 ], [ 8329012.139256428927183, 4723585.316154378466308 ], [ 8329079.979200574569404, 4723418.917551365680993 ], [ 8329165.726786075159907, 4723307.916669608093798 ], [ 8329318.901347219944, 4723239.909878723323345 ], [ 8329520.671282821334898, 4723233.400566617026925 ], [ 8329740.851099388673902, 4723196.062562492676079 ], [ 8329930.746104704216123, 4723115.664974235929549 ], [ 8330090.030114188790321, 4723047.63669004663825 ], [ 8330212.3976866947487, 4722973.514704479835927 ], [ 8330463.601137754507363, 4722812.940280723385513 ], [ 8330567.646128885447979, 4722781.957090568728745 ], [ 8330732.892841406166553, 4722732.384058474563062 ], [ 8330983.720246567390859, 4722713.437927317805588 ], [ 8331313.823279907926917, 4722706.649404955096543 ], [ 8331472.948294810019433, 4722657.076487134210765 ], [ 8331546.673174598254263, 4722533.770929218269885 ], [ 8331553.238765065558255, 4722336.701833356171846 ], [ 8331516.828564036637545, 4722102.772575227543712 ], [ 8331456.16648870985955, 4721875.053829380311072 ], [ 8331403.536108955740929, 4721710.11906009260565 ], [ 8331403.647431695833802, 4721710.119060882367194 ], [ 8330955.513070509769022, 4721710.112106408923864 ], [ 8330337.053401096723974, 4721710.107725607231259 ], [ 8329718.593732356093824, 4721710.103343700058758 ], [ 8329100.134064287878573, 4721710.098960686475039 ], [ 8328481.674396895803511, 4721710.094576567411423 ], [ 8327863.214730174280703, 4721710.090191342867911 ], [ 8327244.755064124241471, 4721710.085805010050535 ], [ 8326626.295398748479784, 4721710.081417571753263 ], [ 8326007.835734046064317, 4721710.077029029838741 ], [ 8325502.41226670704782, 4721710.076271688565612 ], [ 8325502.300943965092301, 4721710.076270897872746 ] ] ] ] } },
{ "type": "Feature", "properties": { "layer": "LDLYAAE002" }, "geometry": { "type": "MultiPolygon", "coordinates": [ [ [ [ 8331318.733826774172485, 4725068.194451313465834 ], [ 8330662.337165872566402, 4725576.202355309389532 ], [ 8330074.71698085963726, 4726144.899159459397197 ], [ 8329625.023380775935948, 4726658.830436823889613 ], [ 8329561.836425420828164, 4726718.146287763491273 ], [ 8329561.836425420828164, 4726718.146287763491273 ], [ 8329523.853460741229355, 4726719.274689387530088 ], [ 8329382.132055777125061, 4726698.709779809229076 ], [ 8329328.520778330974281, 4726655.55715212225914 ], [ 8329296.419109667651355, 4726596.150851542130113 ], [ 8329301.997810117900372, 4726488.029618366621435 ], [ 8329361.300415101461112, 4726363.600461609661579 ], [ 8329468.935426741838455, 4726233.68297896720469 ], [ 8329571.146732456982136, 4726130.802157855592668 ], [ 8329628.64797942712903, 4726056.91295291017741 ], [ 8329650.365865681320429, 4726029.005213476717472 ], [ 8329764.937043906189501, 4725865.60167056042701 ], [ 8329856.434277480468154, 4725746.525179326534271 ], [ 8329953.257805155590177, 4725649.060042692348361 ], [ 8330039.361652299761772, 4725540.804201635532081 ], [ 8330130.8727623289451, 4725410.918860210105777 ], [ 8330195.497672024182975, 4725302.702817397192121 ], [ 8330247.811424555256963, 4725272.256049224175513 ], [ 8330335.233351429924369, 4725221.374751082621515 ], [ 8330533.963187197223306, 4725172.365794462151825 ], [ 8330732.671743704006076, 4725134.162967450916767 ], [ 8331060.216541494242847, 4725101.117335169576108 ], [ 8331318.622504032216966, 4725068.194450524635613 ], [ 8331318.733826774172485, 4725068.194451313465834 ] ] ] ] } },
{ "type": "Feature", "properties": { "layer": "LDLYAAE002" }, "geometry": { "type": "MultiPolygon", "coordinates": [ [ [ [ 8331318.733826774172485, 4725068.194451313465834 ], [ 8330662.337165872566402, 4725576.202355309389532 ], [ 8330074.71698085963726, 4726144.899159459397197 ], [ 8329625.023380775935948, 4726658.830436823889613 ], [ 8329561.836425420828164, 4726718.146287763491273 ], [ 8329561.836425420828164, 4726718.146287763491273 ], [ 8329688.050083921290934, 4726714.391753919422626 ], [ 8329790.35417826846242, 4726681.777422897517681 ], [ 8329935.349874428473413, 4726611.245906268246472 ], [ 8330026.831999154761434, 4726562.431938765570521 ], [ 8330237.057272904552519, 4726490.464691210538149 ], [ 8330375.94941977225244, 4726442.876302691176534 ], [ 8330494.313779811374843, 4726372.387297503650188 ], [ 8330585.718835787847638, 4726301.947587439790368 ], [ 8330655.577842883765697, 4726269.385164861567318 ], [ 8330720.066911591216922, 4726236.832660074345767 ], [ 8330822.00003307685256, 4726220.425495948642492 ], [ 8330929.327037974260747, 4726252.655984396114945 ], [ 8331026.420504119247198, 4726316.386040474288166 ], [ 8331056.166553164832294, 4726335.932777310721576 ], [ 8331191.967989849857986, 4726446.754288701340556 ], [ 8331347.686036773957312, 4726570.783887791447341 ], [ 8331503.213077677413821, 4726678.595406228676438 ], [ 8331610.380551521666348, 4726716.243521741591394 ], [ 8331664.260334184393287, 4726699.903662762604654 ], [ 8331701.830245042219758, 4726624.163686306215823 ], [ 8331707.564528265967965, 4726494.405687632970512 ], [ 8331707.631731235422194, 4726389.379838468506932 ], [ 8331706.956783780828118, 4726311.769680367782712 ], [ 8331702.495842942036688, 4726186.303139344789088 ], [ 8331649.238382001407444, 4726062.084604383446276 ], [ 8331520.573896372690797, 4725948.82452370878309 ], [ 8331434.637799394316971, 4725894.017771873623133 ], [ 8331402.36222040001303, 4725873.379783340729773 ], [ 8331322.152353718876839, 4725814.077696134336293 ], [ 8331273.944319354370236, 4725749.30817860737443 ], [ 8331279.379018120467663, 4725711.46164624299854 ], [ 8331317.027557098306715, 4725673.553217299282551 ], [ 8331381.473362728022039, 4725662.618776839226484 ], [ 8331499.422719181515276, 4725694.821095292456448 ], [ 8331552.278345854021609, 4725713.471073500812054 ], [ 8331681.85650490783155, 4725759.326597469858825 ], [ 8331885.834365213289857, 4725850.813269009813666 ], [ 8331947.018642648123205, 4725883.138650386594236 ], [ 8332030.681087819859385, 4725920.793213967233896 ], [ 8332186.29463857691735, 4725974.534293901175261 ], [ 8332255.981376520358026, 4725974.393896811641753 ], [ 8332363.566013650037348, 4725947.132068017497659 ], [ 8332460.364481099881232, 4725876.651330074295402 ], [ 8332543.438593549653888, 4725720.786329207010567 ], [ 8332578.66051150392741, 4725573.754117733798921 ], [ 8332562.865502659231424, 4725449.470999735407531 ], [ 8332504.051393464207649, 4725368.516752485185862 ], [ 8332375.731361885555089, 4725297.790431539528072 ], [ 8332273.184391913935542, 4725239.266725084744394 ], [ 8332101.689456343650818, 4725190.967961393296719 ], [ 8331924.613651996478438, 4725137.27252959087491 ], [ 8331728.414978045970201, 4725090.860026281327009 ], [ 8331521.974359076470137, 4725067.800693376921117 ], [ 8331318.733826774172485, 4725068.194451313465834 ] ] ] ] } },
{ "type": "Feature", "properties": { "layer": "LDLYAAE002" }, "geometry": { "type": "Polygon", "coordinates": [ [ [ 8329292.849010393023491, 4725666.435357249341905 ], [ 8329368.087023137137294, 4725628.469803188927472 ], [ 8329486.306795458309352, 4725574.213609145022929 ], [ 8329593.766498230397701, 4725530.785299077630043 ], [ 8329728.131128774024546, 4725454.878307078033686 ], [ 8329873.28223335929215, 4725351.926207804121077 ], [ 8329964.732860242016613, 4725254.474224151112139 ], [ 8330034.75762461591512, 4725130.036879104562104 ], [ 8330056.453305752947927, 4725011.092120828106999 ], [ 8330045.90724000800401, 4724908.421131479553878 ], [ 8329981.646342776715755, 4724822.061358171515167 ], [ 8329922.684418975375593, 4724773.524992164224386 ], [ 8329842.23877012822777, 4724730.431266979314387 ], [ 8329724.194577343761921, 4724698.2129538487643 ], [ 8329595.372973672114313, 4724687.630468527786434 ], [ 8329434.206358199007809, 4724747.362737012095749 ], [ 8329273.017254473641515, 4724817.901925830170512 ], [ 8329095.646011585369706, 4724926.299874099902809 ], [ 8328945.113987772725523, 4725034.650392081588507 ], [ 8328837.538829158991575, 4725137.522862861864269 ], [ 8328778.312101176939905, 4725224.099647015333176 ], [ 8328692.132601568475366, 4725364.771457899361849 ], [ 8328648.955595622770488, 4725478.347764411009848 ], [ 8328637.990913694724441, 4725591.871661699377 ], [ 8328664.651992995291948, 4725683.714219263754785 ], [ 8328696.747101059183478, 4725743.117223630659282 ], [ 8328766.382546904496849, 4725824.078718581236899 ], [ 8328841.45258036442101, 4725872.599903164431453 ], [ 8328921.955920436419547, 4725888.679869558662176 ], [ 8328986.395324364304543, 4725883.165811962448061 ], [ 8329056.256216582842171, 4725850.616123205982149 ], [ 8329136.928638253360987, 4725780.210993005894125 ], [ 8329206.86216090247035, 4725709.824367813766003 ], [ 8329292.849010393023491, 4725666.435357249341905 ] ] ] } },
{ "type": "Feature", "properties": { "layer": "LDLYAAE002" }, "geometry": { "type": "MultiPolygon", "coordinates": [ [ [ [ 8325502.300943965092301, 4721710.076270897872746 ], [ 8325308.705042013898492, 4721835.652723852545023 ], [ 8324631.09452273696661, 4722343.258030908182263 ], [ 8323874.261514473706484, 4722937.020326679572463 ], [ 8323768.121980403549969, 4723020.195839544758201 ], [ 8323768.121980403549969, 4723020.195839544758201 ], [ 8323777.31240619905293, 4722986.226819577626884 ], [ 8323783.581866526044905, 4722924.636516250669956 ], [ 8323771.247154764831066, 4722875.384449270553887 ], [ 8323722.498597616329789, 4722844.650834484957159 ], [ 8323630.854667045176029, 4722844.75775265134871 ], [ 8323532.858986671082675, 4722894.137554020620883 ], [ 8323422.359592719934881, 4722962.00518782902509 ], [ 8323318.312129952944815, 4723072.974052563309669 ], [ 8323244.514631516300142, 4723183.908749099820852 ], [ 8323183.219471764750779, 4723276.35461634863168 ], [ 8323084.371147898025811, 4723337.732828786596656 ], [ 8322998.240046693943441, 4723399.117185580544174 ], [ 8322899.365328631363809, 4723497.424121521413326 ], [ 8322831.496454988606274, 4723595.803693714551628 ], [ 8322751.042110438458622, 4723712.630997979082167 ], [ 8322658.509777287021279, 4723823.270948624238372 ], [ 8322578.115218479186296, 4723915.46348898857832 ], [ 8322485.516243387013674, 4724007.627136515453458 ], [ 8322410.656643875874579, 4724176.332145992666483 ], [ 8322410.656643875874579, 4724176.332145992666483 ], [ 8322373.765539242886007, 4724401.54233140964061 ], [ 8322317.108122671023011, 4724789.445233471691608 ], [ 8322286.22041404619813, 4724869.443825817666948 ], [ 8322224.287992310710251, 4724961.687866490334272 ], [ 8322156.405397142283618, 4725016.95984628982842 ], [ 8322082.654341329820454, 4725004.461228602565825 ], [ 8322009.001724360510707, 4724955.005196803249419 ], [ 8321959.902258394286036, 4724893.290028905496001 ], [ 8321941.756165414117277, 4724770.05576491355896 ], [ 8321942.247339511290193, 4724585.275362769141793 ], [ 8321999.258023479022086, 4724328.294405930675566 ], [ 8321999.258023479022086, 4724328.294405930675566 ], [ 8322010.797612670809031, 4724277.48022111132741 ], [ 8322029.501286044716835, 4724148.184697512537241 ], [ 8322042.269653018563986, 4724018.875633642077446 ], [ 8322030.205570469610393, 4723840.237326341681182 ], [ 8322018.652426125481725, 4723636.967482997104526 ], [ 8322006.877091329544783, 4723433.701332031749189 ], [ 8322007.176586531102657, 4723236.627679306082428 ], [ 8322014.978775988332927, 4722657.7611995190382 ], [ 8322015.4194366177544, 4722491.492634347639978 ], [ 8321979.049712013453245, 4722318.979169504716992 ], [ 8321929.953427761793137, 4722177.227002351544797 ], [ 8321868.89320438541472, 4722072.393441582098603 ], [ 8321715.175635320134461, 4721961.175620920024812 ], [ 8321536.782827626913786, 4721911.472057507373393 ], [ 8321438.430991998873651, 4721898.911797669716179 ], [ 8321352.024369884282351, 4721898.696417686529458 ], [ 8321278.32450826279819, 4721916.984574337489903 ], [ 8321216.512346898205578, 4722009.19560671877116 ], [ 8321191.288997612893581, 4722187.710059524513781 ], [ 8321203.21501449868083, 4722329.372770121321082 ], [ 8321215.090656780637801, 4722489.511206039227545 ], [ 8321202.519289088435471, 4722624.958038271404803 ], [ 8321177.573941196314991, 4722741.901061550714076 ], [ 8321146.656445796601474, 4722791.089018408209085 ], [ 8321091.018159696832299, 4722834.056694214232266 ], [ 8320992.147529146634042, 4722926.18119291216135 ], [ 8320905.828131651505828, 4723012.178527632728219 ], [ 8320850.315641296096146, 4723048.987418728880584 ], [ 8320801.17324488889426, 4723048.861713265068829 ], [ 8320764.207295408472419, 4723017.97544991504401 ], [ 8320758.400760037824512, 4722931.743238399736583 ], [ 8320795.613719295710325, 4722833.305298347957432 ], [ 8320838.947954501956701, 4722747.200408475473523 ], [ 8320888.181788777001202, 4722673.427857864648104 ], [ 8320931.635410257615149, 4722624.272562277503312 ], [ 8320968.74358426220715, 4722562.785678627900779 ], [ 8320968.81894507445395, 4722495.046983130276203 ], [ 8320919.831969453953207, 4722439.499640305526555 ], [ 8320876.626061695627868, 4722439.389811841771007 ], [ 8320790.395093416795135, 4722494.591833305545151 ], [ 8320697.690339509397745, 4722623.674944116733968 ], [ 8320610.993641541339457, 4722765.090898611582816 ], [ 8320567.399287991225719, 4722943.569191553629935 ], [ 8320517.552690387703478, 4723115.875918263569474 ], [ 8320492.751642596907914, 4723257.45677219517529 ], [ 8320491.925810633227229, 4723473.006162813864648 ], [ 8320491.494613555260003, 4723626.973017232492566 ], [ 8320460.260517372749746, 4723787.021187580190599 ], [ 8320416.822237188927829, 4723947.039829920046031 ], [ 8320361.233609072864056, 4724008.48512248788029 ], [ 8320299.771996667608619, 4724008.324928961694241 ], [ 8320250.705185862258077, 4723940.447973616421223 ], [ 8320232.504924895241857, 4723804.904843683354557 ], [ 8320270.413857975974679, 4723423.161441309377551 ], [ 8320277.071433527395129, 4723324.640575425699353 ], [ 8320240.297013770788908, 4723226.008080993779004 ], [ 8320215.64573772251606, 4723195.151420412585139 ], [ 8320160.422148527577519, 4723207.323260797187686 ], [ 8320074.069462223909795, 4723262.523240205831826 ], [ 8320000.117246556095779, 4723286.962923241779208 ], [ 8319926.106085168197751, 4723292.926228763535619 ], [ 8319876.992385723628104, 4723243.527985987253487 ], [ 8319852.916902180761099, 4723089.501756308600307 ], [ 8319865.811883026733994, 4722886.309341358952224 ], [ 8319884.968251382000744, 4722646.188540833070874 ], [ 8319903.965416618622839, 4722461.495334232226014 ], [ 8319904.528476391918957, 4722264.440969341434538 ], [ 8319855.772107884287834, 4722091.890934974886477 ], [ 8319812.855744020082057, 4722030.19880176987499 ], [ 8319775.954502713866532, 4722017.785262888297439 ], [ 8319732.661975105293095, 4722048.45936403144151 ], [ 8319677.209020576439798, 4722103.731741462834179 ], [ 8319621.350149692036211, 4722183.635475693270564 ], [ 8319559.583889025263488, 4722331.25998299010098 ], [ 8319509.780808558687568, 4722522.025859331712127 ], [ 8319466.150364925153553, 4722706.653246279805899 ], [ 8319441.07734555657953, 4722860.541963515803218 ], [ 8319385.342007376253605, 4722934.291964518837631 ], [ 8319348.423550045117736, 4722964.983891252428293 ], [ 8319323.796918990090489, 4722964.917404333129525 ], [ 8319292.956343836151063, 4722946.359113399870694 ], [ 8319237.94587342441082, 4722847.676544662564993 ], [ 8319182.984177622944117, 4722656.62255309894681 ], [ 8319177.552409908734262, 4722447.231648530811071 ], [ 8319152.740470767021179, 4722434.848747100681067 ], [ 8319121.958630012348294, 4722434.764882662333548 ], [ 8319085.026278223842382, 4722508.560563922859728 ], [ 8319035.374118915759027, 4722606.955089318566024 ], [ 8318973.775846134871244, 4722656.051794696599245 ], [ 8318899.752659326419234, 4722705.114265562035143 ], [ 8318856.474796267226338, 4722766.577585363760591 ], [ 8318856.055369269102812, 4722908.217083914205432 ], [ 8318855.012354447506368, 4723185.343175200745463 ], [ 8318848.821223802864552, 4723234.594121837988496 ], [ 8318830.40721174608916, 4723253.018632476218045 ], [ 8318780.893389794975519, 4723265.200042438693345 ], [ 8318725.684856315143406, 4723234.254645486362278 ], [ 8318658.309809476137161, 4723154.0074303727597 ], [ 8318609.255581725388765, 4723012.228154610842466 ], [ 8318560.499277696944773, 4722845.817610227502882 ], [ 8318536.648372405208647, 4722661.003589835949242 ], [ 8318531.043774892576039, 4722439.296294737607241 ], [ 8318537.827148550190032, 4722266.891052048653364 ], [ 8318532.039385761134326, 4722143.716942839324474 ], [ 8318513.458986273035407, 4722106.718577709048986 ], [ 8318452.083358520641923, 4722118.862799750640988 ], [ 8318396.344972831197083, 4722229.54916978161782 ], [ 8318309.582657148130238, 4722383.255737118422985 ], [ 8318247.610491626895964, 4722555.507203835994005 ], [ 8318216.530577568337321, 4722653.950118725188076 ], [ 8318179.461374702863395, 4722696.953202249482274 ], [ 8318136.124479683116078, 4722702.989817124791443 ], [ 8318080.884411211125553, 4722647.410089080221951 ], [ 8318056.930450993590057, 4722499.546671112067997 ], [ 8318063.554481578990817, 4722345.614570334553719 ], [ 8318094.710395401343703, 4722185.596459079533815 ], [ 8318113.402797510847449, 4722111.754862239584327 ], [ 8318095.307379309087992, 4722025.494079436175525 ], [ 8318039.960822373628616, 4721932.971592818386853 ], [ 8318027.873394421301782, 4721859.044727891683578 ], [ 8318041.044314381666481, 4721782.149377536028624 ], [ 8317969.752666356042027, 4721710.019948612898588 ], [ 8317969.752666356042027, 4721710.019948612898588 ], [ 8318586.319810204207897, 4721710.024280259385705 ], [ 8319204.779466811567545, 4721710.028682067990303 ], [ 8319823.23912409786135, 4721710.03308277297765 ], [ 8320441.698782056570053, 4721710.037482373416424 ], [ 8321060.158440689556301, 4721710.041880873031914 ], [ 8321678.61809999961406, 4721710.046278260648251 ], [ 8322297.077759983949363, 4721710.050674541853368 ], [ 8322915.537420642562211, 4721710.055069724097848 ], [ 8323533.997081974521279, 4721710.059463793411851 ], [ 8324152.45674397982657, 4721710.063856761902571 ], [ 8324770.916406662203372, 4721710.068248621188104 ], [ 8325389.37607001978904, 4721710.072639377787709 ], [ 8325502.41226670704782, 4721710.076271688565612 ], [ 8325502.300943965092301, 4721710.076270897872746 ] ] ] ] } },
{ "type": "Feature", "properties": { "layer": "LDLYAAE002" }, "geometry": { "type": "Polygon", "coordinates": [ [ [ 8259437.652558951638639, 4723833.932564203627408 ], [ 8259392.604182445444167, 4723947.663905249908566 ], [ 8259347.21993188560009, 4724099.368043122813106 ], [ 8259301.889906980097294, 4724270.060576751828194 ], [ 8259268.864624863490462, 4724447.136930461972952 ], [ 8259248.367641131393611, 4724630.597247939556837 ], [ 8259246.302390999160707, 4724839.455977969802916 ], [ 8259244.403135051950812, 4725079.964958984404802 ], [ 8259224.071824943646789, 4725244.448643776588142 ], [ 8259185.195811473764479, 4725370.87938726413995 ], [ 8259133.901449256576598, 4725452.952930463477969 ], [ 8259070.688584869727492, 4725509.656036818400025 ], [ 8258988.596819165162742, 4725540.961935685016215 ], [ 8258855.412425242364407, 4725578.264197857119143 ], [ 8258676.687173993326724, 4725614.876483839936554 ], [ 8258485.26148742903024, 4725619.740033956244588 ], [ 8258313.650131965056062, 4725548.792611214332283 ], [ 8258180.767894812859595, 4725414.842760440893471 ], [ 8258131.036106755957007, 4725281.531858226284385 ], [ 8258087.519707470200956, 4725129.284229881130159 ], [ 8258070.079301623627543, 4724951.918435940518975 ], [ 8258064.947245102375746, 4724799.970349348150194 ], [ 8258066.078806692734361, 4724673.389779704622924 ], [ 8258069.752072054892778, 4724287.328543146140873 ], [ 8258076.426097207702696, 4723540.562399760819972 ], [ 8258078.122520390897989, 4723350.715277393348515 ], [ 8258098.444013240747154, 4723205.315658800303936 ], [ 8258194.785233219154179, 4723117.459465442225337 ], [ 8258271.594698969274759, 4723099.063978671096265 ], [ 8258379.841396010480821, 4723118.88096381444484 ], [ 8258468.842257828451693, 4723163.862601153552532 ], [ 8258544.529931243509054, 4723234.057848972268403 ], [ 8258639.685373470187187, 4723304.399778376333416 ], [ 8258741.165487378835678, 4723355.805581419728696 ], [ 8258785.638159215450287, 4723400.444013233296573 ], [ 8258861.776632146909833, 4723445.325936462730169 ], [ 8259025.893974279053509, 4723458.832896122708917 ], [ 8259164.372362746857107, 4723453.081721658818424 ], [ 8259296.726653812453151, 4723403.004715471528471 ], [ 8259398.065756734460592, 4723352.79606940317899 ], [ 8259714.769642407074571, 4723113.624193941242993 ], [ 8259784.311234570108354, 4723063.283797786571085 ], [ 8259910.976567001082003, 4722981.534935278818011 ], [ 8260031.015864134766161, 4722925.071005038917065 ], [ 8260182.124478663317859, 4722900.373676569201052 ], [ 8260389.690913731232285, 4722894.886411977000535 ], [ 8260635.286114995367825, 4722895.874705330468714 ], [ 8260836.670523795299232, 4722877.697039075195789 ], [ 8260975.635028747841716, 4722827.625840049237013 ], [ 8261051.625892538577318, 4722770.975159354507923 ], [ 8261127.780120347626507, 4722695.340967617928982 ], [ 8261311.15547385904938, 4722563.179349560290575 ], [ 8261507.279522283002734, 4722450.048812593333423 ], [ 8261664.997417434118688, 4722400.044268863275647 ], [ 8261784.914811166003346, 4722368.872836486436427 ], [ 8262030.596122148446739, 4722319.20593407843262 ], [ 8262345.486003152094781, 4722295.109903898090124 ], [ 8262647.676756530068815, 4722258.301065617240965 ], [ 8262924.704917053692043, 4722234.04287794046104 ], [ 8263138.392834508791566, 4722260.161042221821845 ], [ 8263396.226946273818612, 4722273.784374323673546 ], [ 8263603.567371698096395, 4722293.541728546842933 ], [ 8263791.934128349646926, 4722338.535379028879106 ], [ 8263967.614557622000575, 4722396.134745767340064 ], [ 8264174.86467751301825, 4722453.846688842400908 ], [ 8264356.899288793094456, 4722517.790724045597017 ], [ 8264570.124520625919104, 4722600.829463046044111 ], [ 8264738.985439168289304, 4722696.361043409444392 ], [ 8264857.686915991827846, 4722798.038166951388121 ], [ 8264913.697251671925187, 4722899.488890734501183 ], [ 8264961.93305239547044, 4723140.135999642312527 ], [ 8264985.644155798479915, 4723330.072472333908081 ], [ 8265002.841582224704325, 4723519.98942610155791 ], [ 8265026.136179098859429, 4723760.560771640390158 ], [ 8265025.039246070198715, 4723893.460719444788992 ], [ 8265004.894975066184998, 4724019.965874851681292 ], [ 8264947.754588375799358, 4724108.364929807372391 ], [ 8264846.238892557099462, 4724209.263267770409584 ], [ 8264738.36958435177803, 4724303.810029505752027 ], [ 8264687.347789390943944, 4724385.903794419020414 ], [ 8264661.554179019294679, 4724474.417685916647315 ], [ 8264634.074578383937478, 4724752.804844890721142 ], [ 8264582.459125574678183, 4724879.205702347680926 ], [ 8264524.8372434778139, 4725024.572840934619308 ], [ 8264479.354489425197244, 4725169.987721660174429 ], [ 8264453.563124646432698, 4725271.166974565014243 ], [ 8264458.739376347512007, 4725378.791035052388906 ], [ 8264495.663185242563486, 4725492.86039418913424 ], [ 8264500.747202318161726, 4725638.464640465565026 ], [ 8264480.756313559599221, 4725758.660590871237218 ], [ 8264448.564858978614211, 4725872.482194124720991 ], [ 8264384.781676672399044, 4725960.870780148543417 ], [ 8264283.827454362995923, 4726004.812133696861565 ], [ 8264157.475365862250328, 4726048.660428647883236 ], [ 8264063.235871613025665, 4726041.983493178151548 ], [ 8263943.758313931524754, 4726016.223419651389122 ], [ 8263849.889821854420006, 4725965.235300390049815 ], [ 8263781.133347484283149, 4725895.350518647581339 ], [ 8263712.653201725333929, 4725819.136158362962306 ], [ 8263668.801018209196627, 4725768.334270688705146 ], [ 8263625.119119769893587, 4725723.862313628196716 ], [ 8263575.367056027986109, 4725679.366786167956889 ], [ 8263481.014876845292747, 4725660.025691068731248 ], [ 8263374.192837336100638, 4725653.295645525678992 ], [ 8263236.059601217508316, 4725614.79784841183573 ], [ 8263173.38472745846957, 4725557.594367790967226 ], [ 8263161.875568834133446, 4725456.273767529986799 ], [ 8263169.450429029762745, 4725304.389439067803323 ], [ 8263170.732171260751784, 4725152.483524234034121 ], [ 8263152.707687452435493, 4725051.14341074321419 ], [ 8263122.204592349007726, 4724937.09814110212028 ], [ 8263085.405064507387578, 4724810.371916137635708 ], [ 8263079.971934793516994, 4724721.740316764451563 ], [ 8263080.880748745985329, 4724614.146491697058082 ], [ 8263119.544952666386962, 4724506.696032678708434 ], [ 8263170.420094834640622, 4724443.596254384145141 ], [ 8263322.12540521286428, 4724336.572698085568845 ], [ 8263417.694105837494135, 4724223.007444055750966 ], [ 8263494.161041267216206, 4724109.372003604657948 ], [ 8263557.881906417198479, 4724014.676464556716383 ], [ 8263609.065353535115719, 4723900.94840435590595 ], [ 8263654.390226419083774, 4723761.884156997315586 ], [ 8263655.505029074847698, 4723628.986293985508382 ], [ 8263612.575589071959257, 4723495.926446941681206 ], [ 8263569.265247748233378, 4723381.853056624531746 ], [ 8263488.75663732085377, 4723254.983452544547617 ], [ 8263370.276417755521834, 4723127.973395846784115 ], [ 8263257.761746169067919, 4723013.643349030986428 ], [ 8263120.474976792931557, 4722905.546472919173539 ], [ 8263001.629166879691184, 4722822.832218118943274 ], [ 8262876.333306833170354, 4722759.076666940003633 ], [ 8262763.246426891535521, 4722739.662759971804917 ], [ 8262637.362201007083058, 4722745.511361874639988 ], [ 8262498.510810937732458, 4722770.293676402419806 ], [ 8262196.14243957772851, 4722826.083496020175517 ], [ 8262038.528543720953166, 4722863.442534290254116 ], [ 8261817.669213155284524, 4722925.865965306758881 ], [ 8261634.942841899581254, 4722969.449163867160678 ], [ 8261414.301808877848089, 4723031.864352221600711 ], [ 8261155.741481830365956, 4723100.453899282030761 ], [ 8260966.27392758987844, 4723156.656724176369607 ], [ 8260727.133536841720343, 4723174.685793354175985 ], [ 8260475.407562514767051, 4723180.002700653858483 ], [ 8260267.724667974747717, 4723198.147656794637442 ], [ 8260084.874290798790753, 4723216.391324282623827 ], [ 8259895.622086302377284, 4723285.230875621549785 ], [ 8259762.883425475098193, 4723366.955979692749679 ], [ 8259674.13055482506752, 4723442.532964396290481 ], [ 8259610.321609754115343, 4723543.526710143312812 ], [ 8259558.984085221774876, 4723631.916137027554214 ], [ 8259482.58857149258256, 4723745.515922382473946 ], [ 8259437.652558951638639, 4723833.932564203627408 ] ] ] } }
]
}
